{
  "axeyum_execution_counts_per_repetition": {
    "warm-created": 24,
    "warm-retained": 2285
  },
  "by_axeyum_execution": {
    "warm-created": {
      "axeyum_median_per_occurrence_latency_nanos": {
        "p50": 5718,
        "p90": 49808,
        "p95": 66461,
        "p99": 232333
      },
      "bootstrap_95_percent_ci": [
        27.29612084837399,
        45.78939485481349
      ],
      "bootstrap_samples": 10000,
      "occurrences": 24,
      "per_occurrence_geomean_speedup": 35.37550109757959,
      "per_run_geomean_speedup": {
        "coefficient_of_variation": 0.04313304557950224,
        "mean": 35.40157042239706,
        "sample_standard_deviation": 1.5269775506152106,
        "values": [
          34.31744048511936,
          33.85064337941344,
          37.54232453920985,
          34.92728803951526,
          36.37015566872735
        ]
      },
      "speedup_direction": "z3_nanos/axeyum_nanos; greater than 1 favors Axeyum",
      "z3_median_per_occurrence_latency_nanos": {
        "p50": 228783,
        "p90": 698383,
        "p95": 2010379,
        "p99": 4172464
      }
    },
    "warm-retained": {
      "axeyum_median_per_occurrence_latency_nanos": {
        "p50": 54332,
        "p90": 540643,
        "p95": 645931,
        "p99": 771491
      },
      "bootstrap_95_percent_ci": [
        14.012933104615263,
        15.53892536100222
      ],
      "bootstrap_samples": 10000,
      "occurrences": 2285,
      "per_occurrence_geomean_speedup": 14.764930501632156,
      "per_run_geomean_speedup": {
        "coefficient_of_variation": 0.017138710912504778,
        "mean": 14.766648882176174,
        "sample_standard_deviation": 0.2530813263380793,
        "values": [
          14.65672163799528,
          14.590655807226884,
          14.838118512947638,
          14.56970271837896,
          15.1780457343321
        ]
      },
      "speedup_direction": "z3_nanos/axeyum_nanos; greater than 1 favors Axeyum",
      "z3_median_per_occurrence_latency_nanos": {
        "p50": 701740,
        "p90": 5122932,
        "p95": 6231377,
        "p99": 8890094
      }
    }
  },
  "configuration_identity": {
    "analysis_command": [
      "/home/mjbommar/.cache/codex/glaurung-six-cell-target/release/examples/ioctlance",
      "samples/binaries/platforms/windows/vendor/realworld/windows-update-intel-audio-IntcSST.sys"
    ],
    "analysis_configuration": {
      "GLAURUNG_AXEYUM_REPLAY_SAT_CACHE": "1",
      "GLAURUNG_AXEYUM_WARM_MAX_ASSERTIONS_PER_PATH": "512",
      "GLAURUNG_AXEYUM_WARM_MAX_LIVE_PATHS": "9",
      "GLAURUNG_CHECK_TIMEOUT_MS": "250",
      "GLAURUNG_FAIR_SHADOW": "1",
      "IOCTLANCE_DEADLINE_SECS": "600",
      "IOCTLANCE_MAX_ANALYZED_FUNCTIONS": "100000",
      "IOCTLANCE_SOLVE_BUDGET": "20000",
      "IOCTLANCE_SOLVE_SECS": "60"
    },
    "check_measurement_schema": "glaurung-ordered-check-measurement-v3",
    "driver_sha256": "f7c8e4f106baa5b2a1a18e60731ad42a6f734aee1d049576eaf6d123d5629750",
    "host_identity": {
      "architecture": "x86_64",
      "hostname": "server0",
      "kernel": "Linux 7.0.0-27-generic x86_64 GNU/Linux",
      "operating_system": "linux"
    },
    "neutral_measurement_backend": {
      "authoritative_in_shadow_mode": false,
      "backend": "bitwuzla",
      "role": "benchmark-only-neutral",
      "runtime_version": "0.9.1"
    },
    "schema": "glaurung-ordered-trace-v1",
    "solver_features": [
      "symbolic",
      "solver-z3",
      "solver-axeyum",
      "solver-bitwuzla"
    ],
    "source": {
      "dirty": false,
      "repository": "/tmp/glaurung-concretization-a0.NEo0bV",
      "revision": "2961d7c1bca03f14b77b12fb852d193413207982",
      "status_sha256": "e3b0c44298fc1c149afbf4c8996fb92427ae41e4649b934ca495991b7852b855"
    },
    "toolchain": "rustc 1.97.0-nightly (f53b654a8 2026-04-30)",
    "trusted_oracle": {
      "authoritative_in_shadow_mode": true,
      "backend": "z3",
      "crate": "z3 0.12.1",
      "runtime_version": "linked-runtime-unreported"
    },
    "version": 1,
    "worker_count": 1
  },
  "driver": {
    "label": "windows-update-intel-audio-IntcSST.sys",
    "sha256": "f7c8e4f106baa5b2a1a18e60731ad42a6f734aee1d049576eaf6d123d5629750"
  },
  "excluded_from_primary_for_any_nondecision": 0,
  "fixed_work_checks_per_repetition": 2309,
  "input_measurement_schema": "glaurung-ordered-check-measurement-v3",
  "methodology": {
    "bootstrap_seed": 0,
    "latency_distribution_unit": "per-occurrence median across fixed-work repetitions",
    "operational_errors_allowed": false,
    "pairing_unit": "stable ordered check occurrence",
    "primary_population": "occurrences decided by both backends in every repetition",
    "quantiles": "nearest-rank",
    "ratio_of_sums_reported": false
  },
  "neutral_regime_gate": {
    "accepted": true,
    "reasons": []
  },
  "outcome_buckets_per_repetition": [
    {
      "axeyum_only": 0,
      "both_decided": 2309,
      "neither": 0,
      "z3_only": 0
    },
    {
      "axeyum_only": 0,
      "both_decided": 2309,
      "neither": 0,
      "z3_only": 0
    },
    {
      "axeyum_only": 0,
      "both_decided": 2309,
      "neither": 0,
      "z3_only": 0
    },
    {
      "axeyum_only": 0,
      "both_decided": 2309,
      "neither": 0,
      "z3_only": 0
    },
    {
      "axeyum_only": 0,
      "both_decided": 2309,
      "neither": 0,
      "z3_only": 0
    }
  ],
  "primary_both_decided": {
    "axeyum_median_per_occurrence_latency_nanos": {
      "p50": 53292,
      "p90": 539117,
      "p95": 645271,
      "p99": 763547
    },
    "bootstrap_95_percent_ci": [
      14.149770752983567,
      15.671359632852365
    ],
    "bootstrap_samples": 10000,
    "occurrences": 2309,
    "per_occurrence_geomean_speedup": 14.899636471413748,
    "per_run_geomean_speedup": {
      "coefficient_of_variation": 0.017264692783769617,
      "mean": 14.901396505526606,
      "sample_standard_deviation": 0.25726803271705495,
      "values": [
        14.786903384049385,
        14.718846557473453,
        14.98197752242266,
        14.702713053663539,
        15.316542010023984
      ]
    },
    "speedup_direction": "z3_nanos/axeyum_nanos; greater than 1 favors Axeyum",
    "z3_median_per_occurrence_latency_nanos": {
      "p50": 699809,
      "p90": 5109359,
      "p95": 6188195,
      "p99": 8888020
    }
  },
  "pure_warm_execution_rate": 1.0,
  "repetitions": 5,
  "retained_warm_execution_rate": 0.9896058899956691,
  "schema": "axeyum-glaurung-paired-analysis-v1",
  "six_cell_comparisons": {
    "axeyum_cold_over_warm": {
      "bootstrap_95_percent_ci": [
        5.114909109937262,
        5.584270610519271
      ],
      "bootstrap_samples": 10000,
      "denominator_median_per_occurrence_latency_nanos": {
        "p50": 53292,
        "p90": 539117,
        "p95": 645271,
        "p99": 763547
      },
      "numerator_median_per_occurrence_latency_nanos": {
        "p50": 340773,
        "p90": 1216449,
        "p95": 1385525,
        "p99": 1595779
      },
      "occurrences": 2309,
      "per_occurrence_geomean_speedup": 5.347081261795381,
      "per_run_geomean_speedup": {
        "coefficient_of_variation": 0.02318307440711068,
        "mean": 5.34822324241817,
        "sample_standard_deviation": 0.12398825737481918,
        "values": [
          5.30561733981254,
          5.255104381507825,
          5.424772229427696,
          5.23050985267534,
          5.525112408667448
        ]
      },
      "ratio_direction": "axeyum_cold_nanos/axeyum_warm_nanos"
    },
    "bitwuzla_cold_over_warm": {
      "bootstrap_95_percent_ci": [
        8.381455724688525,
        8.871684951381669
      ],
      "bootstrap_samples": 10000,
      "denominator_median_per_occurrence_latency_nanos": {
        "p50": 70574,
        "p90": 170537,
        "p95": 198646,
        "p99": 296045
      },
      "numerator_median_per_occurrence_latency_nanos": {
        "p50": 536742,
        "p90": 1191100,
        "p95": 1256155,