sweep_id	arm	corpus_path	binary_sha	features	verdict	exit_status	decided_by	bound_by	attempts	attempt_trail	elapsed_ms	elapsed_ms_per_attempt	partial	decline_reasons	decline_details	decline_names	host	core	load
lra-atom-screen-20260916	shipped	QF_IDL/20210312-Bouvier/vlsat3_c00.smt2	6261a505ea6767af32873bfc897ae64f8879b6388e5ea1074d27a6d3e12218e3	Int	unknown	0	none	dl-online	6	fd:parse:probe\pprobe:probe\pcas-identity-refuter:declined\pcas-int-units:declined\pdl-online:declined\plia-simplex:declined	25031	2\p0\p0\p0\p21001\p1	yes	cas-identity-refuter=incomplete\pcas-int-units=incomplete\pdl-online=budget\plia-simplex=unsupported	no arithmetic disequality had equal polynomial normal forms\pnormalized to k·m = c, but no asserted bound puts a factor of m outside the divisors of c/k\pbudget exhausted in the online difference-logic driver (atoms=4010, equality_gates=2005, bool_equality_gates=0, cnf_vars=8016, clauses=12073)\pQF_LIA: assertion is not a conjunctive linear integer constraint	\p\pother\pbackend	server5	3	2.97
lra-atom-screen-20260916	shipped	QF_IDL/20210312-Bouvier/vlsat3_c12.smt2	6261a505ea6767af32873bfc897ae64f8879b6388e5ea1074d27a6d3e12218e3	Int	unknown	0	none	dl-online	6	fd:parse:probe\pprobe:probe\pcas-identity-refuter:declined\pcas-int-units:declined\pdl-online:declined\plia-simplex:declined	25032	2\p0\p0\p0\p21002\p1	yes	cas-identity-refuter=incomplete\pcas-int-units=incomplete\pdl-online=budget\plia-simplex=unsupported	no arithmetic disequality had equal polynomial normal forms\pnormalized to k·m = c, but no asserted bound puts a factor of m outside the divisors of c/k\pbudget exhausted in the online difference-logic driver (atoms=4180, equality_gates=2090, bool_equality_gates=0, cnf_vars=8356, clauses=12583)\pQF_LIA: assertion is not a conjunctive linear integer constraint	\p\pother\pbackend	server5	3	3.04
lra-atom-screen-20260916	shipped	QF_IDL/20210312-Bouvier/vlsat3_c24.smt2	6261a505ea6767af32873bfc897ae64f8879b6388e5ea1074d27a6d3e12218e3	Int	unknown	0	none	dl-online	6	fd:parse:probe\pprobe:probe\pcas-identity-refuter:declined\pcas-int-units:declined\pdl-online:declined\plia-simplex:declined	25032	3\p1\p0\p0\p21002\p1	yes	cas-identity-refuter=incomplete\pcas-int-units=incomplete\pdl-online=budget\plia-simplex=unsupported	no arithmetic disequality had equal polynomial normal forms\pnormalized to k·m = c, but no asserted bound puts a factor of m outside the divisors of c/k\pbudget exhausted in the online difference-logic driver (atoms=5286, equality_gates=2643, bool_equality_gates=0, cnf_vars=10552, clauses=15868)\pQF_LIA: assertion is not a conjunctive linear integer constraint	\p\pother\pbackend	server5	3	3.10
lra-atom-screen-20260916	shipped	QF_IDL/20210312-Bouvier/vlsat3_c36.smt2	6261a505ea6767af32873bfc897ae64f8879b6388e5ea1074d27a6d3e12218e3	Int	unknown	0	none	dl-online	17	fd:parse:probe\pprobe:probe\pcas-identity-refuter:declined\pcas-int-units:declined\pdl-online:declined\plia-simplex:declined\plia-dpll:declined\pq:skolem-qf:declined\pfd:string-gate:declined\pfd:source-string-semantic-unsat:declined\pfd:word-route:declined\pfd:online-string:declined\pfd:membership:declined\pfd:lex-order:declined\pfd:length-lia:declined\pfd:source-string-sat-probe:declined\pfd:bounded-completeness-unsat:declined	24232	13\p4\p3\p0\p21005\p6\p78\p0\p0\p0\p0\p0\p0\p0\p0\p0\p0	no	cas-identity-refuter=incomplete\pcas-int-units=incomplete\pdl-online=budget\plia-simplex=unsupported\plia-dpll=budget\pq:skolem-qf=unsupported\pfd:string-gate=budget\pfd:source-string-semantic-unsat=budget\pfd:word-route=budget\pfd:online-string=budget\pfd:membership=budget\pfd:lex-order=budget\pfd:length-lia=budget\pfd:source-string-sat-probe=budget\pfd:bounded-completeness-unsat=budget	no arithmetic disequality had equal polynomial normal forms\pnormalized to k·m = c, but no asserted bound puts a factor of m outside the divisors of c/k\pbudget exhausted in the online difference-logic driver (atoms=19042, equality_gates=9521, bool_equality_gates=0, cnf_vars=38060, clauses=57190)\pQF_LIA: assertion is not a conjunctive linear integer constraint\plazy linear arithmetic pre-SAT skeleton exceeds the joint resource boundary (atoms=19042, cnf_vars=38321, base_trigger=>1024/>4096, moderate_envelope<=10240/<=16384, initial_clauses=8192, blocking_lemmas=0); declining before the online CDCL(T) probe (dispatch-overrun fix: admission evaluated before the reserve was spent)\pquant-route ownership (ADR-2103): `q:skolem-qf` owns {Real, Int, BvOrFloat, Datatype, Function, UninterpretedSort, Array, NonBvArray, NonBoolBvArray} and does not own {NestedArray, WideInt}, which this quantified query carries, so its non-decision is a decline and the ladder continues. Its own reason was: lazy linear arithmetic pre-SAT skeleton exceeds the joint resource boundary (atoms=19042, cnf_vars=38321, base_trigger=>1024/>4096, moderate_envelope<=10240/<=16384, initial_clauses=8192, blocking_lemmas=0); declining before the online CDCL(T) probe (dispatch-overrun fix: admission evaluated before the reserve was spent)\plazy linear arithmetic pre-SAT skeleton exceeds the joint resource boundary (atoms=19042, cnf_vars=38321, base_trigger=>1024/>4096, moderate_envelope<=10240/<=16384, initial_clauses=8192, blocking_lemmas=0); declining before the online CDCL(T) probe (dispatch-overrun fix: admission evaluated before the reserve was spent)\plazy linear arithmetic pre-SAT skeleton exceeds the joint resource boundary (atoms=19042, cnf_vars=38321, base_trigger=>1024/>4096, moderate_envelope<=10240/<=16384, initial_clauses=8192, blocking_lemmas=0); declining before the online CDCL(T) probe (dispatch-overrun fix: admission evaluated before the reserve was spent)\plazy linear arithmetic pre-SAT skeleton exceeds the joint resource boundary (atoms=19042, cnf_vars=38321, base_trigger=>1024/>4096, moderate_envelope<=10240/<=16384, initial_clauses=8192, blocking_lemmas=0); declining before the online CDCL(T) probe (dispatch-overrun fix: admission evaluated before the reserve was spent)\plazy linear arithmetic pre-SAT skeleton exceeds the joint resource boundary (atoms=19042, cnf_vars=38321, base_trigger=>1024/>4096, moderate_envelope<=10240/<=16384, initial_clauses=8192, blocking_lemmas=0); declining before the online CDCL(T) probe (dispatch-overrun fix: admission evaluated before the reserve was spent)\plazy linear arithmetic pre-SAT skeleton exceeds the joint resource boundary (atoms=19042, cnf_vars=38321, base_trigger=>1024/>4096, moderate_envelope<=10240/<=16384, initial_clauses=8192, blocking_lemmas=0); declining before the online CDCL(T) probe (dispatch-overrun fix: admission evaluated before the reserve was spent)\plazy linear arithmetic pre-SAT skeleton exceeds the joint resource boundary (atoms=19042, cnf_vars=38321, base_trigger=>1024/>4096, moderate_envelope<=10240/<=16384, initial_clauses=8192, blocking_lemmas=0); declining before the online CDCL(T) probe (dispatch-overrun fix: admission evaluated before the reserve was spent)\plazy linear arithmetic pre-SAT skeleton exceeds the joint resource boundary (atoms=19042, cnf_vars=38321, base_trigger=>1024/>4096, moderate_envelope<=10240/<=16384, initial_clauses=8192, blocking_lemmas=0); declining before the online CDCL(T) probe (dispatch-overrun fix: admission evaluated before the reserve was spent)\plazy linear arithmetic pre-SAT skeleton exceeds the joint resource boundary (atoms=19042, cnf_vars=38321, base_trigger=>1024/>4096, moderate_envelope<=10240/<=16384, initial_clauses=8192, blocking_lemmas=0); declining before the online CDCL(T) probe (dispatch-overrun fix: admission evaluated before the reserve was spent)\plazy linear arithmetic pre-SAT skeleton exceeds the joint resource boundary (atoms=19042, cnf_vars=38321, base_trigger=>1024/>4096, moderate_envelope<=10240/<=16384, initial_clauses=8192, blocking_lemmas=0); declining before the online CDCL(T) probe (dispatch-overrun fix: admission evaluated before the reserve was spent)	\p\pother\pbackend\pother\pquant-ownership-decline\pother\pother\pother\pother\pother\pother\pother\pother\pother	server5	3	3.12
lra-atom-screen-20260916	shipped	QF_IDL/20210312-Bouvier/vlsat3_c48.smt2	6261a505ea6767af32873bfc897ae64f8879b6388e5ea1074d27a6d3e12218e3	Int	unknown	0	none	dl-online	6	fd:parse:probe\pprobe:probe\pcas-identity-refuter:declined\pcas-int-units:declined\pdl-online:declined\plia-simplex:declined	25031	2\p0\p0\p0\p21002\p1	yes	cas-identity-refuter=incomplete\pcas-int-units=incomplete\pdl-online=budget\plia-simplex=unsupported	no arithmetic disequality had equal polynomial normal forms\pnormalized to k·m = c, but no asserted bound puts a factor of m outside the divisors of c/k\pbudget exhausted in the online difference-logic driver (atoms=4348, equality_gates=2174, bool_equality_gates=0, cnf_vars=8693, clauses=13094)\pQF_LIA: assertion is not a conjunctive linear integer constraint	\p\pother\pbackend	server5	3	3.24
lra-atom-screen-20260916	shipped	QF_IDL/20210312-Bouvier/vlsat3_c60.smt2	6261a505ea6767af32873bfc897ae64f8879b6388e5ea1074d27a6d3e12218e3	Int	unknown	0	none	dl-online	6	fd:parse:probe\pprobe:probe\pcas-identity-refuter:declined\pcas-int-units:declined\pdl-online:declined\plia-simplex:declined	25029	1\p0\p0\p0\p21001\p0	yes	cas-identity-refuter=incomplete\pcas-int-units=incomplete\pdl-online=budget\plia-simplex=unsupported	no arithmetic disequality had equal polynomial normal forms\pnormalized to k·m = c, but no asserted bound puts a factor of m outside the divisors of c/k\pbudget exhausted in the online difference-logic driver (atoms=2520, equality_gates=1260, bool_equality_gates=0, cnf_vars=5037, clauses=7597)\pQF_LIA: assertion is not a conjunctive linear integer constraint	\p\pother\pbackend	server5	3	3.50
lra-atom-screen-20260916	shipped	QF_IDL/20210312-Bouvier/vlsat3_c72.smt2	6261a505ea6767af32873bfc897ae64f8879b6388e5ea1074d27a6d3e12218e3	Int	unknown	0	none	dl-online	18	fd:parse:probe\pprobe:probe\pcas-identity-refuter:declined\pcas-int-units:declined\pdl-online:declined\plia-simplex:declined\plia-dpll:declined\pq:skolem-qf:declined\pq:nat-induction:declined\pfd:string-gate:declined\pfd:source-string-semantic-unsat:declined\pfd:word-route:declined\pfd:online-string:declined\pfd:membership:declined\pfd:lex-order:declined\pfd:length-lia:declined\pfd:source-string-sat-probe:declined\pfd:bounded-completeness-unsat:declined	21327	37\p11\p10\p0\p9750\p20\p217\p0\p0\p0\p0\p0\p0\p0\p0\p0\p0\p0	no	cas-identity-refuter=incomplete\pcas-int-units=incomplete\pdl-online=budget\plia-simplex=unsupported\plia-dpll=budget\pq:skolem-qf=unsupported\pq:nat-induction=not-applicable\pfd:string-gate=budget\pfd:source-string-semantic-unsat=budget\pfd:word-route=budget\pfd:online-string=budget\pfd:membership=budget\pfd:lex-order=budget\pfd:length-lia=budget\pfd:source-string-sat-probe=budget\pfd:bounded-completeness-unsat=budget	no arithmetic disequality had equal polynomial normal forms\pnormalized to k·m = c, but no asserted bound puts a factor of m outside the divisors of c/k\pbudget exhausted in the online difference-logic driver (atoms=53664, equality_gates=26832, bool_equality_gates=0, cnf_vars=107074, clauses=160494)\pQF_LIA: assertion is not a conjunctive linear integer constraint\plazy linear arithmetic pre-SAT skeleton exceeds the joint resource boundary (atoms=53664, cnf_vars=91790, base_trigger=>1024/>4096, moderate_envelope<=10240/<=16384, initial_clauses=8192, blocking_lemmas=0); declining before the online CDCL(T) probe (dispatch-overrun fix: admission evaluated before the reserve was spent)\pquant-route ownership (ADR-2103): `q:skolem-qf` owns {Real, Int, BvOrFloat, Datatype, Function, UninterpretedSort, Array, NonBvArray, NonBoolBvArray} and does not own {NestedArray, WideInt}, which this quantified query carries, so its non-decision is a decline and the ladder continues. Its own reason was: lazy linear arithmetic pre-SAT skeleton exceeds the joint resource boundary (atoms=53664, cnf_vars=91790, base_trigger=>1024/>4096, moderate_envelope<=10240/<=16384, initial_clauses=8192, blocking_lemmas=0); declining before the online CDCL(T) probe (dispatch-overrun fix: admission evaluated before the reserve was spent)\p\plazy linear arithmetic pre-SAT skeleton exceeds the joint resource boundary (atoms=53664, cnf_vars=91790, base_trigger=>1024/>4096, moderate_envelope<=10240/<=16384, initial_clauses=8192, blocking_lemmas=0); declining before the online CDCL(T) probe (dispatch-overrun fix: admission evaluated before the reserve was spent)\plazy linear arithmetic pre-SAT skeleton exceeds the joint resource boundary (atoms=53664, cnf_vars=91790, base_trigger=>1024/>4096, moderate_envelope<=10240/<=16384, initial_clauses=8192, blocking_lemmas=0); declining before the online CDCL(T) probe (dispatch-overrun fix: admission evaluated before the reserve was spent)\plazy linear arithmetic pre-SAT skeleton exceeds the joint resource boundary (atoms=53664, cnf_vars=91790, base_trigger=>1024/>4096, moderate_envelope<=10240/<=16384, initial_clauses=8192, blocking_lemmas=0); declining before the online CDCL(T) probe (dispatch-overrun fix: admission evaluated before the reserve was spent)\plazy linear arithmetic pre-SAT skeleton exceeds the joint resource boundary (atoms=53664, cnf_vars=91790, base_trigger=>1024/>4096, moderate_envelope<=10240/<=16384, initial_clauses=8192, blocking_lemmas=0); declining before the online CDCL(T) probe (dispatch-overrun fix: admission evaluated before the reserve was spent)\plazy linear arithmetic pre-SAT skeleton exceeds the joint resource boundary (atoms=53664, cnf_vars=91790, base_trigger=>1024/>4096, moderate_envelope<=10240/<=16384, initial_clauses=8192, blocking_lemmas=0); declining before the online CDCL(T) probe (dispatch-overrun fix: admission evaluated before the reserve was spent)\plazy linear arithmetic pre-SAT skeleton exceeds the joint resource boundary (atoms=53664, cnf_vars=91790, base_trigger=>1024/>4096, moderate_envelope<=10240/<=16384, initial_clauses=8192, blocking_lemmas=0); declining before the online CDCL(T) probe (dispatch-overrun fix: admission evaluated before the reserve was spent)\plazy linear arithmetic pre-SAT skeleton exceeds the joint resource boundary (atoms=53664, cnf_vars=91790, base_trigger=>1024/>4096, moderate_envelope<=10240/<=16384, initial_clauses=8192, blocking_lemmas=0); declining before the online CDCL(T) probe (dispatch-overrun fix: admission evaluated before the reserve was spent)\plazy linear arithmetic pre-SAT skeleton exceeds the joint resource boundary (atoms=53664, cnf_vars=91790, base_trigger=>1024/>4096, moderate_envelope<=10240/<=16384, initial_clauses=8192, blocking_lemmas=0); declining before the online CDCL(T) probe (dispatch-overrun fix: admission evaluated before the reserve was spent)\plazy linear arithmetic pre-SAT skeleton exceeds the joint resource boundary (atoms=53664, cnf_vars=91790, base_trigger=>1024/>4096, moderate_envelope<=10240/<=16384, initial_clauses=8192, blocking_lemmas=0); declining before the online CDCL(T) probe (dispatch-overrun fix: admission evaluated before the reserve was spent)	\p\pother\pbackend\pother\pquant-ownership-decline\p\pother\pother\pother\pother\pother\pother\pother\pother\pother	server5	3	3.67
lra-atom-screen-20260916	shipped	QF_IDL/20210312-Bouvier/vlsat3_c84.smt2	6261a505ea6767af32873bfc897ae64f8879b6388e5ea1074d27a6d3e12218e3	Int	unknown	0	none	dl-online	17	fd:parse:probe\pprobe:probe\pcas-identity-refuter:declined\pcas-int-units:declined\pdl-online:declined\plia-simplex:declined\plia-dpll:declined\pq:skolem-qf:declined\pfd:string-gate:declined\pfd:source-string-semantic-unsat:declined\pfd:word-route:declined\pfd:online-string:declined\pfd:membership:declined\pfd:lex-order:declined\pfd:length-lia:declined\pfd:source-string-sat-probe:declined\pfd:bounded-completeness-unsat:declined	24130	28\p8\p7\p0\p21012\p15\p148\p0\p0\p0\p0\p0\p0\p0\p0\p0\p0	no	cas-identity-refuter=incomplete\pcas-int-units=incomplete\pdl-online=budget\plia-simplex=unsupported\plia-dpll=budget\pq:skolem-qf=unsupported\pfd:string-gate=budget\pfd:source-string-semantic-unsat=budget\pfd:word-route=budget\pfd:online-string=budget\pfd:membership=budget\pfd:lex-order=budget\pfd:length-lia=budget\pfd:source-string-sat-probe=budget\pfd:bounded-completeness-unsat=budget	no arithmetic disequality had equal polynomial normal forms\pnormalized to k·m = c, but no asserted bound puts a factor of m outside the divisors of c/k\pbudget exhausted in the online difference-logic driver (atoms=38708, equality_gates=19354, bool_equality_gates=0, cnf_vars=77177, clauses=115656)\pQF_LIA: assertion is not a conjunctive linear integer constraint\plazy linear arithmetic pre-SAT skeleton exceeds the joint resource boundary (atoms=38708, cnf_vars=69176, base_trigger=>1024/>4096, moderate_envelope<=10240/<=16384, initial_clauses=8192, blocking_lemmas=0); declining before the online CDCL(T) probe (dispatch-overrun fix: admission evaluated before the reserve was spent)\pquant-route ownership (ADR-2103): `q:skolem-qf` owns {Real, Int, BvOrFloat, Datatype, Function, UninterpretedSort, Array, NonBvArray, NonBoolBvArray} and does not own {NestedArray, WideInt}, which this quantified query carries, so its non-decision is a decline and the ladder continues. Its own reason was: lazy linear arithmetic pre-SAT skeleton exceeds the joint resource boundary (atoms=38708, cnf_vars=69176, base_trigger=>1024/>4096, moderate_envelope<=10240/<=16384, initial_clauses=8192, blocking_lemmas=0); declining before the online CDCL(T) probe (dispatch-overrun fix: admission evaluated before the reserve was spent)\plazy linear arithmetic pre-SAT skeleton exceeds the joint resource boundary (atoms=38708, cnf_vars=69176, base_trigger=>1024/>4096, moderate_envelope<=10240/<=16384, initial_clauses=8192, blocking_lemmas=0); declining before the online CDCL(T) probe (dispatch-overrun fix: admission evaluated before the reserve was spent)\plazy linear arithmetic pre-SAT skeleton exceeds the joint resource boundary (atoms=38708, cnf_vars=69176, base_trigger=>1024/>4096, moderate_envelope<=10240/<=16384, initial_clauses=8192, blocking_lemmas=0); declining before the online CDCL(T) probe (dispatch-overrun fix: admission evaluated before the reserve was spent)\plazy linear arithmetic pre-SAT skeleton exceeds the joint resource boundary (atoms=38708, cnf_vars=69176, base_trigger=>1024/>4096, moderate_envelope<=10240/<=16384, initial_clauses=8192, blocking_lemmas=0); declining before the online CDCL(T) probe (dispatch-overrun fix: admission evaluated before the reserve was spent)\plazy linear arithmetic pre-SAT skeleton exceeds the joint resource boundary (atoms=38708, cnf_vars=69176, base_trigger=>1024/>4096, moderate_envelope<=10240/<=16384, initial_clauses=8192, blocking_lemmas=0); declining before the online CDCL(T) probe (dispatch-overrun fix: admission evaluated before the reserve was spent)\plazy linear arithmetic pre-SAT skeleton exceeds the joint resource boundary (atoms=38708, cnf_vars=69176, base_trigger=>1024/>4096, moderate_envelope<=10240/<=16384, initial_clauses=8192, blocking_lemmas=0); declining before the online CDCL(T) probe (dispatch-overrun fix: admission evaluated before the reserve was spent)\plazy linear arithmetic pre-SAT skeleton exceeds the joint resource boundary (atoms=38708, cnf_vars=69176, base_trigger=>1024/>4096, moderate_envelope<=10240/<=16384, initial_clauses=8192, blocking_lemmas=0); declining before the online CDCL(T) probe (dispatch-overrun fix: admission evaluated before the reserve was spent)\plazy linear arithmetic pre-SAT skeleton exceeds the joint resource boundary (atoms=38708, cnf_vars=69176, base_trigger=>1024/>4096, moderate_envelope<=10240/<=16384, initial_clauses=8192, blocking_lemmas=0); declining before the online CDCL(T) probe (dispatch-overrun fix: admission evaluated before the reserve was spent)\plazy linear arithmetic pre-SAT skeleton exceeds the joint resource boundary (atoms=38708, cnf_vars=69176, base_trigger=>1024/>4096, moderate_envelope<=10240/<=16384, initial_clauses=8192, blocking_lemmas=0); declining before the online CDCL(T) probe (dispatch-overrun fix: admission evaluated before the reserve was spent)\plazy linear arithmetic pre-SAT skeleton exceeds the joint resource boundary (atoms=38708, cnf_vars=69176, base_trigger=>1024/>4096, moderate_envelope<=10240/<=16384, initial_clauses=8192, blocking_lemmas=0); declining before the online CDCL(T) probe (dispatch-overrun fix: admission evaluated before the reserve was spent)	\p\pother\pbackend\pother\pquant-ownership-decline\pother\pother\pother\pother\pother\pother\pother\pother\pother	server5	3	3.76
lra-atom-screen-20260916	shipped	QF_IDL/20210312-Bouvier/vlsat3_c96.smt2	6261a505ea6767af32873bfc897ae64f8879b6388e5ea1074d27a6d3e12218e3	Int	unknown	0	none	dl-online	6	fd:parse:probe\pprobe:probe\pcas-identity-refuter:declined\pcas-int-units:declined\pdl-online:declined\plia-simplex:declined	25031	1\p0\p0\p0\p21001\p0	yes	cas-identity-refuter=incomplete\pcas-int-units=incomplete\pdl-online=budget\plia-simplex=unsupported	no arithmetic disequality had equal polynomial normal forms\pnormalized to k·m = c, but no asserted bound puts a factor of m outside the divisors of c/k\pbudget exhausted in the online difference-logic driver (atoms=2562, equality_gates=1281, bool_equality_gates=0, cnf_vars=5123, clauses=7722)\pQF_LIA: assertion is not a conjunctive linear integer constraint	\p\pother\pbackend	server5	3	3.85
lra-atom-screen-20260916	shipped	QF_IDL/20210312-Bouvier/vlsat3_i08.smt2	6261a505ea6767af32873bfc897ae64f8879b6388e5ea1074d27a6d3e12218e3	Int	unknown	0	none	dl-online	18	fd:parse:probe\pprobe:probe\pcas-identity-refuter:declined\pcas-int-units:declined\pdl-online:declined\plia-simplex:declined\plia-dpll:declined\pq:skolem-qf:declined\pq:nat-induction:declined\pfd:string-gate:declined\pfd:source-string-semantic-unsat:declined\pfd:word-route:declined\pfd:online-string:declined\pfd:membership:declined\pfd:lex-order:declined\pfd:length-lia:declined\pfd:source-string-sat-probe:declined\pfd:bounded-completeness-unsat:declined	17225	53\p15\p8\p0\p10204\p34\p319\p0\p0\p0\p0\p0\p0\p0\p0\p0\p0\p0	no	cas-identity-refuter=incomplete\pcas-int-units=incomplete\pdl-online=budget\plia-simplex=unsupported\plia-dpll=budget\pq:skolem-qf=unsupported\pq:nat-induction=not-applicable\pfd:string-gate=budget\pfd:source-string-semantic-unsat=budget\pfd:word-route=budget\pfd:online-string=budget\pfd:membership=budget\pfd:lex-order=budget\pfd:length-lia=budget\pfd:source-string-sat-probe=budget\pfd:bounded-completeness-unsat=budget	no arithmetic disequality had equal polynomial normal forms\pnormalized to k·m = c, but no asserted bound puts a factor of m outside the divisors of c/k\pbudget exhausted in the online difference-logic driver (atoms=68890, equality_gates=34445, bool_equality_gates=0, cnf_vars=137778, clauses=206933)\pQF_LIA: assertion is not a conjunctive linear integer constraint\plazy linear arithmetic pre-SAT skeleton exceeds the joint resource boundary (atoms=68890, cnf_vars=128339, base_trigger=>1024/>4096, moderate_envelope<=10240/<=16384, initial_clauses=8192, blocking_lemmas=0); declining before the online CDCL(T) probe (dispatch-overrun fix: admission evaluated before the reserve was spent)\pquant-route ownership (ADR-2103): `q:skolem-qf` owns {Real, Int, BvOrFloat, Datatype, Function, UninterpretedSort, Array, NonBvArray, NonBoolBvArray} and does not own {NestedArray, WideInt}, which this quantified query carries, so its non-decision is a decline and the ladder continues. Its own reason was: lazy linear arithmetic pre-SAT skeleton exceeds the joint resource boundary (atoms=68890, cnf_vars=128339, base_trigger=>1024/>4096, moderate_envelope<=10240/<=16384, initial_clauses=8192, blocking_lemmas=0); declining before the online CDCL(T) probe (dispatch-overrun fix: admission evaluated before the reserve was spent)\p\plazy linear arithmetic pre-SAT skeleton exceeds the joint resource boundary (atoms=68890, cnf_vars=128339, base_trigger=>1024/>4096, moderate_envelope<=10240/<=16384, initial_clauses=8192, blocking_lemmas=0); declining before the online CDCL(T) probe (dispatch-overrun fix: admission evaluated before the reserve was spent)\plazy linear arithmetic pre-SAT skeleton exceeds the joint resource boundary (atoms=68890, cnf_vars=128339, base_trigger=>1024/>4096, moderate_envelope<=10240/<=16384, initial_clauses=8192, blocking_lemmas=0); declining before the online CDCL(T) probe (dispatch-overrun fix: admission evaluated before the reserve was spent)\plazy linear arithmetic pre-SAT skeleton exceeds the joint resource boundary (atoms=68890, cnf_vars=128339, base_trigger=>1024/>4096, moderate_envelope<=10240/<=16384, initial_clauses=8192, blocking_lemmas=0); declining before the online CDCL(T) probe (dispatch-overrun fix: admission evaluated before the reserve was spent)\plazy linear arithmetic pre-SAT skeleton exceeds the joint resource boundary (atoms=68890, cnf_vars=128339, base_trigger=>1024/>4096, moderate_envelope<=10240/<=16384, initial_clauses=8192, blocking_lemmas=0); declining before the online CDCL(T) probe (dispatch-overrun fix: admission evaluated before the reserve was spent)\plazy linear arithmetic pre-SAT skeleton exceeds the joint resource boundary (atoms=68890, cnf_vars=128339, base_trigger=>1024/>4096, moderate_envelope<=10240/<=16384, initial_clauses=8192, blocking_lemmas=0); declining before the online CDCL(T) probe (dispatch-overrun fix: admission evaluated before the reserve was spent)\plazy linear arithmetic pre-SAT skeleton exceeds the joint resource boundary (atoms=68890, cnf_vars=128339, base_trigger=>1024/>4096, moderate_envelope<=10240/<=16384, initial_clauses=8192, blocking_lemmas=0); declining before the online CDCL(T) probe (dispatch-overrun fix: admission evaluated before the reserve was spent)\plazy linear arithmetic pre-SAT skeleton exceeds the joint resource boundary (atoms=68890, cnf_vars=128339, base_trigger=>1024/>4096, moderate_envelope<=10240/<=16384, initial_clauses=8192, blocking_lemmas=0); declining before the online CDCL(T) probe (dispatch-overrun fix: admission evaluated before the reserve was spent)\plazy linear arithmetic pre-SAT skeleton exceeds the joint resource boundary (atoms=68890, cnf_vars=128339, base_trigger=>1024/>4096, moderate_envelope<=10240/<=16384, initial_clauses=8192, blocking_lemmas=0); declining before the online CDCL(T) probe (dispatch-overrun fix: admission evaluated before the reserve was spent)\plazy linear arithmetic pre-SAT skeleton exceeds the joint resource boundary (atoms=68890, cnf_vars=128339, base_trigger=>1024/>4096, moderate_envelope<=10240/<=16384, initial_clauses=8192, blocking_lemmas=0); declining before the online CDCL(T) probe (dispatch-overrun fix: admission evaluated before the reserve was spent)	\p\pother\pbackend\pother\pquant-ownership-decline\p\pother\pother\pother\pother\pother\pother\pother\pother\pother	server5	3	3.90
lra-atom-screen-20260916	shipped	QF_IDL/20210312-Bouvier/vlsat3_i20.smt2	6261a505ea6767af32873bfc897ae64f8879b6388e5ea1074d27a6d3e12218e3	Int	unknown	0	none	dl-online	7	fd:parse:probe\pprobe:probe\pcas-identity-refuter:declined\pcas-int-units:declined\pdl-online:declined\plia-simplex:declined\plia-dpll:declined	25132	230\p65\p47\p0\p10763\p153\p1347	yes	cas-identity-refuter=incomplete\pcas-int-units=incomplete\pdl-online=budget\plia-simplex=unsupported\plia-dpll=budget	no arithmetic disequality had equal polynomial normal forms\pnormalized to k·m = c, but no asserted bound puts a factor of m outside the divisors of c/k\pbudget exhausted in the online difference-logic driver (atoms=284204, equality_gates=142102, bool_equality_gates=0, cnf_vars=567794, clauses=851394)\pQF_LIA: assertion is not a conjunctive linear integer constraint\plazy linear arithmetic pre-SAT skeleton exceeds the joint resource boundary (atoms=284204, cnf_vars=480167, base_trigger=>1024/>4096, moderate_envelope<=10240/<=16384, initial_clauses=8192, blocking_lemmas=0); declining before the online CDCL(T) probe (dispatch-overrun fix: admission evaluated before the reserve was spent)	\p\pother\pbackend\pother	server5	3	3.92
lra-atom-screen-20260916	shipped	QF_IDL/20210312-Bouvier/vlsat3_i32.smt2	6261a505ea6767af32873bfc897ae64f8879b6388e5ea1074d27a6d3e12218e3	Int	unknown	0	none	dl-online	7	fd:parse:probe\pprobe:probe\pcas-identity-refuter:declined\pcas-int-units:declined\pdl-online:declined\plia-simplex:declined\plia-dpll:declined	25132	227\p66\p47\p0\p11528\p159\p1383	yes	cas-identity-refuter=incomplete\pcas-int-units=incomplete\pdl-online=budget\plia-simplex=unsupported\plia-dpll=budget	no arithmetic disequality had equal polynomial normal forms\pnormalized to k·m = c, but no asserted bound puts a factor of m outside the divisors of c/k\pbudget exhausted in the online difference-logic driver (atoms=285296, equality_gates=142648, bool_equality_gates=0, cnf_vars=569978, clauses=854670)\pQF_LIA: assertion is not a conjunctive linear integer constraint\plazy linear arithmetic pre-SAT skeleton exceeds the joint resource boundary (atoms=285296, cnf_vars=482351, base_trigger=>1024/>4096, moderate_envelope<=10240/<=16384, initial_clauses=8192, blocking_lemmas=0); declining before the online CDCL(T) probe (dispatch-overrun fix: admission evaluated before the reserve was spent)	\p\pother\pbackend\pother	server5	3	3.95
lra-atom-screen-20260916	shipped	QF_IDL/20210312-Bouvier/vlsat3_i44.smt2	6261a505ea6767af32873bfc897ae64f8879b6388e5ea1074d27a6d3e12218e3	Int	unknown	0	none	dl-online	7	fd:parse:probe\pprobe:probe\pcas-identity-refuter:declined\pcas-int-units:declined\pdl-online:declined\plia-simplex:declined\plia-dpll:declined	25131	254\p71\p50\p0\p11524\p172\p1577	yes	cas-identity-refuter=incomplete\pcas-int-units=incomplete\pdl-online=budget\plia-simplex=unsupported\plia-dpll=budget	no arithmetic disequality had equal polynomial normal forms\pnormalized to k·m = c, but no asserted bound puts a factor of m outside the divisors of c/k\pbudget exhausted in the online difference-logic driver (atoms=307192, equality_gates=153596, bool_equality_gates=0, cnf_vars=613750, clauses=920318)\pQF_LIA: assertion is not a conjunctive linear integer constraint\plazy linear arithmetic pre-SAT skeleton exceeds the joint resource boundary (atoms=307192, cnf_vars=519590, base_trigger=>1024/>4096, moderate_envelope<=10240/<=16384, initial_clauses=8192, blocking_lemmas=0); declining before the online CDCL(T) probe (dispatch-overrun fix: admission evaluated before the reserve was spent)	\p\pother\pbackend\pother	server5	3	4.03
lra-atom-screen-20260916	shipped	QF_IDL/20210312-Bouvier/vlsat3_i56.smt2	6261a505ea6767af32873bfc897ae64f8879b6388e5ea1074d27a6d3e12218e3	Int	unknown	0	none	dl-online	6	fd:parse:probe\pprobe:probe\pcas-identity-refuter:declined\pcas-int-units:declined\pdl-online:declined\plia-simplex:declined	25331	997\p282\p105\p1\p9047\p808	yes	cas-identity-refuter=incomplete\pcas-int-units=incomplete\pdl-online=not-applicable\plia-simplex=unsupported	no arithmetic disequality had equal polynomial normal forms\pnormalized to k·m = c, but no asserted bound puts a factor of m outside the divisors of c/k\p\pQF_LIA: assertion is not a conjunctive linear integer constraint	\p\p\pbackend	server5	3	4.02
lra-atom-screen-20260916	shipped	QF_IDL/20210312-Bouvier/vlsat3_i68.smt2	6261a505ea6767af32873bfc897ae64f8879b6388e5ea1074d27a6d3e12218e3	Int	unknown	0	none	dl-online	7	fd:parse:probe\pprobe:probe\pcas-identity-refuter:declined\pcas-int-units:declined\pdl-online:declined\plia-simplex:declined\plia-dpll:declined	25232	631\p164\p110\p1\p16227\p414\p4099	yes	cas-identity-refuter=incomplete\pcas-int-units=incomplete\pdl-online=budget\plia-simplex=unsupported\plia-dpll=budget	no arithmetic disequality had equal polynomial normal forms\pnormalized to k·m = c, but no asserted bound puts a factor of m outside the divisors of c/k\pbudget exhausted in the online difference-logic driver (atoms=697004, equality_gates=348502, bool_equality_gates=0, cnf_vars=1393155, clauses=2089311)\pQF_LIA: assertion is not a conjunctive linear integer constraint\plazy linear arithmetic pre-SAT skeleton exceeds the joint resource boundary (atoms=697004, cnf_vars=1104206, base_trigger=>1024/>4096, moderate_envelope<=10240/<=16384, initial_clauses=8192, blocking_lemmas=0); declining before the online CDCL(T) probe (dispatch-overrun fix: admission evaluated before the reserve was spent)	\p\pother\pbackend\pother	server5	3	4.35
lra-atom-screen-20260916	shipped	QF_IDL/20210312-Bouvier/vlsat3_i80.smt2	6261a505ea6767af32873bfc897ae64f8879b6388e5ea1074d27a6d3e12218e3	Int	unknown	0	none	dl-online	7	fd:parse:probe\pprobe:probe\pcas-identity-refuter:declined\pcas-int-units:declined\pdl-online:declined\plia-simplex:declined\plia-dpll:declined	25133	364\p102\p75\p1\p13592\p270\p2582	yes	cas-identity-refuter=incomplete\pcas-int-units=incomplete\pdl-online=budget\plia-simplex=unsupported\plia-dpll=budget	no arithmetic disequality had equal polynomial normal forms\pnormalized to k·m = c, but no asserted bound puts a factor of m outside the divisors of c/k\pbudget exhausted in the online difference-logic driver (atoms=445058, equality_gates=222529, bool_equality_gates=0, cnf_vars=889371, clauses=1333694)\pQF_LIA: assertion is not a conjunctive linear integer constraint\plazy linear arithmetic pre-SAT skeleton exceeds the joint resource boundary (atoms=445058, cnf_vars=744358, base_trigger=>1024/>4096, moderate_envelope<=10240/<=16384, initial_clauses=8192, blocking_lemmas=0); declining before the online CDCL(T) probe (dispatch-overrun fix: admission evaluated before the reserve was spent)	\p\pother\pbackend\pother	server5	3	4.58
lra-atom-screen-20260916	shipped	QF_IDL/20210312-Bouvier/vlsat3_i92.smt2	6261a505ea6767af32873bfc897ae64f8879b6388e5ea1074d27a6d3e12218e3	Int	unknown	0	none	dl-online	7	fd:parse:probe\pprobe:probe\pcas-identity-refuter:declined\pcas-int-units:declined\pdl-online:declined\plia-simplex:declined\plia-dpll:declined	25132	170\p48\p37\p0\p13183\p140\p1165	yes	cas-identity-refuter=incomplete\pcas-int-units=incomplete\pdl-online=budget\plia-simplex=unsupported\plia-dpll=budget	no arithmetic disequality had equal polynomial normal forms\pnormalized to k·m = c, but no asserted bound puts a factor of m outside the divisors of c/k\pbudget exhausted in the online difference-logic driver (atoms=212474, equality_gates=106237, bool_equality_gates=0, cnf_vars=424678, clauses=637171)\pQF_LIA: assertion is not a conjunctive linear integer constraint\plazy linear arithmetic pre-SAT skeleton exceeds the joint resource boundary (atoms=212474, cnf_vars=357672, base_trigger=>1024/>4096, moderate_envelope<=10240/<=16384, initial_clauses=8192, blocking_lemmas=0); declining before the online CDCL(T) probe (dispatch-overrun fix: admission evaluated before the reserve was spent)	\p\pother\pbackend\pother	server5	3	4.94
lra-atom-screen-20260916	shipped	QF_IDL/20220214-jobshop-BohanLi/jobshop10-2-5-5-4-4-16.smt2	6261a505ea6767af32873bfc897ae64f8879b6388e5ea1074d27a6d3e12218e3	Int	sat	0	dl-online	dl-online	3	fd:parse:probe\pprobe:probe\pdl-online:decided	308	1\p0\p243	no				server5	3	4.96
lra-atom-screen-20260916	shipped	QF_IDL/20220214-jobshop-BohanLi/jobshop16-2-8-8-4-4-16.smt2	6261a505ea6767af32873bfc897ae64f8879b6388e5ea1074d27a6d3e12218e3	Int	unknown	0	none	dl-online	4	fd:parse:probe\pprobe:probe\pdl-online:declined\plia-simplex:declined	25030	2\p1\p21004\p1	yes	dl-online=budget\plia-simplex=unsupported	budget exhausted in the online difference-logic driver (atoms=2032, equality_gates=480, bool_equality_gates=0, cnf_vars=4543, clauses=7054)\pQF_LIA: assertion is not a conjunctive linear integer constraint	other\pbackend	server5	3	4.96
lra-atom-screen-20260916	shipped	QF_IDL/20220214-jobshop-BohanLi/jobshop20-2-10-10-4-4-16.smt2	6261a505ea6767af32873bfc897ae64f8879b6388e5ea1074d27a6d3e12218e3	Int	unknown	0	none	dl-online	4	fd:parse:probe\pprobe:probe\pdl-online:declined\plia-simplex:declined	25031	4\p1\p21005\p2	yes	dl-online=budget\plia-simplex=unsupported	budget exhausted in the online difference-logic driver (atoms=3180, equality_gates=760, bool_equality_gates=0, cnf_vars=7119, clauses=11058)\pQF_LIA: assertion is not a conjunctive linear integer constraint	other\pbackend	server5	3	4.97
lra-atom-screen-20260916	shipped	QF_IDL/20220214-jobshop-BohanLi/jobshop26-2-13-13-4-4-16.smt2	6261a505ea6767af32873bfc897ae64f8879b6388e5ea1074d27a6d3e12218e3	Int	unknown	0	none	dl-online	4	fd:parse:probe\pprobe:probe\pdl-online:declined\plia-simplex:declined	25031	6\p2\p21008\p3	yes	dl-online=budget\plia-simplex=unsupported	budget exhausted in the online difference-logic driver (atoms=5382, equality_gates=1300, bool_equality_gates=0, cnf_vars=12063, clauses=18744)\pQF_LIA: assertion is not a conjunctive linear integer constraint	other\pbackend	server5	3	4.92
lra-atom-screen-20260916	shipped	QF_IDL/20220214-jobshop-BohanLi/jobshop32-2-16-16-4-4-16.smt2	6261a505ea6767af32873bfc897ae64f8879b6388e5ea1074d27a6d3e12218e3	Int	unknown	0	none	dl-online	4	fd:parse:probe\pprobe:probe\pdl-online:declined\plia-simplex:declined	25032	11\p4\p21015\p7	yes	dl-online=budget\plia-simplex=unsupported	budget exhausted in the online difference-logic driver (atoms=8160, equality_gates=1984, bool_equality_gates=0, cnf_vars=18303, clauses=28446)\pQF_LIA: assertion is not a conjunctive linear integer constraint	other\pbackend	server5	3	4.94
lra-atom-screen-20260916	shipped	QF_IDL/20220214-jobshop-BohanLi/jobshop38-2-19-19-4-4-16.smt2	6261a505ea6767af32873bfc897ae64f8879b6388e5ea1074d27a6d3e12218e3	Int	unknown	0	none	dl-online	16	fd:parse:probe\pprobe:probe\pdl-online:declined\plia-simplex:declined\plia-dpll:declined\pq:skolem-qf:declined\pq:nat-induction:declined\pfd:string-gate:declined\pfd:source-string-semantic-unsat:declined\pfd:word-route:declined\pfd:online-string:declined\pfd:membership:declined\pfd:lex-order:declined\pfd:length-lia:declined\pfd:source-string-sat-probe:declined\pfd:bounded-completeness-unsat:declined	21227	18\p5\p21020\p10\p122\p0\p0\p0\p0\p0\p0\p0\p0\p0\p0\p0	no	dl-online=budget\plia-simplex=unsupported\plia-dpll=budget\pq:skolem-qf=unsupported\pq:nat-induction=not-applicable\pfd:string-gate=budget\pfd:source-string-semantic-unsat=budget\pfd:word-route=budget\pfd:online-string=budget\pfd:membership=budget\pfd:lex-order=budget\pfd:length-lia=budget\pfd:source-string-sat-probe=budget\pfd:bounded-completeness-unsat=budget	budget exhausted in the online difference-logic driver (atoms=11514, equality_gates=2812, bool_equality_gates=0, cnf_vars=25839, clauses=40164)\pQF_LIA: assertion is not a conjunctive linear integer constraint\plazy linear arithmetic pre-SAT skeleton exceeds the joint resource boundary (atoms=11514, cnf_vars=23027, base_trigger=>1024/>4096, moderate_envelope<=10240/<=16384, initial_clauses=0, blocking_lemmas=0); declining before the online CDCL(T) probe (dispatch-overrun fix: admission evaluated before the reserve was spent)\pquant-route ownership (ADR-2103): `q:skolem-qf` owns {Real, Int, BvOrFloat, Datatype, Function, UninterpretedSort, Array, NonBvArray, NonBoolBvArray} and does not own {NestedArray, WideInt}, which this quantified query carries, so its non-decision is a decline and the ladder continues. Its own reason was: lazy linear arithmetic pre-SAT skeleton exceeds the joint resource boundary (atoms=11514, cnf_vars=23027, base_trigger=>1024/>4096, moderate_envelope<=10240/<=16384, initial_clauses=0, blocking_lemmas=0); declining before the online CDCL(T) probe (dispatch-overrun fix: admission evaluated before the reserve was spent)\p\plazy linear arithmetic pre-SAT skeleton exceeds the joint resource boundary (atoms=11514, cnf_vars=23027, base_trigger=>1024/>4096, moderate_envelope<=10240/<=16384, initial_clauses=0, blocking_lemmas=0); declining before the online CDCL(T) probe (dispatch-overrun fix: admission evaluated before the reserve was spent)\plazy linear arithmetic pre-SAT skeleton exceeds the joint resource boundary (atoms=11514, cnf_vars=23027, base_trigger=>1024/>4096, moderate_envelope<=10240/<=16384, initial_clauses=0, blocking_lemmas=0); declining before the online CDCL(T) probe (dispatch-overrun fix: admission evaluated before the reserve was spent)\plazy linear arithmetic pre-SAT skeleton exceeds the joint resource boundary (atoms=11514, cnf_vars=23027, base_trigger=>1024/>4096, moderate_envelope<=10240/<=16384, initial_clauses=0, blocking_lemmas=0); declining before the online CDCL(T) probe (dispatch-overrun fix: admission evaluated before the reserve was spent)\plazy linear arithmetic pre-SAT skeleton exceeds the joint resource boundary (atoms=11514, cnf_vars=23027, base_trigger=>1024/>4096, moderate_envelope<=10240/<=16384, initial_clauses=0, blocking_lemmas=0); declining before the online CDCL(T) probe (dispatch-overrun fix: admission evaluated before the reserve was spent)\plazy linear arithmetic pre-SAT skeleton exceeds the joint resource boundary (atoms=11514, cnf_vars=23027, base_trigger=>1024/>4096, moderate_envelope<=10240/<=16384, initial_clauses=0, blocking_lemmas=0); declining before the online CDCL(T) probe (dispatch-overrun fix: admission evaluated before the reserve was spent)\plazy linear arithmetic pre-SAT skeleton exceeds the joint resource boundary (atoms=11514, cnf_vars=23027, base_trigger=>1024/>4096, moderate_envelope<=10240/<=16384, initial_clauses=0, blocking_lemmas=0); declining before the online CDCL(T) probe (dispatch-overrun fix: admission evaluated before the reserve was spent)\plazy linear arithmetic pre-SAT skeleton exceeds the joint resource boundary (atoms=11514, cnf_vars=23027, base_trigger=>1024/>4096, moderate_envelope<=10240/<=16384, initial_clauses=0, blocking_lemmas=0); declining before the online CDCL(T) probe (dispatch-overrun fix: admission evaluated before the reserve was spent)\plazy linear arithmetic pre-SAT skeleton exceeds the joint resource boundary (atoms=11514, cnf_vars=23027, base_trigger=>1024/>4096, moderate_envelope<=10240/<=16384, initial_clauses=0, blocking_lemmas=0); declining before the online CDCL(T) probe (dispatch-overrun fix: admission evaluated before the reserve was spent)\plazy linear arithmetic pre-SAT skeleton exceeds the joint resource boundary (atoms=11514, cnf_vars=23027, base_trigger=>1024/>4096, moderate_envelope<=10240/<=16384, initial_clauses=0, blocking_lemmas=0); declining before the online CDCL(T) probe (dispatch-overrun fix: admission evaluated before the reserve was spent)	other\pbackend\pother\pquant-ownership-decline\p\pother\pother\pother\pother\pother\pother\pother\pother\pother	server5	3	4.96
lra-atom-screen-20260916	shipped	QF_IDL/20220214-jobshop-BohanLi/jobshop42-2-21-21-4-4-16.smt2	6261a505ea6767af32873bfc897ae64f8879b6388e5ea1074d27a6d3e12218e3	Int	unknown	0	none	dl-online	16	fd:parse:probe\pprobe:probe\pdl-online:declined\plia-simplex:declined\plia-dpll:declined\pq:skolem-qf:declined\pq:nat-induction:declined\pfd:string-gate:declined\pfd:source-string-semantic-unsat:declined\pfd:word-route:declined\pfd:online-string:declined\pfd:membership:declined\pfd:lex-order:declined\pfd:length-lia:declined\pfd:source-string-sat-probe:declined\pfd:bounded-completeness-unsat:declined	21329	21\p7\p21027\p17\p172\p0\p0\p0\p0\p0\p0\p0\p0\p0\p0\p0	no	dl-online=budget\plia-simplex=unsupported\plia-dpll=budget\pq:skolem-qf=unsupported\pq:nat-induction=not-applicable\pfd:string-gate=budget\pfd:source-string-semantic-unsat=budget\pfd:word-route=budget\pfd:online-string=budget\pfd:membership=budget\pfd:lex-order=budget\pfd:length-lia=budget\pfd:source-string-sat-probe=budget\pfd:bounded-completeness-unsat=budget	budget exhausted in the online difference-logic driver (atoms=14070, equality_gates=3444, bool_equality_gates=0, cnf_vars=31583, clauses=49096)\pQF_LIA: assertion is not a conjunctive linear integer constraint\plazy linear arithmetic pre-SAT skeleton exceeds the joint resource boundary (atoms=14070, cnf_vars=28139, base_trigger=>1024/>4096, moderate_envelope<=10240/<=16384, initial_clauses=0, blocking_lemmas=0); declining before the online CDCL(T) probe (dispatch-overrun fix: admission evaluated before the reserve was spent)\pquant-route ownership (ADR-2103): `q:skolem-qf` owns {Real, Int, BvOrFloat, Datatype, Function, UninterpretedSort, Array, NonBvArray, NonBoolBvArray} and does not own {NestedArray, WideInt}, which this quantified query carries, so its non-decision is a decline and the ladder continues. Its own reason was: lazy linear arithmetic pre-SAT skeleton exceeds the joint resource boundary (atoms=14070, cnf_vars=28139, base_trigger=>1024/>4096, moderate_envelope<=10240/<=16384, initial_clauses=0, blocking_lemmas=0); declining before the online CDCL(T) probe (dispatch-overrun fix: admission evaluated before the reserve was spent)\p\plazy linear arithmetic pre-SAT skeleton exceeds the joint resource boundary (atoms=14070, cnf_vars=28139, base_trigger=>1024/>4096, moderate_envelope<=10240/<=16384, initial_clauses=0, blocking_lemmas=0); declining before the online CDCL(T) probe (dispatch-overrun fix: admission evaluated before the reserve was spent)\plazy linear arithmetic pre-SAT skeleton exceeds the joint resource boundary (atoms=14070, cnf_vars=28139, base_trigger=>1024/>4096, moderate_envelope<=10240/<=16384, initial_clauses=0, blocking_lemmas=0); declining before the online CDCL(T) probe (dispatch-overrun fix: admission evaluated before the reserve was spent)\plazy linear arithmetic pre-SAT skeleton exceeds the joint resource boundary (atoms=14070, cnf_vars=28139, base_trigger=>1024/>4096, moderate_envelope<=10240/<=16384, initial_clauses=0, blocking_lemmas=0); declining before the online CDCL(T) probe (dispatch-overrun fix: admission evaluated before the reserve was spent)\plazy linear arithmetic pre-SAT skeleton exceeds the joint resource boundary (atoms=14070, cnf_vars=28139, base_trigger=>1024/>4096, moderate_envelope<=10240/<=16384, initial_clauses=0, blocking_lemmas=0); declining before the online CDCL(T) probe (dispatch-overrun fix: admission evaluated before the reserve was spent)\plazy linear arithmetic pre-SAT skeleton exceeds the joint resource boundary (atoms=14070, cnf_vars=28139, base_trigger=>1024/>4096, moderate_envelope<=10240/<=16384, initial_clauses=0, blocking_lemmas=0); declining before the online CDCL(T) probe (dispatch-overrun fix: admission evaluated before the reserve was spent)\plazy linear arithmetic pre-SAT skeleton exceeds the joint resource boundary (atoms=14070, cnf_vars=28139, base_trigger=>1024/>4096, moderate_envelope<=10240/<=16384, initial_clauses=0, blocking_lemmas=0); declining before the online CDCL(T) probe (dispatch-overrun fix: admission evaluated before the reserve was spent)\plazy linear arithmetic pre-SAT skeleton exceeds the joint resource boundary (atoms=14070, cnf_vars=28139, base_trigger=>1024/>4096, moderate_envelope<=10240/<=16384, initial_clauses=0, blocking_lemmas=0); declining before the online CDCL(T) probe (dispatch-overrun fix: admission evaluated before the reserve was spent)\plazy linear arithmetic pre-SAT skeleton exceeds the joint resource boundary (atoms=14070, cnf_vars=28139, base_trigger=>1024/>4096, moderate_envelope<=10240/<=16384, initial_clauses=0, blocking_lemmas=0); declining before the online CDCL(T) probe (dispatch-overrun fix: admission evaluated before the reserve was spent)\plazy linear arithmetic pre-SAT skeleton exceeds the joint resource boundary (atoms=14070, cnf_vars=28139, base_trigger=>1024/>4096, moderate_envelope<=10240/<=16384, initial_clauses=0, blocking_lemmas=0); declining before the online CDCL(T) probe (dispatch-overrun fix: admission evaluated before the reserve was spent)	other\pbackend\pother\pquant-ownership-decline\p\pother\pother\pother\pother\pother\pother\pother\pother\pother	server5	3	4.89
lra-atom-screen-20260916	shipped	QF_IDL/20220214-jobshop-BohanLi/jobshop48-2-24-24-4-4-16.smt2	6261a505ea6767af32873bfc897ae64f8879b6388e5ea1074d27a6d3e12218e3	Int	unknown	0	none	dl-online	16	fd:parse:probe\pprobe:probe\pdl-online:declined\plia-simplex:declined\plia-dpll:declined\pq:skolem-qf:declined\pq:nat-induction:declined\pfd:string-gate:declined\pfd:source-string-semantic-unsat:declined\pfd:word-route:declined\pfd:online-string:declined\pfd:membership:declined\pfd:lex-order:declined\pfd:length-lia:declined\pfd:source-string-sat-probe:declined\pfd:bounded-completeness-unsat:declined	21428	28\p9\p21040\p15\p281\p0\p0\p0\p0\p0\p0\p0\p0\p0\p0\p0	no	dl-online=budget\plia-simplex=unsupported\plia-dpll=budget\pq:skolem-qf=unsupported\pq:nat-induction=not-applicable\pfd:string-gate=budget\pfd:source-string-semantic-unsat=budget\pfd:word-route=budget\pfd:online-string=budget\pfd:membership=budget\pfd:lex-order=budget\pfd:length-lia=budget\pfd:source-string-sat-probe=budget\pfd:bounded-completeness-unsat=budget	budget exhausted in the online difference-logic driver (atoms=18384, equality_gates=4512, bool_equality_gates=0, cnf_vars=41279, clauses=64174)\pQF_LIA: assertion is not a conjunctive linear integer constraint\plazy linear arithmetic pre-SAT skeleton exceeds the joint resource boundary (atoms=18384, cnf_vars=36767, base_trigger=>1024/>4096, moderate_envelope<=10240/<=16384, initial_clauses=0, blocking_lemmas=0); declining before the online CDCL(T) probe (dispatch-overrun fix: admission evaluated before the reserve was spent)\pquant-route ownership (ADR-2103): `q:skolem-qf` owns {Real, Int, BvOrFloat, Datatype, Function, UninterpretedSort, Array, NonBvArray, NonBoolBvArray} and does not own {NestedArray, WideInt}, which this quantified query carries, so its non-decision is a decline and the ladder continues. Its own reason was: lazy linear arithmetic pre-SAT skeleton exceeds the joint resource boundary (atoms=18384, cnf_vars=36767, base_trigger=>1024/>4096, moderate_envelope<=10240/<=16384, initial_clauses=0, blocking_lemmas=0); declining before the online CDCL(T) probe (dispatch-overrun fix: admission evaluated before the reserve was spent)\p\plazy linear arithmetic pre-SAT skeleton exceeds the joint resource boundary (atoms=18384, cnf_vars=36767, base_trigger=>1024/>4096, moderate_envelope<=10240/<=16384, initial_clauses=0, blocking_lemmas=0); declining before the online CDCL(T) probe (dispatch-overrun fix: admission evaluated before the reserve was spent)\plazy linear arithmetic pre-SAT skeleton exceeds the joint resource boundary (atoms=18384, cnf_vars=36767, base_trigger=>1024/>4096, moderate_envelope<=10240/<=16384, initial_clauses=0, blocking_lemmas=0); declining before the online CDCL(T) probe (dispatch-overrun fix: admission evaluated before the reserve was spent)\plazy linear arithmetic pre-SAT skeleton exceeds the joint resource boundary (atoms=18384, cnf_vars=36767, base_trigger=>1024/>4096, moderate_envelope<=10240/<=16384, initial_clauses=0, blocking_lemmas=0); declining before the online CDCL(T) probe (dispatch-overrun fix: admission evaluated before the reserve was spent)\plazy linear arithmetic pre-SAT skeleton exceeds the joint resource boundary (atoms=18384, cnf_vars=36767, base_trigger=>1024/>4096, moderate_envelope<=10240/<=16384, initial_clauses=0, blocking_lemmas=0); declining before the online CDCL(T) probe (dispatch-overrun fix: admission evaluated before the reserve was spent)\plazy linear arithmetic pre-SAT skeleton exceeds the joint resource boundary (atoms=18384, cnf_vars=36767, base_trigger=>1024/>4096, moderate_envelope<=10240/<=16384, initial_clauses=0, blocking_lemmas=0); declining before the online CDCL(T) probe (dispatch-overrun fix: admission evaluated before the reserve was spent)\plazy linear arithmetic pre-SAT skeleton exceeds the joint resource boundary (atoms=18384, cnf_vars=36767, base_trigger=>1024/>4096, moderate_envelope<=10240/<=16384, initial_clauses=0, blocking_lemmas=0); declining before the online CDCL(T) probe (dispatch-overrun fix: admission evaluated before the reserve was spent)\plazy linear arithmetic pre-SAT skeleton exceeds the joint resource boundary (atoms=18384, cnf_vars=36767, base_trigger=>1024/>4096, moderate_envelope<=10240/<=16384, initial_clauses=0, blocking_lemmas=0); declining before the online CDCL(T) probe (dispatch-overrun fix: admission evaluated before the reserve was spent)\plazy linear arithmetic pre-SAT skeleton exceeds the joint resource boundary (atoms=18384, cnf_vars=36767, base_trigger=>1024/>4096, moderate_envelope<=10240/<=16384, initial_clauses=0, blocking_lemmas=0); declining before the online CDCL(T) probe (dispatch-overrun fix: admission evaluated before the reserve was spent)\plazy linear arithmetic pre-SAT skeleton exceeds the joint resource boundary (atoms=18384, cnf_vars=36767, base_trigger=>1024/>4096, moderate_envelope<=10240/<=16384, initial_clauses=0, blocking_lemmas=0); declining before the online CDCL(T) probe (dispatch-overrun fix: admission evaluated before the reserve was spent)	other\pbackend\pother\pquant-ownership-decline\p\pother\pother\pother\pother\pother\pother\pother\pother\pother	server5	3	4.64
lra-atom-screen-20260916	shipped	QF_IDL/20220214-jobshop-BohanLi/jobshop54-2-27-27-4-4-16.smt2	6261a505ea6767af32873bfc897ae64f8879b6388e5ea1074d27a6d3e12218e3	Int	unknown	0	none	dl-online	16	fd:parse:probe\pprobe:probe\pdl-online:declined\plia-simplex:declined\plia-dpll:declined\pq:skolem-qf:declined\pq:nat-induction:declined\pfd:string-gate:declined\pfd:source-string-semantic-unsat:declined\pfd:word-route:declined\pfd:online-string:declined\pfd:membership:declined\pfd:lex-order:declined\pfd:length-lia:declined\pfd:source-string-sat-probe:declined\pfd:bounded-completeness-unsat:declined	21629	37\p11\p21043\p23\p419\p0\p0\p0\p0\p0\p0\p0\p0\p0\p0\p0	no	dl-online=budget\plia-simplex=unsupported\plia-dpll=budget\pq:skolem-qf=unsupported\pq:nat-induction=not-applicable\pfd:string-gate=budget\pfd:source-string-semantic-unsat=budget\pfd:word-route=budget\pfd:online-string=budget\pfd:membership=budget\pfd:lex-order=budget\pfd:length-lia=budget\pfd:source-string-sat-probe=budget\pfd:bounded-completeness-unsat=budget	budget exhausted in the online difference-logic driver (atoms=23274, equality_gates=5724, bool_equality_gates=0, cnf_vars=52271, clauses=81268)\pQF_LIA: assertion is not a conjunctive linear integer constraint\plazy linear arithmetic pre-SAT skeleton exceeds the joint resource boundary (atoms=23274, cnf_vars=46547, base_trigger=>1024/>4096, moderate_envelope<=10240/<=16384, initial_clauses=0, blocking_lemmas=0); declining before the online CDCL(T) probe (dispatch-overrun fix: admission evaluated before the reserve was spent)\pquant-route ownership (ADR-2103): `q:skolem-qf` owns {Real, Int, BvOrFloat, Datatype, Function, UninterpretedSort, Array, NonBvArray, NonBoolBvArray} and does not own {NestedArray, WideInt}, which this quantified query carries, so its non-decision is a decline and the ladder continues. Its own reason was: lazy linear arithmetic pre-SAT skeleton exceeds the joint resource boundary (atoms=23274, cnf_vars=46547, base_trigger=>1024/>4096, moderate_envelope<=10240/<=16384, initial_clauses=0, blocking_lemmas=0); declining before the online CDCL(T) probe (dispatch-overrun fix: admission evaluated before the reserve was spent)\p\plazy linear arithmetic pre-SAT skeleton exceeds the joint resource boundary (atoms=23274, cnf_vars=46547, base_trigger=>1024/>4096, moderate_envelope<=10240/<=16384, initial_clauses=0, blocking_lemmas=0); declining before the online CDCL(T) probe (dispatch-overrun fix: admission evaluated before the reserve was spent)\plazy linear arithmetic pre-SAT skeleton exceeds the joint resource boundary (atoms=23274, cnf_vars=46547, base_trigger=>1024/>4096, moderate_envelope<=10240/<=16384, initial_clauses=0, blocking_lemmas=0); declining before the online CDCL(T) probe (dispatch-overrun fix: admission evaluated before the reserve was spent)\plazy linear arithmetic pre-SAT skeleton exceeds the joint resource boundary (atoms=23274, cnf_vars=46547, base_trigger=>1024/>4096, moderate_envelope<=10240/<=16384, initial_clauses=0, blocking_lemmas=0); declining before the online CDCL(T) probe (dispatch-overrun fix: admission evaluated before the reserve was spent)\plazy linear arithmetic pre-SAT skeleton exceeds the joint resource boundary (atoms=23274, cnf_vars=46547, base_trigger=>1024/>4096, moderate_envelope<=10240/<=16384, initial_clauses=0, blocking_lemmas=0); declining before the online CDCL(T) probe (dispatch-overrun fix: admission evaluated before the reserve was spent)\plazy linear arithmetic pre-SAT skeleton exceeds the joint resource boundary (atoms=23274, cnf_vars=46547, base_trigger=>1024/>4096, moderate_envelope<=10240/<=16384, initial_clauses=0, blocking_lemmas=0); declining before the online CDCL(T) probe (dispatch-overrun fix: admission evaluated before the reserve was spent)\plazy linear arithmetic pre-SAT skeleton exceeds the joint resource boundary (atoms=23274, cnf_vars=46547, base_trigger=>1024/>4096, moderate_envelope<=10240/<=16384, initial_clauses=0, blocking_lemmas=0); declining before the online CDCL(T) probe (dispatch-overrun fix: admission evaluated before the reserve was spent)\plazy linear arithmetic pre-SAT skeleton exceeds the joint resource boundary (atoms=23274, cnf_vars=46547, base_trigger=>1024/>4096, moderate_envelope<=10240/<=16384, initial_clauses=0, blocking_lemmas=0); declining before the online CDCL(T) probe (dispatch-overrun fix: admission evaluated before the reserve was spent)\plazy linear arithmetic pre-SAT skeleton exceeds the joint resource boundary (atoms=23274, cnf_vars=46547, base_trigger=>1024/>4096, moderate_envelope<=10240/<=16384, initial_clauses=0, blocking_lemmas=0); declining before the online CDCL(T) probe (dispatch-overrun fix: admission evaluated before the reserve was spent)\plazy linear arithmetic pre-SAT skeleton exceeds the joint resource boundary (atoms=23274, cnf_vars=46547, base_trigger=>1024/>4096, moderate_envelope<=10240/<=16384, initial_clauses=0, blocking_lemmas=0); declining before the online CDCL(T) probe (dispatch-overrun fix: admission evaluated before the reserve was spent)	other\pbackend\pother\pquant-ownership-decline\p\pother\pother\pother\pother\pother\pother\pother\pother\pother	server5	3	4.42
lra-atom-screen-20260916	shipped	QF_IDL/20220214-jobshop-BohanLi/jobshop6-2-3-3-4-4-16.smt2	6261a505ea6767af32873bfc897ae64f8879b6388e5ea1074d27a6d3e12218e3	Int	sat	0	dl-online	dl-online	3	fd:parse:probe\pprobe:probe\pdl-online:decided	109	0\p0\p18	no				server5	3	4.30
lra-atom-screen-20260916	shipped	QF_IDL/20220214-RVpredict-BohanLi/RVpredict_13.smt2	6261a505ea6767af32873bfc897ae64f8879b6388e5ea1074d27a6d3e12218e3	Int	sat	0	dl-online	dl-online	3	fd:parse:probe\pprobe:probe\pdl-online:decided	1610	13\p4\p1540	no				server5	3	4.30
lra-atom-screen-20260916	shipped	QF_IDL/asp/15Puzzle/15-puzzle.init14.smt2	6261a505ea6767af32873bfc897ae64f8879b6388e5ea1074d27a6d3e12218e3	Int	unknown	0	none	dl-online	16	fd:parse:probe\pprobe:probe\pdl-online:declined\plia-simplex:declined\plia-dpll:declined\pq:skolem-qf:declined\pq:nat-induction:declined\pfd:string-gate:declined\pfd:source-string-semantic-unsat:declined\pfd:word-route:declined\pfd:online-string:declined\pfd:membership:declined\pfd:lex-order:declined\pfd:length-lia:declined\pfd:source-string-sat-probe:declined\pfd:bounded-completeness-unsat:declined	21929	118\p32\p21269\p103\p193\p0\p0\p0\p0\p0\p0\p0\p0\p0\p0\p0	no	dl-online=budget\plia-simplex=unsupported\plia-dpll=budget\pq:skolem-qf=unsupported\pq:nat-induction=not-applicable\pfd:string-gate=budget\pfd:source-string-semantic-unsat=budget\pfd:word-route=budget\pfd:online-string=budget\pfd:membership=budget\pfd:lex-order=budget\pfd:length-lia=budget\pfd:source-string-sat-probe=budget\pfd:bounded-completeness-unsat=budget	budget exhausted in the online difference-logic driver (atoms=6520, equality_gates=3066, bool_equality_gates=25827, cnf_vars=134417, clauses=324919)\pQF_LIA: assertion is not a conjunctive linear integer constraint\plazy linear arithmetic pre-SAT skeleton exceeds the joint resource boundary (atoms=6517, cnf_vars=132936, base_trigger=>1024/>4096, moderate_envelope<=10240/<=16384, initial_clauses=0, blocking_lemmas=0); declining before the online CDCL(T) probe (dispatch-overrun fix: admission evaluated before the reserve was spent)\pquant-route ownership (ADR-2103): `q:skolem-qf` owns {Real, Int, BvOrFloat, Datatype, Function, UninterpretedSort, Array, NonBvArray, NonBoolBvArray} and does not own {NestedArray, WideInt}, which this quantified query carries, so its non-decision is a decline and the ladder continues. Its own reason was: lazy linear arithmetic pre-SAT skeleton exceeds the joint resource boundary (atoms=6517, cnf_vars=132936, base_trigger=>1024/>4096, moderate_envelope<=10240/<=16384, initial_clauses=0, blocking_lemmas=0); declining before the online CDCL(T) probe (dispatch-overrun fix: admission evaluated before the reserve was spent)\p\plazy linear arithmetic pre-SAT skeleton exceeds the joint resource boundary (atoms=6517, cnf_vars=132936, base_trigger=>1024/>4096, moderate_envelope<=10240/<=16384, initial_clauses=0, blocking_lemmas=0); declining before the online CDCL(T) probe (dispatch-overrun fix: admission evaluated before the reserve was spent)\plazy linear arithmetic pre-SAT skeleton exceeds the joint resource boundary (atoms=6517, cnf_vars=132936, base_trigger=>1024/>4096, moderate_envelope<=10240/<=16384, initial_clauses=0, blocking_lemmas=0); declining before the online CDCL(T) probe (dispatch-overrun fix: admission evaluated before the reserve was spent)\plazy linear arithmetic pre-SAT skeleton exceeds the joint resource boundary (atoms=6517, cnf_vars=132936, base_trigger=>1024/>4096, moderate_envelope<=10240/<=16384, initial_clauses=0, blocking_lemmas=0); declining before the online CDCL(T) probe (dispatch-overrun fix: admission evaluated before the reserve was spent)\plazy linear arithmetic pre-SAT skeleton exceeds the joint resource boundary (atoms=6517, cnf_vars=132936, base_trigger=>1024/>4096, moderate_envelope<=10240/<=16384, initial_clauses=0, blocking_lemmas=0); declining before the online CDCL(T) probe (dispatch-overrun fix: admission evaluated before the reserve was spent)\plazy linear arithmetic pre-SAT skeleton exceeds the joint resource boundary (atoms=6517, cnf_vars=132936, base_trigger=>1024/>4096, moderate_envelope<=10240/<=16384, initial_clauses=0, blocking_lemmas=0); declining before the online CDCL(T) probe (dispatch-overrun fix: admission evaluated before the reserve was spent)\plazy linear arithmetic pre-SAT skeleton exceeds the joint resource boundary (atoms=6517, cnf_vars=132936, base_trigger=>1024/>4096, moderate_envelope<=10240/<=16384, initial_clauses=0, blocking_lemmas=0); declining before the online CDCL(T) probe (dispatch-overrun fix: admission evaluated before the reserve was spent)\plazy linear arithmetic pre-SAT skeleton exceeds the joint resource boundary (atoms=6517, cnf_vars=132936, base_trigger=>1024/>4096, moderate_envelope<=10240/<=16384, initial_clauses=0, blocking_lemmas=0); declining before the online CDCL(T) probe (dispatch-overrun fix: admission evaluated before the reserve was spent)\plazy linear arithmetic pre-SAT skeleton exceeds the joint resource boundary (atoms=6517, cnf_vars=132936, base_trigger=>1024/>4096, moderate_envelope<=10240/<=16384, initial_clauses=0, blocking_lemmas=0); declining before the online CDCL(T) probe (dispatch-overrun fix: admission evaluated before the reserve was spent)\plazy linear arithmetic pre-SAT skeleton exceeds the joint resource boundary (atoms=6517, cnf_vars=132936, base_trigger=>1024/>4096, moderate_envelope<=10240/<=16384, initial_clauses=0, blocking_lemmas=0); declining before the online CDCL(T) probe (dispatch-overrun fix: admission evaluated before the reserve was spent)	other\pbackend\pother\pquant-ownership-decline\p\pother\pother\pother\pother\pother\pother\pother\pother\pother	server5	3	4.30
lra-atom-screen-20260916	shipped	QF_IDL/asp/BlockedNQueens/156.48.1960.36.1721259656.dat.smt2	6261a505ea6767af32873bfc897ae64f8879b6388e5ea1074d27a6d3e12218e3	Int	unknown	0	none	dl-online	16	fd:parse:probe\pprobe:probe\pdl-online:declined\plia-simplex:declined\plia-dpll:declined\pq:skolem-qf:declined\pq:nat-induction:declined\pfd:string-gate:declined\pfd:source-string-semantic-unsat:declined\pfd:word-route:declined\pfd:online-string:declined\pfd:membership:declined\pfd:lex-order:declined\pfd:length-lia:declined\pfd:source-string-sat-probe:declined\pfd:bounded-completeness-unsat:declined	21426	28\p9\p21171\p13\p73\p0\p0\p0\p0\p0\p0\p0\p0\p0\p0\p0	no	dl-online=budget\plia-simplex=unsupported\plia-dpll=budget\pq:skolem-qf=unsupported\pq:nat-induction=not-applicable\pfd:string-gate=budget\pfd:source-string-semantic-unsat=budget\pfd:word-route=budget\pfd:online-string=budget\pfd:membership=budget\pfd:lex-order=budget\pfd:length-lia=budget\pfd:source-string-sat-probe=budget\pfd:bounded-completeness-unsat=budget	budget exhausted in the online difference-logic driver (atoms=8413, equality_gates=4042, bool_equality_gates=1013, cnf_vars=45247, clauses=87136)\pQF_LIA: assertion is not a conjunctive linear integer constraint\plazy linear arithmetic pre-SAT skeleton exceeds the joint resource boundary (atoms=8413, cnf_vars=37522, base_trigger=>1024/>4096, moderate_envelope<=10240/<=16384, initial_clauses=0, blocking_lemmas=0); declining before the online CDCL(T) probe (dispatch-overrun fix: admission evaluated before the reserve was spent)\pquant-route ownership (ADR-2103): `q:skolem-qf` owns {Real, Int, BvOrFloat, Datatype, Function, UninterpretedSort, Array, NonBvArray, NonBoolBvArray} and does not own {NestedArray, WideInt}, which this quantified query carries, so its non-decision is a decline and the ladder continues. Its own reason was: lazy linear arithmetic pre-SAT skeleton exceeds the joint resource boundary (atoms=8413, cnf_vars=37522, base_trigger=>1024/>4096, moderate_envelope<=10240/<=16384, initial_clauses=0, blocking_lemmas=0); declining before the online CDCL(T) probe (dispatch-overrun fix: admission evaluated before the reserve was spent)\p\plazy linear arithmetic pre-SAT skeleton exceeds the joint resource boundary (atoms=8413, cnf_vars=37522, base_trigger=>1024/>4096, moderate_envelope<=10240/<=16384, initial_clauses=0, blocking_lemmas=0); declining before the online CDCL(T) probe (dispatch-overrun fix: admission evaluated before the reserve was spent)\plazy linear arithmetic pre-SAT skeleton exceeds the joint resource boundary (atoms=8413, cnf_vars=37522, base_trigger=>1024/>4096, moderate_envelope<=10240/<=16384, initial_clauses=0, blocking_lemmas=0); declining before the online CDCL(T) probe (dispatch-overrun fix: admission evaluated before the reserve was spent)\plazy linear arithmetic pre-SAT skeleton exceeds the joint resource boundary (atoms=8413, cnf_vars=37522, base_trigger=>1024/>4096, moderate_envelope<=10240/<=16384, initial_clauses=0, blocking_lemmas=0); declining before the online CDCL(T) probe (dispatch-overrun fix: admission evaluated before the reserve was spent)\plazy linear arithmetic pre-SAT skeleton exceeds the joint resource boundary (atoms=8413, cnf_vars=37522, base_trigger=>1024/>4096, moderate_envelope<=10240/<=16384, initial_clauses=0, blocking_lemmas=0); declining before the online CDCL(T) probe (dispatch-overrun fix: admission evaluated before the reserve was spent)\plazy linear arithmetic pre-SAT skeleton exceeds the joint resource boundary (atoms=8413, cnf_vars=37522, base_trigger=>1024/>4096, moderate_envelope<=10240/<=16384, initial_clauses=0, blocking_lemmas=0); declining before the online CDCL(T) probe (dispatch-overrun fix: admission evaluated before the reserve was spent)\plazy linear arithmetic pre-SAT skeleton exceeds the joint resource boundary (atoms=8413, cnf_vars=37522, base_trigger=>1024/>4096, moderate_envelope<=10240/<=16384, initial_clauses=0, blocking_lemmas=0); declining before the online CDCL(T) probe (dispatch-overrun fix: admission evaluated before the reserve was spent)\plazy linear arithmetic pre-SAT skeleton exceeds the joint resource boundary (atoms=8413, cnf_vars=37522, base_trigger=>1024/>4096, moderate_envelope<=10240/<=16384, initial_clauses=0, blocking_lemmas=0); declining before the online CDCL(T) probe (dispatch-overrun fix: admission evaluated before the reserve was spent)\plazy linear arithmetic pre-SAT skeleton exceeds the joint resource boundary (atoms=8413, cnf_vars=37522, base_trigger=>1024/>4096, moderate_envelope<=10240/<=16384, initial_clauses=0, blocking_lemmas=0); declining before the online CDCL(T) probe (dispatch-overrun fix: admission evaluated before the reserve was spent)\plazy linear arithmetic pre-SAT skeleton exceeds the joint resource boundary (atoms=8413, cnf_vars=37522, base_trigger=>1024/>4096, moderate_envelope<=10240/<=16384, initial_clauses=0, blocking_lemmas=0); declining before the online CDCL(T) probe (dispatch-overrun fix: admission evaluated before the reserve was spent)	other\pbackend\pother\pquant-ownership-decline\p\pother\pother\pother\pother\pother\pother\pother\pother\pother	server5	3	4.25
lra-atom-screen-20260916	shipped	QF_IDL/asp/BlockedNQueens/156.48.1960.36.1721325133.dat.smt2	6261a505ea6767af32873bfc897ae64f8879b6388e5ea1074d27a6d3e12218e3	Int	unsat	0	dl-online	dl-online	3	fd:parse:probe\pprobe:probe\pdl-online:decided	3511	28\p8\p3431	no				server5	3	4.18
lra-atom-screen-20260916	shipped	QF_IDL/asp/BlockedNQueens/156.48.1960.36.1721347806.dat.smt2	6261a505ea6767af32873bfc897ae64f8879b6388e5ea1074d27a6d3e12218e3	Int	unknown	0	none	dl-online	16	fd:parse:probe\pprobe:probe\pdl-online:declined\plia-simplex:declined\plia-dpll:declined\pq:skolem-qf:declined\pq:nat-induction:declined\pfd:string-gate:declined\pfd:source-string-semantic-unsat:declined\pfd:word-route:declined\pfd:online-string:declined\pfd:membership:declined\pfd:lex-order:declined\pfd:length-lia:declined\pfd:source-string-sat-probe:declined\pfd:bounded-completeness-unsat:declined	21229	30\p9\p21023\p15\p66\p0\p0\p0\p0\p0\p0\p0\p0\p0\p0\p0	no	dl-online=budget\plia-simplex=unsupported\plia-dpll=budget\pq:skolem-qf=unsupported\pq:nat-induction=not-applicable\pfd:string-gate=budget\pfd:source-string-semantic-unsat=budget\pfd:word-route=budget\pfd:online-string=budget\pfd:membership=budget\pfd:lex-order=budget\pfd:length-lia=budget\pfd:source-string-sat-probe=budget\pfd:bounded-completeness-unsat=budget	budget exhausted in the online difference-logic driver (atoms=8448, equality_gates=4056, bool_equality_gates=1020, cnf_vars=45359, clauses=87346)\pQF_LIA: assertion is not a conjunctive linear integer constraint\plazy linear arithmetic pre-SAT skeleton exceeds the joint resource boundary (atoms=8448, cnf_vars=37627, base_trigger=>1024/>4096, moderate_envelope<=10240/<=16384, initial_clauses=0, blocking_lemmas=0); declining before the online CDCL(T) probe (dispatch-overrun fix: admission evaluated before the reserve was spent)\pquant-route ownership (ADR-2103): `q:skolem-qf` owns {Real, Int, BvOrFloat, Datatype, Function, UninterpretedSort, Array, NonBvArray, NonBoolBvArray} and does not own {NestedArray, WideInt}, which this quantified query carries, so its non-decision is a decline and the ladder continues. Its own reason was: lazy linear arithmetic pre-SAT skeleton exceeds the joint resource boundary (atoms=8448, cnf_vars=37627, base_trigger=>1024/>4096, moderate_envelope<=10240/<=16384, initial_clauses=0, blocking_lemmas=0); declining before the online CDCL(T) probe (dispatch-overrun fix: admission evaluated before the reserve was spent)\p\plazy linear arithmetic pre-SAT skeleton exceeds the joint resource boundary (atoms=8448, cnf_vars=37627, base_trigger=>1024/>4096, moderate_envelope<=10240/<=16384, initial_clauses=0, blocking_lemmas=0); declining before the online CDCL(T) probe (dispatch-overrun fix: admission evaluated before the reserve was spent)\plazy linear arithmetic pre-SAT skeleton exceeds the joint resource boundary (atoms=8448, cnf_vars=37627, base_trigger=>1024/>4096, moderate_envelope<=10240/<=16384, initial_clauses=0, blocking_lemmas=0); declining before the online CDCL(T) probe (dispatch-overrun fix: admission evaluated before the reserve was spent)\plazy linear arithmetic pre-SAT skeleton exceeds the joint resource boundary (atoms=8448, cnf_vars=37627, base_trigger=>1024/>4096, moderate_envelope<=10240/<=16384, initial_clauses=0, blocking_lemmas=0); declining before the online CDCL(T) probe (dispatch-overrun fix: admission evaluated before the reserve was spent)\plazy linear arithmetic pre-SAT skeleton exceeds the joint resource boundary (atoms=8448, cnf_vars=37627, base_trigger=>1024/>4096, moderate_envelope<=10240/<=16384, initial_clauses=0, blocking_lemmas=0); declining before the online CDCL(T) probe (dispatch-overrun fix: admission evaluated before the reserve was spent)\plazy linear arithmetic pre-SAT skeleton exceeds the joint resource boundary (atoms=8448, cnf_vars=37627, base_trigger=>1024/>4096, moderate_envelope<=10240/<=16384, initial_clauses=0, blocking_lemmas=0); declining before the online CDCL(T) probe (dispatch-overrun fix: admission evaluated before the reserve was spent)\plazy linear arithmetic pre-SAT skeleton exceeds the joint resource boundary (atoms=8448, cnf_vars=37627, base_trigger=>1024/>4096, moderate_envelope<=10240/<=16384, initial_clauses=0, blocking_lemmas=0); declining before the online CDCL(T) probe (dispatch-overrun fix: admission evaluated before the reserve was spent)\plazy linear arithmetic pre-SAT skeleton exceeds the joint resource boundary (atoms=8448, cnf_vars=37627, base_trigger=>1024/>4096, moderate_envelope<=10240/<=16384, initial_clauses=0, blocking_lemmas=0); declining before the online CDCL(T) probe (dispatch-overrun fix: admission evaluated before the reserve was spent)\plazy linear arithmetic pre-SAT skeleton exceeds the joint resource boundary (atoms=8448, cnf_vars=37627, base_trigger=>1024/>4096, moderate_envelope<=10240/<=16384, initial_clauses=0, blocking_lemmas=0); declining before the online CDCL(T) probe (dispatch-overrun fix: admission evaluated before the reserve was spent)\plazy linear arithmetic pre-SAT skeleton exceeds the joint resource boundary (atoms=8448, cnf_vars=37627, base_trigger=>1024/>4096, moderate_envelope<=10240/<=16384, initial_clauses=0, blocking_lemmas=0); declining before the online CDCL(T) probe (dispatch-overrun fix: admission evaluated before the reserve was spent)	other\pbackend\pother\pquant-ownership-decline\p\pother\pother\pother\pother\pother\pother\pother\pother\pother	server5	3	4.17
lra-atom-screen-20260916	shipped	QF_IDL/asp/ChannelRouting/channelRoute.in9.smt2	6261a505ea6767af32873bfc897ae64f8879b6388e5ea1074d27a6d3e12218e3	Int	sat	0	dl-online	dl-online	3	fd:parse:probe\pprobe:probe\pdl-online:decided	11417	203\p56\p10824	no				server5	3	4.12
lra-atom-screen-20260916	shipped	QF_IDL/asp/ConnectedDominatingSet/rand_55_250_1235855873_0_k=8_sat.gph.smt2	6261a505ea6767af32873bfc897ae64f8879b6388e5ea1074d27a6d3e12218e3	Int	unknown	0	none	dl-online	4	fd:parse:probe\pprobe:probe\pdl-online:declined\plia-simplex:declined	25032	7\p2\p12053\p3	yes	dl-online=budget\plia-simplex=unsupported	budget exhausted in the online difference-logic driver (atoms=831, equality_gates=165, bool_equality_gates=1997, cnf_vars=12514, clauses=29108)\pQF_LIA: assertion is not a conjunctive linear integer constraint	other\pbackend	server5	3	4.10
lra-atom-screen-20260916	shipped	QF_IDL/asp/DisjunctiveScheduling/disjunctiveScheduling.in7.smt2	6261a505ea6767af32873bfc897ae64f8879b6388e5ea1074d27a6d3e12218e3	Int	unknown	0	none	fd:parse	2	fd:parse:probe\pprobe:probe	25333	2610\p653	yes				server5	3	4.06
lra-atom-screen-20260916	shipped	QF_IDL/asp/EdgeMatching/edge-matching-width=7-height=7-colours=11.smt2	6261a505ea6767af32873bfc897ae64f8879b6388e5ea1074d27a6d3e12218e3	Int	unknown	0	none	dl-online	16	fd:parse:probe\pprobe:probe\pdl-online:declined\plia-simplex:declined\plia-dpll:declined\pq:skolem-qf:declined\pq:nat-induction:declined\pfd:string-gate:declined\pfd:source-string-semantic-unsat:declined\pfd:word-route:declined\pfd:online-string:declined\pfd:membership:declined\pfd:lex-order:declined\pfd:length-lia:declined\pfd:source-string-sat-probe:declined\pfd:bounded-completeness-unsat:declined	22730	264\p70\p21290\p147\p724\p0\p0\p0\p0\p0\p0\p0\p0\p0\p0\p0	no	dl-online=budget\plia-simplex=unsupported\plia-dpll=budget\pq:skolem-qf=unsupported\pq:nat-induction=not-applicable\pfd:string-gate=budget\pfd:source-string-semantic-unsat=budget\pfd:word-route=budget\pfd:online-string=budget\pfd:membership=budget\pfd:lex-order=budget\pfd:length-lia=budget\pfd:source-string-sat-probe=budget\pfd:bounded-completeness-unsat=budget	budget exhausted in the online difference-logic driver (atoms=40278, equality_gates=19992, bool_equality_gates=48476, cnf_vars=314380, clauses=703458)\pQF_LIA: assertion is not a conjunctive linear integer constraint\plazy linear arithmetic pre-SAT skeleton exceeds the joint resource boundary (atoms=40278, cnf_vars=306343, base_trigger=>1024/>4096, moderate_envelope<=10240/<=16384, initial_clauses=0, blocking_lemmas=0); declining before the online CDCL(T) probe (dispatch-overrun fix: admission evaluated before the reserve was spent)\pquant-route ownership (ADR-2103): `q:skolem-qf` owns {Real, Int, BvOrFloat, Datatype, Function, UninterpretedSort, Array, NonBvArray, NonBoolBvArray} and does not own {NestedArray, WideInt}, which this quantified query carries, so its non-decision is a decline and the ladder continues. Its own reason was: lazy linear arithmetic pre-SAT skeleton exceeds the joint resource boundary (atoms=40278, cnf_vars=306343, base_trigger=>1024/>4096, moderate_envelope<=10240/<=16384, initial_clauses=0, blocking_lemmas=0); declining before the online CDCL(T) probe (dispatch-overrun fix: admission evaluated before the reserve was spent)\p\plazy linear arithmetic pre-SAT skeleton exceeds the joint resource boundary (atoms=40278, cnf_vars=306343, base_trigger=>1024/>4096, moderate_envelope<=10240/<=16384, initial_clauses=0, blocking_lemmas=0); declining before the online CDCL(T) probe (dispatch-overrun fix: admission evaluated before the reserve was spent)\plazy linear arithmetic pre-SAT skeleton exceeds the joint resource boundary (atoms=40278, cnf_vars=306343, base_trigger=>1024/>4096, moderate_envelope<=10240/<=16384, initial_clauses=0, blocking_lemmas=0); declining before the online CDCL(T) probe (dispatch-overrun fix: admission evaluated before the reserve was spent)\plazy linear arithmetic pre-SAT skeleton exceeds the joint resource boundary (atoms=40278, cnf_vars=306343, base_trigger=>1024/>4096, moderate_envelope<=10240/<=16384, initial_clauses=0, blocking_lemmas=0); declining before the online CDCL(T) probe (dispatch-overrun fix: admission evaluated before the reserve was spent)\plazy linear arithmetic pre-SAT skeleton exceeds the joint resource boundary (atoms=40278, cnf_vars=306343, base_trigger=>1024/>4096, moderate_envelope<=10240/<=16384, initial_clauses=0, blocking_lemmas=0); declining before the online CDCL(T) probe (dispatch-overrun fix: admission evaluated before the reserve was spent)\plazy linear arithmetic pre-SAT skeleton exceeds the joint resource boundary (atoms=40278, cnf_vars=306343, base_trigger=>1024/>4096, moderate_envelope<=10240/<=16384, initial_clauses=0, blocking_lemmas=0); declining before the online CDCL(T) probe (dispatch-overrun fix: admission evaluated before the reserve was spent)\plazy linear arithmetic pre-SAT skeleton exceeds the joint resource boundary (atoms=40278, cnf_vars=306343, base_trigger=>1024/>4096, moderate_envelope<=10240/<=16384, initial_clauses=0, blocking_lemmas=0); declining before the online CDCL(T) probe (dispatch-overrun fix: admission evaluated before the reserve was spent)\plazy linear arithmetic pre-SAT skeleton exceeds the joint resource boundary (atoms=40278, cnf_vars=306343, base_trigger=>1024/>4096, moderate_envelope<=10240/<=16384, initial_clauses=0, blocking_lemmas=0); declining before the online CDCL(T) probe (dispatch-overrun fix: admission evaluated before the reserve was spent)\plazy linear arithmetic pre-SAT skeleton exceeds the joint resource boundary (atoms=40278, cnf_vars=306343, base_trigger=>1024/>4096, moderate_envelope<=10240/<=16384, initial_clauses=0, blocking_lemmas=0); declining before the online CDCL(T) probe (dispatch-overrun fix: admission evaluated before the reserve was spent)\plazy linear arithmetic pre-SAT skeleton exceeds the joint resource boundary (atoms=40278, cnf_vars=306343, base_trigger=>1024/>4096, moderate_envelope<=10240/<=16384, initial_clauses=0, blocking_lemmas=0); declining before the online CDCL(T) probe (dispatch-overrun fix: admission evaluated before the reserve was spent)	other\pbackend\pother\pquant-ownership-decline\p\pother\pother\pother\pother\pother\pother\pother\pother\pother	server5	3	4.04
lra-atom-screen-20260916	shipped	QF_IDL/asp/EdgeMatching/edge-matching-width=9-height=9-colours=12.smt2	6261a505ea6767af32873bfc897ae64f8879b6388e5ea1074d27a6d3e12218e3	Int	unknown	0	none	dl-online	4	fd:parse:probe\pprobe:probe\pdl-online:declined\plia-simplex:declined	25132	705\p190\p21846\p433	yes	dl-online=budget\plia-simplex=unsupported	budget exhausted in the online difference-logic driver (atoms=108054, equality_gates=53784, bool_equality_gates=126388, cnf_vars=820155, clauses=1834036)\pQF_LIA: assertion is not a conjunctive linear integer constraint	other\pbackend	server5	3	4.18
lra-atom-screen-20260916	shipped	QF_IDL/asp/Fastfood/a7.3.0.tweaked.3.asp.smt2	6261a505ea6767af32873bfc897ae64f8879b6388e5ea1074d27a6d3e12218e3	Int	unknown	0	none	dl-online	16	fd:parse:probe\pprobe:probe\pdl-online:declined\plia-simplex:declined\plia-dpll:declined\pq:skolem-qf:declined\pq:nat-induction:declined\pfd:string-gate:declined\pfd:source-string-semantic-unsat:declined\pfd:word-route:declined\pfd:online-string:declined\pfd:membership:declined\pfd:lex-order:declined\pfd:length-lia:declined\pfd:source-string-sat-probe:declined\pfd:bounded-completeness-unsat:declined	22730	242\p65\p21478\p236\p426\p0\p0\p0\p0\p0\p0\p0\p0\p0\p0\p0	no	dl-online=budget\plia-simplex=unsupported\plia-dpll=budget\pq:skolem-qf=unsupported\pq:nat-induction=not-applicable\pfd:string-gate=budget\pfd:source-string-semantic-unsat=budget\pfd:word-route=budget\pfd:online-string=budget\pfd:membership=budget\pfd:lex-order=budget\pfd:length-lia=budget\pfd:source-string-sat-probe=budget\pfd:bounded-completeness-unsat=budget	budget exhausted in the online difference-logic driver (atoms=6511, equality_gates=3254, bool_equality_gates=77459, cnf_vars=329436, clauses=801876)\pQF_LIA: assertion is not a conjunctive linear integer constraint\plazy linear arithmetic pre-SAT skeleton exceeds the joint resource boundary (atoms=6511, cnf_vars=325783, base_trigger=>1024/>4096, moderate_envelope<=10240/<=16384, initial_clauses=0, blocking_lemmas=0); declining before the online CDCL(T) probe (dispatch-overrun fix: admission evaluated before the reserve was spent)\pquant-route ownership (ADR-2103): `q:skolem-qf` owns {Real, Int, BvOrFloat, Datatype, Function, UninterpretedSort, Array, NonBvArray, NonBoolBvArray} and does not own {NestedArray, WideInt}, which this quantified query carries, so its non-decision is a decline and the ladder continues. Its own reason was: lazy linear arithmetic pre-SAT skeleton exceeds the joint resource boundary (atoms=6511, cnf_vars=325783, base_trigger=>1024/>4096, moderate_envelope<=10240/<=16384, initial_clauses=0, blocking_lemmas=0); declining before the online CDCL(T) probe (dispatch-overrun fix: admission evaluated before the reserve was spent)\p\plazy linear arithmetic pre-SAT skeleton exceeds the joint resource boundary (atoms=6511, cnf_vars=325783, base_trigger=>1024/>4096, moderate_envelope<=10240/<=16384, initial_clauses=0, blocking_lemmas=0); declining before the online CDCL(T) probe (dispatch-overrun fix: admission evaluated before the reserve was spent)\plazy linear arithmetic pre-SAT skeleton exceeds the joint resource boundary (atoms=6511, cnf_vars=325783, base_trigger=>1024/>4096, moderate_envelope<=10240/<=16384, initial_clauses=0, blocking_lemmas=0); declining before the online CDCL(T) probe (dispatch-overrun fix: admission evaluated before the reserve was spent)\plazy linear arithmetic pre-SAT skeleton exceeds the joint resource boundary (atoms=6511, cnf_vars=325783, base_trigger=>1024/>4096, moderate_envelope<=10240/<=16384, initial_clauses=0, blocking_lemmas=0); declining before the online CDCL(T) probe (dispatch-overrun fix: admission evaluated before the reserve was spent)\plazy linear arithmetic pre-SAT skeleton exceeds the joint resource boundary (atoms=6511, cnf_vars=325783, base_trigger=>1024/>4096, moderate_envelope<=10240/<=16384, initial_clauses=0, blocking_lemmas=0); declining before the online CDCL(T) probe (dispatch-overrun fix: admission evaluated before the reserve was spent)\plazy linear arithmetic pre-SAT skeleton exceeds the joint resource boundary (atoms=6511, cnf_vars=325783, base_trigger=>1024/>4096, moderate_envelope<=10240/<=16384, initial_clauses=0, blocking_lemmas=0); declining before the online CDCL(T) probe (dispatch-overrun fix: admission evaluated before the reserve was spent)\plazy linear arithmetic pre-SAT skeleton exceeds the joint resource boundary (atoms=6511, cnf_vars=325783, base_trigger=>1024/>4096, moderate_envelope<=10240/<=16384, initial_clauses=0, blocking_lemmas=0); declining before the online CDCL(T) probe (dispatch-overrun fix: admission evaluated before the reserve was spent)\plazy linear arithmetic pre-SAT skeleton exceeds the joint resource boundary (atoms=6511, cnf_vars=325783, base_trigger=>1024/>4096, moderate_envelope<=10240/<=16384, initial_clauses=0, blocking_lemmas=0); declining before the online CDCL(T) probe (dispatch-overrun fix: admission evaluated before the reserve was spent)\plazy linear arithmetic pre-SAT skeleton exceeds the joint resource boundary (atoms=6511, cnf_vars=325783, base_trigger=>1024/>4096, moderate_envelope<=10240/<=16384, initial_clauses=0, blocking_lemmas=0); declining before the online CDCL(T) probe (dispatch-overrun fix: admission evaluated before the reserve was spent)\plazy linear arithmetic pre-SAT skeleton exceeds the joint resource boundary (atoms=6511, cnf_vars=325783, base_trigger=>1024/>4096, moderate_envelope<=10240/<=16384, initial_clauses=0, blocking_lemmas=0); declining before the online CDCL(T) probe (dispatch-overrun fix: admission evaluated before the reserve was spent)	other\pbackend\pother\pquant-ownership-decline\p\pother\pother\pother\pother\pother\pother\pother\pother\pother	server5	3	4.18
lra-atom-screen-20260916	shipped	QF_IDL/asp/Fastfood/a9.8.11.asp.smt2	6261a505ea6767af32873bfc897ae64f8879b6388e5ea1074d27a6d3e12218e3	Int	unsat	0	dl-online	dl-online	3	fd:parse:probe\pprobe:probe\pdl-online:decided	7013	19\p6\p6916	no				server5	3	4.11
lra-atom-screen-20260916	shipped	QF_IDL/asp/GeneralizedSlitherlink/penrose.34.asp.smt2	6261a505ea6767af32873bfc897ae64f8879b6388e5ea1074d27a6d3e12218e3	Int	sat	0	dl-online	dl-online	3	fd:parse:probe\pprobe:probe\pdl-online:decided	1509	29\p10\p1335	no				server5	3	4.11
lra-atom-screen-20260916	shipped	QF_IDL/asp/GeneralizedSlitherlink/trisquares.41.asp.smt2	6261a505ea6767af32873bfc897ae64f8879b6388e5ea1074d27a6d3e12218e3	Int	sat	0	dl-online	dl-online	3	fd:parse:probe\pprobe:probe\pdl-online:decided	6415	50\p16\p6212	no				server5	3	4.11
lra-atom-screen-20260916	shipped	QF_IDL/asp/GraphColouring/graph-colouring-nodes=130-density=0.1-instance=10.smt2	6261a505ea6767af32873bfc897ae64f8879b6388e5ea1074d27a6d3e12218e3	Int	unknown	0	none	dl-online	16	fd:parse:probe\pprobe:probe\pdl-online:declined\plia-simplex:declined\plia-dpll:declined\pq:skolem-qf:declined\pq:nat-induction:declined\pfd:string-gate:declined\pfd:source-string-semantic-unsat:declined\pfd:word-route:declined\pfd:online-string:declined\pfd:membership:declined\pfd:lex-order:declined\pfd:length-lia:declined\pfd:source-string-sat-probe:declined\pfd:bounded-completeness-unsat:declined	21229	26\p9\p21059\p12\p56\p0\p0\p0\p0\p0\p0\p0\p0\p0\p0\p0	no	dl-online=budget\plia-simplex=unsupported\plia-dpll=budget\pq:skolem-qf=unsupported\pq:nat-induction=not-applicable\pfd:string-gate=budget\pfd:source-string-semantic-unsat=budget\pfd:word-route=budget\pfd:online-string=budget\pfd:membership=budget\pfd:lex-order=budget\pfd:length-lia=budget\pfd:source-string-sat-probe=budget\pfd:bounded-completeness-unsat=budget	budget exhausted in the online difference-logic driver (atoms=5460, equality_gates=2600, bool_equality_gates=5631, cnf_vars=45272, clauses=101455)\pQF_LIA: assertion is not a conjunctive linear integer constraint\plazy linear arithmetic pre-SAT skeleton exceeds the joint resource boundary (atoms=5460, cnf_vars=42078, base_trigger=>1024/>4096, moderate_envelope<=10240/<=16384, initial_clauses=0, blocking_lemmas=0); declining before the online CDCL(T) probe (dispatch-overrun fix: admission evaluated before the reserve was spent)\pquant-route ownership (ADR-2103): `q:skolem-qf` owns {Real, Int, BvOrFloat, Datatype, Function, UninterpretedSort, Array, NonBvArray, NonBoolBvArray} and does not own {NestedArray, WideInt}, which this quantified query carries, so its non-decision is a decline and the ladder continues. Its own reason was: lazy linear arithmetic pre-SAT skeleton exceeds the joint resource boundary (atoms=5460, cnf_vars=42078, base_trigger=>1024/>4096, moderate_envelope<=10240/<=16384, initial_clauses=0, blocking_lemmas=0); declining before the online CDCL(T) probe (dispatch-overrun fix: admission evaluated before the reserve was spent)\p\plazy linear arithmetic pre-SAT skeleton exceeds the joint resource boundary (atoms=5460, cnf_vars=42078, base_trigger=>1024/>4096, moderate_envelope<=10240/<=16384, initial_clauses=0, blocking_lemmas=0); declining before the online CDCL(T) probe (dispatch-overrun fix: admission evaluated before the reserve was spent)\plazy linear arithmetic pre-SAT skeleton exceeds the joint resource boundary (atoms=5460, cnf_vars=42078, base_trigger=>1024/>4096, moderate_envelope<=10240/<=16384, initial_clauses=0, blocking_lemmas=0); declining before the online CDCL(T) probe (dispatch-overrun fix: admission evaluated before the reserve was spent)\plazy linear arithmetic pre-SAT skeleton exceeds the joint resource boundary (atoms=5460, cnf_vars=42078, base_trigger=>1024/>4096, moderate_envelope<=10240/<=16384, initial_clauses=0, blocking_lemmas=0); declining before the online CDCL(T) probe (dispatch-overrun fix: admission evaluated before the reserve was spent)\plazy linear arithmetic pre-SAT skeleton exceeds the joint resource boundary (atoms=5460, cnf_vars=42078, base_trigger=>1024/>4096, moderate_envelope<=10240/<=16384, initial_clauses=0, blocking_lemmas=0); declining before the online CDCL(T) probe (dispatch-overrun fix: admission evaluated before the reserve was spent)\plazy linear arithmetic pre-SAT skeleton exceeds the joint resource boundary (atoms=5460, cnf_vars=42078, base_trigger=>1024/>4096, moderate_envelope<=10240/<=16384, initial_clauses=0, blocking_lemmas=0); declining before the online CDCL(T) probe (dispatch-overrun fix: admission evaluated before the reserve was spent)\plazy linear arithmetic pre-SAT skeleton exceeds the joint resource boundary (atoms=5460, cnf_vars=42078, base_trigger=>1024/>4096, moderate_envelope<=10240/<=16384, initial_clauses=0, blocking_lemmas=0); declining before the online CDCL(T) probe (dispatch-overrun fix: admission evaluated before the reserve was spent)\plazy linear arithmetic pre-SAT skeleton exceeds the joint resource boundary (atoms=5460, cnf_vars=42078, base_trigger=>1024/>4096, moderate_envelope<=10240/<=16384, initial_clauses=0, blocking_lemmas=0); declining before the online CDCL(T) probe (dispatch-overrun fix: admission evaluated before the reserve was spent)\plazy linear arithmetic pre-SAT skeleton exceeds the joint resource boundary (atoms=5460, cnf_vars=42078, base_trigger=>1024/>4096, moderate_envelope<=10240/<=16384, initial_clauses=0, blocking_lemmas=0); declining before the online CDCL(T) probe (dispatch-overrun fix: admission evaluated before the reserve was spent)\plazy linear arithmetic pre-SAT skeleton exceeds the joint resource boundary (atoms=5460, cnf_vars=42078, base_trigger=>1024/>4096, moderate_envelope<=10240/<=16384, initial_clauses=0, blocking_lemmas=0); declining before the online CDCL(T) probe (dispatch-overrun fix: admission evaluated before the reserve was spent)	other\pbackend\pother\pquant-ownership-decline\p\pother\pother\pother\pother\pother\pother\pother\pother\pother	server5	3	4.09
lra-atom-screen-20260916	shipped	QF_IDL/asp/GraphColouring/graph-colouring-nodes=140-density=0.1-instance=9.smt2	6261a505ea6767af32873bfc897ae64f8879b6388e5ea1074d27a6d3e12218e3	Int	unknown	0	none	dl-online	16	fd:parse:probe\pprobe:probe\pdl-online:declined\plia-simplex:declined\plia-dpll:declined\pq:skolem-qf:declined\pq:nat-induction:declined\pfd:string-gate:declined\pfd:source-string-semantic-unsat:declined\pfd:word-route:declined\pfd:online-string:declined\pfd:membership:declined\pfd:lex-order:declined\pfd:length-lia:declined\pfd:source-string-sat-probe:declined\pfd:bounded-completeness-unsat:declined	21329	31\p10\p21083\p14\p78\p0\p0\p0\p0\p0\p0\p0\p0\p0\p0\p0	no	dl-online=budget\plia-simplex=unsupported\plia-dpll=budget\pq:skolem-qf=unsupported\pq:nat-induction=not-applicable\pfd:string-gate=budget\pfd:source-string-semantic-unsat=budget\pfd:word-route=budget\pfd:online-string=budget\pfd:membership=budget\pfd:lex-order=budget\pfd:length-lia=budget\pfd:source-string-sat-probe=budget\pfd:bounded-completeness-unsat=budget	budget exhausted in the online difference-logic driver (atoms=5880, equality_gates=2800, bool_equality_gates=6861, cnf_vars=53694, clauses=121529)\pQF_LIA: assertion is not a conjunctive linear integer constraint\plazy linear arithmetic pre-SAT skeleton exceeds the joint resource boundary (atoms=5880, cnf_vars=49936, base_trigger=>1024/>4096, moderate_envelope<=10240/<=16384, initial_clauses=0, blocking_lemmas=0); declining before the online CDCL(T) probe (dispatch-overrun fix: admission evaluated before the reserve was spent)\pquant-route ownership (ADR-2103): `q:skolem-qf` owns {Real, Int, BvOrFloat, Datatype, Function, UninterpretedSort, Array, NonBvArray, NonBoolBvArray} and does not own {NestedArray, WideInt}, which this quantified query carries, so its non-decision is a decline and the ladder continues. Its own reason was: lazy linear arithmetic pre-SAT skeleton exceeds the joint resource boundary (atoms=5880, cnf_vars=49936, base_trigger=>1024/>4096, moderate_envelope<=10240/<=16384, initial_clauses=0, blocking_lemmas=0); declining before the online CDCL(T) probe (dispatch-overrun fix: admission evaluated before the reserve was spent)\p\plazy linear arithmetic pre-SAT skeleton exceeds the joint resource boundary (atoms=5880, cnf_vars=49936, base_trigger=>1024/>4096, moderate_envelope<=10240/<=16384, initial_clauses=0, blocking_lemmas=0); declining before the online CDCL(T) probe (dispatch-overrun fix: admission evaluated before the reserve was spent)\plazy linear arithmetic pre-SAT skeleton exceeds the joint resource boundary (atoms=5880, cnf_vars=49936, base_trigger=>1024/>4096, moderate_envelope<=10240/<=16384, initial_clauses=0, blocking_lemmas=0); declining before the online CDCL(T) probe (dispatch-overrun fix: admission evaluated before the reserve was spent)\plazy linear arithmetic pre-SAT skeleton exceeds the joint resource boundary (atoms=5880, cnf_vars=49936, base_trigger=>1024/>4096, moderate_envelope<=10240/<=16384, initial_clauses=0, blocking_lemmas=0); declining before the online CDCL(T) probe (dispatch-overrun fix: admission evaluated before the reserve was spent)\plazy linear arithmetic pre-SAT skeleton exceeds the joint resource boundary (atoms=5880, cnf_vars=49936, base_trigger=>1024/>4096, moderate_envelope<=10240/<=16384, initial_clauses=0, blocking_lemmas=0); declining before the online CDCL(T) probe (dispatch-overrun fix: admission evaluated before the reserve was spent)\plazy linear arithmetic pre-SAT skeleton exceeds the joint resource boundary (atoms=5880, cnf_vars=49936, base_trigger=>1024/>4096, moderate_envelope<=10240/<=16384, initial_clauses=0, blocking_lemmas=0); declining before the online CDCL(T) probe (dispatch-overrun fix: admission evaluated before the reserve was spent)\plazy linear arithmetic pre-SAT skeleton exceeds the joint resource boundary (atoms=5880, cnf_vars=49936, base_trigger=>1024/>4096, moderate_envelope<=10240/<=16384, initial_clauses=0, blocking_lemmas=0); declining before the online CDCL(T) probe (dispatch-overrun fix: admission evaluated before the reserve was spent)\plazy linear arithmetic pre-SAT skeleton exceeds the joint resource boundary (atoms=5880, cnf_vars=49936, base_trigger=>1024/>4096, moderate_envelope<=10240/<=16384, initial_clauses=0, blocking_lemmas=0); declining before the online CDCL(T) probe (dispatch-overrun fix: admission evaluated before the reserve was spent)\plazy linear arithmetic pre-SAT skeleton exceeds the joint resource boundary (atoms=5880, cnf_vars=49936, base_trigger=>1024/>4096, moderate_envelope<=10240/<=16384, initial_clauses=0, blocking_lemmas=0); declining before the online CDCL(T) probe (dispatch-overrun fix: admission evaluated before the reserve was spent)\plazy linear arithmetic pre-SAT skeleton exceeds the joint resource boundary (atoms=5880, cnf_vars=49936, base_trigger=>1024/>4096, moderate_envelope<=10240/<=16384, initial_clauses=0, blocking_lemmas=0); declining before the online CDCL(T) probe (dispatch-overrun fix: admission evaluated before the reserve was spent)	other\pbackend\pother\pquant-ownership-decline\p\pother\pother\pother\pother\pother\pother\pother\pother\pother	server5	3	4.06
lra-atom-screen-20260916	shipped	QF_IDL/asp/GraphPartitioning/rand_15_75_1235849326_0_k=3_v=7_e=30_sat.gph.smt2	6261a505ea6767af32873bfc897ae64f8879b6388e5ea1074d27a6d3e12218e3	Int	sat	0	dl-online	dl-online	3	fd:parse:probe\pprobe:probe\pdl-online:decided	309	9\p2\p177	no				server5	3	4.04
lra-atom-screen-20260916	shipped	QF_IDL/asp/HamiltonianPath/gryzzles.12.lp.smt2	6261a505ea6767af32873bfc897ae64f8879b6388e5ea1074d27a6d3e12218e3	Int	sat	0	dl-online	dl-online	3	fd:parse:probe\pprobe:probe\pdl-online:decided	1010	13\p4\p912	no				server5	3	4.04
lra-atom-screen-20260916	shipped	QF_IDL/asp/HamiltonianPath/gryzzles.31.lp.smt2	6261a505ea6767af32873bfc897ae64f8879b6388e5ea1074d27a6d3e12218e3	Int	sat	0	dl-online	dl-online	3	fd:parse:probe\pprobe:probe\pdl-online:decided	2211	20\p6\p2094	no				server5	3	4.04
lra-atom-screen-20260916	shipped	QF_IDL/asp/HamiltonianPath/gryzzles.7.lp.smt2	6261a505ea6767af32873bfc897ae64f8879b6388e5ea1074d27a6d3e12218e3	Int	sat	0	dl-online	dl-online	3	fd:parse:probe\pprobe:probe\pdl-online:decided	1610	15\p6\p1507	no				server5	3	4.04
lra-atom-screen-20260916	shipped	QF_IDL/asp/Hanoi/mgs_towers-hanoi.73_7.smt2	6261a505ea6767af32873bfc897ae64f8879b6388e5ea1074d27a6d3e12218e3	Int	unknown	0	none	dl-online	16	fd:parse:probe\pprobe:probe\pdl-online:declined\plia-simplex:declined\plia-dpll:declined\pq:skolem-qf:declined\pq:nat-induction:declined\pfd:string-gate:declined\pfd:source-string-semantic-unsat:declined\pfd:word-route:declined\pfd:online-string:declined\pfd:membership:declined\pfd:lex-order:declined\pfd:length-lia:declined\pfd:source-string-sat-probe:declined\pfd:bounded-completeness-unsat:declined	22330	199\p54\p21316\p136\p362\p0\p0\p0\p0\p0\p0\p0\p0\p0\p0\p0	no	dl-online=budget\plia-simplex=unsupported\plia-dpll=budget\pq:skolem-qf=unsupported\pq:nat-induction=not-applicable\pfd:string-gate=budget\pfd:source-string-semantic-unsat=budget\pfd:word-route=budget\pfd:online-string=budget\pfd:membership=budget\pfd:lex-order=budget\pfd:length-lia=budget\pfd:source-string-sat-probe=budget\pfd:bounded-completeness-unsat=budget	budget exhausted in the online difference-logic driver (atoms=24912, equality_gates=11880, bool_equality_gates=24223, cnf_vars=213852, clauses=448235)\pQF_LIA: assertion is not a conjunctive linear integer constraint\plazy linear arithmetic pre-SAT skeleton exceeds the joint resource boundary (atoms=24896, cnf_vars=207696, base_trigger=>1024/>4096, moderate_envelope<=10240/<=16384, initial_clauses=0, blocking_lemmas=0); declining before the online CDCL(T) probe (dispatch-overrun fix: admission evaluated before the reserve was spent)\pquant-route ownership (ADR-2103): `q:skolem-qf` owns {Real, Int, BvOrFloat, Datatype, Function, UninterpretedSort, Array, NonBvArray, NonBoolBvArray} and does not own {NestedArray, WideInt}, which this quantified query carries, so its non-decision is a decline and the ladder continues. Its own reason was: lazy linear arithmetic pre-SAT skeleton exceeds the joint resource boundary (atoms=24896, cnf_vars=207696, base_trigger=>1024/>4096, moderate_envelope<=10240/<=16384, initial_clauses=0, blocking_lemmas=0); declining before the online CDCL(T) probe (dispatch-overrun fix: admission evaluated before the reserve was spent)\p\plazy linear arithmetic pre-SAT skeleton exceeds the joint resource boundary (atoms=24896, cnf_vars=207696, base_trigger=>1024/>4096, moderate_envelope<=10240/<=16384, initial_clauses=0, blocking_lemmas=0); declining before the online CDCL(T) probe (dispatch-overrun fix: admission evaluated before the reserve was spent)\plazy linear arithmetic pre-SAT skeleton exceeds the joint resource boundary (atoms=24896, cnf_vars=207696, base_trigger=>1024/>4096, moderate_envelope<=10240/<=16384, initial_clauses=0, blocking_lemmas=0); declining before the online CDCL(T) probe (dispatch-overrun fix: admission evaluated before the reserve was spent)\plazy linear arithmetic pre-SAT skeleton exceeds the joint resource boundary (atoms=24896, cnf_vars=207696, base_trigger=>1024/>4096, moderate_envelope<=10240/<=16384, initial_clauses=0, blocking_lemmas=0); declining before the online CDCL(T) probe (dispatch-overrun fix: admission evaluated before the reserve was spent)\plazy linear arithmetic pre-SAT skeleton exceeds the joint resource boundary (atoms=24896, cnf_vars=207696, base_trigger=>1024/>4096, moderate_envelope<=10240/<=16384, initial_clauses=0, blocking_lemmas=0); declining before the online CDCL(T) probe (dispatch-overrun fix: admission evaluated before the reserve was spent)\plazy linear arithmetic pre-SAT skeleton exceeds the joint resource boundary (atoms=24896, cnf_vars=207696, base_trigger=>1024/>4096, moderate_envelope<=10240/<=16384, initial_clauses=0, blocking_lemmas=0); declining before the online CDCL(T) probe (dispatch-overrun fix: admission evaluated before the reserve was spent)\plazy linear arithmetic pre-SAT skeleton exceeds the joint resource boundary (atoms=24896, cnf_vars=207696, base_trigger=>1024/>4096, moderate_envelope<=10240/<=16384, initial_clauses=0, blocking_lemmas=0); declining before the online CDCL(T) probe (dispatch-overrun fix: admission evaluated before the reserve was spent)\plazy linear arithmetic pre-SAT skeleton exceeds the joint resource boundary (atoms=24896, cnf_vars=207696, base_trigger=>1024/>4096, moderate_envelope<=10240/<=16384, initial_clauses=0, blocking_lemmas=0); declining before the online CDCL(T) probe (dispatch-overrun fix: admission evaluated before the reserve was spent)\plazy linear arithmetic pre-SAT skeleton exceeds the joint resource boundary (atoms=24896, cnf_vars=207696, base_trigger=>1024/>4096, moderate_envelope<=10240/<=16384, initial_clauses=0, blocking_lemmas=0); declining before the online CDCL(T) probe (dispatch-overrun fix: admission evaluated before the reserve was spent)\plazy linear arithmetic pre-SAT skeleton exceeds the joint resource boundary (atoms=24896, cnf_vars=207696, base_trigger=>1024/>4096, moderate_envelope<=10240/<=16384, initial_clauses=0, blocking_lemmas=0); declining before the online CDCL(T) probe (dispatch-overrun fix: admission evaluated before the reserve was spent)	other\pbackend\pother\pquant-ownership-decline\p\pother\pother\pother\pother\pother\pother\pother\pother\pother	server5	3	4.04
lra-atom-screen-20260916	shipped	QF_IDL/asp/HierarchicalClustering/xy.12.x.12.r.3.274440616.806497.data_k=3_l=4_sat.gph.smt2	6261a505ea6767af32873bfc897ae64f8879b6388e5ea1074d27a6d3e12218e3	Int	sat	0	dl-online	dl-online	3	fd:parse:probe\pprobe:probe\pdl-online:decided	14021	57\p17\p13829	no				server5	3	4.03
lra-atom-screen-20260916	shipped	QF_IDL/asp/KnightTour/knightTour.in05.smt2	6261a505ea6767af32873bfc897ae64f8879b6388e5ea1074d27a6d3e12218e3	Int	unknown	0	none	dl-online	16	fd:parse:probe\pprobe:probe\pdl-online:declined\plia-simplex:declined\plia-dpll:declined\pq:skolem-qf:declined\pq:nat-induction:declined\pfd:string-gate:declined\pfd:source-string-semantic-unsat:declined\pfd:word-route:declined\pfd:online-string:declined\pfd:membership:declined\pfd:lex-order:declined\pfd:length-lia:declined\pfd:source-string-sat-probe:declined\pfd:bounded-completeness-unsat:declined	21728	99\p28\p21059\p40\p323\p0\p0\p0\p0\p0\p0\p0\p0\p0\p0\p0	no	dl-online=budget\plia-simplex=unsupported\plia-dpll=budget\pq:skolem-qf=unsupported\pq:nat-induction=not-applicable\pfd:string-gate=budget\pfd:source-string-semantic-unsat=budget\pfd:word-route=budget\pfd:online-string=budget\pfd:membership=budget\pfd:lex-order=budget\pfd:length-lia=budget\pfd:source-string-sat-probe=budget\pfd:bounded-completeness-unsat=budget	budget exhausted in the online difference-logic driver (atoms=29136, equality_gates=13234, bool_equality_gates=13102, cnf_vars=130036, clauses=264649)\pQF_LIA: assertion is not a conjunctive linear integer constraint\plazy linear arithmetic pre-SAT skeleton exceeds the joint resource boundary (atoms=29136, cnf_vars=122353, base_trigger=>1024/>4096, moderate_envelope<=10240/<=16384, initial_clauses=0, blocking_lemmas=0); declining before the online CDCL(T) probe (dispatch-overrun fix: admission evaluated before the reserve was spent)\pquant-route ownership (ADR-2103): `q:skolem-qf` owns {Real, Int, BvOrFloat, Datatype, Function, UninterpretedSort, Array, NonBvArray, NonBoolBvArray} and does not own {NestedArray, WideInt}, which this quantified query carries, so its non-decision is a decline and the ladder continues. Its own reason was: lazy linear arithmetic pre-SAT skeleton exceeds the joint resource boundary (atoms=29136, cnf_vars=122353, base_trigger=>1024/>4096, moderate_envelope<=10240/<=16384, initial_clauses=0, blocking_lemmas=0); declining before the online CDCL(T) probe (dispatch-overrun fix: admission evaluated before the reserve was spent)\p\plazy linear arithmetic pre-SAT skeleton exceeds the joint resource boundary (atoms=29136, cnf_vars=122353, base_trigger=>1024/>4096, moderate_envelope<=10240/<=16384, initial_clauses=0, blocking_lemmas=0); declining before the online CDCL(T) probe (dispatch-overrun fix: admission evaluated before the reserve was spent)\plazy linear arithmetic pre-SAT skeleton exceeds the joint resource boundary (atoms=29136, cnf_vars=122353, base_trigger=>1024/>4096, moderate_envelope<=10240/<=16384, initial_clauses=0, blocking_lemmas=0); declining before the online CDCL(T) probe (dispatch-overrun fix: admission evaluated before the reserve was spent)\plazy linear arithmetic pre-SAT skeleton exceeds the joint resource boundary (atoms=29136, cnf_vars=122353, base_trigger=>1024/>4096, moderate_envelope<=10240/<=16384, initial_clauses=0, blocking_lemmas=0); declining before the online CDCL(T) probe (dispatch-overrun fix: admission evaluated before the reserve was spent)\plazy linear arithmetic pre-SAT skeleton exceeds the joint resource boundary (atoms=29136, cnf_vars=122353, base_trigger=>1024/>4096, moderate_envelope<=10240/<=16384, initial_clauses=0, blocking_lemmas=0); declining before the online CDCL(T) probe (dispatch-overrun fix: admission evaluated before the reserve was spent)\plazy linear arithmetic pre-SAT skeleton exceeds the joint resource boundary (atoms=29136, cnf_vars=122353, base_trigger=>1024/>4096, moderate_envelope<=10240/<=16384, initial_clauses=0, blocking_lemmas=0); declining before the online CDCL(T) probe (dispatch-overrun fix: admission evaluated before the reserve was spent)\plazy linear arithmetic pre-SAT skeleton exceeds the joint resource boundary (atoms=29136, cnf_vars=122353, base_trigger=>1024/>4096, moderate_envelope<=10240/<=16384, initial_clauses=0, blocking_lemmas=0); declining before the online CDCL(T) probe (dispatch-overrun fix: admission evaluated before the reserve was spent)\plazy linear arithmetic pre-SAT skeleton exceeds the joint resource boundary (atoms=29136, cnf_vars=122353, base_trigger=>1024/>4096, moderate_envelope<=10240/<=16384, initial_clauses=0, blocking_lemmas=0); declining before the online CDCL(T) probe (dispatch-overrun fix: admission evaluated before the reserve was spent)\plazy linear arithmetic pre-SAT skeleton exceeds the joint resource boundary (atoms=29136, cnf_vars=122353, base_trigger=>1024/>4096, moderate_envelope<=10240/<=16384, initial_clauses=0, blocking_lemmas=0); declining before the online CDCL(T) probe (dispatch-overrun fix: admission evaluated before the reserve was spent)\plazy linear arithmetic pre-SAT skeleton exceeds the joint resource boundary (atoms=29136, cnf_vars=122353, base_trigger=>1024/>4096, moderate_envelope<=10240/<=16384, initial_clauses=0, blocking_lemmas=0); declining before the online CDCL(T) probe (dispatch-overrun fix: admission evaluated before the reserve was spent)	other\pbackend\pother\pquant-ownership-decline\p\pother\pother\pother\pother\pother\pother\pother\pother\pother	server5	3	4.02
lra-atom-screen-20260916	shipped	QF_IDL/asp/Labyrinth/laby_18_18_14.lp.smt2	6261a505ea6767af32873bfc897ae64f8879b6388e5ea1074d27a6d3e12218e3	Int	unknown	0	none	dl-online	4	fd:parse:probe\pprobe:probe\pdl-online:declined\plia-simplex:declined	25232	1379\p411\p21164\p854	yes	dl-online=budget\plia-simplex=unsupported	budget exhausted in the online difference-logic driver (atoms=172538, equality_gates=74431, bool_equality_gates=254951, cnf_vars=1589208, clauses=3678600)\pQF_LIA: assertion is not a conjunctive linear integer constraint	other\pbackend	server5	3	4.01
lra-atom-screen-20260916	shipped	QF_IDL/asp/Labyrinth/laby_21_21_12.lp.smt2	6261a505ea6767af32873bfc897ae64f8879b6388e5ea1074d27a6d3e12218e3	not-dispatched	unknown	0	none	fd:parse	2	fd:parse:probe\pprobe:probe	25232	2449\p625	yes				server5	3	4.01
lra-atom-screen-20260916	shipped	QF_IDL/asp/MazeGeneration/maze-generation-width=10-height=10-density=0.01-run=2.smt2	6261a505ea6767af32873bfc897ae64f8879b6388e5ea1074d27a6d3e12218e3	Int	unsat	0	dl-online	dl-online	3	fd:parse:probe\pprobe:probe\pdl-online:decided	109	4\p1\p45	no				server5	3	4.00
lra-atom-screen-20260916	shipped	QF_IDL/asp/MazeGeneration/maze-generation-width=16-height=16-density=0.01-run=1.smt2	6261a505ea6767af32873bfc897ae64f8879b6388e5ea1074d27a6d3e12218e3	Int	unsat	0	dl-online	dl-online	3	fd:parse:probe\pprobe:probe\pdl-online:decided	3711	14\p4\p3568	no				server5	3	4.00
lra-atom-screen-20260916	shipped	QF_IDL/asp/MazeGeneration/maze-generation-width=19-height=19-density=0.01-run=5.smt2	6261a505ea6767af32873bfc897ae64f8879b6388e5ea1074d27a6d3e12218e3	Int	sat	0	dl-online	dl-online	3	fd:parse:probe\pprobe:probe\pdl-online:decided	809	24\p7\p643	no				server5	3	4.00
lra-atom-screen-20260916	shipped	QF_IDL/asp/SchurNumbers/15.3.schur.lp.smt2	6261a505ea6767af32873bfc897ae64f8879b6388e5ea1074d27a6d3e12218e3	Int	unknown	0	none	dl-online	16	fd:parse:probe\pprobe:probe\pdl-online:declined\plia-simplex:declined\plia-dpll:declined\pq:skolem-qf:declined\pq:nat-induction:declined\pfd:string-gate:declined\pfd:source-string-semantic-unsat:declined\pfd:word-route:declined\pfd:online-string:declined\pfd:membership:declined\pfd:lex-order:declined\pfd:length-lia:declined\pfd:source-string-sat-probe:declined\pfd:bounded-completeness-unsat:declined	21429	55\p19\p21064\p29\p111\p0\p0\p0\p0\p0\p0\p0\p0\p0\p0\p0	no	dl-online=budget\plia-simplex=unsupported\plia-dpll=budget\pq:skolem-qf=unsupported\pq:nat-induction=not-applicable\pfd:string-gate=budget\pfd:source-string-semantic-unsat=budget\pfd:word-route=budget\pfd:online-string=budget\pfd:membership=budget\pfd:lex-order=budget\pfd:length-lia=budget\pfd:source-string-sat-probe=budget\pfd:bounded-completeness-unsat=budget	budget exhausted in the online difference-logic driver (atoms=4710, equality_gates=2240, bool_equality_gates=14019, cnf_vars=90445, clauses=227482)\pQF_LIA: assertion is not a conjunctive linear integer constraint\plazy linear arithmetic pre-SAT skeleton exceeds the joint resource boundary (atoms=4710, cnf_vars=89059, base_trigger=>1024/>4096, moderate_envelope<=10240/<=16384, initial_clauses=0, blocking_lemmas=0); declining before the online CDCL(T) probe (dispatch-overrun fix: admission evaluated before the reserve was spent)\pquant-route ownership (ADR-2103): `q:skolem-qf` owns {Real, Int, BvOrFloat, Datatype, Function, UninterpretedSort, Array, NonBvArray, NonBoolBvArray} and does not own {NestedArray, WideInt}, which this quantified query carries, so its non-decision is a decline and the ladder continues. Its own reason was: lazy linear arithmetic pre-SAT skeleton exceeds the joint resource boundary (atoms=4710, cnf_vars=89059, base_trigger=>1024/>4096, moderate_envelope<=10240/<=16384, initial_clauses=0, blocking_lemmas=0); declining before the online CDCL(T) probe (dispatch-overrun fix: admission evaluated before the reserve was spent)\p\plazy linear arithmetic pre-SAT skeleton exceeds the joint resource boundary (atoms=4710, cnf_vars=89059, base_trigger=>1024/>4096, moderate_envelope<=10240/<=16384, initial_clauses=0, blocking_lemmas=0); declining before the online CDCL(T) probe (dispatch-overrun fix: admission evaluated before the reserve was spent)\plazy linear arithmetic pre-SAT skeleton exceeds the joint resource boundary (atoms=4710, cnf_vars=89059, base_trigger=>1024/>4096, moderate_envelope<=10240/<=16384, initial_clauses=0, blocking_lemmas=0); declining before the online CDCL(T) probe (dispatch-overrun fix: admission evaluated before the reserve was spent)\plazy linear arithmetic pre-SAT skeleton exceeds the joint resource boundary (atoms=4710, cnf_vars=89059, base_trigger=>1024/>4096, moderate_envelope<=10240/<=16384, initial_clauses=0, blocking_lemmas=0); declining before the online CDCL(T) probe (dispatch-overrun fix: admission evaluated before the reserve was spent)\plazy linear arithmetic pre-SAT skeleton exceeds the joint resource boundary (atoms=4710, cnf_vars=89059, base_trigger=>1024/>4096, moderate_envelope<=10240/<=16384, initial_clauses=0, blocking_lemmas=0); declining before the online CDCL(T) probe (dispatch-overrun fix: admission evaluated before the reserve was spent)\plazy linear arithmetic pre-SAT skeleton exceeds the joint resource boundary (atoms=4710, cnf_vars=89059, base_trigger=>1024/>4096, moderate_envelope<=10240/<=16384, initial_clauses=0, blocking_lemmas=0); declining before the online CDCL(T) probe (dispatch-overrun fix: admission evaluated before the reserve was spent)\plazy linear arithmetic pre-SAT skeleton exceeds the joint resource boundary (atoms=4710, cnf_vars=89059, base_trigger=>1024/>4096, moderate_envelope<=10240/<=16384, initial_clauses=0, blocking_lemmas=0); declining before the online CDCL(T) probe (dispatch-overrun fix: admission evaluated before the reserve was spent)\plazy linear arithmetic pre-SAT skeleton exceeds the joint resource boundary (atoms=4710, cnf_vars=89059, base_trigger=>1024/>4096, moderate_envelope<=10240/<=16384, initial_clauses=0, blocking_lemmas=0); declining before the online CDCL(T) probe (dispatch-overrun fix: admission evaluated before the reserve was spent)\plazy linear arithmetic pre-SAT skeleton exceeds the joint resource boundary (atoms=4710, cnf_vars=89059, base_trigger=>1024/>4096, moderate_envelope<=10240/<=16384, initial_clauses=0, blocking_lemmas=0); declining before the online CDCL(T) probe (dispatch-overrun fix: admission evaluated before the reserve was spent)\plazy linear arithmetic pre-SAT skeleton exceeds the joint resource boundary (atoms=4710, cnf_vars=89059, base_trigger=>1024/>4096, moderate_envelope<=10240/<=16384, initial_clauses=0, blocking_lemmas=0); declining before the online CDCL(T) probe (dispatch-overrun fix: admission evaluated before the reserve was spent)	other\pbackend\pother\pquant-ownership-decline\p\pother\pother\pother\pother\pother\pother\pother\pother\pother	server5	3	4.00
lra-atom-screen-20260916	shipped	QF_IDL/asp/SchurNumbers/20.18.schur.lp.smt2	6261a505ea6767af32873bfc897ae64f8879b6388e5ea1074d27a6d3e12218e3	Int	unsat	0	dl-online	dl-online	3	fd:parse:probe\pprobe:probe\pdl-online:decided	4412	44\p15\p4290	no				server5	3	3.85
lra-atom-screen-20260916	shipped	QF_IDL/asp/Sokoban/dimitri_yorick.59.steps.8.asp.smt2	6261a505ea6767af32873bfc897ae64f8879b6388e5ea1074d27a6d3e12218e3	Int	unsat	0	dl-online	dl-online	3	fd:parse:probe\pprobe:probe\pdl-online:decided	1108	14\p4\p976	no				server5	3	3.85
lra-atom-screen-20260916	shipped	QF_IDL/asp/Sokoban/duthen-990602.51.steps.12.asp.smt2	6261a505ea6767af32873bfc897ae64f8879b6388e5ea1074d27a6d3e12218e3	Int	unsat	0	dl-online	dl-online	3	fd:parse:probe\pprobe:probe\pdl-online:decided	1409	18\p6\p1320	no				server5	3	3.78
lra-atom-screen-20260916	shipped	QF_IDL/asp/Sokoban/duthen-990602.77.steps.9.asp.smt2	6261a505ea6767af32873bfc897ae64f8879b6388e5ea1074d27a6d3e12218e3	Int	unsat	0	dl-online	dl-online	3	fd:parse:probe\pprobe:probe\pdl-online:decided	509	21\p6\p411	no				server5	3	3.78
lra-atom-screen-20260916	shipped	QF_IDL/asp/Solitaire/solitaire-center-time=26.smt2	6261a505ea6767af32873bfc897ae64f8879b6388e5ea1074d27a6d3e12218e3	Int	sat	0	dl-online	dl-online	3	fd:parse:probe\pprobe:probe\pdl-online:decided	16424	74\p22\p16188	no				server5	3	3.78
lra-atom-screen-20260916	shipped	QF_IDL/asp/Solitaire/solitaire-edge-time=29.smt2	6261a505ea6767af32873bfc897ae64f8879b6388e5ea1074d27a6d3e12218e3	Int	unknown	0	none	dl-online	16	fd:parse:probe\pprobe:probe\pdl-online:declined\plia-simplex:declined\plia-dpll:declined\pq:skolem-qf:declined\pq:nat-induction:declined\pfd:string-gate:declined\pfd:source-string-semantic-unsat:declined\pfd:word-route:declined\pfd:online-string:declined\pfd:membership:declined\pfd:lex-order:declined\pfd:length-lia:declined\pfd:source-string-sat-probe:declined\pfd:bounded-completeness-unsat:declined	21628	84\p25\p21100\p38\p223\p0\p0\p0\p0\p0\p0\p0\p0\p0\p0\p0	no	dl-online=budget\plia-simplex=unsupported\plia-dpll=budget\pq:skolem-qf=unsupported\pq:nat-induction=not-applicable\pfd:string-gate=budget\pfd:source-string-semantic-unsat=budget\pfd:word-route=budget\pfd:online-string=budget\pfd:membership=budget\pfd:lex-order=budget\pfd:length-lia=budget\pfd:source-string-sat-probe=budget\pfd:bounded-completeness-unsat=budget	budget exhausted in the online difference-logic driver (atoms=15956, equality_gates=7950, bool_equality_gates=18637, cnf_vars=121110, clauses=270095)\pQF_LIA: assertion is not a conjunctive linear integer constraint\plazy linear arithmetic pre-SAT skeleton exceeds the joint resource boundary (atoms=15956, cnf_vars=114522, base_trigger=>1024/>4096, moderate_envelope<=10240/<=16384, initial_clauses=0, blocking_lemmas=0); declining before the online CDCL(T) probe (dispatch-overrun fix: admission evaluated before the reserve was spent)\pquant-route ownership (ADR-2103): `q:skolem-qf` owns {Real, Int, BvOrFloat, Datatype, Function, UninterpretedSort, Array, NonBvArray, NonBoolBvArray} and does not own {NestedArray, WideInt}, which this quantified query carries, so its non-decision is a decline and the ladder continues. Its own reason was: lazy linear arithmetic pre-SAT skeleton exceeds the joint resource boundary (atoms=15956, cnf_vars=114522, base_trigger=>1024/>4096, moderate_envelope<=10240/<=16384, initial_clauses=0, blocking_lemmas=0); declining before the online CDCL(T) probe (dispatch-overrun fix: admission evaluated before the reserve was spent)\p\plazy linear arithmetic pre-SAT skeleton exceeds the joint resource boundary (atoms=15956, cnf_vars=114522, base_trigger=>1024/>4096, moderate_envelope<=10240/<=16384, initial_clauses=0, blocking_lemmas=0); declining before the online CDCL(T) probe (dispatch-overrun fix: admission evaluated before the reserve was spent)\plazy linear arithmetic pre-SAT skeleton exceeds the joint resource boundary (atoms=15956, cnf_vars=114522, base_trigger=>1024/>4096, moderate_envelope<=10240/<=16384, initial_clauses=0, blocking_lemmas=0); declining before the online CDCL(T) probe (dispatch-overrun fix: admission evaluated before the reserve was spent)\plazy linear arithmetic pre-SAT skeleton exceeds the joint resource boundary (atoms=15956, cnf_vars=114522, base_trigger=>1024/>4096, moderate_envelope<=10240/<=16384, initial_clauses=0, blocking_lemmas=0); declining before the online CDCL(T) probe (dispatch-overrun fix: admission evaluated before the reserve was spent)\plazy linear arithmetic pre-SAT skeleton exceeds the joint resource boundary (atoms=15956, cnf_vars=114522, base_trigger=>1024/>4096, moderate_envelope<=10240/<=16384, initial_clauses=0, blocking_lemmas=0); declining before the online CDCL(T) probe (dispatch-overrun fix: admission evaluated before the reserve was spent)\plazy linear arithmetic pre-SAT skeleton exceeds the joint resource boundary (atoms=15956, cnf_vars=114522, base_trigger=>1024/>4096, moderate_envelope<=10240/<=16384, initial_clauses=0, blocking_lemmas=0); declining before the online CDCL(T) probe (dispatch-overrun fix: admission evaluated before the reserve was spent)\plazy linear arithmetic pre-SAT skeleton exceeds the joint resource boundary (atoms=15956, cnf_vars=114522, base_trigger=>1024/>4096, moderate_envelope<=10240/<=16384, initial_clauses=0, blocking_lemmas=0); declining before the online CDCL(T) probe (dispatch-overrun fix: admission evaluated before the reserve was spent)\plazy linear arithmetic pre-SAT skeleton exceeds the joint resource boundary (atoms=15956, cnf_vars=114522, base_trigger=>1024/>4096, moderate_envelope<=10240/<=16384, initial_clauses=0, blocking_lemmas=0); declining before the online CDCL(T) probe (dispatch-overrun fix: admission evaluated before the reserve was spent)\plazy linear arithmetic pre-SAT skeleton exceeds the joint resource boundary (atoms=15956, cnf_vars=114522, base_trigger=>1024/>4096, moderate_envelope<=10240/<=16384, initial_clauses=0, blocking_lemmas=0); declining before the online CDCL(T) probe (dispatch-overrun fix: admission evaluated before the reserve was spent)\plazy linear arithmetic pre-SAT skeleton exceeds the joint resource boundary (atoms=15956, cnf_vars=114522, base_trigger=>1024/>4096, moderate_envelope<=10240/<=16384, initial_clauses=0, blocking_lemmas=0); declining before the online CDCL(T) probe (dispatch-overrun fix: admission evaluated before the reserve was spent)	other\pbackend\pother\pquant-ownership-decline\p\pother\pother\pother\pother\pother\pother\pother\pother\pother	server5	3	3.61
lra-atom-screen-20260916	shipped	QF_IDL/asp/Sudoku/sudoku.in8.smt2	6261a505ea6767af32873bfc897ae64f8879b6388e5ea1074d27a6d3e12218e3	Int	unknown	0	none	dl-online	16	fd:parse:probe\pprobe:probe\pdl-online:declined\plia-simplex:declined\plia-dpll:declined\pq:skolem-qf:declined\pq:nat-induction:declined\pfd:string-gate:declined\pfd:source-string-semantic-unsat:declined\pfd:word-route:declined\pfd:online-string:declined\pfd:membership:declined\pfd:lex-order:declined\pfd:length-lia:declined\pfd:source-string-sat-probe:declined\pfd:bounded-completeness-unsat:declined	22731	122\p32\p21520\p58\p794\p0\p0\p0\p0\p0\p0\p0\p0\p0\p0\p0	no	dl-online=budget\plia-simplex=unsupported\plia-dpll=budget\pq:skolem-qf=unsupported\pq:nat-induction=not-applicable\pfd:string-gate=budget\pfd:source-string-semantic-unsat=budget\pfd:word-route=budget\pfd:online-string=budget\pfd:membership=budget\pfd:lex-order=budget\pfd:length-lia=budget\pfd:source-string-sat-probe=budget\pfd:bounded-completeness-unsat=budget	budget exhausted in the online difference-logic driver (atoms=55385, equality_gates=26758, bool_equality_gates=7233, cnf_vars=167726, clauses=314064)\pQF_LIA: assertion is not a conjunctive linear integer constraint\plazy linear arithmetic pre-SAT skeleton exceeds the joint resource boundary (atoms=55379, cnf_vars=160320, base_trigger=>1024/>4096, moderate_envelope<=10240/<=16384, initial_clauses=0, blocking_lemmas=0); declining before the online CDCL(T) probe (dispatch-overrun fix: admission evaluated before the reserve was spent)\pquant-route ownership (ADR-2103): `q:skolem-qf` owns {Real, Int, BvOrFloat, Datatype, Function, UninterpretedSort, Array, NonBvArray, NonBoolBvArray} and does not own {NestedArray, WideInt}, which this quantified query carries, so its non-decision is a decline and the ladder continues. Its own reason was: lazy linear arithmetic pre-SAT skeleton exceeds the joint resource boundary (atoms=55379, cnf_vars=160320, base_trigger=>1024/>4096, moderate_envelope<=10240/<=16384, initial_clauses=0, blocking_lemmas=0); declining before the online CDCL(T) probe (dispatch-overrun fix: admission evaluated before the reserve was spent)\p\plazy linear arithmetic pre-SAT skeleton exceeds the joint resource boundary (atoms=55379, cnf_vars=160320, base_trigger=>1024/>4096, moderate_envelope<=10240/<=16384, initial_clauses=0, blocking_lemmas=0); declining before the online CDCL(T) probe (dispatch-overrun fix: admission evaluated before the reserve was spent)\plazy linear arithmetic pre-SAT skeleton exceeds the joint resource boundary (atoms=55379, cnf_vars=160320, base_trigger=>1024/>4096, moderate_envelope<=10240/<=16384, initial_clauses=0, blocking_lemmas=0); declining before the online CDCL(T) probe (dispatch-overrun fix: admission evaluated before the reserve was spent)\plazy linear arithmetic pre-SAT skeleton exceeds the joint resource boundary (atoms=55379, cnf_vars=160320, base_trigger=>1024/>4096, moderate_envelope<=10240/<=16384, initial_clauses=0, blocking_lemmas=0); declining before the online CDCL(T) probe (dispatch-overrun fix: admission evaluated before the reserve was spent)\plazy linear arithmetic pre-SAT skeleton exceeds the joint resource boundary (atoms=55379, cnf_vars=160320, base_trigger=>1024/>4096, moderate_envelope<=10240/<=16384, initial_clauses=0, blocking_lemmas=0); declining before the online CDCL(T) probe (dispatch-overrun fix: admission evaluated before the reserve was spent)\plazy linear arithmetic pre-SAT skeleton exceeds the joint resource boundary (atoms=55379, cnf_vars=160320, base_trigger=>1024/>4096, moderate_envelope<=10240/<=16384, initial_clauses=0, blocking_lemmas=0); declining before the online CDCL(T) probe (dispatch-overrun fix: admission evaluated before the reserve was spent)\plazy linear arithmetic pre-SAT skeleton exceeds the joint resource boundary (atoms=55379, cnf_vars=160320, base_trigger=>1024/>4096, moderate_envelope<=10240/<=16384, initial_clauses=0, blocking_lemmas=0); declining before the online CDCL(T) probe (dispatch-overrun fix: admission evaluated before the reserve was spent)\plazy linear arithmetic pre-SAT skeleton exceeds the joint resource boundary (atoms=55379, cnf_vars=160320, base_trigger=>1024/>4096, moderate_envelope<=10240/<=16384, initial_clauses=0, blocking_lemmas=0); declining before the online CDCL(T) probe (dispatch-overrun fix: admission evaluated before the reserve was spent)\plazy linear arithmetic pre-SAT skeleton exceeds the joint resource boundary (atoms=55379, cnf_vars=160320, base_trigger=>1024/>4096, moderate_envelope<=10240/<=16384, initial_clauses=0, blocking_lemmas=0); declining before the online CDCL(T) probe (dispatch-overrun fix: admission evaluated before the reserve was spent)\plazy linear arithmetic pre-SAT skeleton exceeds the joint resource boundary (atoms=55379, cnf_vars=160320, base_trigger=>1024/>4096, moderate_envelope<=10240/<=16384, initial_clauses=0, blocking_lemmas=0); declining before the online CDCL(T) probe (dispatch-overrun fix: admission evaluated before the reserve was spent)	other\pbackend\pother\pquant-ownership-decline\p\pother\pother\pother\pother\pother\pother\pother\pother\pother	server5	3	3.40
lra-atom-screen-20260916	shipped	QF_IDL/asp/TravellingSalesperson/rand_80_340_1159656267_0.lp.smt2	6261a505ea6767af32873bfc897ae64f8879b6388e5ea1074d27a6d3e12218e3	Int	unknown	0	none	dl-online	16	fd:parse:probe\pprobe:probe\pdl-online:declined\plia-simplex:declined\plia-dpll:declined\pq:skolem-qf:declined\pq:nat-induction:declined\pfd:string-gate:declined\pfd:source-string-semantic-unsat:declined\pfd:word-route:declined\pfd:online-string:declined\pfd:membership:declined\pfd:lex-order:declined\pfd:length-lia:declined\pfd:source-string-sat-probe:declined\pfd:bounded-completeness-unsat:declined	21324	40\p12\p21028\p16\p110\p0\p0\p0\p0\p0\p0\p0\p0\p0\p0\p0	no	dl-online=budget\plia-simplex=unsupported\plia-dpll=budget\pq:skolem-qf=unsupported\pq:nat-induction=not-applicable\pfd:string-gate=budget\pfd:source-string-semantic-unsat=budget\pfd:word-route=budget\pfd:online-string=budget\pfd:membership=budget\pfd:lex-order=budget\pfd:length-lia=budget\pfd:source-string-sat-probe=budget\pfd:bounded-completeness-unsat=budget	budget exhausted in the online difference-logic driver (atoms=14601, equality_gates=6806, bool_equality_gates=5243, cnf_vars=62627, clauses=125665)\pQF_LIA: assertion is not a conjunctive linear integer constraint\plazy linear arithmetic pre-SAT skeleton exceeds the joint resource boundary (atoms=14601, cnf_vars=58484, base_trigger=>1024/>4096, moderate_envelope<=10240/<=16384, initial_clauses=0, blocking_lemmas=0); declining before the online CDCL(T) probe (dispatch-overrun fix: admission evaluated before the reserve was spent)\pquant-route ownership (ADR-2103): `q:skolem-qf` owns {Real, Int, BvOrFloat, Datatype, Function, UninterpretedSort, Array, NonBvArray, NonBoolBvArray} and does not own {NestedArray, WideInt}, which this quantified query carries, so its non-decision is a decline and the ladder continues. Its own reason was: lazy linear arithmetic pre-SAT skeleton exceeds the joint resource boundary (atoms=14601, cnf_vars=58484, base_trigger=>1024/>4096, moderate_envelope<=10240/<=16384, initial_clauses=0, blocking_lemmas=0); declining before the online CDCL(T) probe (dispatch-overrun fix: admission evaluated before the reserve was spent)\p\plazy linear arithmetic pre-SAT skeleton exceeds the joint resource boundary (atoms=14601, cnf_vars=58484, base_trigger=>1024/>4096, moderate_envelope<=10240/<=16384, initial_clauses=0, blocking_lemmas=0); declining before the online CDCL(T) probe (dispatch-overrun fix: admission evaluated before the reserve was spent)\plazy linear arithmetic pre-SAT skeleton exceeds the joint resource boundary (atoms=14601, cnf_vars=58484, base_trigger=>1024/>4096, moderate_envelope<=10240/<=16384, initial_clauses=0, blocking_lemmas=0); declining before the online CDCL(T) probe (dispatch-overrun fix: admission evaluated before the reserve was spent)\plazy linear arithmetic pre-SAT skeleton exceeds the joint resource boundary (atoms=14601, cnf_vars=58484, base_trigger=>1024/>4096, moderate_envelope<=10240/<=16384, initial_clauses=0, blocking_lemmas=0); declining before the online CDCL(T) probe (dispatch-overrun fix: admission evaluated before the reserve was spent)\plazy linear arithmetic pre-SAT skeleton exceeds the joint resource boundary (atoms=14601, cnf_vars=58484, base_trigger=>1024/>4096, moderate_envelope<=10240/<=16384, initial_clauses=0, blocking_lemmas=0); declining before the online CDCL(T) probe (dispatch-overrun fix: admission evaluated before the reserve was spent)\plazy linear arithmetic pre-SAT skeleton exceeds the joint resource boundary (atoms=14601, cnf_vars=58484, base_trigger=>1024/>4096, moderate_envelope<=10240/<=16384, initial_clauses=0, blocking_lemmas=0); declining before the online CDCL(T) probe (dispatch-overrun fix: admission evaluated before the reserve was spent)\plazy linear arithmetic pre-SAT skeleton exceeds the joint resource boundary (atoms=14601, cnf_vars=58484, base_trigger=>1024/>4096, moderate_envelope<=10240/<=16384, initial_clauses=0, blocking_lemmas=0); declining before the online CDCL(T) probe (dispatch-overrun fix: admission evaluated before the reserve was spent)\plazy linear arithmetic pre-SAT skeleton exceeds the joint resource boundary (atoms=14601, cnf_vars=58484, base_trigger=>1024/>4096, moderate_envelope<=10240/<=16384, initial_clauses=0, blocking_lemmas=0); declining before the online CDCL(T) probe (dispatch-overrun fix: admission evaluated before the reserve was spent)\plazy linear arithmetic pre-SAT skeleton exceeds the joint resource boundary (atoms=14601, cnf_vars=58484, base_trigger=>1024/>4096, moderate_envelope<=10240/<=16384, initial_clauses=0, blocking_lemmas=0); declining before the online CDCL(T) probe (dispatch-overrun fix: admission evaluated before the reserve was spent)\plazy linear arithmetic pre-SAT skeleton exceeds the joint resource boundary (atoms=14601, cnf_vars=58484, base_trigger=>1024/>4096, moderate_envelope<=10240/<=16384, initial_clauses=0, blocking_lemmas=0); declining before the online CDCL(T) probe (dispatch-overrun fix: admission evaluated before the reserve was spent)	other\pbackend\pother\pquant-ownership-decline\p\pother\pother\pother\pother\pother\pother\pother\pother\pother	server5	3	3.28
lra-atom-screen-20260916	shipped	QF_IDL/asp/TravellingSalesperson/tsp_rand_70_300_1155482584_12.lp.smt2	6261a505ea6767af32873bfc897ae64f8879b6388e5ea1074d27a6d3e12218e3	Int	unknown	0	none	dl-online	16	fd:parse:probe\pprobe:probe\pdl-online:declined\plia-simplex:declined\plia-dpll:declined\pq:skolem-qf:declined\pq:nat-induction:declined\pfd:string-gate:declined\pfd:source-string-semantic-unsat:declined\pfd:word-route:declined\pfd:online-string:declined\pfd:membership:declined\pfd:lex-order:declined\pfd:length-lia:declined\pfd:source-string-sat-probe:declined\pfd:bounded-completeness-unsat:declined	21328	30\p10\p21084\p14\p96\p0\p0\p0\p0\p0\p0\p0\p0\p0\p0\p0	no	dl-online=budget\plia-simplex=unsupported\plia-dpll=budget\pq:skolem-qf=unsupported\pq:nat-induction=not-applicable\pfd:string-gate=budget\pfd:source-string-semantic-unsat=budget\pfd:word-route=budget\pfd:online-string=budget\pfd:membership=budget\pfd:lex-order=budget\pfd:length-lia=budget\pfd:source-string-sat-probe=budget\pfd:bounded-completeness-unsat=budget	budget exhausted in the online difference-logic driver (atoms=12881, equality_gates=6004, bool_equality_gates=4618, cnf_vars=55216, clauses=110776)\pQF_LIA: assertion is not a conjunctive linear integer constraint\plazy linear arithmetic pre-SAT skeleton exceeds the joint resource boundary (atoms=12881, cnf_vars=51563, base_trigger=>1024/>4096, moderate_envelope<=10240/<=16384, initial_clauses=0, blocking_lemmas=0); declining before the online CDCL(T) probe (dispatch-overrun fix: admission evaluated before the reserve was spent)\pquant-route ownership (ADR-2103): `q:skolem-qf` owns {Real, Int, BvOrFloat, Datatype, Function, UninterpretedSort, Array, NonBvArray, NonBoolBvArray} and does not own {NestedArray, WideInt}, which this quantified query carries, so its non-decision is a decline and the ladder continues. Its own reason was: lazy linear arithmetic pre-SAT skeleton exceeds the joint resource boundary (atoms=12881, cnf_vars=51563, base_trigger=>1024/>4096, moderate_envelope<=10240/<=16384, initial_clauses=0, blocking_lemmas=0); declining before the online CDCL(T) probe (dispatch-overrun fix: admission evaluated before the reserve was spent)\p\plazy linear arithmetic pre-SAT skeleton exceeds the joint resource boundary (atoms=12881, cnf_vars=51563, base_trigger=>1024/>4096, moderate_envelope<=10240/<=16384, initial_clauses=0, blocking_lemmas=0); declining before the online CDCL(T) probe (dispatch-overrun fix: admission evaluated before the reserve was spent)\plazy linear arithmetic pre-SAT skeleton exceeds the joint resource boundary (atoms=12881, cnf_vars=51563, base_trigger=>1024/>4096, moderate_envelope<=10240/<=16384, initial_clauses=0, blocking_lemmas=0); declining before the online CDCL(T) probe (dispatch-overrun fix: admission evaluated before the reserve was spent)\plazy linear arithmetic pre-SAT skeleton exceeds the joint resource boundary (atoms=12881, cnf_vars=51563, base_trigger=>1024/>4096, moderate_envelope<=10240/<=16384, initial_clauses=0, blocking_lemmas=0); declining before the online CDCL(T) probe (dispatch-overrun fix: admission evaluated before the reserve was spent)\plazy linear arithmetic pre-SAT skeleton exceeds the joint resource boundary (atoms=12881, cnf_vars=51563, base_trigger=>1024/>4096, moderate_envelope<=10240/<=16384, initial_clauses=0, blocking_lemmas=0); declining before the online CDCL(T) probe (dispatch-overrun fix: admission evaluated before the reserve was spent)\plazy linear arithmetic pre-SAT skeleton exceeds the joint resource boundary (atoms=12881, cnf_vars=51563, base_trigger=>1024/>4096, moderate_envelope<=10240/<=16384, initial_clauses=0, blocking_lemmas=0); declining before the online CDCL(T) probe (dispatch-overrun fix: admission evaluated before the reserve was spent)\plazy linear arithmetic pre-SAT skeleton exceeds the joint resource boundary (atoms=12881, cnf_vars=51563, base_trigger=>1024/>4096, moderate_envelope<=10240/<=16384, initial_clauses=0, blocking_lemmas=0); declining before the online CDCL(T) probe (dispatch-overrun fix: admission evaluated before the reserve was spent)\plazy linear arithmetic pre-SAT skeleton exceeds the joint resource boundary (atoms=12881, cnf_vars=51563, base_trigger=>1024/>4096, moderate_envelope<=10240/<=16384, initial_clauses=0, blocking_lemmas=0); declining before the online CDCL(T) probe (dispatch-overrun fix: admission evaluated before the reserve was spent)\plazy linear arithmetic pre-SAT skeleton exceeds the joint resource boundary (atoms=12881, cnf_vars=51563, base_trigger=>1024/>4096, moderate_envelope<=10240/<=16384, initial_clauses=0, blocking_lemmas=0); declining before the online CDCL(T) probe (dispatch-overrun fix: admission evaluated before the reserve was spent)\plazy linear arithmetic pre-SAT skeleton exceeds the joint resource boundary (atoms=12881, cnf_vars=51563, base_trigger=>1024/>4096, moderate_envelope<=10240/<=16384, initial_clauses=0, blocking_lemmas=0); declining before the online CDCL(T) probe (dispatch-overrun fix: admission evaluated before the reserve was spent)	other\pbackend\pother\pquant-ownership-decline\p\pother\pother\pother\pother\pother\pother\pother\pother\pother	server5	3	3.19
lra-atom-screen-20260916	shipped	QF_IDL/asp/WeightBoundedDominatingSet/rand_100_400_1159666138_5.lp.smt2	6261a505ea6767af32873bfc897ae64f8879b6388e5ea1074d27a6d3e12218e3	Int	unknown	0	none	dl-online	4	fd:parse:probe\pprobe:probe\pdl-online:declined\plia-simplex:declined	25032	8\p2\p21046\p3	yes	dl-online=budget\plia-simplex=unsupported	budget exhausted in the online difference-logic driver (atoms=3508, equality_gates=1670, bool_equality_gates=703, cnf_vars=15058, clauses=29081)\pQF_LIA: assertion is not a conjunctive linear integer constraint	other\pbackend	server5	3	3.29
lra-atom-screen-20260916	shipped	QF_IDL/asp/WeightBoundedDominatingSet/rand_150_600_1159731678_6.lp.smt2	6261a505ea6767af32873bfc897ae64f8879b6388e5ea1074d27a6d3e12218e3	Int	unknown	0	none	dl-online	16	fd:parse:probe\pprobe:probe\pdl-online:declined\plia-simplex:declined\plia-dpll:declined\pq:skolem-qf:declined\pq:nat-induction:declined\pfd:string-gate:declined\pfd:source-string-semantic-unsat:declined\pfd:word-route:declined\pfd:online-string:declined\pfd:membership:declined\pfd:lex-order:declined\pfd:length-lia:declined\pfd:source-string-sat-probe:declined\pfd:bounded-completeness-unsat:declined	21228	13\p4\p21042\p6\p33\p0\p0\p0\p0\p0\p0\p0\p0\p0\p0\p0	no	dl-online=budget\plia-simplex=unsupported\plia-dpll=budget\pq:skolem-qf=unsupported\pq:nat-induction=not-applicable\pfd:string-gate=budget\pfd:source-string-semantic-unsat=budget\pfd:word-route=budget\pfd:online-string=budget\pfd:membership=budget\pfd:lex-order=budget\pfd:length-lia=budget\pfd:source-string-sat-probe=budget\pfd:bounded-completeness-unsat=budget	budget exhausted in the online difference-logic driver (atoms=5381, equality_gates=2562, bool_equality_gates=1070, cnf_vars=22947, clauses=44295)\pQF_LIA: assertion is not a conjunctive linear integer constraint\plazy linear arithmetic pre-SAT skeleton exceeds the joint resource boundary (atoms=5381, cnf_vars=20559, base_trigger=>1024/>4096, moderate_envelope<=10240/<=16384, initial_clauses=0, blocking_lemmas=0); declining before the online CDCL(T) probe (dispatch-overrun fix: admission evaluated before the reserve was spent)\pquant-route ownership (ADR-2103): `q:skolem-qf` owns {Real, Int, BvOrFloat, Datatype, Function, UninterpretedSort, Array, NonBvArray, NonBoolBvArray} and does not own {NestedArray, WideInt}, which this quantified query carries, so its non-decision is a decline and the ladder continues. Its own reason was: lazy linear arithmetic pre-SAT skeleton exceeds the joint resource boundary (atoms=5381, cnf_vars=20559, base_trigger=>1024/>4096, moderate_envelope<=10240/<=16384, initial_clauses=0, blocking_lemmas=0); declining before the online CDCL(T) probe (dispatch-overrun fix: admission evaluated before the reserve was spent)\p\plazy linear arithmetic pre-SAT skeleton exceeds the joint resource boundary (atoms=5381, cnf_vars=20559, base_trigger=>1024/>4096, moderate_envelope<=10240/<=16384, initial_clauses=0, blocking_lemmas=0); declining before the online CDCL(T) probe (dispatch-overrun fix: admission evaluated before the reserve was spent)\plazy linear arithmetic pre-SAT skeleton exceeds the joint resource boundary (atoms=5381, cnf_vars=20559, base_trigger=>1024/>4096, moderate_envelope<=10240/<=16384, initial_clauses=0, blocking_lemmas=0); declining before the online CDCL(T) probe (dispatch-overrun fix: admission evaluated before the reserve was spent)\plazy linear arithmetic pre-SAT skeleton exceeds the joint resource boundary (atoms=5381, cnf_vars=20559, base_trigger=>1024/>4096, moderate_envelope<=10240/<=16384, initial_clauses=0, blocking_lemmas=0); declining before the online CDCL(T) probe (dispatch-overrun fix: admission evaluated before the reserve was spent)\plazy linear arithmetic pre-SAT skeleton exceeds the joint resource boundary (atoms=5381, cnf_vars=20559, base_trigger=>1024/>4096, moderate_envelope<=10240/<=16384, initial_clauses=0, blocking_lemmas=0); declining before the online CDCL(T) probe (dispatch-overrun fix: admission evaluated before the reserve was spent)\plazy linear arithmetic pre-SAT skeleton exceeds the joint resource boundary (atoms=5381, cnf_vars=20559, base_trigger=>1024/>4096, moderate_envelope<=10240/<=16384, initial_clauses=0, blocking_lemmas=0); declining before the online CDCL(T) probe (dispatch-overrun fix: admission evaluated before the reserve was spent)\plazy linear arithmetic pre-SAT skeleton exceeds the joint resource boundary (atoms=5381, cnf_vars=20559, base_trigger=>1024/>4096, moderate_envelope<=10240/<=16384, initial_clauses=0, blocking_lemmas=0); declining before the online CDCL(T) probe (dispatch-overrun fix: admission evaluated before the reserve was spent)\plazy linear arithmetic pre-SAT skeleton exceeds the joint resource boundary (atoms=5381, cnf_vars=20559, base_trigger=>1024/>4096, moderate_envelope<=10240/<=16384, initial_clauses=0, blocking_lemmas=0); declining before the online CDCL(T) probe (dispatch-overrun fix: admission evaluated before the reserve was spent)\plazy linear arithmetic pre-SAT skeleton exceeds the joint resource boundary (atoms=5381, cnf_vars=20559, base_trigger=>1024/>4096, moderate_envelope<=10240/<=16384, initial_clauses=0, blocking_lemmas=0); declining before the online CDCL(T) probe (dispatch-overrun fix: admission evaluated before the reserve was spent)\plazy linear arithmetic pre-SAT skeleton exceeds the joint resource boundary (atoms=5381, cnf_vars=20559, base_trigger=>1024/>4096, moderate_envelope<=10240/<=16384, initial_clauses=0, blocking_lemmas=0); declining before the online CDCL(T) probe (dispatch-overrun fix: admission evaluated before the reserve was spent)	other\pbackend\pother\pquant-ownership-decline\p\pother\pother\pother\pother\pother\pother\pother\pother\pother	server5	3	3.47
lra-atom-screen-20260916	shipped	QF_IDL/asp/WireRouting/wire.10.x.10.b.5.a.20_unsat.data.smt2	6261a505ea6767af32873bfc897ae64f8879b6388e5ea1074d27a6d3e12218e3	Int	unknown	0	none	dl-online	16	fd:parse:probe\pprobe:probe\pdl-online:declined\plia-simplex:declined\plia-dpll:declined\pq:skolem-qf:declined\pq:nat-induction:declined\pfd:string-gate:declined\pfd:source-string-semantic-unsat:declined\pfd:word-route:declined\pfd:online-string:declined\pfd:membership:declined\pfd:lex-order:declined\pfd:length-lia:declined\pfd:source-string-sat-probe:declined\pfd:bounded-completeness-unsat:declined	21528	97\p29\p21073\p34\p211\p0\p0\p0\p0\p0\p0\p0\p0\p0\p0\p0	no	dl-online=budget\plia-simplex=unsupported\plia-dpll=budget\pq:skolem-qf=unsupported\pq:nat-induction=not-applicable\pfd:string-gate=budget\pfd:source-string-semantic-unsat=budget\pfd:word-route=budget\pfd:online-string=budget\pfd:membership=budget\pfd:lex-order=budget\pfd:length-lia=budget\pfd:source-string-sat-probe=budget\pfd:bounded-completeness-unsat=budget	budget exhausted in the online difference-logic driver (atoms=15177, equality_gates=5107, bool_equality_gates=17934, cnf_vars=124341, clauses=277141)\pQF_LIA: assertion is not a conjunctive linear integer constraint\plazy linear arithmetic pre-SAT skeleton exceeds the joint resource boundary (atoms=15176, cnf_vars=116777, base_trigger=>1024/>4096, moderate_envelope<=10240/<=16384, initial_clauses=0, blocking_lemmas=0); declining before the online CDCL(T) probe (dispatch-overrun fix: admission evaluated before the reserve was spent)\pquant-route ownership (ADR-2103): `q:skolem-qf` owns {Real, Int, BvOrFloat, Datatype, Function, UninterpretedSort, Array, NonBvArray, NonBoolBvArray} and does not own {NestedArray, WideInt}, which this quantified query carries, so its non-decision is a decline and the ladder continues. Its own reason was: lazy linear arithmetic pre-SAT skeleton exceeds the joint resource boundary (atoms=15176, cnf_vars=116777, base_trigger=>1024/>4096, moderate_envelope<=10240/<=16384, initial_clauses=0, blocking_lemmas=0); declining before the online CDCL(T) probe (dispatch-overrun fix: admission evaluated before the reserve was spent)\p\plazy linear arithmetic pre-SAT skeleton exceeds the joint resource boundary (atoms=15176, cnf_vars=116777, base_trigger=>1024/>4096, moderate_envelope<=10240/<=16384, initial_clauses=0, blocking_lemmas=0); declining before the online CDCL(T) probe (dispatch-overrun fix: admission evaluated before the reserve was spent)\plazy linear arithmetic pre-SAT skeleton exceeds the joint resource boundary (atoms=15176, cnf_vars=116777, base_trigger=>1024/>4096, moderate_envelope<=10240/<=16384, initial_clauses=0, blocking_lemmas=0); declining before the online CDCL(T) probe (dispatch-overrun fix: admission evaluated before the reserve was spent)\plazy linear arithmetic pre-SAT skeleton exceeds the joint resource boundary (atoms=15176, cnf_vars=116777, base_trigger=>1024/>4096, moderate_envelope<=10240/<=16384, initial_clauses=0, blocking_lemmas=0); declining before the online CDCL(T) probe (dispatch-overrun fix: admission evaluated before the reserve was spent)\plazy linear arithmetic pre-SAT skeleton exceeds the joint resource boundary (atoms=15176, cnf_vars=116777, base_trigger=>1024/>4096, moderate_envelope<=10240/<=16384, initial_clauses=0, blocking_lemmas=0); declining before the online CDCL(T) probe (dispatch-overrun fix: admission evaluated before the reserve was spent)\plazy linear arithmetic pre-SAT skeleton exceeds the joint resource boundary (atoms=15176, cnf_vars=116777, base_trigger=>1024/>4096, moderate_envelope<=10240/<=16384, initial_clauses=0, blocking_lemmas=0); declining before the online CDCL(T) probe (dispatch-overrun fix: admission evaluated before the reserve was spent)\plazy linear arithmetic pre-SAT skeleton exceeds the joint resource boundary (atoms=15176, cnf_vars=116777, base_trigger=>1024/>4096, moderate_envelope<=10240/<=16384, initial_clauses=0, blocking_lemmas=0); declining before the online CDCL(T) probe (dispatch-overrun fix: admission evaluated before the reserve was spent)\plazy linear arithmetic pre-SAT skeleton exceeds the joint resource boundary (atoms=15176, cnf_vars=116777, base_trigger=>1024/>4096, moderate_envelope<=10240/<=16384, initial_clauses=0, blocking_lemmas=0); declining before the online CDCL(T) probe (dispatch-overrun fix: admission evaluated before the reserve was spent)\plazy linear arithmetic pre-SAT skeleton exceeds the joint resource boundary (atoms=15176, cnf_vars=116777, base_trigger=>1024/>4096, moderate_envelope<=10240/<=16384, initial_clauses=0, blocking_lemmas=0); declining before the online CDCL(T) probe (dispatch-overrun fix: admission evaluated before the reserve was spent)\plazy linear arithmetic pre-SAT skeleton exceeds the joint resource boundary (atoms=15176, cnf_vars=116777, base_trigger=>1024/>4096, moderate_envelope<=10240/<=16384, initial_clauses=0, blocking_lemmas=0); declining before the online CDCL(T) probe (dispatch-overrun fix: admission evaluated before the reserve was spent)	other\pbackend\pother\pquant-ownership-decline\p\pother\pother\pother\pother\pother\pother\pother\pother\pother	server5	3	3.34
lra-atom-screen-20260916	shipped	QF_IDL/asp/WireRouting/wire.14.x.14.b.8.a.40_unsat.data.smt2	6261a505ea6767af32873bfc897ae64f8879b6388e5ea1074d27a6d3e12218e3	Int	unknown	0	none	dl-online	16	fd:parse:probe\pprobe:probe\pdl-online:declined\plia-simplex:declined\plia-dpll:declined\pq:skolem-qf:declined\pq:nat-induction:declined\pfd:string-gate:declined\pfd:source-string-semantic-unsat:declined\pfd:word-route:declined\pfd:online-string:declined\pfd:membership:declined\pfd:lex-order:declined\pfd:length-lia:declined\pfd:source-string-sat-probe:declined\pfd:bounded-completeness-unsat:declined	22730	290\p87\p21251\p141\p722\p0\p0\p0\p0\p0\p0\p0\p0\p0\p0\p0	no	dl-online=budget\plia-simplex=unsupported\plia-dpll=budget\pq:skolem-qf=unsupported\pq:nat-induction=not-applicable\pfd:string-gate=budget\pfd:source-string-semantic-unsat=budget\pfd:word-route=budget\pfd:online-string=budget\pfd:membership=budget\pfd:lex-order=budget\pfd:length-lia=budget\pfd:source-string-sat-probe=budget\pfd:bounded-completeness-unsat=budget	budget exhausted in the online difference-logic driver (atoms=44538, equality_gates=15168, bool_equality_gates=55067, cnf_vars=376454, clauses=845084)\pQF_LIA: assertion is not a conjunctive linear integer constraint\plazy linear arithmetic pre-SAT skeleton exceeds the joint resource boundary (atoms=44535, cnf_vars=354972, base_trigger=>1024/>4096, moderate_envelope<=10240/<=16384, initial_clauses=0, blocking_lemmas=0); declining before the online CDCL(T) probe (dispatch-overrun fix: admission evaluated before the reserve was spent)\pquant-route ownership (ADR-2103): `q:skolem-qf` owns {Real, Int, BvOrFloat, Datatype, Function, UninterpretedSort, Array, NonBvArray, NonBoolBvArray} and does not own {NestedArray, WideInt}, which this quantified query carries, so its non-decision is a decline and the ladder continues. Its own reason was: lazy linear arithmetic pre-SAT skeleton exceeds the joint resource boundary (atoms=44535, cnf_vars=354972, base_trigger=>1024/>4096, moderate_envelope<=10240/<=16384, initial_clauses=0, blocking_lemmas=0); declining before the online CDCL(T) probe (dispatch-overrun fix: admission evaluated before the reserve was spent)\p\plazy linear arithmetic pre-SAT skeleton exceeds the joint resource boundary (atoms=44535, cnf_vars=354972, base_trigger=>1024/>4096, moderate_envelope<=10240/<=16384, initial_clauses=0, blocking_lemmas=0); declining before the online CDCL(T) probe (dispatch-overrun fix: admission evaluated before the reserve was spent)\plazy linear arithmetic pre-SAT skeleton exceeds the joint resource boundary (atoms=44535, cnf_vars=354972, base_trigger=>1024/>4096, moderate_envelope<=10240/<=16384, initial_clauses=0, blocking_lemmas=0); declining before the online CDCL(T) probe (dispatch-overrun fix: admission evaluated before the reserve was spent)\plazy linear arithmetic pre-SAT skeleton exceeds the joint resource boundary (atoms=44535, cnf_vars=354972, base_trigger=>1024/>4096, moderate_envelope<=10240/<=16384, initial_clauses=0, blocking_lemmas=0); declining before the online CDCL(T) probe (dispatch-overrun fix: admission evaluated before the reserve was spent)\plazy linear arithmetic pre-SAT skeleton exceeds the joint resource boundary (atoms=44535, cnf_vars=354972, base_trigger=>1024/>4096, moderate_envelope<=10240/<=16384, initial_clauses=0, blocking_lemmas=0); declining before the online CDCL(T) probe (dispatch-overrun fix: admission evaluated before the reserve was spent)\plazy linear arithmetic pre-SAT skeleton exceeds the joint resource boundary (atoms=44535, cnf_vars=354972, base_trigger=>1024/>4096, moderate_envelope<=10240/<=16384, initial_clauses=0, blocking_lemmas=0); declining before the online CDCL(T) probe (dispatch-overrun fix: admission evaluated before the reserve was spent)\plazy linear arithmetic pre-SAT skeleton exceeds the joint resource boundary (atoms=44535, cnf_vars=354972, base_trigger=>1024/>4096, moderate_envelope<=10240/<=16384, initial_clauses=0, blocking_lemmas=0); declining before the online CDCL(T) probe (dispatch-overrun fix: admission evaluated before the reserve was spent)\plazy linear arithmetic pre-SAT skeleton exceeds the joint resource boundary (atoms=44535, cnf_vars=354972, base_trigger=>1024/>4096, moderate_envelope<=10240/<=16384, initial_clauses=0, blocking_lemmas=0); declining before the online CDCL(T) probe (dispatch-overrun fix: admission evaluated before the reserve was spent)\plazy linear arithmetic pre-SAT skeleton exceeds the joint resource boundary (atoms=44535, cnf_vars=354972, base_trigger=>1024/>4096, moderate_envelope<=10240/<=16384, initial_clauses=0, blocking_lemmas=0); declining before the online CDCL(T) probe (dispatch-overrun fix: admission evaluated before the reserve was spent)\plazy linear arithmetic pre-SAT skeleton exceeds the joint resource boundary (atoms=44535, cnf_vars=354972, base_trigger=>1024/>4096, moderate_envelope<=10240/<=16384, initial_clauses=0, blocking_lemmas=0); declining before the online CDCL(T) probe (dispatch-overrun fix: admission evaluated before the reserve was spent)	other\pbackend\pother\pquant-ownership-decline\p\pother\pother\pother\pother\pother\pother\pother\pother\pother	server5	3	3.24
lra-atom-screen-20260916	shipped	QF_IDL/Averest/binary_search/BinarySearch_live_bgmc002.smt2	6261a505ea6767af32873bfc897ae64f8879b6388e5ea1074d27a6d3e12218e3	Int	sat	0	dl-online	dl-online	3	fd:parse:probe\pprobe:probe\pdl-online:decided	108	0\p0\p3	no				server5	3	3.16
lra-atom-screen-20260916	shipped	QF_IDL/Averest/buble_sort/BubbleSort_live_bgmc002.smt2	6261a505ea6767af32873bfc897ae64f8879b6388e5ea1074d27a6d3e12218e3	Int	sat	0	dl-online	dl-online	3	fd:parse:probe\pprobe:probe\pdl-online:decided	108	3\p0\p37	no				server5	3	3.16
lra-atom-screen-20260916	shipped	QF_IDL/Averest/buble_sort/BubbleSort_live_blmc003.smt2	6261a505ea6767af32873bfc897ae64f8879b6388e5ea1074d27a6d3e12218e3	Int	sat	0	dl-online	dl-online	3	fd:parse:probe\pprobe:probe\pdl-online:decided	409	59\p3\p256	no				server5	3	3.16
lra-atom-screen-20260916	shipped	QF_IDL/Averest/buble_sort/BubbleSort_safe_bgmc004.smt2	6261a505ea6767af32873bfc897ae64f8879b6388e5ea1074d27a6d3e12218e3	Int	unsat	0	dl-online	dl-online	4	fd:parse:probe\pprobe:probe\pcas-int-units:declined\pdl-online:decided	108	7\p1\p0\p55	no	cas-int-units=incomplete	no integer equation normalized to a refutable k·m = c		server5	3	3.16
lra-atom-screen-20260916	shipped	QF_IDL/Averest/buble_sort/BubbleSort_safe_blmc004.smt2	6261a505ea6767af32873bfc897ae64f8879b6388e5ea1074d27a6d3e12218e3	Int	unsat	0	dl-online	dl-online	3	fd:parse:probe\pprobe:probe\pdl-online:decided	408	49\p3\p272	no				server5	3	3.16
lra-atom-screen-20260916	shipped	QF_IDL/Averest/buble_sort/BubbleSort_safe_blmc016.smt2	6261a505ea6767af32873bfc897ae64f8879b6388e5ea1074d27a6d3e12218e3	Int	unsat	0	dl-online	dl-online	3	fd:parse:probe\pprobe:probe\pdl-online:decided	3211	1376\p24\p1672	no				server5	3	3.16
lra-atom-screen-20260916	shipped	QF_IDL/Averest/insertion_sort/InsertionSort_live_bgmc003.smt2	6261a505ea6767af32873bfc897ae64f8879b6388e5ea1074d27a6d3e12218e3	Int	sat	0	dl-online	dl-online	3	fd:parse:probe\pprobe:probe\pdl-online:decided	209	14\p1\p102	no				server5	3	3.14
lra-atom-screen-20260916	shipped	QF_IDL/Averest/insertion_sort/InsertionSort_live_blmc004.smt2	6261a505ea6767af32873bfc897ae64f8879b6388e5ea1074d27a6d3e12218e3	Int	sat	0	dl-online	dl-online	3	fd:parse:probe\pprobe:probe\pdl-online:decided	1109	305\p9\p733	no				server5	3	3.14
lra-atom-screen-20260916	shipped	QF_IDL/Averest/insertion_sort/InsertionSort_safe_bgmc005.smt2	6261a505ea6767af32873bfc897ae64f8879b6388e5ea1074d27a6d3e12218e3	Int	sat	0	dl-online	dl-online	4	fd:parse:probe\pprobe:probe\pcas-int-units:declined\pdl-online:decided	207	24\p2\p0\p137	no	cas-int-units=incomplete	no integer equation normalized to a refutable k·m = c		server5	3	3.14
lra-atom-screen-20260916	shipped	QF_IDL/Averest/linear_search/LinearSearch_live_bgmc005.smt2	6261a505ea6767af32873bfc897ae64f8879b6388e5ea1074d27a6d3e12218e3	Int	unsat	0	dl-online	dl-online	3	fd:parse:probe\pprobe:probe\pdl-online:decided	107	1\p0\p7	no				server5	3	3.14
lra-atom-screen-20260916	shipped	QF_IDL/Averest/min_max/MinMax_safe_bgmc000.smt2	6261a505ea6767af32873bfc897ae64f8879b6388e5ea1074d27a6d3e12218e3	Int	unsat	0	dl-online	dl-online	4	fd:parse:probe\pprobe:probe\pcas-int-units:declined\pdl-online:decided	106	0\p0\p0\p0	no	cas-int-units=incomplete	no integer equation normalized to a refutable k·m = c		server5	3	3.14
lra-atom-screen-20260916	shipped	QF_IDL/Averest/parallel_search/ParallelSearch_safe_bgmc000.smt2	6261a505ea6767af32873bfc897ae64f8879b6388e5ea1074d27a6d3e12218e3	Int	unsat	0	dl-online	dl-online	4	fd:parse:probe\pprobe:probe\pcas-int-units:declined\pdl-online:decided	108	0\p0\p0\p1	no	cas-int-units=incomplete	no integer equation normalized to a refutable k·m = c		server5	3	3.14
lra-atom-screen-20260916	shipped	QF_IDL/Averest/partition/Partition_live_blmc004.smt2	6261a505ea6767af32873bfc897ae64f8879b6388e5ea1074d27a6d3e12218e3	Int	unsat	0	dl-online	dl-online	3	fd:parse:probe\pprobe:probe\pdl-online:decided	207	46\p2\p91	no				server5	3	3.14
lra-atom-screen-20260916	shipped	QF_IDL/Averest/selection_sort/SelectionSort_live_bgmc002.smt2	6261a505ea6767af32873bfc897ae64f8879b6388e5ea1074d27a6d3e12218e3	Int	sat	0	dl-online	dl-online	3	fd:parse:probe\pprobe:probe\pdl-online:decided	108	4\p0\p35	no				server5	3	3.13
lra-atom-screen-20260916	shipped	QF_IDL/Averest/selection_sort/SelectionSort_live_blmc004.smt2	6261a505ea6767af32873bfc897ae64f8879b6388e5ea1074d27a6d3e12218e3	Int	sat	0	dl-online	dl-online	3	fd:parse:probe\pprobe:probe\pdl-online:decided	609	156\p6\p391	no				server5	3	3.13
lra-atom-screen-20260916	shipped	QF_IDL/Averest/selection_sort/SelectionSort_safe_bgmc006.smt2	6261a505ea6767af32873bfc897ae64f8879b6388e5ea1074d27a6d3e12218e3	Int	unsat	0	dl-online	dl-online	4	fd:parse:probe\pprobe:probe\pcas-int-units:declined\pdl-online:decided	208	22\p2\p0\p96	no	cas-int-units=incomplete	no integer equation normalized to a refutable k·m = c		server5	3	3.13
lra-atom-screen-20260916	shipped	QF_IDL/Averest/selection_sort/SelectionSort_safe_blmc007.smt2	6261a505ea6767af32873bfc897ae64f8879b6388e5ea1074d27a6d3e12218e3	Int	sat	0	dl-online	dl-online	3	fd:parse:probe\pprobe:probe\pdl-online:decided	1008	168\p7\p744	no				server5	3	3.13
lra-atom-screen-20260916	shipped	QF_IDL/Averest/sorting_network/SortingNetwork4_live_bgmc003.smt2	6261a505ea6767af32873bfc897ae64f8879b6388e5ea1074d27a6d3e12218e3	Int	sat	0	dl-online	dl-online	3	fd:parse:probe\pprobe:probe\pdl-online:decided	108	0\p0\p5	no				server5	3	3.13
lra-atom-screen-20260916	shipped	QF_IDL/Averest/sorting_network/SortingNetwork4_safe_blmc002.smt2	6261a505ea6767af32873bfc897ae64f8879b6388e5ea1074d27a6d3e12218e3	Int	unsat	0	dl-online	dl-online	3	fd:parse:probe\pprobe:probe\pdl-online:decided	108	1\p0\p14	no				server5	3	3.13
lra-atom-screen-20260916	shipped	QF_IDL/Averest/sorting_network/SortingNetwork8_live_blmc003.smt2	6261a505ea6767af32873bfc897ae64f8879b6388e5ea1074d27a6d3e12218e3	Int	sat	0	dl-online	dl-online	3	fd:parse:probe\pprobe:probe\pdl-online:decided	609	28\p2\p466	no				server5	3	3.13
lra-atom-screen-20260916	shipped	QF_IDL/Averest/sorting_network/SortingNetwork8_safe_blmc000.smt2	6261a505ea6767af32873bfc897ae64f8879b6388e5ea1074d27a6d3e12218e3	Int	unsat	0	dl-online	dl-online	3	fd:parse:probe\pprobe:probe\pdl-online:decided	108	2\p0\p21	no				server5	3	3.13
lra-atom-screen-20260916	shipped	QF_IDL/bcnscheduling/bcnscheduling105.smt2	6261a505ea6767af32873bfc897ae64f8879b6388e5ea1074d27a6d3e12218e3	Int	unknown	0	none	dl-online	4	fd:parse:probe\pprobe:probe\pdl-online:declined\plia-simplex:declined	25032	8\p1\p18015\p3	yes	dl-online=budget\plia-simplex=unsupported	budget exhausted in the online difference-logic driver (atoms=1610, equality_gates=0, bool_equality_gates=0, cnf_vars=8682, clauses=20737)\pQF_LIA: assertion is not a conjunctive linear integer constraint	other\pbackend	server5	3	3.13
lra-atom-screen-20260916	shipped	QF_IDL/cellar/CELAR6_SUB0.smt2	6261a505ea6767af32873bfc897ae64f8879b6388e5ea1074d27a6d3e12218e3	Int	unsat	0	dl-online	dl-online	3	fd:parse:probe\pprobe:probe\pdl-online:decided	108	11\p1\p71	no				server5	3	3.09
lra-atom-screen-20260916	shipped	QF_IDL/cellar/scen09.smt2	6261a505ea6767af32873bfc897ae64f8879b6388e5ea1074d27a6d3e12218e3	Int	unsat	0	dl-online	fd:parse	3	fd:parse:probe\pprobe:probe\pdl-online:decided	5312	3332\p25\p1877	no				server5	3	3.09
lra-atom-screen-20260916	shipped	QF_IDL/diamonds/diamonds.12.2.i.a.u.smt2	6261a505ea6767af32873bfc897ae64f8879b6388e5ea1074d27a6d3e12218e3	Int	unsat	0	dl-online	dl-online	3	fd:parse:probe\pprobe:probe\pdl-online:decided	309	0\p0\p239	no				server5	3	3.08
lra-atom-screen-20260916	shipped	QF_IDL/diamonds/diamonds.15.2.i.a.u.smt2	6261a505ea6767af32873bfc897ae64f8879b6388e5ea1074d27a6d3e12218e3	Int	unsat	0	dl-online	dl-online	3	fd:parse:probe\pprobe:probe\pdl-online:decided	2911	0\p0\p2821	no				server5	3	3.08
lra-atom-screen-20260916	shipped	QF_IDL/diamonds/diamonds.18.2.i.a.u.smt2	6261a505ea6767af32873bfc897ae64f8879b6388e5ea1074d27a6d3e12218e3	Int	unsat	0	dl-online	dl-online	3	fd:parse:probe\pprobe:probe\pdl-online:decided	4712	0\p0\p4617	no				server5	3	3.07
lra-atom-screen-20260916	shipped	QF_IDL/DTP/DTP_k2_n35_c175_s10.smt2	6261a505ea6767af32873bfc897ae64f8879b6388e5ea1074d27a6d3e12218e3	Int	sat	0	dl-online	dl-online	3	fd:parse:probe\pprobe:probe\pdl-online:decided	209	0\p0\p99	no				server5	3	3.07
lra-atom-screen-20260916	shipped	QF_IDL/DTP/DTP_k2_n35_c175_s3.smt2	6261a505ea6767af32873bfc897ae64f8879b6388e5ea1074d27a6d3e12218e3	Int	sat	0	dl-online	dl-online	3	fd:parse:probe\pprobe:probe\pdl-online:decided	209	0\p0\p108	no				server5	3	3.07
lra-atom-screen-20260916	shipped	QF_IDL/DTP/DTP_k2_n35_c210_s14.smt2	6261a505ea6767af32873bfc897ae64f8879b6388e5ea1074d27a6d3e12218e3	Int	unsat	0	dl-online	dl-online	3	fd:parse:probe\pprobe:probe\pdl-online:decided	308	0\p0\p259	no				server5	3	3.07
lra-atom-screen-20260916	shipped	QF_IDL/DTP/DTP_k2_n35_c210_s7.smt2	6261a505ea6767af32873bfc897ae64f8879b6388e5ea1074d27a6d3e12218e3	Int	sat	0	dl-online	dl-online	3	fd:parse:probe\pprobe:probe\pdl-online:decided	308	0\p0\p268	no				server5	3	3.07
lra-atom-screen-20260916	shipped	QF_IDL/DTP/DTP_k2_n35_c245_s18.smt2	6261a505ea6767af32873bfc897ae64f8879b6388e5ea1074d27a6d3e12218e3	Int	unsat	0	dl-online	dl-online	3	fd:parse:probe\pprobe:probe\pdl-online:decided	508	0\p0\p482	no				server5	3	3.07
lra-atom-screen-20260916	shipped	QF_IDL/fuzzy-matrix/Zantema_z053.srs_slice-8_constraint-227740.smt2	6261a505ea6767af32873bfc897ae64f8879b6388e5ea1074d27a6d3e12218e3	Int	unknown	0	none	dl-online	16	fd:parse:probe\pprobe:probe\pdl-online:declined\plia-simplex:declined\plia-dpll:declined\pq:skolem-qf:declined\pq:nat-induction:declined\pfd:string-gate:declined\pfd:source-string-semantic-unsat:declined\pfd:word-route:declined\pfd:online-string:declined\pfd:membership:declined\pfd:lex-order:declined\pfd:length-lia:declined\pfd:source-string-sat-probe:declined\pfd:bounded-completeness-unsat:declined	21128	10\p3\p21030\p6\p35\p0\p0\p0\p0\p0\p0\p0\p0\p0\p0\p0	no	dl-online=budget\plia-simplex=unsupported\plia-dpll=budget\pq:skolem-qf=unsupported\pq:nat-induction=not-applicable\pfd:string-gate=budget\pfd:source-string-semantic-unsat=budget\pfd:word-route=budget\pfd:online-string=budget\pfd:membership=budget\pfd:lex-order=budget\pfd:length-lia=budget\pfd:source-string-sat-probe=budget\pfd:bounded-completeness-unsat=budget	budget exhausted in the online difference-logic driver (atoms=12353, equality_gates=4175, bool_equality_gates=0, cnf_vars=24980, clauses=37882)\pQF_LIA: assertion is not a conjunctive linear integer constraint\plazy linear arithmetic pre-SAT skeleton exceeds the joint resource boundary (atoms=8478, cnf_vars=21105, base_trigger=>1024/>4096, moderate_envelope<=10240/<=16384, initial_clauses=0, blocking_lemmas=0); declining before the online CDCL(T) probe (dispatch-overrun fix: admission evaluated before the reserve was spent)\pquant-route ownership (ADR-2103): `q:skolem-qf` owns {Real, Int, BvOrFloat, Datatype, Function, UninterpretedSort, Array, NonBvArray, NonBoolBvArray} and does not own {NestedArray, WideInt}, which this quantified query carries, so its non-decision is a decline and the ladder continues. Its own reason was: lazy linear arithmetic pre-SAT skeleton exceeds the joint resource boundary (atoms=8478, cnf_vars=21105, base_trigger=>1024/>4096, moderate_envelope<=10240/<=16384, initial_clauses=0, blocking_lemmas=0); declining before the online CDCL(T) probe (dispatch-overrun fix: admission evaluated before the reserve was spent)\p\plazy linear arithmetic pre-SAT skeleton exceeds the joint resource boundary (atoms=8478, cnf_vars=21105, base_trigger=>1024/>4096, moderate_envelope<=10240/<=16384, initial_clauses=0, blocking_lemmas=0); declining before the online CDCL(T) probe (dispatch-overrun fix: admission evaluated before the reserve was spent)\plazy linear arithmetic pre-SAT skeleton exceeds the joint resource boundary (atoms=8478, cnf_vars=21105, base_trigger=>1024/>4096, moderate_envelope<=10240/<=16384, initial_clauses=0, blocking_lemmas=0); declining before the online CDCL(T) probe (dispatch-overrun fix: admission evaluated before the reserve was spent)\plazy linear arithmetic pre-SAT skeleton exceeds the joint resource boundary (atoms=8478, cnf_vars=21105, base_trigger=>1024/>4096, moderate_envelope<=10240/<=16384, initial_clauses=0, blocking_lemmas=0); declining before the online CDCL(T) probe (dispatch-overrun fix: admission evaluated before the reserve was spent)\plazy linear arithmetic pre-SAT skeleton exceeds the joint resource boundary (atoms=8478, cnf_vars=21105, base_trigger=>1024/>4096, moderate_envelope<=10240/<=16384, initial_clauses=0, blocking_lemmas=0); declining before the online CDCL(T) probe (dispatch-overrun fix: admission evaluated before the reserve was spent)\plazy linear arithmetic pre-SAT skeleton exceeds the joint resource boundary (atoms=8478, cnf_vars=21105, base_trigger=>1024/>4096, moderate_envelope<=10240/<=16384, initial_clauses=0, blocking_lemmas=0); declining before the online CDCL(T) probe (dispatch-overrun fix: admission evaluated before the reserve was spent)\plazy linear arithmetic pre-SAT skeleton exceeds the joint resource boundary (atoms=8478, cnf_vars=21105, base_trigger=>1024/>4096, moderate_envelope<=10240/<=16384, initial_clauses=0, blocking_lemmas=0); declining before the online CDCL(T) probe (dispatch-overrun fix: admission evaluated before the reserve was spent)\plazy linear arithmetic pre-SAT skeleton exceeds the joint resource boundary (atoms=8478, cnf_vars=21105, base_trigger=>1024/>4096, moderate_envelope<=10240/<=16384, initial_clauses=0, blocking_lemmas=0); declining before the online CDCL(T) probe (dispatch-overrun fix: admission evaluated before the reserve was spent)\plazy linear arithmetic pre-SAT skeleton exceeds the joint resource boundary (atoms=8478, cnf_vars=21105, base_trigger=>1024/>4096, moderate_envelope<=10240/<=16384, initial_clauses=0, blocking_lemmas=0); declining before the online CDCL(T) probe (dispatch-overrun fix: admission evaluated before the reserve was spent)\plazy linear arithmetic pre-SAT skeleton exceeds the joint resource boundary (atoms=8478, cnf_vars=21105, base_trigger=>1024/>4096, moderate_envelope<=10240/<=16384, initial_clauses=0, blocking_lemmas=0); declining before the online CDCL(T) probe (dispatch-overrun fix: admission evaluated before the reserve was spent)	other\pbackend\pother\pquant-ownership-decline\p\pother\pother\pother\pother\pother\pother\pother\pother\pother	server5	3	3.07
lra-atom-screen-20260916	shipped	QF_IDL/job_shop/jobshop12-2-6-6-4-4-11.smt2	6261a505ea6767af32873bfc897ae64f8879b6388e5ea1074d27a6d3e12218e3	Int	unsat	0	dl-online	dl-online	3	fd:parse:probe\pprobe:probe\pdl-online:decided	308	0\p0\p282	no				server5	3	3.12
lra-atom-screen-20260916	shipped	QF_IDL/job_shop/jobshop18-2-9-9-4-4-11.smt2	6261a505ea6767af32873bfc897ae64f8879b6388e5ea1074d27a6d3e12218e3	Int	unknown	0	none	dl-online	4	fd:parse:probe\pprobe:probe\pdl-online:declined\plia-simplex:declined	25030	1\p0\p21027\p0	yes	dl-online=budget\plia-simplex=unsupported	budget exhausted in the online difference-logic driver (atoms=1350, equality_gates=306, bool_equality_gates=0, cnf_vars=3005, clauses=4660)\pQF_LIA: assertion is not a conjunctive linear integer constraint	other\pbackend	server5	3	3.12
lra-atom-screen-20260916	shipped	QF_IDL/job_shop/jobshop22-2-11-11-4-4-11.smt2	6261a505ea6767af32873bfc897ae64f8879b6388e5ea1074d27a6d3e12218e3	Int	unknown	0	none	dl-online	4	fd:parse:probe\pprobe:probe\pdl-online:declined\plia-simplex:declined	25030	2\p1\p21021\p1	yes	dl-online=budget\plia-simplex=unsupported	budget exhausted in the online difference-logic driver (atoms=2002, equality_gates=462, bool_equality_gates=0, cnf_vars=4465, clauses=6928)\pQF_LIA: assertion is not a conjunctive linear integer constraint	other\pbackend	server5	3	3.08
lra-atom-screen-20260916	shipped	QF_IDL/job_shop/jobshop28-2-14-14-4-4-11.smt2	6261a505ea6767af32873bfc897ae64f8879b6388e5ea1074d27a6d3e12218e3	Int	unknown	0	none	dl-online	4	fd:parse:probe\pprobe:probe\pdl-online:declined\plia-simplex:declined	25030	4\p1\p21014\p2	yes	dl-online=budget\plia-simplex=unsupported	budget exhausted in the online difference-logic driver (atoms=3220, equality_gates=756, bool_equality_gates=0, cnf_vars=7195, clauses=11170)\pQF_LIA: assertion is not a conjunctive linear integer constraint	other\pbackend	server5	3	3.11
lra-atom-screen-20260916	shipped	QF_IDL/job_shop/jobshop34-2-17-17-4-4-11.smt2	6261a505ea6767af32873bfc897ae64f8879b6388e5ea1074d27a6d3e12218e3	Int	unknown	0	none	dl-online	4	fd:parse:probe\pprobe:probe\pdl-online:declined\plia-simplex:declined	25030	5\p2\p21011\p3	yes	dl-online=budget\plia-simplex=unsupported	budget exhausted in the online difference-logic driver (atoms=4726, equality_gates=1122, bool_equality_gates=0, cnf_vars=10573, clauses=16420)\pQF_LIA: assertion is not a conjunctive linear integer constraint	other\pbackend	server5	3	3.07
lra-atom-screen-20260916	shipped	QF_IDL/job_shop/jobshop4-2-2-2-4-4-11.smt2	6261a505ea6767af32873bfc897ae64f8879b6388e5ea1074d27a6d3e12218e3	Int	unsat	0	dl-online	dl-online	3	fd:parse:probe\pprobe:probe\pdl-online:decided	109	0\p0\p1	no				server5	3	3.05
lra-atom-screen-20260916	shipped	QF_IDL/job_shop/jobshop44-2-22-22-4-4-11.smt2	6261a505ea6767af32873bfc897ae64f8879b6388e5ea1074d27a6d3e12218e3	Int	unknown	0	none	dl-online	4	fd:parse:probe\pprobe:probe\pdl-online:declined\plia-simplex:declined	25030	9\p3\p21011\p6	yes	dl-online=budget\plia-simplex=unsupported	budget exhausted in the online difference-logic driver (atoms=7876, equality_gates=1892, bool_equality_gates=0, cnf_vars=17643, clauses=27410)\pQF_LIA: assertion is not a conjunctive linear integer constraint	other\pbackend	server5	3	3.05
lra-atom-screen-20260916	shipped	QF_IDL/job_shop/jobshop50-2-25-25-4-4-11.smt2	6261a505ea6767af32873bfc897ae64f8879b6388e5ea1074d27a6d3e12218e3	Int	unknown	0	none	dl-online	16	fd:parse:probe\pprobe:probe\pdl-online:declined\plia-simplex:declined\plia-dpll:declined\pq:skolem-qf:declined\pq:nat-induction:declined\pfd:string-gate:declined\pfd:source-string-semantic-unsat:declined\pfd:word-route:declined\pfd:online-string:declined\pfd:membership:declined\pfd:lex-order:declined\pfd:length-lia:declined\pfd:source-string-sat-probe:declined\pfd:bounded-completeness-unsat:declined	21228	13\p5\p21017\p7\p92\p0\p0\p0\p0\p0\p0\p0\p0\p0\p0\p0	no	dl-online=budget\plia-simplex=unsupported\plia-dpll=budget\pq:skolem-qf=unsupported\pq:nat-induction=not-applicable\pfd:string-gate=budget\pfd:source-string-semantic-unsat=budget\pfd:word-route=budget\pfd:online-string=budget\pfd:membership=budget\pfd:lex-order=budget\pfd:length-lia=budget\pfd:source-string-sat-probe=budget\pfd:bounded-completeness-unsat=budget	budget exhausted in the online difference-logic driver (atoms=10150, equality_gates=2450, bool_equality_gates=0, cnf_vars=22749, clauses=35348)\pQF_LIA: assertion is not a conjunctive linear integer constraint\plazy linear arithmetic pre-SAT skeleton exceeds the joint resource boundary (atoms=10150, cnf_vars=20299, base_trigger=>1024/>4096, moderate_envelope<=10240/<=16384, initial_clauses=0, blocking_lemmas=0); declining before the online CDCL(T) probe (dispatch-overrun fix: admission evaluated before the reserve was spent)\pquant-route ownership (ADR-2103): `q:skolem-qf` owns {Real, Int, BvOrFloat, Datatype, Function, UninterpretedSort, Array, NonBvArray, NonBoolBvArray} and does not own {NestedArray, WideInt}, which this quantified query carries, so its non-decision is a decline and the ladder continues. Its own reason was: lazy linear arithmetic pre-SAT skeleton exceeds the joint resource boundary (atoms=10150, cnf_vars=20299, base_trigger=>1024/>4096, moderate_envelope<=10240/<=16384, initial_clauses=0, blocking_lemmas=0); declining before the online CDCL(T) probe (dispatch-overrun fix: admission evaluated before the reserve was spent)\p\plazy linear arithmetic pre-SAT skeleton exceeds the joint resource boundary (atoms=10150, cnf_vars=20299, base_trigger=>1024/>4096, moderate_envelope<=10240/<=16384, initial_clauses=0, blocking_lemmas=0); declining before the online CDCL(T) probe (dispatch-overrun fix: admission evaluated before the reserve was spent)\plazy linear arithmetic pre-SAT skeleton exceeds the joint resource boundary (atoms=10150, cnf_vars=20299, base_trigger=>1024/>4096, moderate_envelope<=10240/<=16384, initial_clauses=0, blocking_lemmas=0); declining before the online CDCL(T) probe (dispatch-overrun fix: admission evaluated before the reserve was spent)\plazy linear arithmetic pre-SAT skeleton exceeds the joint resource boundary (atoms=10150, cnf_vars=20299, base_trigger=>1024/>4096, moderate_envelope<=10240/<=16384, initial_clauses=0, blocking_lemmas=0); declining before the online CDCL(T) probe (dispatch-overrun fix: admission evaluated before the reserve was spent)\plazy linear arithmetic pre-SAT skeleton exceeds the joint resource boundary (atoms=10150, cnf_vars=20299, base_trigger=>1024/>4096, moderate_envelope<=10240/<=16384, initial_clauses=0, blocking_lemmas=0); declining before the online CDCL(T) probe (dispatch-overrun fix: admission evaluated before the reserve was spent)\plazy linear arithmetic pre-SAT skeleton exceeds the joint resource boundary (atoms=10150, cnf_vars=20299, base_trigger=>1024/>4096, moderate_envelope<=10240/<=16384, initial_clauses=0, blocking_lemmas=0); declining before the online CDCL(T) probe (dispatch-overrun fix: admission evaluated before the reserve was spent)\plazy linear arithmetic pre-SAT skeleton exceeds the joint resource boundary (atoms=10150, cnf_vars=20299, base_trigger=>1024/>4096, moderate_envelope<=10240/<=16384, initial_clauses=0, blocking_lemmas=0); declining before the online CDCL(T) probe (dispatch-overrun fix: admission evaluated before the reserve was spent)\plazy linear arithmetic pre-SAT skeleton exceeds the joint resource boundary (atoms=10150, cnf_vars=20299, base_trigger=>1024/>4096, moderate_envelope<=10240/<=16384, initial_clauses=0, blocking_lemmas=0); declining before the online CDCL(T) probe (dispatch-overrun fix: admission evaluated before the reserve was spent)\plazy linear arithmetic pre-SAT skeleton exceeds the joint resource boundary (atoms=10150, cnf_vars=20299, base_trigger=>1024/>4096, moderate_envelope<=10240/<=16384, initial_clauses=0, blocking_lemmas=0); declining before the online CDCL(T) probe (dispatch-overrun fix: admission evaluated before the reserve was spent)\plazy linear arithmetic pre-SAT skeleton exceeds the joint resource boundary (atoms=10150, cnf_vars=20299, base_trigger=>1024/>4096, moderate_envelope<=10240/<=16384, initial_clauses=0, blocking_lemmas=0); declining before the online CDCL(T) probe (dispatch-overrun fix: admission evaluated before the reserve was spent)	other\pbackend\pother\pquant-ownership-decline\p\pother\pother\pother\pother\pother\pother\pother\pother\pother	server5	3	3.09
lra-atom-screen-20260916	shipped	QF_IDL/job_shop/jobshop56-2-28-28-4-4-11.smt2	6261a505ea6767af32873bfc897ae64f8879b6388e5ea1074d27a6d3e12218e3	Int	unknown	0	none	dl-online	16	fd:parse:probe\pprobe:probe\pdl-online:declined\plia-simplex:declined\plia-dpll:declined\pq:skolem-qf:declined\pq:nat-induction:declined\pfd:string-gate:declined\pfd:source-string-semantic-unsat:declined\pfd:word-route:declined\pfd:online-string:declined\pfd:membership:declined\pfd:lex-order:declined\pfd:length-lia:declined\pfd:source-string-sat-probe:declined\pfd:bounded-completeness-unsat:declined	21227	18\p6\p21020\p11\p128\p0\p0\p0\p0\p0\p0\p0\p0\p0\p0\p0	no	dl-online=budget\plia-simplex=unsupported\plia-dpll=budget\pq:skolem-qf=unsupported\pq:nat-induction=not-applicable\pfd:string-gate=budget\pfd:source-string-semantic-unsat=budget\pfd:word-route=budget\pfd:online-string=budget\pfd:membership=budget\pfd:lex-order=budget\pfd:length-lia=budget\pfd:source-string-sat-probe=budget\pfd:bounded-completeness-unsat=budget	budget exhausted in the online difference-logic driver (atoms=12712, equality_gates=3080, bool_equality_gates=0, cnf_vars=28503, clauses=44294)\pQF_LIA: assertion is not a conjunctive linear integer constraint\plazy linear arithmetic pre-SAT skeleton exceeds the joint resource boundary (atoms=12712, cnf_vars=25423, base_trigger=>1024/>4096, moderate_envelope<=10240/<=16384, initial_clauses=0, blocking_lemmas=0); declining before the online CDCL(T) probe (dispatch-overrun fix: admission evaluated before the reserve was spent)\pquant-route ownership (ADR-2103): `q:skolem-qf` owns {Real, Int, BvOrFloat, Datatype, Function, UninterpretedSort, Array, NonBvArray, NonBoolBvArray} and does not own {NestedArray, WideInt}, which this quantified query carries, so its non-decision is a decline and the ladder continues. Its own reason was: lazy linear arithmetic pre-SAT skeleton exceeds the joint resource boundary (atoms=12712, cnf_vars=25423, base_trigger=>1024/>4096, moderate_envelope<=10240/<=16384, initial_clauses=0, blocking_lemmas=0); declining before the online CDCL(T) probe (dispatch-overrun fix: admission evaluated before the reserve was spent)\p\plazy linear arithmetic pre-SAT skeleton exceeds the joint resource boundary (atoms=12712, cnf_vars=25423, base_trigger=>1024/>4096, moderate_envelope<=10240/<=16384, initial_clauses=0, blocking_lemmas=0); declining before the online CDCL(T) probe (dispatch-overrun fix: admission evaluated before the reserve was spent)\plazy linear arithmetic pre-SAT skeleton exceeds the joint resource boundary (atoms=12712, cnf_vars=25423, base_trigger=>1024/>4096, moderate_envelope<=10240/<=16384, initial_clauses=0, blocking_lemmas=0); declining before the online CDCL(T) probe (dispatch-overrun fix: admission evaluated before the reserve was spent)\plazy linear arithmetic pre-SAT skeleton exceeds the joint resource boundary (atoms=12712, cnf_vars=25423, base_trigger=>1024/>4096, moderate_envelope<=10240/<=16384, initial_clauses=0, blocking_lemmas=0); declining before the online CDCL(T) probe (dispatch-overrun fix: admission evaluated before the reserve was spent)\plazy linear arithmetic pre-SAT skeleton exceeds the joint resource boundary (atoms=12712, cnf_vars=25423, base_trigger=>1024/>4096, moderate_envelope<=10240/<=16384, initial_clauses=0, blocking_lemmas=0); declining before the online CDCL(T) probe (dispatch-overrun fix: admission evaluated before the reserve was spent)\plazy linear arithmetic pre-SAT skeleton exceeds the joint resource boundary (atoms=12712, cnf_vars=25423, base_trigger=>1024/>4096, moderate_envelope<=10240/<=16384, initial_clauses=0, blocking_lemmas=0); declining before the online CDCL(T) probe (dispatch-overrun fix: admission evaluated before the reserve was spent)\plazy linear arithmetic pre-SAT skeleton exceeds the joint resource boundary (atoms=12712, cnf_vars=25423, base_trigger=>1024/>4096, moderate_envelope<=10240/<=16384, initial_clauses=0, blocking_lemmas=0); declining before the online CDCL(T) probe (dispatch-overrun fix: admission evaluated before the reserve was spent)\plazy linear arithmetic pre-SAT skeleton exceeds the joint resource boundary (atoms=12712, cnf_vars=25423, base_trigger=>1024/>4096, moderate_envelope<=10240/<=16384, initial_clauses=0, blocking_lemmas=0); declining before the online CDCL(T) probe (dispatch-overrun fix: admission evaluated before the reserve was spent)\plazy linear arithmetic pre-SAT skeleton exceeds the joint resource boundary (atoms=12712, cnf_vars=25423, base_trigger=>1024/>4096, moderate_envelope<=10240/<=16384, initial_clauses=0, blocking_lemmas=0); declining before the online CDCL(T) probe (dispatch-overrun fix: admission evaluated before the reserve was spent)\plazy linear arithmetic pre-SAT skeleton exceeds the joint resource boundary (atoms=12712, cnf_vars=25423, base_trigger=>1024/>4096, moderate_envelope<=10240/<=16384, initial_clauses=0, blocking_lemmas=0); declining before the online CDCL(T) probe (dispatch-overrun fix: admission evaluated before the reserve was spent)	other\pbackend\pother\pquant-ownership-decline\p\pother\pother\pother\pother\pother\pother\pother\pother\pother	server5	3	3.06
lra-atom-screen-20260916	shipped	QF_IDL/job_shop/jobshop60-2-30-30-4-4-11.smt2	6261a505ea6767af32873bfc897ae64f8879b6388e5ea1074d27a6d3e12218e3	Int	unknown	0	none	dl-online	16	fd:parse:probe\pprobe:probe\pdl-online:declined\plia-simplex:declined\plia-dpll:declined\pq:skolem-qf:declined\pq:nat-induction:declined\pfd:string-gate:declined\pfd:source-string-semantic-unsat:declined\pfd:word-route:declined\pfd:online-string:declined\pfd:membership:declined\pfd:lex-order:declined\pfd:length-lia:declined\pfd:source-string-sat-probe:declined\pfd:bounded-completeness-unsat:declined	21327	20\p7\p21025\p12\p192\p0\p0\p0\p0\p0\p0\p0\p0\p0\p0\p0	no	dl-online=budget\plia-simplex=unsupported\plia-dpll=budget\pq:skolem-qf=unsupported\pq:nat-induction=not-applicable\pfd:string-gate=budget\pfd:source-string-semantic-unsat=budget\pfd:word-route=budget\pfd:online-string=budget\pfd:membership=budget\pfd:lex-order=budget\pfd:length-lia=budget\pfd:source-string-sat-probe=budget\pfd:bounded-completeness-unsat=budget	budget exhausted in the online difference-logic driver (atoms=14580, equality_gates=3540, bool_equality_gates=0, cnf_vars=32699, clauses=50818)\pQF_LIA: assertion is not a conjunctive linear integer constraint\plazy linear arithmetic pre-SAT skeleton exceeds the joint resource boundary (atoms=14580, cnf_vars=29159, base_trigger=>1024/>4096, moderate_envelope<=10240/<=16384, initial_clauses=0, blocking_lemmas=0); declining before the online CDCL(T) probe (dispatch-overrun fix: admission evaluated before the reserve was spent)\pquant-route ownership (ADR-2103): `q:skolem-qf` owns {Real, Int, BvOrFloat, Datatype, Function, UninterpretedSort, Array, NonBvArray, NonBoolBvArray} and does not own {NestedArray, WideInt}, which this quantified query carries, so its non-decision is a decline and the ladder continues. Its own reason was: lazy linear arithmetic pre-SAT skeleton exceeds the joint resource boundary (atoms=14580, cnf_vars=29159, base_trigger=>1024/>4096, moderate_envelope<=10240/<=16384, initial_clauses=0, blocking_lemmas=0); declining before the online CDCL(T) probe (dispatch-overrun fix: admission evaluated before the reserve was spent)\p\plazy linear arithmetic pre-SAT skeleton exceeds the joint resource boundary (atoms=14580, cnf_vars=29159, base_trigger=>1024/>4096, moderate_envelope<=10240/<=16384, initial_clauses=0, blocking_lemmas=0); declining before the online CDCL(T) probe (dispatch-overrun fix: admission evaluated before the reserve was spent)\plazy linear arithmetic pre-SAT skeleton exceeds the joint resource boundary (atoms=14580, cnf_vars=29159, base_trigger=>1024/>4096, moderate_envelope<=10240/<=16384, initial_clauses=0, blocking_lemmas=0); declining before the online CDCL(T) probe (dispatch-overrun fix: admission evaluated before the reserve was spent)\plazy linear arithmetic pre-SAT skeleton exceeds the joint resource boundary (atoms=14580, cnf_vars=29159, base_trigger=>1024/>4096, moderate_envelope<=10240/<=16384, initial_clauses=0, blocking_lemmas=0); declining before the online CDCL(T) probe (dispatch-overrun fix: admission evaluated before the reserve was spent)\plazy linear arithmetic pre-SAT skeleton exceeds the joint resource boundary (atoms=14580, cnf_vars=29159, base_trigger=>1024/>4096, moderate_envelope<=10240/<=16384, initial_clauses=0, blocking_lemmas=0); declining before the online CDCL(T) probe (dispatch-overrun fix: admission evaluated before the reserve was spent)\plazy linear arithmetic pre-SAT skeleton exceeds the joint resource boundary (atoms=14580, cnf_vars=29159, base_trigger=>1024/>4096, moderate_envelope<=10240/<=16384, initial_clauses=0, blocking_lemmas=0); declining before the online CDCL(T) probe (dispatch-overrun fix: admission evaluated before the reserve was spent)\plazy linear arithmetic pre-SAT skeleton exceeds the joint resource boundary (atoms=14580, cnf_vars=29159, base_trigger=>1024/>4096, moderate_envelope<=10240/<=16384, initial_clauses=0, blocking_lemmas=0); declining before the online CDCL(T) probe (dispatch-overrun fix: admission evaluated before the reserve was spent)\plazy linear arithmetic pre-SAT skeleton exceeds the joint resource boundary (atoms=14580, cnf_vars=29159, base_trigger=>1024/>4096, moderate_envelope<=10240/<=16384, initial_clauses=0, blocking_lemmas=0); declining before the online CDCL(T) probe (dispatch-overrun fix: admission evaluated before the reserve was spent)\plazy linear arithmetic pre-SAT skeleton exceeds the joint resource boundary (atoms=14580, cnf_vars=29159, base_trigger=>1024/>4096, moderate_envelope<=10240/<=16384, initial_clauses=0, blocking_lemmas=0); declining before the online CDCL(T) probe (dispatch-overrun fix: admission evaluated before the reserve was spent)\plazy linear arithmetic pre-SAT skeleton exceeds the joint resource boundary (atoms=14580, cnf_vars=29159, base_trigger=>1024/>4096, moderate_envelope<=10240/<=16384, initial_clauses=0, blocking_lemmas=0); declining before the online CDCL(T) probe (dispatch-overrun fix: admission evaluated before the reserve was spent)	other\pbackend\pother\pquant-ownership-decline\p\pother\pother\pother\pother\pother\pother\pother\pother\pother	server5	3	3.04
lra-atom-screen-20260916	shipped	QF_IDL/mathsat/fischer/FISCHER10-3-ninc.smt2	6261a505ea6767af32873bfc897ae64f8879b6388e5ea1074d27a6d3e12218e3	Int	unsat	0	dl-online	dl-online	4	fd:parse:probe\pprobe:probe\pcas-int-units:declined\pdl-online:decided	109	7\p1\p0\p40	no	cas-int-units=incomplete	no integer equation normalized to a refutable k·m = c		server5	3	3.03
lra-atom-screen-20260916	shipped	QF_IDL/mathsat/fischer/FISCHER11-3-ninc.smt2	6261a505ea6767af32873bfc897ae64f8879b6388e5ea1074d27a6d3e12218e3	Int	unsat	0	dl-online	dl-online	4	fd:parse:probe\pprobe:probe\pcas-int-units:declined\pdl-online:decided	108	8\p1\p0\p44	no	cas-int-units=incomplete	no integer equation normalized to a refutable k·m = c		server5	3	3.03
lra-atom-screen-20260916	shipped	QF_IDL/mathsat/fischer/FISCHER12-2-ninc.smt2	6261a505ea6767af32873bfc897ae64f8879b6388e5ea1074d27a6d3e12218e3	Int	unsat	0	dl-online	dl-online	4	fd:parse:probe\pprobe:probe\pcas-int-units:declined\pdl-online:decided	108	5\p1\p0\p30	no	cas-int-units=incomplete	no integer equation normalized to a refutable k·m = c		server5	3	3.03
lra-atom-screen-20260916	shipped	QF_IDL/mathsat/fischer/FISCHER13-13-ninc.smt2	6261a505ea6767af32873bfc897ae64f8879b6388e5ea1074d27a6d3e12218e3	Int	unknown	0	none	dl-online	5	fd:parse:probe\pprobe:probe\pcas-int-units:declined\pdl-online:declined\plia-simplex:declined	25030	109\p8\p0\p21054\p15	yes	cas-int-units=incomplete\pdl-online=budget\plia-simplex=unsupported	no integer equation normalized to a refutable k·m = c\pbudget exhausted in the online difference-logic driver (atoms=1625, equality_gates=364, bool_equality_gates=0, cnf_vars=39143, clauses=103178)\pQF_LIA: assertion is not a conjunctive linear integer constraint	\pother\pbackend	server5	3	3.03
lra-atom-screen-20260916	shipped	QF_IDL/mathsat/fischer/FISCHER14-11-ninc.smt2	6261a505ea6767af32873bfc897ae64f8879b6388e5ea1074d27a6d3e12218e3	Int	unknown	0	none	dl-online	5	fd:parse:probe\pprobe:probe\pcas-int-units:declined\pdl-online:declined\plia-simplex:declined	25030	93\p7\p0\p21075\p13	yes	cas-int-units=incomplete\pdl-online=budget\plia-simplex=unsupported	no integer equation normalized to a refutable k·m = c\pbudget exhausted in the online difference-logic driver (atoms=1489, equality_gates=333, bool_equality_gates=0, cnf_vars=35934, clauses=94752)\pQF_LIA: assertion is not a conjunctive linear integer constraint	\pother\pbackend	server5	3	3.02
lra-atom-screen-20260916	shipped	QF_IDL/mathsat/fischer/FISCHER14-9-ninc.smt2	6261a505ea6767af32873bfc897ae64f8879b6388e5ea1074d27a6d3e12218e3	Int	unsat	0	dl-online	dl-online	4	fd:parse:probe\pprobe:probe\pcas-int-units:declined\pdl-online:decided	5413	67\p6\p0\p5273	no	cas-int-units=incomplete	no integer equation normalized to a refutable k·m = c		server5	3	3.01
lra-atom-screen-20260916	shipped	QF_IDL/mathsat/fischer/FISCHER4-5-ninc.smt2	6261a505ea6767af32873bfc897ae64f8879b6388e5ea1074d27a6d3e12218e3	Int	sat	0	dl-online	dl-online	4	fd:parse:probe\pprobe:probe\pcas-int-units:declined\pdl-online:decided	108	4\p0\p0\p28	no	cas-int-units=incomplete	no integer equation normalized to a refutable k·m = c		server5	3	3.09
lra-atom-screen-20260916	shipped	QF_IDL/mathsat/fischer/FISCHER6-6-ninc.smt2	6261a505ea6767af32873bfc897ae64f8879b6388e5ea1074d27a6d3e12218e3	Int	unsat	0	dl-online	dl-online	4	fd:parse:probe\pprobe:probe\pcas-int-units:declined\pdl-online:decided	209	9\p1\p0\p99	no	cas-int-units=incomplete	no integer equation normalized to a refutable k·m = c		server5	3	3.09
lra-atom-screen-20260916	shipped	QF_IDL/mathsat/fischer/FISCHER8-3-ninc.smt2	6261a505ea6767af32873bfc897ae64f8879b6388e5ea1074d27a6d3e12218e3	Int	unsat	0	dl-online	dl-online	4	fd:parse:probe\pprobe:probe\pcas-int-units:declined\pdl-online:decided	109	5\p1\p0\p28	no	cas-int-units=incomplete	no integer equation normalized to a refutable k·m = c		server5	3	3.09
lra-atom-screen-20260916	shipped	QF_IDL/mathsat/fischer/FISCHER9-5-ninc.smt2	6261a505ea6767af32873bfc897ae64f8879b6388e5ea1074d27a6d3e12218e3	Int	unsat	0	dl-online	dl-online	4	fd:parse:probe\pprobe:probe\pcas-int-units:declined\pdl-online:decided	108	13\p2\p0\p69	no	cas-int-units=incomplete	no integer equation normalized to a refutable k·m = c		server5	3	3.09
lra-atom-screen-20260916	shipped	QF_IDL/mathsat/post_office/PO3-10-PO3.smt2	6261a505ea6767af32873bfc897ae64f8879b6388e5ea1074d27a6d3e12218e3	Int	sat	0	dl-online	dl-online	5	fd:parse:probe\pprobe:probe\pcas-identity-refuter:declined\pcas-int-units:declined\pdl-online:decided	207	41\p4\p0\p0\p97	no	cas-identity-refuter=incomplete\pcas-int-units=incomplete	no arithmetic disequality had equal polynomial normal forms\pno integer equation normalized to a refutable k·m = c	\p	server5	3	3.09
lra-atom-screen-20260916	shipped	QF_IDL/mathsat/post_office/PO4-3-PO4.smt2	6261a505ea6767af32873bfc897ae64f8879b6388e5ea1074d27a6d3e12218e3	Int	unsat	0	dl-online	dl-online	5	fd:parse:probe\pprobe:probe\pcas-identity-refuter:declined\pcas-int-units:declined\pdl-online:decided	208	40\p5\p0\p0\p103	no	cas-identity-refuter=incomplete\pcas-int-units=incomplete	no arithmetic disequality had equal polynomial normal forms\pno integer equation normalized to a refutable k·m = c	\p	server5	3	3.09
lra-atom-screen-20260916	shipped	QF_IDL/parity/01.500.graph.smt2	6261a505ea6767af32873bfc897ae64f8879b6388e5ea1074d27a6d3e12218e3	Int	unsat	0	dl-online	dl-online	3	fd:parse:probe\pprobe:probe\pdl-online:decided	2409	151\p45\p1957	no				server5	3	3.09
lra-atom-screen-20260916	shipped	QF_IDL/parity/03.100.graph.smt2	6261a505ea6767af32873bfc897ae64f8879b6388e5ea1074d27a6d3e12218e3	Int	unsat	0	dl-online	dl-online	3	fd:parse:probe\pprobe:probe\pdl-online:decided	109	5\p1\p49	no				server5	3	3.08
lra-atom-screen-20260916	shipped	QF_IDL/parity/04.500.graph.smt2	6261a505ea6767af32873bfc897ae64f8879b6388e5ea1074d27a6d3e12218e3	Int	sat	0	dl-online	dl-online	3	fd:parse:probe\pprobe:probe\pdl-online:decided	3412	141\p43\p2904	no				server5	3	3.08
lra-atom-screen-20260916	shipped	QF_IDL/parity/06.100.graph.smt2	6261a505ea6767af32873bfc897ae64f8879b6388e5ea1074d27a6d3e12218e3	Int	sat	0	dl-online	dl-online	3	fd:parse:probe\pprobe:probe\pdl-online:decided	108	5\p1\p52	no				server5	3	3.08
lra-atom-screen-20260916	shipped	QF_IDL/parity/07.500.graph.smt2	6261a505ea6767af32873bfc897ae64f8879b6388e5ea1074d27a6d3e12218e3	Int	sat	0	dl-online	dl-online	3	fd:parse:probe\pprobe:probe\pdl-online:decided	2711	144\p44\p2240	no				server5	3	3.08
lra-atom-screen-20260916	shipped	QF_IDL/parity/09.100.graph.smt2	6261a505ea6767af32873bfc897ae64f8879b6388e5ea1074d27a6d3e12218e3	Int	sat	0	dl-online	dl-online	3	fd:parse:probe\pprobe:probe\pdl-online:decided	108	4\p1\p44	no				server5	3	3.08
lra-atom-screen-20260916	shipped	QF_IDL/parity/10.500.graph.smt2	6261a505ea6767af32873bfc897ae64f8879b6388e5ea1074d27a6d3e12218e3	Int	sat	0	dl-online	dl-online	3	fd:parse:probe\pprobe:probe\pdl-online:decided	2710	136\p42\p2292	no				server5	3	3.08
lra-atom-screen-20260916	shipped	QF_IDL/parity/12.100.graph.smt2	6261a505ea6767af32873bfc897ae64f8879b6388e5ea1074d27a6d3e12218e3	Int	sat	0	dl-online	dl-online	3	fd:parse:probe\pprobe:probe\pdl-online:decided	208	6\p2\p78	no				server5	3	3.07
lra-atom-screen-20260916	shipped	QF_IDL/parity/13.500.graph.smt2	6261a505ea6767af32873bfc897ae64f8879b6388e5ea1074d27a6d3e12218e3	Int	unsat	0	dl-online	dl-online	3	fd:parse:probe\pprobe:probe\pdl-online:decided	2611	183\p49\p2168	no				server5	3	3.07
lra-atom-screen-20260916	shipped	QF_IDL/parity/15.100.graph.smt2	6261a505ea6767af32873bfc897ae64f8879b6388e5ea1074d27a6d3e12218e3	Int	unsat	0	dl-online	dl-online	3	fd:parse:probe\pprobe:probe\pdl-online:decided	108	5\p2\p59	no				server5	3	3.07
lra-atom-screen-20260916	shipped	QF_IDL/parity/16.500.graph.smt2	6261a505ea6767af32873bfc897ae64f8879b6388e5ea1074d27a6d3e12218e3	Int	sat	0	dl-online	dl-online	3	fd:parse:probe\pprobe:probe\pdl-online:decided	2711	141\p41\p2241	no				server5	3	3.07
lra-atom-screen-20260916	shipped	QF_IDL/parity/18.100.graph.smt2	6261a505ea6767af32873bfc897ae64f8879b6388e5ea1074d27a6d3e12218e3	Int	unsat	0	dl-online	dl-online	3	fd:parse:probe\pprobe:probe\pdl-online:decided	108	4\p1\p52	no				server5	3	3.06
lra-atom-screen-20260916	shipped	QF_IDL/parity/19.500.graph.smt2	6261a505ea6767af32873bfc897ae64f8879b6388e5ea1074d27a6d3e12218e3	Int	sat	0	dl-online	dl-online	3	fd:parse:probe\pprobe:probe\pdl-online:decided	2911	145\p43\p2400	no				server5	3	3.06
lra-atom-screen-20260916	shipped	QF_IDL/parity/21.100.graph.smt2	6261a505ea6767af32873bfc897ae64f8879b6388e5ea1074d27a6d3e12218e3	Int	sat	0	dl-online	dl-online	3	fd:parse:probe\pprobe:probe\pdl-online:decided	108	5\p1\p53	no				server5	3	3.06
lra-atom-screen-20260916	shipped	QF_IDL/parity/22.500.graph.smt2	6261a505ea6767af32873bfc897ae64f8879b6388e5ea1074d27a6d3e12218e3	Int	sat	0	dl-online	dl-online	3	fd:parse:probe\pprobe:probe\pdl-online:decided	3011	132\p38\p2538	no				server5	3	3.06
lra-atom-screen-20260916	shipped	QF_IDL/parity/24.100.graph.smt2	6261a505ea6767af32873bfc897ae64f8879b6388e5ea1074d27a6d3e12218e3	Int	unsat	0	dl-online	dl-online	3	fd:parse:probe\pprobe:probe\pdl-online:decided	107	5\p2\p56	no				server5	3	3.06
lra-atom-screen-20260916	shipped	QF_IDL/parity/25.500.graph.smt2	6261a505ea6767af32873bfc897ae64f8879b6388e5ea1074d27a6d3e12218e3	Int	sat	0	dl-online	dl-online	3	fd:parse:probe\pprobe:probe\pdl-online:decided	4311	152\p47\p3755	no				server5	3	3.06
lra-atom-screen-20260916	shipped	QF_IDL/parity/27.100.graph.smt2	6261a505ea6767af32873bfc897ae64f8879b6388e5ea1074d27a6d3e12218e3	Int	unsat	0	dl-online	dl-online	3	fd:parse:probe\pprobe:probe\pdl-online:decided	108	4\p1\p39	no				server5	3	3.05
lra-atom-screen-20260916	shipped	QF_IDL/parity/28.500.graph.smt2	6261a505ea6767af32873bfc897ae64f8879b6388e5ea1074d27a6d3e12218e3	Int	unsat	0	dl-online	dl-online	3	fd:parse:probe\pprobe:probe\pdl-online:decided	3212	164\p47\p2811	no				server5	3	3.05
lra-atom-screen-20260916	shipped	QF_IDL/parity/30.100.graph.smt2	6261a505ea6767af32873bfc897ae64f8879b6388e5ea1074d27a6d3e12218e3	Int	unsat	0	dl-online	dl-online	3	fd:parse:probe\pprobe:probe\pdl-online:decided	109	4\p1\p39	no				server5	3	3.05
lra-atom-screen-20260916	shipped	QF_IDL/parity/31.500.graph.smt2	6261a505ea6767af32873bfc897ae64f8879b6388e5ea1074d27a6d3e12218e3	Int	sat	0	dl-online	dl-online	3	fd:parse:probe\pprobe:probe\pdl-online:decided	3312	170\p49\p2726	no				server5	3	3.05
lra-atom-screen-20260916	shipped	QF_IDL/planning/plan-18.cvc.smt2	6261a505ea6767af32873bfc897ae64f8879b6388e5ea1074d27a6d3e12218e3	Int	unsat	0	dl-online	dl-online	4	fd:parse:probe\pprobe:probe\pcas-int-units:declined\pdl-online:decided	208	9\p1\p0\p123	no	cas-int-units=incomplete	no integer equation normalized to a refutable k·m = c		server5	3	3.05
lra-atom-screen-20260916	shipped	QF_IDL/planning/plan-30.cvc.smt2	6261a505ea6767af32873bfc897ae64f8879b6388e5ea1074d27a6d3e12218e3	Int	unsat	0	dl-online	dl-online	4	fd:parse:probe\pprobe:probe\pcas-int-units:declined\pdl-online:decided	408	24\p2\p0\p271	no	cas-int-units=incomplete	no integer equation normalized to a refutable k·m = c		server5	3	3.05
lra-atom-screen-20260916	shipped	QF_IDL/planning/plan-42.cvc.smt2	6261a505ea6767af32873bfc897ae64f8879b6388e5ea1074d27a6d3e12218e3	Int	unsat	0	dl-online	dl-online	4	fd:parse:probe\pprobe:probe\pcas-int-units:declined\pdl-online:decided	709	46\p3\p0\p536	no	cas-int-units=incomplete	no integer equation normalized to a refutable k·m = c		server5	3	3.12
lra-atom-screen-20260916	shipped	QF_IDL/planning/plan-9.cvc.smt2	6261a505ea6767af32873bfc897ae64f8879b6388e5ea1074d27a6d3e12218e3	Int	unsat	0	dl-online	dl-online	4	fd:parse:probe\pprobe:probe\pcas-int-units:declined\pdl-online:decided	108	3\p0\p0\p32	no	cas-int-units=incomplete	no integer equation normalized to a refutable k·m = c		server5	3	3.12
lra-atom-screen-20260916	shipped	QF_IDL/qlock/qlock-4-10-15.induction.cvc.smt2	6261a505ea6767af32873bfc897ae64f8879b6388e5ea1074d27a6d3e12218e3	Int	sat	0	dl-online	dl-online	4	fd:parse:probe\pprobe:probe\pcas-int-units:declined\pdl-online:decided	3211	30\p3\p0\p3147	no	cas-int-units=incomplete	no integer equation normalized to a refutable k·m = c		server5	3	3.12
lra-atom-screen-20260916	shipped	QF_IDL/qlock/qlock-4-10-21.induction.cvc.smt2	6261a505ea6767af32873bfc897ae64f8879b6388e5ea1074d27a6d3e12218e3	Int	sat	0	dl-online	dl-online	4	fd:parse:probe\pprobe:probe\pcas-int-units:declined\pdl-online:decided	9117	52\p4\p0\p8986	no	cas-int-units=incomplete	no integer equation normalized to a refutable k·m = c		server5	3	3.12
lra-atom-screen-20260916	shipped	QF_IDL/qlock/qlock-4-10-27.induction.cvc.smt2	6261a505ea6767af32873bfc897ae64f8879b6388e5ea1074d27a6d3e12218e3	Int	sat	0	dl-online	dl-online	4	fd:parse:probe\pprobe:probe\pcas-int-units:declined\pdl-online:decided	11018	80\p6\p0\p10804	no	cas-int-units=incomplete	no integer equation normalized to a refutable k·m = c		server5	3	3.11
lra-atom-screen-20260916	shipped	QF_IDL/qlock/qlock-4-10-33.induction.cvc.smt2	6261a505ea6767af32873bfc897ae64f8879b6388e5ea1074d27a6d3e12218e3	Int	unknown	0	none	dl-online	17	fd:parse:probe\pprobe:probe\pcas-int-units:declined\pdl-online:declined\plia-simplex:declined\plia-dpll:declined\pq:skolem-qf:declined\pq:nat-induction:declined\pfd:string-gate:declined\pfd:source-string-semantic-unsat:declined\pfd:word-route:declined\pfd:online-string:declined\pfd:membership:declined\pfd:lex-order:declined\pfd:length-lia:declined\pfd:source-string-sat-probe:declined\pfd:bounded-completeness-unsat:declined	21428	115\p7\p0\p21047\p30\p124\p0\p0\p0\p0\p0\p0\p0\p0\p0\p0\p0	no	cas-int-units=incomplete\pdl-online=budget\plia-simplex=unsupported\plia-dpll=budget\pq:skolem-qf=unsupported\pq:nat-induction=not-applicable\pfd:string-gate=budget\pfd:source-string-semantic-unsat=budget\pfd:word-route=budget\pfd:online-string=budget\pfd:membership=budget\pfd:lex-order=budget\pfd:length-lia=budget\pfd:source-string-sat-probe=budget\pfd:bounded-completeness-unsat=budget	no integer equation normalized to a refutable k·m = c\pbudget exhausted in the online difference-logic driver (atoms=9700, equality_gates=4390, bool_equality_gates=1056, cnf_vars=36548, clauses=78687)\pQF_LIA: assertion is not a conjunctive linear integer constraint\plazy linear arithmetic pre-SAT skeleton exceeds the joint resource boundary (atoms=8874, cnf_vars=48163, base_trigger=>1024/>4096, moderate_envelope<=10240/<=16384, initial_clauses=7853, blocking_lemmas=0); declining before the online CDCL(T) probe (dispatch-overrun fix: admission evaluated before the reserve was spent)\pquant-route ownership (ADR-2103): `q:skolem-qf` owns {Real, Int, BvOrFloat, Datatype, Function, UninterpretedSort, Array, NonBvArray, NonBoolBvArray} and does not own {NestedArray, WideInt}, which this quantified query carries, so its non-decision is a decline and the ladder continues. Its own reason was: lazy linear arithmetic pre-SAT skeleton exceeds the joint resource boundary (atoms=8874, cnf_vars=48163, base_trigger=>1024/>4096, moderate_envelope<=10240/<=16384, initial_clauses=7853, blocking_lemmas=0); declining before the online CDCL(T) probe (dispatch-overrun fix: admission evaluated before the reserve was spent)\p\plazy linear arithmetic pre-SAT skeleton exceeds the joint resource boundary (atoms=8874, cnf_vars=48163, base_trigger=>1024/>4096, moderate_envelope<=10240/<=16384, initial_clauses=7853, blocking_lemmas=0); declining before the online CDCL(T) probe (dispatch-overrun fix: admission evaluated before the reserve was spent)\plazy linear arithmetic pre-SAT skeleton exceeds the joint resource boundary (atoms=8874, cnf_vars=48163, base_trigger=>1024/>4096, moderate_envelope<=10240/<=16384, initial_clauses=7853, blocking_lemmas=0); declining before the online CDCL(T) probe (dispatch-overrun fix: admission evaluated before the reserve was spent)\plazy linear arithmetic pre-SAT skeleton exceeds the joint resource boundary (atoms=8874, cnf_vars=48163, base_trigger=>1024/>4096, moderate_envelope<=10240/<=16384, initial_clauses=7853, blocking_lemmas=0); declining before the online CDCL(T) probe (dispatch-overrun fix: admission evaluated before the reserve was spent)\plazy linear arithmetic pre-SAT skeleton exceeds the joint resource boundary (atoms=8874, cnf_vars=48163, base_trigger=>1024/>4096, moderate_envelope<=10240/<=16384, initial_clauses=7853, blocking_lemmas=0); declining before the online CDCL(T) probe (dispatch-overrun fix: admission evaluated before the reserve was spent)\plazy linear arithmetic pre-SAT skeleton exceeds the joint resource boundary (atoms=8874, cnf_vars=48163, base_trigger=>1024/>4096, moderate_envelope<=10240/<=16384, initial_clauses=7853, blocking_lemmas=0); declining before the online CDCL(T) probe (dispatch-overrun fix: admission evaluated before the reserve was spent)\plazy linear arithmetic pre-SAT skeleton exceeds the joint resource boundary (atoms=8874, cnf_vars=48163, base_trigger=>1024/>4096, moderate_envelope<=10240/<=16384, initial_clauses=7853, blocking_lemmas=0); declining before the online CDCL(T) probe (dispatch-overrun fix: admission evaluated before the reserve was spent)\plazy linear arithmetic pre-SAT skeleton exceeds the joint resource boundary (atoms=8874, cnf_vars=48163, base_trigger=>1024/>4096, moderate_envelope<=10240/<=16384, initial_clauses=7853, blocking_lemmas=0); declining before the online CDCL(T) probe (dispatch-overrun fix: admission evaluated before the reserve was spent)\plazy linear arithmetic pre-SAT skeleton exceeds the joint resource boundary (atoms=8874, cnf_vars=48163, base_trigger=>1024/>4096, moderate_envelope<=10240/<=16384, initial_clauses=7853, blocking_lemmas=0); declining before the online CDCL(T) probe (dispatch-overrun fix: admission evaluated before the reserve was spent)\plazy linear arithmetic pre-SAT skeleton exceeds the joint resource boundary (atoms=8874, cnf_vars=48163, base_trigger=>1024/>4096, moderate_envelope<=10240/<=16384, initial_clauses=7853, blocking_lemmas=0); declining before the online CDCL(T) probe (dispatch-overrun fix: admission evaluated before the reserve was spent)	\pother\pbackend\pother\pquant-ownership-decline\p\pother\pother\pother\pother\pother\pother\pother\pother\pother	server5	3	3.29
lra-atom-screen-20260916	shipped	QF_IDL/qlock/qlock-4-10-39.induction.cvc.smt2	6261a505ea6767af32873bfc897ae64f8879b6388e5ea1074d27a6d3e12218e3	Int	unknown	0	none	dl-online	17	fd:parse:probe\pprobe:probe\pcas-int-units:declined\pdl-online:declined\plia-simplex:declined\plia-dpll:declined\pq:skolem-qf:declined\pq:nat-induction:declined\pfd:string-gate:declined\pfd:source-string-semantic-unsat:declined\pfd:word-route:declined\pfd:online-string:declined\pfd:membership:declined\pfd:lex-order:declined\pfd:length-lia:declined\pfd:source-string-sat-probe:declined\pfd:bounded-completeness-unsat:declined	21529	160\p9\p0\p21058\p26\p147\p0\p0\p0\p0\p0\p0\p0\p0\p0\p0\p0	no	cas-int-units=incomplete\pdl-online=budget\plia-simplex=unsupported\plia-dpll=budget\pq:skolem-qf=unsupported\pq:nat-induction=not-applicable\pfd:string-gate=budget\pfd:source-string-semantic-unsat=budget\pfd:word-route=budget\pfd:online-string=budget\pfd:membership=budget\pfd:lex-order=budget\pfd:length-lia=budget\pfd:source-string-sat-probe=budget\pfd:bounded-completeness-unsat=budget	no integer equation normalized to a refutable k·m = c\pbudget exhausted in the online difference-logic driver (atoms=11458, equality_gates=5188, bool_equality_gates=1248, cnf_vars=43154, clauses=92919)\pQF_LIA: assertion is not a conjunctive linear integer constraint\plazy linear arithmetic pre-SAT skeleton exceeds the joint resource boundary (atoms=10482, cnf_vars=55810, base_trigger=>1024/>4096, moderate_envelope<=10240/<=16384, initial_clauses=8192, blocking_lemmas=0); declining before the online CDCL(T) probe (dispatch-overrun fix: admission evaluated before the reserve was spent)\pquant-route ownership (ADR-2103): `q:skolem-qf` owns {Real, Int, BvOrFloat, Datatype, Function, UninterpretedSort, Array, NonBvArray, NonBoolBvArray} and does not own {NestedArray, WideInt}, which this quantified query carries, so its non-decision is a decline and the ladder continues. Its own reason was: lazy linear arithmetic pre-SAT skeleton exceeds the joint resource boundary (atoms=10482, cnf_vars=55810, base_trigger=>1024/>4096, moderate_envelope<=10240/<=16384, initial_clauses=8192, blocking_lemmas=0); declining before the online CDCL(T) probe (dispatch-overrun fix: admission evaluated before the reserve was spent)\p\plazy linear arithmetic pre-SAT skeleton exceeds the joint resource boundary (atoms=10482, cnf_vars=55810, base_trigger=>1024/>4096, moderate_envelope<=10240/<=16384, initial_clauses=8192, blocking_lemmas=0); declining before the online CDCL(T) probe (dispatch-overrun fix: admission evaluated before the reserve was spent)\plazy linear arithmetic pre-SAT skeleton exceeds the joint resource boundary (atoms=10482, cnf_vars=55810, base_trigger=>1024/>4096, moderate_envelope<=10240/<=16384, initial_clauses=8192, blocking_lemmas=0); declining before the online CDCL(T) probe (dispatch-overrun fix: admission evaluated before the reserve was spent)\plazy linear arithmetic pre-SAT skeleton exceeds the joint resource boundary (atoms=10482, cnf_vars=55810, base_trigger=>1024/>4096, moderate_envelope<=10240/<=16384, initial_clauses=8192, blocking_lemmas=0); declining before the online CDCL(T) probe (dispatch-overrun fix: admission evaluated before the reserve was spent)\plazy linear arithmetic pre-SAT skeleton exceeds the joint resource boundary (atoms=10482, cnf_vars=55810, base_trigger=>1024/>4096, moderate_envelope<=10240/<=16384, initial_clauses=8192, blocking_lemmas=0); declining before the online CDCL(T) probe (dispatch-overrun fix: admission evaluated before the reserve was spent)\plazy linear arithmetic pre-SAT skeleton exceeds the joint resource boundary (atoms=10482, cnf_vars=55810, base_trigger=>1024/>4096, moderate_envelope<=10240/<=16384, initial_clauses=8192, blocking_lemmas=0); declining before the online CDCL(T) probe (dispatch-overrun fix: admission evaluated before the reserve was spent)\plazy linear arithmetic pre-SAT skeleton exceeds the joint resource boundary (atoms=10482, cnf_vars=55810, base_trigger=>1024/>4096, moderate_envelope<=10240/<=16384, initial_clauses=8192, blocking_lemmas=0); declining before the online CDCL(T) probe (dispatch-overrun fix: admission evaluated before the reserve was spent)\plazy linear arithmetic pre-SAT skeleton exceeds the joint resource boundary (atoms=10482, cnf_vars=55810, base_trigger=>1024/>4096, moderate_envelope<=10240/<=16384, initial_clauses=8192, blocking_lemmas=0); declining before the online CDCL(T) probe (dispatch-overrun fix: admission evaluated before the reserve was spent)\plazy linear arithmetic pre-SAT skeleton exceeds the joint resource boundary (atoms=10482, cnf_vars=55810, base_trigger=>1024/>4096, moderate_envelope<=10240/<=16384, initial_clauses=8192, blocking_lemmas=0); declining before the online CDCL(T) probe (dispatch-overrun fix: admission evaluated before the reserve was spent)\plazy linear arithmetic pre-SAT skeleton exceeds the joint resource boundary (atoms=10482, cnf_vars=55810, base_trigger=>1024/>4096, moderate_envelope<=10240/<=16384, initial_clauses=8192, blocking_lemmas=0); declining before the online CDCL(T) probe (dispatch-overrun fix: admission evaluated before the reserve was spent)	\pother\pbackend\pother\pquant-ownership-decline\p\pother\pother\pother\pother\pother\pother\pother\pother\pother	server5	3	3.20
lra-atom-screen-20260916	shipped	QF_IDL/qlock/qlock-4-10-9.induction.cvc.smt2	6261a505ea6767af32873bfc897ae64f8879b6388e5ea1074d27a6d3e12218e3	Int	sat	0	dl-online	dl-online	4	fd:parse:probe\pprobe:probe\pcas-int-units:declined\pdl-online:decided	2310	12\p2\p0\p2213	no	cas-int-units=incomplete	no integer equation normalized to a refutable k·m = c		server5	3	3.14
lra-atom-screen-20260916	shipped	QF_IDL/queens_bench/n_queen/queen20-1.smt2	6261a505ea6767af32873bfc897ae64f8879b6388e5ea1074d27a6d3e12218e3	Int	sat	0	dl-online	dl-online	4	fd:parse:probe\pprobe:probe\pcas-identity-refuter:declined\pdl-online:decided	508	1\p0\p0\p438	no	cas-identity-refuter=incomplete	no arithmetic disequality had equal polynomial normal forms		server5	3	3.13
lra-atom-screen-20260916	shipped	QF_IDL/queens_bench/n_queen/queen31-1.smt2	6261a505ea6767af32873bfc897ae64f8879b6388e5ea1074d27a6d3e12218e3	Int	sat	0	dl-online	dl-online	4	fd:parse:probe\pprobe:probe\pcas-identity-refuter:declined\pdl-online:decided	13621	2\p0\p0\p13562	no	cas-identity-refuter=incomplete	no arithmetic disequality had equal polynomial normal forms		server5	3	3.13
lra-atom-screen-20260916	shipped	QF_IDL/queens_bench/n_queen/queen42-1.smt2	6261a505ea6767af32873bfc897ae64f8879b6388e5ea1074d27a6d3e12218e3	Int	unknown	0	none	dl-online	5	fd:parse:probe\pprobe:probe\pcas-identity-refuter:declined\pdl-online:declined\plia-simplex:declined	25031	5\p1\p1\p21001\p2	yes	cas-identity-refuter=incomplete\pdl-online=budget\plia-simplex=unsupported	no arithmetic disequality had equal polynomial normal forms\pbudget exhausted in the online difference-logic driver (atoms=5250, equality_gates=2583, bool_equality_gates=0, cnf_vars=13082, clauses=20914)\pQF_LIA: integer disequality (needs DPLL(T))	\pother\pbackend	server5	3	3.27
lra-atom-screen-20260916	shipped	QF_IDL/queens_bench/n_queen/queen53-1.smt2	6261a505ea6767af32873bfc897ae64f8879b6388e5ea1074d27a6d3e12218e3	Int	unknown	0	none	dl-online	17	fd:parse:probe\pprobe:probe\pcas-identity-refuter:declined\pdl-online:declined\plia-simplex:declined\plia-dpll:declined\pq:skolem-qf:declined\pq:nat-induction:declined\pfd:string-gate:declined\pfd:source-string-semantic-unsat:declined\pfd:word-route:declined\pfd:online-string:declined\pfd:membership:declined\pfd:lex-order:declined\pfd:length-lia:declined\pfd:source-string-sat-probe:declined\pfd:bounded-completeness-unsat:declined	21127	8\p2\p2\p21002\p3\p43\p0\p0\p0\p0\p0\p0\p0\p0\p0\p0\p0	no	cas-identity-refuter=incomplete\pdl-online=budget\plia-simplex=unsupported\plia-dpll=budget\pq:skolem-qf=unsupported\pq:nat-induction=not-applicable\pfd:string-gate=budget\pfd:source-string-semantic-unsat=budget\pfd:word-route=budget\pfd:online-string=budget\pfd:membership=budget\pfd:lex-order=budget\pfd:length-lia=budget\pfd:source-string-sat-probe=budget\pfd:bounded-completeness-unsat=budget	no arithmetic disequality had equal polynomial normal forms\pbudget exhausted in the online difference-logic driver (atoms=8374, equality_gates=4134, bool_equality_gates=0, cnf_vars=20881, clauses=33388)\pQF_LIA: integer disequality (needs DPLL(T))\plazy linear arithmetic pre-SAT skeleton exceeds the joint resource boundary (atoms=8374, cnf_vars=18125, base_trigger=>1024/>4096, moderate_envelope<=10240/<=16384, initial_clauses=1378, blocking_lemmas=0); declining before the online CDCL(T) probe (dispatch-overrun fix: admission evaluated before the reserve was spent)\pquant-route ownership (ADR-2103): `q:skolem-qf` owns {Real, Int, BvOrFloat, Datatype, Function, UninterpretedSort, Array, NonBvArray, NonBoolBvArray} and does not own {NestedArray, WideInt}, which this quantified query carries, so its non-decision is a decline and the ladder continues. Its own reason was: lazy linear arithmetic pre-SAT skeleton exceeds the joint resource boundary (atoms=8374, cnf_vars=18125, base_trigger=>1024/>4096, moderate_envelope<=10240/<=16384, initial_clauses=1378, blocking_lemmas=0); declining before the online CDCL(T) probe (dispatch-overrun fix: admission evaluated before the reserve was spent)\p\plazy linear arithmetic pre-SAT skeleton exceeds the joint resource boundary (atoms=8374, cnf_vars=18125, base_trigger=>1024/>4096, moderate_envelope<=10240/<=16384, initial_clauses=1378, blocking_lemmas=0); declining before the online CDCL(T) probe (dispatch-overrun fix: admission evaluated before the reserve was spent)\plazy linear arithmetic pre-SAT skeleton exceeds the joint resource boundary (atoms=8374, cnf_vars=18125, base_trigger=>1024/>4096, moderate_envelope<=10240/<=16384, initial_clauses=1378, blocking_lemmas=0); declining before the online CDCL(T) probe (dispatch-overrun fix: admission evaluated before the reserve was spent)\plazy linear arithmetic pre-SAT skeleton exceeds the joint resource boundary (atoms=8374, cnf_vars=18125, base_trigger=>1024/>4096, moderate_envelope<=10240/<=16384, initial_clauses=1378, blocking_lemmas=0); declining before the online CDCL(T) probe (dispatch-overrun fix: admission evaluated before the reserve was spent)\plazy linear arithmetic pre-SAT skeleton exceeds the joint resource boundary (atoms=8374, cnf_vars=18125, base_trigger=>1024/>4096, moderate_envelope<=10240/<=16384, initial_clauses=1378, blocking_lemmas=0); declining before the online CDCL(T) probe (dispatch-overrun fix: admission evaluated before the reserve was spent)\plazy linear arithmetic pre-SAT skeleton exceeds the joint resource boundary (atoms=8374, cnf_vars=18125, base_trigger=>1024/>4096, moderate_envelope<=10240/<=16384, initial_clauses=1378, blocking_lemmas=0); declining before the online CDCL(T) probe (dispatch-overrun fix: admission evaluated before the reserve was spent)\plazy linear arithmetic pre-SAT skeleton exceeds the joint resource boundary (atoms=8374, cnf_vars=18125, base_trigger=>1024/>4096, moderate_envelope<=10240/<=16384, initial_clauses=1378, blocking_lemmas=0); declining before the online CDCL(T) probe (dispatch-overrun fix: admission evaluated before the reserve was spent)\plazy linear arithmetic pre-SAT skeleton exceeds the joint resource boundary (atoms=8374, cnf_vars=18125, base_trigger=>1024/>4096, moderate_envelope<=10240/<=16384, initial_clauses=1378, blocking_lemmas=0); declining before the online CDCL(T) probe (dispatch-overrun fix: admission evaluated before the reserve was spent)\plazy linear arithmetic pre-SAT skeleton exceeds the joint resource boundary (atoms=8374, cnf_vars=18125, base_trigger=>1024/>4096, moderate_envelope<=10240/<=16384, initial_clauses=1378, blocking_lemmas=0); declining before the online CDCL(T) probe (dispatch-overrun fix: admission evaluated before the reserve was spent)\plazy linear arithmetic pre-SAT skeleton exceeds the joint resource boundary (atoms=8374, cnf_vars=18125, base_trigger=>1024/>4096, moderate_envelope<=10240/<=16384, initial_clauses=1378, blocking_lemmas=0); declining before the online CDCL(T) probe (dispatch-overrun fix: admission evaluated before the reserve was spent)	\pother\pbackend\pother\pquant-ownership-decline\p\pother\pother\pother\pother\pother\pother\pother\pother\pother	server5	3	3.17
lra-atom-screen-20260916	shipped	QF_IDL/queens_bench/n_queen/queen64-1.smt2	6261a505ea6767af32873bfc897ae64f8879b6388e5ea1074d27a6d3e12218e3	Int	unknown	0	none	dl-online	17	fd:parse:probe\pprobe:probe\pcas-identity-refuter:declined\pdl-online:declined\plia-simplex:declined\plia-dpll:declined\pq:skolem-qf:declined\pq:nat-induction:declined\pfd:string-gate:declined\pfd:source-string-semantic-unsat:declined\pfd:word-route:declined\pfd:online-string:declined\pfd:membership:declined\pfd:lex-order:declined\pfd:length-lia:declined\pfd:source-string-sat-probe:declined\pfd:bounded-completeness-unsat:declined	21226	13\p3\p3\p21001\p5\p75\p0\p0\p0\p0\p0\p0\p0\p0\p0\p0\p0	no	cas-identity-refuter=incomplete\pdl-online=budget\plia-simplex=unsupported\plia-dpll=budget\pq:skolem-qf=unsupported\pq:nat-induction=not-applicable\pfd:string-gate=budget\pfd:source-string-semantic-unsat=budget\pfd:word-route=budget\pfd:online-string=budget\pfd:membership=budget\pfd:lex-order=budget\pfd:length-lia=budget\pfd:source-string-sat-probe=budget\pfd:bounded-completeness-unsat=budget	no arithmetic disequality had equal polynomial normal forms\pbudget exhausted in the online difference-logic driver (atoms=12224, equality_gates=6048, bool_equality_gates=0, cnf_vars=30495, clauses=48766)\pQF_LIA: integer disequality (needs DPLL(T))\plazy linear arithmetic pre-SAT skeleton exceeds the joint resource boundary (atoms=12224, cnf_vars=26463, base_trigger=>1024/>4096, moderate_envelope<=10240/<=16384, initial_clauses=2016, blocking_lemmas=0); declining before the online CDCL(T) probe (dispatch-overrun fix: admission evaluated before the reserve was spent)\pquant-route ownership (ADR-2103): `q:skolem-qf` owns {Real, Int, BvOrFloat, Datatype, Function, UninterpretedSort, Array, NonBvArray, NonBoolBvArray} and does not own {NestedArray, WideInt}, which this quantified query carries, so its non-decision is a decline and the ladder continues. Its own reason was: lazy linear arithmetic pre-SAT skeleton exceeds the joint resource boundary (atoms=12224, cnf_vars=26463, base_trigger=>1024/>4096, moderate_envelope<=10240/<=16384, initial_clauses=2016, blocking_lemmas=0); declining before the online CDCL(T) probe (dispatch-overrun fix: admission evaluated before the reserve was spent)\p\plazy linear arithmetic pre-SAT skeleton exceeds the joint resource boundary (atoms=12224, cnf_vars=26463, base_trigger=>1024/>4096, moderate_envelope<=10240/<=16384, initial_clauses=2016, blocking_lemmas=0); declining before the online CDCL(T) probe (dispatch-overrun fix: admission evaluated before the reserve was spent)\plazy linear arithmetic pre-SAT skeleton exceeds the joint resource boundary (atoms=12224, cnf_vars=26463, base_trigger=>1024/>4096, moderate_envelope<=10240/<=16384, initial_clauses=2016, blocking_lemmas=0); declining before the online CDCL(T) probe (dispatch-overrun fix: admission evaluated before the reserve was spent)\plazy linear arithmetic pre-SAT skeleton exceeds the joint resource boundary (atoms=12224, cnf_vars=26463, base_trigger=>1024/>4096, moderate_envelope<=10240/<=16384, initial_clauses=2016, blocking_lemmas=0); declining before the online CDCL(T) probe (dispatch-overrun fix: admission evaluated before the reserve was spent)\plazy linear arithmetic pre-SAT skeleton exceeds the joint resource boundary (atoms=12224, cnf_vars=26463, base_trigger=>1024/>4096, moderate_envelope<=10240/<=16384, initial_clauses=2016, blocking_lemmas=0); declining before the online CDCL(T) probe (dispatch-overrun fix: admission evaluated before the reserve was spent)\plazy linear arithmetic pre-SAT skeleton exceeds the joint resource boundary (atoms=12224, cnf_vars=26463, base_trigger=>1024/>4096, moderate_envelope<=10240/<=16384, initial_clauses=2016, blocking_lemmas=0); declining before the online CDCL(T) probe (dispatch-overrun fix: admission evaluated before the reserve was spent)\plazy linear arithmetic pre-SAT skeleton exceeds the joint resource boundary (atoms=12224, cnf_vars=26463, base_trigger=>1024/>4096, moderate_envelope<=10240/<=16384, initial_clauses=2016, blocking_lemmas=0); declining before the online CDCL(T) probe (dispatch-overrun fix: admission evaluated before the reserve was spent)\plazy linear arithmetic pre-SAT skeleton exceeds the joint resource boundary (atoms=12224, cnf_vars=26463, base_trigger=>1024/>4096, moderate_envelope<=10240/<=16384, initial_clauses=2016, blocking_lemmas=0); declining before the online CDCL(T) probe (dispatch-overrun fix: admission evaluated before the reserve was spent)\plazy linear arithmetic pre-SAT skeleton exceeds the joint resource boundary (atoms=12224, cnf_vars=26463, base_trigger=>1024/>4096, moderate_envelope<=10240/<=16384, initial_clauses=2016, blocking_lemmas=0); declining before the online CDCL(T) probe (dispatch-overrun fix: admission evaluated before the reserve was spent)\plazy linear arithmetic pre-SAT skeleton exceeds the joint resource boundary (atoms=12224, cnf_vars=26463, base_trigger=>1024/>4096, moderate_envelope<=10240/<=16384, initial_clauses=2016, blocking_lemmas=0); declining before the online CDCL(T) probe (dispatch-overrun fix: admission evaluated before the reserve was spent)	\pother\pbackend\pother\pquant-ownership-decline\p\pother\pother\pother\pother\pother\pother\pother\pother\pother	server5	3	3.11
lra-atom-screen-20260916	shipped	QF_IDL/queens_bench/n_queen/queen75-1.smt2	6261a505ea6767af32873bfc897ae64f8879b6388e5ea1074d27a6d3e12218e3	Int	unknown	0	none	dl-online	17	fd:parse:probe\pprobe:probe\pcas-identity-refuter:declined\pdl-online:declined\plia-simplex:declined\plia-dpll:declined\pq:skolem-qf:declined\pq:nat-induction:declined\pfd:string-gate:declined\pfd:source-string-semantic-unsat:declined\pfd:word-route:declined\pfd:online-string:declined\pfd:membership:declined\pfd:lex-order:declined\pfd:length-lia:declined\pfd:source-string-sat-probe:declined\pfd:bounded-completeness-unsat:declined	21226	19\p5\p4\p21003\p7\p127\p0\p0\p0\p0\p0\p0\p0\p0\p0\p0\p0	no	cas-identity-refuter=incomplete\pdl-online=budget\plia-simplex=unsupported\plia-dpll=budget\pq:skolem-qf=unsupported\pq:nat-induction=not-applicable\pfd:string-gate=budget\pfd:source-string-semantic-unsat=budget\pfd:word-route=budget\pfd:online-string=budget\pfd:membership=budget\pfd:lex-order=budget\pfd:length-lia=budget\pfd:source-string-sat-probe=budget\pfd:bounded-completeness-unsat=budget	no arithmetic disequality had equal polynomial normal forms\pbudget exhausted in the online difference-logic driver (atoms=16800, equality_gates=8325, bool_equality_gates=0, cnf_vars=41924, clauses=67048)\pQF_LIA: integer disequality (needs DPLL(T))\plazy linear arithmetic pre-SAT skeleton exceeds the joint resource boundary (atoms=16800, cnf_vars=36374, base_trigger=>1024/>4096, moderate_envelope<=10240/<=16384, initial_clauses=2775, blocking_lemmas=0); declining before the online CDCL(T) probe (dispatch-overrun fix: admission evaluated before the reserve was spent)\pquant-route ownership (ADR-2103): `q:skolem-qf` owns {Real, Int, BvOrFloat, Datatype, Function, UninterpretedSort, Array, NonBvArray, NonBoolBvArray} and does not own {NestedArray, WideInt}, which this quantified query carries, so its non-decision is a decline and the ladder continues. Its own reason was: lazy linear arithmetic pre-SAT skeleton exceeds the joint resource boundary (atoms=16800, cnf_vars=36374, base_trigger=>1024/>4096, moderate_envelope<=10240/<=16384, initial_clauses=2775, blocking_lemmas=0); declining before the online CDCL(T) probe (dispatch-overrun fix: admission evaluated before the reserve was spent)\p\plazy linear arithmetic pre-SAT skeleton exceeds the joint resource boundary (atoms=16800, cnf_vars=36374, base_trigger=>1024/>4096, moderate_envelope<=10240/<=16384, initial_clauses=2775, blocking_lemmas=0); declining before the online CDCL(T) probe (dispatch-overrun fix: admission evaluated before the reserve was spent)\plazy linear arithmetic pre-SAT skeleton exceeds the joint resource boundary (atoms=16800, cnf_vars=36374, base_trigger=>1024/>4096, moderate_envelope<=10240/<=16384, initial_clauses=2775, blocking_lemmas=0); declining before the online CDCL(T) probe (dispatch-overrun fix: admission evaluated before the reserve was spent)\plazy linear arithmetic pre-SAT skeleton exceeds the joint resource boundary (atoms=16800, cnf_vars=36374, base_trigger=>1024/>4096, moderate_envelope<=10240/<=16384, initial_clauses=2775, blocking_lemmas=0); declining before the online CDCL(T) probe (dispatch-overrun fix: admission evaluated before the reserve was spent)\plazy linear arithmetic pre-SAT skeleton exceeds the joint resource boundary (atoms=16800, cnf_vars=36374, base_trigger=>1024/>4096, moderate_envelope<=10240/<=16384, initial_clauses=2775, blocking_lemmas=0); declining before the online CDCL(T) probe (dispatch-overrun fix: admission evaluated before the reserve was spent)\plazy linear arithmetic pre-SAT skeleton exceeds the joint resource boundary (atoms=16800, cnf_vars=36374, base_trigger=>1024/>4096, moderate_envelope<=10240/<=16384, initial_clauses=2775, blocking_lemmas=0); declining before the online CDCL(T) probe (dispatch-overrun fix: admission evaluated before the reserve was spent)\plazy linear arithmetic pre-SAT skeleton exceeds the joint resource boundary (atoms=16800, cnf_vars=36374, base_trigger=>1024/>4096, moderate_envelope<=10240/<=16384, initial_clauses=2775, blocking_lemmas=0); declining before the online CDCL(T) probe (dispatch-overrun fix: admission evaluated before the reserve was spent)\plazy linear arithmetic pre-SAT skeleton exceeds the joint resource boundary (atoms=16800, cnf_vars=36374, base_trigger=>1024/>4096, moderate_envelope<=10240/<=16384, initial_clauses=2775, blocking_lemmas=0); declining before the online CDCL(T) probe (dispatch-overrun fix: admission evaluated before the reserve was spent)\plazy linear arithmetic pre-SAT skeleton exceeds the joint resource boundary (atoms=16800, cnf_vars=36374, base_trigger=>1024/>4096, moderate_envelope<=10240/<=16384, initial_clauses=2775, blocking_lemmas=0); declining before the online CDCL(T) probe (dispatch-overrun fix: admission evaluated before the reserve was spent)\plazy linear arithmetic pre-SAT skeleton exceeds the joint resource boundary (atoms=16800, cnf_vars=36374, base_trigger=>1024/>4096, moderate_envelope<=10240/<=16384, initial_clauses=2775, blocking_lemmas=0); declining before the online CDCL(T) probe (dispatch-overrun fix: admission evaluated before the reserve was spent)	\pother\pbackend\pother\pquant-ownership-decline\p\pother\pother\pother\pother\pother\pother\pother\pother\pother	server5	3	3.08
lra-atom-screen-20260916	shipped	QF_IDL/queens_bench/n_queen/queen86-1.smt2	6261a505ea6767af32873bfc897ae64f8879b6388e5ea1074d27a6d3e12218e3	Int	unknown	0	none	dl-online	17	fd:parse:probe\pprobe:probe\pcas-identity-refuter:declined\pdl-online:declined\plia-simplex:declined\plia-dpll:declined\pq:skolem-qf:declined\pq:nat-induction:declined\pfd:string-gate:declined\pfd:source-string-semantic-unsat:declined\pfd:word-route:declined\pfd:online-string:declined\pfd:membership:declined\pfd:lex-order:declined\pfd:length-lia:declined\pfd:source-string-sat-probe:declined\pfd:bounded-completeness-unsat:declined	21328	32\p7\p6\p21003\p11\p202\p0\p0\p0\p0\p0\p0\p0\p0\p0\p0\p0	no	cas-identity-refuter=incomplete\pdl-online=budget\plia-simplex=unsupported\plia-dpll=budget\pq:skolem-qf=unsupported\pq:nat-induction=not-applicable\pfd:string-gate=budget\pfd:source-string-semantic-unsat=budget\pfd:word-route=budget\pfd:online-string=budget\pfd:membership=budget\pfd:lex-order=budget\pfd:length-lia=budget\pfd:source-string-sat-probe=budget\pfd:bounded-completeness-unsat=budget	no arithmetic disequality had equal polynomial normal forms\pbudget exhausted in the online difference-logic driver (atoms=22102, equality_gates=10965, bool_equality_gates=0, cnf_vars=55168, clauses=88234)\pQF_LIA: integer disequality (needs DPLL(T))\plazy linear arithmetic pre-SAT skeleton exceeds the joint resource boundary (atoms=22102, cnf_vars=47858, base_trigger=>1024/>4096, moderate_envelope<=10240/<=16384, initial_clauses=3655, blocking_lemmas=0); declining before the online CDCL(T) probe (dispatch-overrun fix: admission evaluated before the reserve was spent)\pquant-route ownership (ADR-2103): `q:skolem-qf` owns {Real, Int, BvOrFloat, Datatype, Function, UninterpretedSort, Array, NonBvArray, NonBoolBvArray} and does not own {NestedArray, WideInt}, which this quantified query carries, so its non-decision is a decline and the ladder continues. Its own reason was: lazy linear arithmetic pre-SAT skeleton exceeds the joint resource boundary (atoms=22102, cnf_vars=47858, base_trigger=>1024/>4096, moderate_envelope<=10240/<=16384, initial_clauses=3655, blocking_lemmas=0); declining before the online CDCL(T) probe (dispatch-overrun fix: admission evaluated before the reserve was spent)\p\plazy linear arithmetic pre-SAT skeleton exceeds the joint resource boundary (atoms=22102, cnf_vars=47858, base_trigger=>1024/>4096, moderate_envelope<=10240/<=16384, initial_clauses=3655, blocking_lemmas=0); declining before the online CDCL(T) probe (dispatch-overrun fix: admission evaluated before the reserve was spent)\plazy linear arithmetic pre-SAT skeleton exceeds the joint resource boundary (atoms=22102, cnf_vars=47858, base_trigger=>1024/>4096, moderate_envelope<=10240/<=16384, initial_clauses=3655, blocking_lemmas=0); declining before the online CDCL(T) probe (dispatch-overrun fix: admission evaluated before the reserve was spent)\plazy linear arithmetic pre-SAT skeleton exceeds the joint resource boundary (atoms=22102, cnf_vars=47858, base_trigger=>1024/>4096, moderate_envelope<=10240/<=16384, initial_clauses=3655, blocking_lemmas=0); declining before the online CDCL(T) probe (dispatch-overrun fix: admission evaluated before the reserve was spent)\plazy linear arithmetic pre-SAT skeleton exceeds the joint resource boundary (atoms=22102, cnf_vars=47858, base_trigger=>1024/>4096, moderate_envelope<=10240/<=16384, initial_clauses=3655, blocking_lemmas=0); declining before the online CDCL(T) probe (dispatch-overrun fix: admission evaluated before the reserve was spent)\plazy linear arithmetic pre-SAT skeleton exceeds the joint resource boundary (atoms=22102, cnf_vars=47858, base_trigger=>1024/>4096, moderate_envelope<=10240/<=16384, initial_clauses=3655, blocking_lemmas=0); declining before the online CDCL(T) probe (dispatch-overrun fix: admission evaluated before the reserve was spent)\plazy linear arithmetic pre-SAT skeleton exceeds the joint resource boundary (atoms=22102, cnf_vars=47858, base_trigger=>1024/>4096, moderate_envelope<=10240/<=16384, initial_clauses=3655, blocking_lemmas=0); declining before the online CDCL(T) probe (dispatch-overrun fix: admission evaluated before the reserve was spent)\plazy linear arithmetic pre-SAT skeleton exceeds the joint resource boundary (atoms=22102, cnf_vars=47858, base_trigger=>1024/>4096, moderate_envelope<=10240/<=16384, initial_clauses=3655, blocking_lemmas=0); declining before the online CDCL(T) probe (dispatch-overrun fix: admission evaluated before the reserve was spent)\plazy linear arithmetic pre-SAT skeleton exceeds the joint resource boundary (atoms=22102, cnf_vars=47858, base_trigger=>1024/>4096, moderate_envelope<=10240/<=16384, initial_clauses=3655, blocking_lemmas=0); declining before the online CDCL(T) probe (dispatch-overrun fix: admission evaluated before the reserve was spent)\plazy linear arithmetic pre-SAT skeleton exceeds the joint resource boundary (atoms=22102, cnf_vars=47858, base_trigger=>1024/>4096, moderate_envelope<=10240/<=16384, initial_clauses=3655, blocking_lemmas=0); declining before the online CDCL(T) probe (dispatch-overrun fix: admission evaluated before the reserve was spent)	\pother\pbackend\pother\pquant-ownership-decline\p\pother\pother\pother\pother\pother\pother\pother\pother\pother	server5	3	3.06
lra-atom-screen-20260916	shipped	QF_IDL/queens_bench/n_queen/queen97-1.smt2	6261a505ea6767af32873bfc897ae64f8879b6388e5ea1074d27a6d3e12218e3	Int	unknown	0	none	dl-online	17	fd:parse:probe\pprobe:probe\pcas-identity-refuter:declined\pdl-online:declined\plia-simplex:declined\plia-dpll:declined\pq:skolem-qf:declined\pq:nat-induction:declined\pfd:string-gate:declined\pfd:source-string-semantic-unsat:declined\pfd:word-route:declined\pfd:online-string:declined\pfd:membership:declined\pfd:lex-order:declined\pfd:length-lia:declined\pfd:source-string-sat-probe:declined\pfd:bounded-completeness-unsat:declined	21528	46\p8\p8\p21006\p13\p296\p0\p0\p0\p0\p0\p0\p0\p0\p0\p0\p0	no	cas-identity-refuter=incomplete\pdl-online=budget\plia-simplex=unsupported\plia-dpll=budget\pq:skolem-qf=unsupported\pq:nat-induction=not-applicable\pfd:string-gate=budget\pfd:source-string-semantic-unsat=budget\pfd:word-route=budget\pfd:online-string=budget\pfd:membership=budget\pfd:lex-order=budget\pfd:length-lia=budget\pfd:source-string-sat-probe=budget\pfd:bounded-completeness-unsat=budget	no arithmetic disequality had equal polynomial normal forms\pbudget exhausted in the online difference-logic driver (atoms=28130, equality_gates=13968, bool_equality_gates=0, cnf_vars=70227, clauses=112324)\pQF_LIA: integer disequality (needs DPLL(T))\plazy linear arithmetic pre-SAT skeleton exceeds the joint resource boundary (atoms=28130, cnf_vars=60915, base_trigger=>1024/>4096, moderate_envelope<=10240/<=16384, initial_clauses=4656, blocking_lemmas=0); declining before the online CDCL(T) probe (dispatch-overrun fix: admission evaluated before the reserve was spent)\pquant-route ownership (ADR-2103): `q:skolem-qf` owns {Real, Int, BvOrFloat, Datatype, Function, UninterpretedSort, Array, NonBvArray, NonBoolBvArray} and does not own {NestedArray, WideInt}, which this quantified query carries, so its non-decision is a decline and the ladder continues. Its own reason was: lazy linear arithmetic pre-SAT skeleton exceeds the joint resource boundary (atoms=28130, cnf_vars=60915, base_trigger=>1024/>4096, moderate_envelope<=10240/<=16384, initial_clauses=4656, blocking_lemmas=0); declining before the online CDCL(T) probe (dispatch-overrun fix: admission evaluated before the reserve was spent)\p\plazy linear arithmetic pre-SAT skeleton exceeds the joint resource boundary (atoms=28130, cnf_vars=60915, base_trigger=>1024/>4096, moderate_envelope<=10240/<=16384, initial_clauses=4656, blocking_lemmas=0); declining before the online CDCL(T) probe (dispatch-overrun fix: admission evaluated before the reserve was spent)\plazy linear arithmetic pre-SAT skeleton exceeds the joint resource boundary (atoms=28130, cnf_vars=60915, base_trigger=>1024/>4096, moderate_envelope<=10240/<=16384, initial_clauses=4656, blocking_lemmas=0); declining before the online CDCL(T) probe (dispatch-overrun fix: admission evaluated before the reserve was spent)\plazy linear arithmetic pre-SAT skeleton exceeds the joint resource boundary (atoms=28130, cnf_vars=60915, base_trigger=>1024/>4096, moderate_envelope<=10240/<=16384, initial_clauses=4656, blocking_lemmas=0); declining before the online CDCL(T) probe (dispatch-overrun fix: admission evaluated before the reserve was spent)\plazy linear arithmetic pre-SAT skeleton exceeds the joint resource boundary (atoms=28130, cnf_vars=60915, base_trigger=>1024/>4096, moderate_envelope<=10240/<=16384, initial_clauses=4656, blocking_lemmas=0); declining before the online CDCL(T) probe (dispatch-overrun fix: admission evaluated before the reserve was spent)\plazy linear arithmetic pre-SAT skeleton exceeds the joint resource boundary (atoms=28130, cnf_vars=60915, base_trigger=>1024/>4096, moderate_envelope<=10240/<=16384, initial_clauses=4656, blocking_lemmas=0); declining before the online CDCL(T) probe (dispatch-overrun fix: admission evaluated before the reserve was spent)\plazy linear arithmetic pre-SAT skeleton exceeds the joint resource boundary (atoms=28130, cnf_vars=60915, base_trigger=>1024/>4096, moderate_envelope<=10240/<=16384, initial_clauses=4656, blocking_lemmas=0); declining before the online CDCL(T) probe (dispatch-overrun fix: admission evaluated before the reserve was spent)\plazy linear arithmetic pre-SAT skeleton exceeds the joint resource boundary (atoms=28130, cnf_vars=60915, base_trigger=>1024/>4096, moderate_envelope<=10240/<=16384, initial_clauses=4656, blocking_lemmas=0); declining before the online CDCL(T) probe (dispatch-overrun fix: admission evaluated before the reserve was spent)\plazy linear arithmetic pre-SAT skeleton exceeds the joint resource boundary (atoms=28130, cnf_vars=60915, base_trigger=>1024/>4096, moderate_envelope<=10240/<=16384, initial_clauses=4656, blocking_lemmas=0); declining before the online CDCL(T) probe (dispatch-overrun fix: admission evaluated before the reserve was spent)\plazy linear arithmetic pre-SAT skeleton exceeds the joint resource boundary (atoms=28130, cnf_vars=60915, base_trigger=>1024/>4096, moderate_envelope<=10240/<=16384, initial_clauses=4656, blocking_lemmas=0); declining before the online CDCL(T) probe (dispatch-overrun fix: admission evaluated before the reserve was spent)	\pother\pbackend\pother\pquant-ownership-decline\p\pother\pother\pother\pother\pother\pother\pother\pother\pother	server5	3	3.04
lra-atom-screen-20260916	shipped	QF_IDL/queens_bench/super_queen/super_queen18-1.smt2	6261a505ea6767af32873bfc897ae64f8879b6388e5ea1074d27a6d3e12218e3	Int	sat	0	dl-online	dl-online	4	fd:parse:probe\pprobe:probe\pcas-identity-refuter:declined\pdl-online:decided	609	1\p0\p0\p523	no	cas-identity-refuter=incomplete	no arithmetic disequality had equal polynomial normal forms		server5	3	3.02
lra-atom-screen-20260916	shipped	QF_IDL/queens_bench/super_queen/super_queen29-1.smt2	6261a505ea6767af32873bfc897ae64f8879b6388e5ea1074d27a6d3e12218e3	Int	sat	0	dl-online	dl-online	4	fd:parse:probe\pprobe:probe\pcas-identity-refuter:declined\pdl-online:decided	20726	2\p0\p0\p20637	no	cas-identity-refuter=incomplete	no arithmetic disequality had equal polynomial normal forms		server5	3	3.02
lra-atom-screen-20260916	shipped	QF_IDL/queens_bench/super_queen/super_queen4-1.smt2	6261a505ea6767af32873bfc897ae64f8879b6388e5ea1074d27a6d3e12218e3	Int	unsat	0	dl-online	dl-online	4	fd:parse:probe\pprobe:probe\pcas-identity-refuter:declined\pdl-online:decided	107	0\p0\p0\p0	no	cas-identity-refuter=incomplete	no arithmetic disequality had equal polynomial normal forms		server5	3	3.02
lra-atom-screen-20260916	shipped	QF_IDL/queens_bench/super_queen/super_queen50-1.smt2	6261a505ea6767af32873bfc897ae64f8879b6388e5ea1074d27a6d3e12218e3	Int	unknown	0	none	dl-online	17	fd:parse:probe\pprobe:probe\pcas-identity-refuter:declined\pdl-online:declined\plia-simplex:declined\plia-dpll:declined\pq:skolem-qf:declined\pq:nat-induction:declined\pfd:string-gate:declined\pfd:source-string-semantic-unsat:declined\pfd:word-route:declined\pfd:online-string:declined\pfd:membership:declined\pfd:lex-order:declined\pfd:length-lia:declined\pfd:source-string-sat-probe:declined\pfd:bounded-completeness-unsat:declined	21126	7\p2\p2\p21002\p3\p43\p0\p0\p0\p0\p0\p0\p0\p0\p0\p0\p0	no	cas-identity-refuter=incomplete\pdl-online=budget\plia-simplex=unsupported\plia-dpll=budget\pq:skolem-qf=unsupported\pq:nat-induction=not-applicable\pfd:string-gate=budget\pfd:source-string-semantic-unsat=budget\pfd:word-route=budget\pfd:online-string=budget\pfd:membership=budget\pfd:lex-order=budget\pfd:length-lia=budget\pfd:source-string-sat-probe=budget\pfd:bounded-completeness-unsat=budget	no arithmetic disequality had equal polynomial normal forms\pbudget exhausted in the online difference-logic driver (atoms=7838, equality_gates=3869, bool_equality_gates=0, cnf_vars=19544, clauses=31250)\pQF_LIA: integer disequality (needs DPLL(T))\plazy linear arithmetic pre-SAT skeleton exceeds the joint resource boundary (atoms=7838, cnf_vars=17385, base_trigger=>1024/>4096, moderate_envelope<=10240/<=16384, initial_clauses=1710, blocking_lemmas=0); declining before the online CDCL(T) probe (dispatch-overrun fix: admission evaluated before the reserve was spent)\pquant-route ownership (ADR-2103): `q:skolem-qf` owns {Real, Int, BvOrFloat, Datatype, Function, UninterpretedSort, Array, NonBvArray, NonBoolBvArray} and does not own {NestedArray, WideInt}, which this quantified query carries, so its non-decision is a decline and the ladder continues. Its own reason was: lazy linear arithmetic pre-SAT skeleton exceeds the joint resource boundary (atoms=7838, cnf_vars=17385, base_trigger=>1024/>4096, moderate_envelope<=10240/<=16384, initial_clauses=1710, blocking_lemmas=0); declining before the online CDCL(T) probe (dispatch-overrun fix: admission evaluated before the reserve was spent)\p\plazy linear arithmetic pre-SAT skeleton exceeds the joint resource boundary (atoms=7838, cnf_vars=17385, base_trigger=>1024/>4096, moderate_envelope<=10240/<=16384, initial_clauses=1710, blocking_lemmas=0); declining before the online CDCL(T) probe (dispatch-overrun fix: admission evaluated before the reserve was spent)\plazy linear arithmetic pre-SAT skeleton exceeds the joint resource boundary (atoms=7838, cnf_vars=17385, base_trigger=>1024/>4096, moderate_envelope<=10240/<=16384, initial_clauses=1710, blocking_lemmas=0); declining before the online CDCL(T) probe (dispatch-overrun fix: admission evaluated before the reserve was spent)\plazy linear arithmetic pre-SAT skeleton exceeds the joint resource boundary (atoms=7838, cnf_vars=17385, base_trigger=>1024/>4096, moderate_envelope<=10240/<=16384, initial_clauses=1710, blocking_lemmas=0); declining before the online CDCL(T) probe (dispatch-overrun fix: admission evaluated before the reserve was spent)\plazy linear arithmetic pre-SAT skeleton exceeds the joint resource boundary (atoms=7838, cnf_vars=17385, base_trigger=>1024/>4096, moderate_envelope<=10240/<=16384, initial_clauses=1710, blocking_lemmas=0); declining before the online CDCL(T) probe (dispatch-overrun fix: admission evaluated before the reserve was spent)\plazy linear arithmetic pre-SAT skeleton exceeds the joint resource boundary (atoms=7838, cnf_vars=17385, base_trigger=>1024/>4096, moderate_envelope<=10240/<=16384, initial_clauses=1710, blocking_lemmas=0); declining before the online CDCL(T) probe (dispatch-overrun fix: admission evaluated before the reserve was spent)\plazy linear arithmetic pre-SAT skeleton exceeds the joint resource boundary (atoms=7838, cnf_vars=17385, base_trigger=>1024/>4096, moderate_envelope<=10240/<=16384, initial_clauses=1710, blocking_lemmas=0); declining before the online CDCL(T) probe (dispatch-overrun fix: admission evaluated before the reserve was spent)\plazy linear arithmetic pre-SAT skeleton exceeds the joint resource boundary (atoms=7838, cnf_vars=17385, base_trigger=>1024/>4096, moderate_envelope<=10240/<=16384, initial_clauses=1710, blocking_lemmas=0); declining before the online CDCL(T) probe (dispatch-overrun fix: admission evaluated before the reserve was spent)\plazy linear arithmetic pre-SAT skeleton exceeds the joint resource boundary (atoms=7838, cnf_vars=17385, base_trigger=>1024/>4096, moderate_envelope<=10240/<=16384, initial_clauses=1710, blocking_lemmas=0); declining before the online CDCL(T) probe (dispatch-overrun fix: admission evaluated before the reserve was spent)\plazy linear arithmetic pre-SAT skeleton exceeds the joint resource boundary (atoms=7838, cnf_vars=17385, base_trigger=>1024/>4096, moderate_envelope<=10240/<=16384, initial_clauses=1710, blocking_lemmas=0); declining before the online CDCL(T) probe (dispatch-overrun fix: admission evaluated before the reserve was spent)	\pother\pbackend\pother\pquant-ownership-decline\p\pother\pother\pother\pother\pother\pother\pother\pother\pother	server5	3	3.02
lra-atom-screen-20260916	shipped	QF_IDL/queens_bench/super_queen/super_queen61-1.smt2	6261a505ea6767af32873bfc897ae64f8879b6388e5ea1074d27a6d3e12218e3	Int	unknown	0	none	dl-online	17	fd:parse:probe\pprobe:probe\pcas-identity-refuter:declined\pdl-online:declined\plia-simplex:declined\plia-dpll:declined\pq:skolem-qf:declined\pq:nat-induction:declined\pfd:string-gate:declined\pfd:source-string-semantic-unsat:declined\pfd:word-route:declined\pfd:online-string:declined\pfd:membership:declined\pfd:lex-order:declined\pfd:length-lia:declined\pfd:source-string-sat-probe:declined\pfd:bounded-completeness-unsat:declined	21228	13\p3\p3\p21002\p6\p78\p0\p0\p0\p0\p0\p0\p0\p0\p0\p0\p0	no	cas-identity-refuter=incomplete\pdl-online=budget\plia-simplex=unsupported\plia-dpll=budget\pq:skolem-qf=unsupported\pq:nat-induction=not-applicable\pfd:string-gate=budget\pfd:source-string-semantic-unsat=budget\pfd:word-route=budget\pfd:online-string=budget\pfd:membership=budget\pfd:lex-order=budget\pfd:length-lia=budget\pfd:source-string-sat-probe=budget\pfd:bounded-completeness-unsat=budget	no arithmetic disequality had equal polynomial normal forms\pbudget exhausted in the online difference-logic driver (atoms=11578, equality_gates=5728, bool_equality_gates=0, cnf_vars=28883, clauses=46188)\pQF_LIA: integer disequality (needs DPLL(T))\plazy linear arithmetic pre-SAT skeleton exceeds the joint resource boundary (atoms=11578, cnf_vars=25580, base_trigger=>1024/>4096, moderate_envelope<=10240/<=16384, initial_clauses=2425, blocking_lemmas=0); declining before the online CDCL(T) probe (dispatch-overrun fix: admission evaluated before the reserve was spent)\pquant-route ownership (ADR-2103): `q:skolem-qf` owns {Real, Int, BvOrFloat, Datatype, Function, UninterpretedSort, Array, NonBvArray, NonBoolBvArray} and does not own {NestedArray, WideInt}, which this quantified query carries, so its non-decision is a decline and the ladder continues. Its own reason was: lazy linear arithmetic pre-SAT skeleton exceeds the joint resource boundary (atoms=11578, cnf_vars=25580, base_trigger=>1024/>4096, moderate_envelope<=10240/<=16384, initial_clauses=2425, blocking_lemmas=0); declining before the online CDCL(T) probe (dispatch-overrun fix: admission evaluated before the reserve was spent)\p\plazy linear arithmetic pre-SAT skeleton exceeds the joint resource boundary (atoms=11578, cnf_vars=25580, base_trigger=>1024/>4096, moderate_envelope<=10240/<=16384, initial_clauses=2425, blocking_lemmas=0); declining before the online CDCL(T) probe (dispatch-overrun fix: admission evaluated before the reserve was spent)\plazy linear arithmetic pre-SAT skeleton exceeds the joint resource boundary (atoms=11578, cnf_vars=25580, base_trigger=>1024/>4096, moderate_envelope<=10240/<=16384, initial_clauses=2425, blocking_lemmas=0); declining before the online CDCL(T) probe (dispatch-overrun fix: admission evaluated before the reserve was spent)\plazy linear arithmetic pre-SAT skeleton exceeds the joint resource boundary (atoms=11578, cnf_vars=25580, base_trigger=>1024/>4096, moderate_envelope<=10240/<=16384, initial_clauses=2425, blocking_lemmas=0); declining before the online CDCL(T) probe (dispatch-overrun fix: admission evaluated before the reserve was spent)\plazy linear arithmetic pre-SAT skeleton exceeds the joint resource boundary (atoms=11578, cnf_vars=25580, base_trigger=>1024/>4096, moderate_envelope<=10240/<=16384, initial_clauses=2425, blocking_lemmas=0); declining before the online CDCL(T) probe (dispatch-overrun fix: admission evaluated before the reserve was spent)\plazy linear arithmetic pre-SAT skeleton exceeds the joint resource boundary (atoms=11578, cnf_vars=25580, base_trigger=>1024/>4096, moderate_envelope<=10240/<=16384, initial_clauses=2425, blocking_lemmas=0); declining before the online CDCL(T) probe (dispatch-overrun fix: admission evaluated before the reserve was spent)\plazy linear arithmetic pre-SAT skeleton exceeds the joint resource boundary (atoms=11578, cnf_vars=25580, base_trigger=>1024/>4096, moderate_envelope<=10240/<=16384, initial_clauses=2425, blocking_lemmas=0); declining before the online CDCL(T) probe (dispatch-overrun fix: admission evaluated before the reserve was spent)\plazy linear arithmetic pre-SAT skeleton exceeds the joint resource boundary (atoms=11578, cnf_vars=25580, base_trigger=>1024/>4096, moderate_envelope<=10240/<=16384, initial_clauses=2425, blocking_lemmas=0); declining before the online CDCL(T) probe (dispatch-overrun fix: admission evaluated before the reserve was spent)\plazy linear arithmetic pre-SAT skeleton exceeds the joint resource boundary (atoms=11578, cnf_vars=25580, base_trigger=>1024/>4096, moderate_envelope<=10240/<=16384, initial_clauses=2425, blocking_lemmas=0); declining before the online CDCL(T) probe (dispatch-overrun fix: admission evaluated before the reserve was spent)\plazy linear arithmetic pre-SAT skeleton exceeds the joint resource boundary (atoms=11578, cnf_vars=25580, base_trigger=>1024/>4096, moderate_envelope<=10240/<=16384, initial_clauses=2425, blocking_lemmas=0); declining before the online CDCL(T) probe (dispatch-overrun fix: admission evaluated before the reserve was spent)	\pother\pbackend\pother\pquant-ownership-decline\p\pother\pother\pother\pother\pother\pother\pother\pother\pother	server5	3	3.01
lra-atom-screen-20260916	shipped	QF_IDL/queens_bench/super_queen/super_queen72-1.smt2	6261a505ea6767af32873bfc897ae64f8879b6388e5ea1074d27a6d3e12218e3	Int	unknown	0	none	dl-online	17	fd:parse:probe\pprobe:probe\pcas-identity-refuter:declined\pdl-online:declined\plia-simplex:declined\plia-dpll:declined\pq:skolem-qf:declined\pq:nat-induction:declined\pfd:string-gate:declined\pfd:source-string-semantic-unsat:declined\pfd:word-route:declined\pfd:online-string:declined\pfd:membership:declined\pfd:lex-order:declined\pfd:length-lia:declined\pfd:source-string-sat-probe:declined\pfd:bounded-completeness-unsat:declined	21227	19\p5\p4\p21004\p7\p121\p0\p0\p0\p0\p0\p0\p0\p0\p0\p0\p0	no	cas-identity-refuter=incomplete\pdl-online=budget\plia-simplex=unsupported\plia-dpll=budget\pq:skolem-qf=unsupported\pq:nat-induction=not-applicable\pfd:string-gate=budget\pfd:source-string-semantic-unsat=budget\pfd:word-route=budget\pfd:online-string=budget\pfd:membership=budget\pfd:lex-order=budget\pfd:length-lia=budget\pfd:source-string-sat-probe=budget\pfd:bounded-completeness-unsat=budget	no arithmetic disequality had equal polynomial normal forms\pbudget exhausted in the online difference-logic driver (atoms=16044, equality_gates=7950, bool_equality_gates=0, cnf_vars=40037, clauses=64030)\pQF_LIA: integer disequality (needs DPLL(T))\plazy linear arithmetic pre-SAT skeleton exceeds the joint resource boundary (atoms=16044, cnf_vars=35348, base_trigger=>1024/>4096, moderate_envelope<=10240/<=16384, initial_clauses=3261, blocking_lemmas=0); declining before the online CDCL(T) probe (dispatch-overrun fix: admission evaluated before the reserve was spent)\pquant-route ownership (ADR-2103): `q:skolem-qf` owns {Real, Int, BvOrFloat, Datatype, Function, UninterpretedSort, Array, NonBvArray, NonBoolBvArray} and does not own {NestedArray, WideInt}, which this quantified query carries, so its non-decision is a decline and the ladder continues. Its own reason was: lazy linear arithmetic pre-SAT skeleton exceeds the joint resource boundary (atoms=16044, cnf_vars=35348, base_trigger=>1024/>4096, moderate_envelope<=10240/<=16384, initial_clauses=3261, blocking_lemmas=0); declining before the online CDCL(T) probe (dispatch-overrun fix: admission evaluated before the reserve was spent)\p\plazy linear arithmetic pre-SAT skeleton exceeds the joint resource boundary (atoms=16044, cnf_vars=35348, base_trigger=>1024/>4096, moderate_envelope<=10240/<=16384, initial_clauses=3261, blocking_lemmas=0); declining before the online CDCL(T) probe (dispatch-overrun fix: admission evaluated before the reserve was spent)\plazy linear arithmetic pre-SAT skeleton exceeds the joint resource boundary (atoms=16044, cnf_vars=35348, base_trigger=>1024/>4096, moderate_envelope<=10240/<=16384, initial_clauses=3261, blocking_lemmas=0); declining before the online CDCL(T) probe (dispatch-overrun fix: admission evaluated before the reserve was spent)\plazy linear arithmetic pre-SAT skeleton exceeds the joint resource boundary (atoms=16044, cnf_vars=35348, base_trigger=>1024/>4096, moderate_envelope<=10240/<=16384, initial_clauses=3261, blocking_lemmas=0); declining before the online CDCL(T) probe (dispatch-overrun fix: admission evaluated before the reserve was spent)\plazy linear arithmetic pre-SAT skeleton exceeds the joint resource boundary (atoms=16044, cnf_vars=35348, base_trigger=>1024/>4096, moderate_envelope<=10240/<=16384, initial_clauses=3261, blocking_lemmas=0); declining before the online CDCL(T) probe (dispatch-overrun fix: admission evaluated before the reserve was spent)\plazy linear arithmetic pre-SAT skeleton exceeds the joint resource boundary (atoms=16044, cnf_vars=35348, base_trigger=>1024/>4096, moderate_envelope<=10240/<=16384, initial_clauses=3261, blocking_lemmas=0); declining before the online CDCL(T) probe (dispatch-overrun fix: admission evaluated before the reserve was spent)\plazy linear arithmetic pre-SAT skeleton exceeds the joint resource boundary (atoms=16044, cnf_vars=35348, base_trigger=>1024/>4096, moderate_envelope<=10240/<=16384, initial_clauses=3261, blocking_lemmas=0); declining before the online CDCL(T) probe (dispatch-overrun fix: admission evaluated before the reserve was spent)\plazy linear arithmetic pre-SAT skeleton exceeds the joint resource boundary (atoms=16044, cnf_vars=35348, base_trigger=>1024/>4096, moderate_envelope<=10240/<=16384, initial_clauses=3261, blocking_lemmas=0); declining before the online CDCL(T) probe (dispatch-overrun fix: admission evaluated before the reserve was spent)\plazy linear arithmetic pre-SAT skeleton exceeds the joint resource boundary (atoms=16044, cnf_vars=35348, base_trigger=>1024/>4096, moderate_envelope<=10240/<=16384, initial_clauses=3261, blocking_lemmas=0); declining before the online CDCL(T) probe (dispatch-overrun fix: admission evaluated before the reserve was spent)\plazy linear arithmetic pre-SAT skeleton exceeds the joint resource boundary (atoms=16044, cnf_vars=35348, base_trigger=>1024/>4096, moderate_envelope<=10240/<=16384, initial_clauses=3261, blocking_lemmas=0); declining before the online CDCL(T) probe (dispatch-overrun fix: admission evaluated before the reserve was spent)	\pother\pbackend\pother\pquant-ownership-decline\p\pother\pother\pother\pother\pother\pother\pother\pother\pother	server5	3	3.01
lra-atom-screen-20260916	shipped	QF_IDL/queens_bench/super_queen/super_queen83-1.smt2	6261a505ea6767af32873bfc897ae64f8879b6388e5ea1074d27a6d3e12218e3	Int	unknown	0	none	dl-online	17	fd:parse:probe\pprobe:probe\pcas-identity-refuter:declined\pdl-online:declined\plia-simplex:declined\plia-dpll:declined\pq:skolem-qf:declined\pq:nat-induction:declined\pfd:string-gate:declined\pfd:source-string-semantic-unsat:declined\pfd:word-route:declined\pfd:online-string:declined\pfd:membership:declined\pfd:lex-order:declined\pfd:length-lia:declined\pfd:source-string-sat-probe:declined\pfd:bounded-completeness-unsat:declined	21326	32\p6\p6\p21004\p10\p192\p0\p0\p0\p0\p0\p0\p0\p0\p0\p0\p0	no	cas-identity-refuter=incomplete\pdl-online=budget\plia-simplex=unsupported\plia-dpll=budget\pq:skolem-qf=unsupported\pq:nat-induction=not-applicable\pfd:string-gate=budget\pfd:source-string-semantic-unsat=budget\pfd:word-route=budget\pfd:online-string=budget\pfd:membership=budget\pfd:lex-order=budget\pfd:length-lia=budget\pfd:source-string-sat-probe=budget\pfd:bounded-completeness-unsat=budget	no arithmetic disequality had equal polynomial normal forms\pbudget exhausted in the online difference-logic driver (atoms=21236, equality_gates=10535, bool_equality_gates=0, cnf_vars=53006, clauses=84776)\pQF_LIA: integer disequality (needs DPLL(T))\plazy linear arithmetic pre-SAT skeleton exceeds the joint resource boundary (atoms=21236, cnf_vars=46689, base_trigger=>1024/>4096, moderate_envelope<=10240/<=16384, initial_clauses=4218, blocking_lemmas=0); declining before the online CDCL(T) probe (dispatch-overrun fix: admission evaluated before the reserve was spent)\pquant-route ownership (ADR-2103): `q:skolem-qf` owns {Real, Int, BvOrFloat, Datatype, Function, UninterpretedSort, Array, NonBvArray, NonBoolBvArray} and does not own {NestedArray, WideInt}, which this quantified query carries, so its non-decision is a decline and the ladder continues. Its own reason was: lazy linear arithmetic pre-SAT skeleton exceeds the joint resource boundary (atoms=21236, cnf_vars=46689, base_trigger=>1024/>4096, moderate_envelope<=10240/<=16384, initial_clauses=4218, blocking_lemmas=0); declining before the online CDCL(T) probe (dispatch-overrun fix: admission evaluated before the reserve was spent)\p\plazy linear arithmetic pre-SAT skeleton exceeds the joint resource boundary (atoms=21236, cnf_vars=46689, base_trigger=>1024/>4096, moderate_envelope<=10240/<=16384, initial_clauses=4218, blocking_lemmas=0); declining before the online CDCL(T) probe (dispatch-overrun fix: admission evaluated before the reserve was spent)\plazy linear arithmetic pre-SAT skeleton exceeds the joint resource boundary (atoms=21236, cnf_vars=46689, base_trigger=>1024/>4096, moderate_envelope<=10240/<=16384, initial_clauses=4218, blocking_lemmas=0); declining before the online CDCL(T) probe (dispatch-overrun fix: admission evaluated before the reserve was spent)\plazy linear arithmetic pre-SAT skeleton exceeds the joint resource boundary (atoms=21236, cnf_vars=46689, base_trigger=>1024/>4096, moderate_envelope<=10240/<=16384, initial_clauses=4218, blocking_lemmas=0); declining before the online CDCL(T) probe (dispatch-overrun fix: admission evaluated before the reserve was spent)\plazy linear arithmetic pre-SAT skeleton exceeds the joint resource boundary (atoms=21236, cnf_vars=46689, base_trigger=>1024/>4096, moderate_envelope<=10240/<=16384, initial_clauses=4218, blocking_lemmas=0); declining before the online CDCL(T) probe (dispatch-overrun fix: admission evaluated before the reserve was spent)\plazy linear arithmetic pre-SAT skeleton exceeds the joint resource boundary (atoms=21236, cnf_vars=46689, base_trigger=>1024/>4096, moderate_envelope<=10240/<=16384, initial_clauses=4218, blocking_lemmas=0); declining before the online CDCL(T) probe (dispatch-overrun fix: admission evaluated before the reserve was spent)\plazy linear arithmetic pre-SAT skeleton exceeds the joint resource boundary (atoms=21236, cnf_vars=46689, base_trigger=>1024/>4096, moderate_envelope<=10240/<=16384, initial_clauses=4218, blocking_lemmas=0); declining before the online CDCL(T) probe (dispatch-overrun fix: admission evaluated before the reserve was spent)\plazy linear arithmetic pre-SAT skeleton exceeds the joint resource boundary (atoms=21236, cnf_vars=46689, base_trigger=>1024/>4096, moderate_envelope<=10240/<=16384, initial_clauses=4218, blocking_lemmas=0); declining before the online CDCL(T) probe (dispatch-overrun fix: admission evaluated before the reserve was spent)\plazy linear arithmetic pre-SAT skeleton exceeds the joint resource boundary (atoms=21236, cnf_vars=46689, base_trigger=>1024/>4096, moderate_envelope<=10240/<=16384, initial_clauses=4218, blocking_lemmas=0); declining before the online CDCL(T) probe (dispatch-overrun fix: admission evaluated before the reserve was spent)\plazy linear arithmetic pre-SAT skeleton exceeds the joint resource boundary (atoms=21236, cnf_vars=46689, base_trigger=>1024/>4096, moderate_envelope<=10240/<=16384, initial_clauses=4218, blocking_lemmas=0); declining before the online CDCL(T) probe (dispatch-overrun fix: admission evaluated before the reserve was spent)	\pother\pbackend\pother\pquant-ownership-decline\p\pother\pother\pother\pother\pother\pother\pother\pother\pother	server5	3	3.00
lra-atom-screen-20260916	shipped	QF_IDL/queens_bench/super_queen/super_queen94-1.smt2	6261a505ea6767af32873bfc897ae64f8879b6388e5ea1074d27a6d3e12218e3	Int	unknown	0	none	dl-online	17	fd:parse:probe\pprobe:probe\pcas-identity-refuter:declined\pdl-online:declined\plia-simplex:declined\plia-dpll:declined\pq:skolem-qf:declined\pq:nat-induction:declined\pfd:string-gate:declined\pfd:source-string-semantic-unsat:declined\pfd:word-route:declined\pfd:online-string:declined\pfd:membership:declined\pfd:lex-order:declined\pfd:length-lia:declined\pfd:source-string-sat-probe:declined\pfd:bounded-completeness-unsat:declined	21426	40\p8\p8\p21005\p12\p290\p0\p0\p0\p0\p0\p0\p0\p0\p0\p0\p0	no	cas-identity-refuter=incomplete\pdl-online=budget\plia-simplex=unsupported\plia-dpll=budget\pq:skolem-qf=unsupported\pq:nat-induction=not-applicable\pfd:string-gate=budget\pfd:source-string-semantic-unsat=budget\pfd:word-route=budget\pfd:online-string=budget\pfd:membership=budget\pfd:lex-order=budget\pfd:length-lia=budget\pfd:source-string-sat-probe=budget\pfd:bounded-completeness-unsat=budget	no arithmetic disequality had equal polynomial normal forms\pbudget exhausted in the online difference-logic driver (atoms=27154, equality_gates=13483, bool_equality_gates=0, cnf_vars=67790, clauses=108426)\pQF_LIA: integer disequality (needs DPLL(T))\plazy linear arithmetic pre-SAT skeleton exceeds the joint resource boundary (atoms=27154, cnf_vars=59603, base_trigger=>1024/>4096, moderate_envelope<=10240/<=16384, initial_clauses=5296, blocking_lemmas=0); declining before the online CDCL(T) probe (dispatch-overrun fix: admission evaluated before the reserve was spent)\pquant-route ownership (ADR-2103): `q:skolem-qf` owns {Real, Int, BvOrFloat, Datatype, Function, UninterpretedSort, Array, NonBvArray, NonBoolBvArray} and does not own {NestedArray, WideInt}, which this quantified query carries, so its non-decision is a decline and the ladder continues. Its own reason was: lazy linear arithmetic pre-SAT skeleton exceeds the joint resource boundary (atoms=27154, cnf_vars=59603, base_trigger=>1024/>4096, moderate_envelope<=10240/<=16384, initial_clauses=5296, blocking_lemmas=0); declining before the online CDCL(T) probe (dispatch-overrun fix: admission evaluated before the reserve was spent)\p\plazy linear arithmetic pre-SAT skeleton exceeds the joint resource boundary (atoms=27154, cnf_vars=59603, base_trigger=>1024/>4096, moderate_envelope<=10240/<=16384, initial_clauses=5296, blocking_lemmas=0); declining before the online CDCL(T) probe (dispatch-overrun fix: admission evaluated before the reserve was spent)\plazy linear arithmetic pre-SAT skeleton exceeds the joint resource boundary (atoms=27154, cnf_vars=59603, base_trigger=>1024/>4096, moderate_envelope<=10240/<=16384, initial_clauses=5296, blocking_lemmas=0); declining before the online CDCL(T) probe (dispatch-overrun fix: admission evaluated before the reserve was spent)\plazy linear arithmetic pre-SAT skeleton exceeds the joint resource boundary (atoms=27154, cnf_vars=59603, base_trigger=>1024/>4096, moderate_envelope<=10240/<=16384, initial_clauses=5296, blocking_lemmas=0); declining before the online CDCL(T) probe (dispatch-overrun fix: admission evaluated before the reserve was spent)\plazy linear arithmetic pre-SAT skeleton exceeds the joint resource boundary (atoms=27154, cnf_vars=59603, base_trigger=>1024/>4096, moderate_envelope<=10240/<=16384, initial_clauses=5296, blocking_lemmas=0); declining before the online CDCL(T) probe (dispatch-overrun fix: admission evaluated before the reserve was spent)\plazy linear arithmetic pre-SAT skeleton exceeds the joint resource boundary (atoms=27154, cnf_vars=59603, base_trigger=>1024/>4096, moderate_envelope<=10240/<=16384, initial_clauses=5296, blocking_lemmas=0); declining before the online CDCL(T) probe (dispatch-overrun fix: admission evaluated before the reserve was spent)\plazy linear arithmetic pre-SAT skeleton exceeds the joint resource boundary (atoms=27154, cnf_vars=59603, base_trigger=>1024/>4096, moderate_envelope<=10240/<=16384, initial_clauses=5296, blocking_lemmas=0); declining before the online CDCL(T) probe (dispatch-overrun fix: admission evaluated before the reserve was spent)\plazy linear arithmetic pre-SAT skeleton exceeds the joint resource boundary (atoms=27154, cnf_vars=59603, base_trigger=>1024/>4096, moderate_envelope<=10240/<=16384, initial_clauses=5296, blocking_lemmas=0); declining before the online CDCL(T) probe (dispatch-overrun fix: admission evaluated before the reserve was spent)\plazy linear arithmetic pre-SAT skeleton exceeds the joint resource boundary (atoms=27154, cnf_vars=59603, base_trigger=>1024/>4096, moderate_envelope<=10240/<=16384, initial_clauses=5296, blocking_lemmas=0); declining before the online CDCL(T) probe (dispatch-overrun fix: admission evaluated before the reserve was spent)\plazy linear arithmetic pre-SAT skeleton exceeds the joint resource boundary (atoms=27154, cnf_vars=59603, base_trigger=>1024/>4096, moderate_envelope<=10240/<=16384, initial_clauses=5296, blocking_lemmas=0); declining before the online CDCL(T) probe (dispatch-overrun fix: admission evaluated before the reserve was spent)	\pother\pbackend\pother\pquant-ownership-decline\p\pother\pother\pother\pother\pother\pother\pother\pother\pother	server5	3	3.00
lra-atom-screen-20260916	shipped	QF_IDL/queens_bench/toroidal_bench/toroidal_queen15-1.smt2	6261a505ea6767af32873bfc897ae64f8879b6388e5ea1074d27a6d3e12218e3	Int	unknown	0	none	dl-online	5	fd:parse:probe\pprobe:probe\pcas-identity-refuter:declined\pdl-online:declined\plia-simplex:declined	25030	0\p0\p0\p21019\p0	yes	cas-identity-refuter=incomplete\pdl-online=budget\plia-simplex=unsupported	no arithmetic disequality had equal polynomial normal forms\pbudget exhausted in the online difference-logic driver (atoms=1080, equality_gates=525, bool_equality_gates=0, cnf_vars=2684, clauses=4288)\pQF_LIA: integer disequality (needs DPLL(T))	\pother\pbackend	server5	3	3.06
lra-atom-screen-20260916	shipped	QF_IDL/queens_bench/toroidal_bench/toroidal_queen26-1.smt2	6261a505ea6767af32873bfc897ae64f8879b6388e5ea1074d27a6d3e12218e3	Int	unknown	0	none	dl-online	5	fd:parse:probe\pprobe:probe\pcas-identity-refuter:declined\pdl-online:declined\plia-simplex:declined	25030	2\p1\p0\p21001\p1	yes	cas-identity-refuter=incomplete\pdl-online=budget\plia-simplex=unsupported	no arithmetic disequality had equal polynomial normal forms\pbudget exhausted in the online difference-logic driver (atoms=3250, equality_gates=1599, bool_equality_gates=0, cnf_vars=8098, clauses=12946)\pQF_LIA: integer disequality (needs DPLL(T))	\pother\pbackend	server5	3	2.96
lra-atom-screen-20260916	shipped	QF_IDL/queens_bench/toroidal_bench/toroidal_queen37-1.smt2	6261a505ea6767af32873bfc897ae64f8879b6388e5ea1074d27a6d3e12218e3	Int	unknown	0	none	dl-online	17	fd:parse:probe\pprobe:probe\pcas-identity-refuter:declined\pdl-online:declined\plia-simplex:declined\plia-dpll:declined\pq:skolem-qf:declined\pq:nat-induction:declined\pfd:string-gate:declined\pfd:source-string-semantic-unsat:declined\pfd:word-route:declined\pfd:online-string:declined\pfd:membership:declined\pfd:lex-order:declined\pfd:length-lia:declined\pfd:source-string-sat-probe:declined\pfd:bounded-completeness-unsat:declined	21126	5\p2\p2\p21002\p2\p43\p0\p0\p0\p0\p0\p0\p0\p0\p0\p0\p0	no	cas-identity-refuter=incomplete\pdl-online=budget\plia-simplex=unsupported\plia-dpll=budget\pq:skolem-qf=unsupported\pq:nat-induction=not-applicable\pfd:string-gate=budget\pfd:source-string-semantic-unsat=budget\pfd:word-route=budget\pfd:online-string=budget\pfd:membership=budget\pfd:lex-order=budget\pfd:length-lia=budget\pfd:source-string-sat-probe=budget\pfd:bounded-completeness-unsat=budget	no arithmetic disequality had equal polynomial normal forms\pbudget exhausted in the online difference-logic driver (atoms=6734, equality_gates=3330, bool_equality_gates=0, cnf_vars=16797, clauses=26860)\pQF_LIA: integer disequality (needs DPLL(T))\plazy linear arithmetic pre-SAT skeleton exceeds the joint resource boundary (atoms=6734, cnf_vars=17463, base_trigger=>1024/>4096, moderate_envelope<=10240/<=16384, initial_clauses=3996, blocking_lemmas=0); declining before the online CDCL(T) probe (dispatch-overrun fix: admission evaluated before the reserve was spent)\pquant-route ownership (ADR-2103): `q:skolem-qf` owns {Real, Int, BvOrFloat, Datatype, Function, UninterpretedSort, Array, NonBvArray, NonBoolBvArray} and does not own {NestedArray, WideInt}, which this quantified query carries, so its non-decision is a decline and the ladder continues. Its own reason was: lazy linear arithmetic pre-SAT skeleton exceeds the joint resource boundary (atoms=6734, cnf_vars=17463, base_trigger=>1024/>4096, moderate_envelope<=10240/<=16384, initial_clauses=3996, blocking_lemmas=0); declining before the online CDCL(T) probe (dispatch-overrun fix: admission evaluated before the reserve was spent)\p\plazy linear arithmetic pre-SAT skeleton exceeds the joint resource boundary (atoms=6734, cnf_vars=17463, base_trigger=>1024/>4096, moderate_envelope<=10240/<=16384, initial_clauses=3996, blocking_lemmas=0); declining before the online CDCL(T) probe (dispatch-overrun fix: admission evaluated before the reserve was spent)\plazy linear arithmetic pre-SAT skeleton exceeds the joint resource boundary (atoms=6734, cnf_vars=17463, base_trigger=>1024/>4096, moderate_envelope<=10240/<=16384, initial_clauses=3996, blocking_lemmas=0); declining before the online CDCL(T) probe (dispatch-overrun fix: admission evaluated before the reserve was spent)\plazy linear arithmetic pre-SAT skeleton exceeds the joint resource boundary (atoms=6734, cnf_vars=17463, base_trigger=>1024/>4096, moderate_envelope<=10240/<=16384, initial_clauses=3996, blocking_lemmas=0); declining before the online CDCL(T) probe (dispatch-overrun fix: admission evaluated before the reserve was spent)\plazy linear arithmetic pre-SAT skeleton exceeds the joint resource boundary (atoms=6734, cnf_vars=17463, base_trigger=>1024/>4096, moderate_envelope<=10240/<=16384, initial_clauses=3996, blocking_lemmas=0); declining before the online CDCL(T) probe (dispatch-overrun fix: admission evaluated before the reserve was spent)\plazy linear arithmetic pre-SAT skeleton exceeds the joint resource boundary (atoms=6734, cnf_vars=17463, base_trigger=>1024/>4096, moderate_envelope<=10240/<=16384, initial_clauses=3996, blocking_lemmas=0); declining before the online CDCL(T) probe (dispatch-overrun fix: admission evaluated before the reserve was spent)\plazy linear arithmetic pre-SAT skeleton exceeds the joint resource boundary (atoms=6734, cnf_vars=17463, base_trigger=>1024/>4096, moderate_envelope<=10240/<=16384, initial_clauses=3996, blocking_lemmas=0); declining before the online CDCL(T) probe (dispatch-overrun fix: admission evaluated before the reserve was spent)\plazy linear arithmetic pre-SAT skeleton exceeds the joint resource boundary (atoms=6734, cnf_vars=17463, base_trigger=>1024/>4096, moderate_envelope<=10240/<=16384, initial_clauses=3996, blocking_lemmas=0); declining before the online CDCL(T) probe (dispatch-overrun fix: admission evaluated before the reserve was spent)\plazy linear arithmetic pre-SAT skeleton exceeds the joint resource boundary (atoms=6734, cnf_vars=17463, base_trigger=>1024/>4096, moderate_envelope<=10240/<=16384, initial_clauses=3996, blocking_lemmas=0); declining before the online CDCL(T) probe (dispatch-overrun fix: admission evaluated before the reserve was spent)\plazy linear arithmetic pre-SAT skeleton exceeds the joint resource boundary (atoms=6734, cnf_vars=17463, base_trigger=>1024/>4096, moderate_envelope<=10240/<=16384, initial_clauses=3996, blocking_lemmas=0); declining before the online CDCL(T) probe (dispatch-overrun fix: admission evaluated before the reserve was spent)	\pother\pbackend\pother\pquant-ownership-decline\p\pother\pother\pother\pother\pother\pother\pother\pother\pother	server5	3	2.97
lra-atom-screen-20260916	shipped	QF_IDL/queens_bench/toroidal_bench/toroidal_queen48-1.smt2	6261a505ea6767af32873bfc897ae64f8879b6388e5ea1074d27a6d3e12218e3	Int	unknown	0	none	dl-online	17	fd:parse:probe\pprobe:probe\pcas-identity-refuter:declined\pdl-online:declined\plia-simplex:declined\plia-dpll:declined\pq:skolem-qf:declined\pq:nat-induction:declined\pfd:string-gate:declined\pfd:source-string-semantic-unsat:declined\pfd:word-route:declined\pfd:online-string:declined\pfd:membership:declined\pfd:lex-order:declined\pfd:length-lia:declined\pfd:source-string-sat-probe:declined\pfd:bounded-completeness-unsat:declined	21226	11\p3\p3\p21002\p5\p88\p0\p0\p0\p0\p0\p0\p0\p0\p0\p0\p0	no	cas-identity-refuter=incomplete\pdl-online=budget\plia-simplex=unsupported\plia-dpll=budget\pq:skolem-qf=unsupported\pq:nat-induction=not-applicable\pfd:string-gate=budget\pfd:source-string-semantic-unsat=budget\pfd:word-route=budget\pfd:online-string=budget\pfd:membership=budget\pfd:lex-order=budget\pfd:length-lia=budget\pfd:source-string-sat-probe=budget\pfd:bounded-completeness-unsat=budget	no arithmetic disequality had equal polynomial normal forms\pbudget exhausted in the online difference-logic driver (atoms=11280, equality_gates=5592, bool_equality_gates=0, cnf_vars=28151, clauses=45022)\pQF_LIA: integer disequality (needs DPLL(T))\plazy linear arithmetic pre-SAT skeleton exceeds the joint resource boundary (atoms=11280, cnf_vars=29207, base_trigger=>1024/>4096, moderate_envelope<=10240/<=16384, initial_clauses=6648, blocking_lemmas=0); declining before the online CDCL(T) probe (dispatch-overrun fix: admission evaluated before the reserve was spent)\pquant-route ownership (ADR-2103): `q:skolem-qf` owns {Real, Int, BvOrFloat, Datatype, Function, UninterpretedSort, Array, NonBvArray, NonBoolBvArray} and does not own {NestedArray, WideInt}, which this quantified query carries, so its non-decision is a decline and the ladder continues. Its own reason was: lazy linear arithmetic pre-SAT skeleton exceeds the joint resource boundary (atoms=11280, cnf_vars=29207, base_trigger=>1024/>4096, moderate_envelope<=10240/<=16384, initial_clauses=6648, blocking_lemmas=0); declining before the online CDCL(T) probe (dispatch-overrun fix: admission evaluated before the reserve was spent)\p\plazy linear arithmetic pre-SAT skeleton exceeds the joint resource boundary (atoms=11280, cnf_vars=29207, base_trigger=>1024/>4096, moderate_envelope<=10240/<=16384, initial_clauses=6648, blocking_lemmas=0); declining before the online CDCL(T) probe (dispatch-overrun fix: admission evaluated before the reserve was spent)\plazy linear arithmetic pre-SAT skeleton exceeds the joint resource boundary (atoms=11280, cnf_vars=29207, base_trigger=>1024/>4096, moderate_envelope<=10240/<=16384, initial_clauses=6648, blocking_lemmas=0); declining before the online CDCL(T) probe (dispatch-overrun fix: admission evaluated before the reserve was spent)\plazy linear arithmetic pre-SAT skeleton exceeds the joint resource boundary (atoms=11280, cnf_vars=29207, base_trigger=>1024/>4096, moderate_envelope<=10240/<=16384, initial_clauses=6648, blocking_lemmas=0); declining before the online CDCL(T) probe (dispatch-overrun fix: admission evaluated before the reserve was spent)\plazy linear arithmetic pre-SAT skeleton exceeds the joint resource boundary (atoms=11280, cnf_vars=29207, base_trigger=>1024/>4096, moderate_envelope<=10240/<=16384, initial_clauses=6648, blocking_lemmas=0); declining before the online CDCL(T) probe (dispatch-overrun fix: admission evaluated before the reserve was spent)\plazy linear arithmetic pre-SAT skeleton exceeds the joint resource boundary (atoms=11280, cnf_vars=29207, base_trigger=>1024/>4096, moderate_envelope<=10240/<=16384, initial_clauses=6648, blocking_lemmas=0); declining before the online CDCL(T) probe (dispatch-overrun fix: admission evaluated before the reserve was spent)\plazy linear arithmetic pre-SAT skeleton exceeds the joint resource boundary (atoms=11280, cnf_vars=29207, base_trigger=>1024/>4096, moderate_envelope<=10240/<=16384, initial_clauses=6648, blocking_lemmas=0); declining before the online CDCL(T) probe (dispatch-overrun fix: admission evaluated before the reserve was spent)\plazy linear arithmetic pre-SAT skeleton exceeds the joint resource boundary (atoms=11280, cnf_vars=29207, base_trigger=>1024/>4096, moderate_envelope<=10240/<=16384, initial_clauses=6648, blocking_lemmas=0); declining before the online CDCL(T) probe (dispatch-overrun fix: admission evaluated before the reserve was spent)\plazy linear arithmetic pre-SAT skeleton exceeds the joint resource boundary (atoms=11280, cnf_vars=29207, base_trigger=>1024/>4096, moderate_envelope<=10240/<=16384, initial_clauses=6648, blocking_lemmas=0); declining before the online CDCL(T) probe (dispatch-overrun fix: admission evaluated before the reserve was spent)\plazy linear arithmetic pre-SAT skeleton exceeds the joint resource boundary (atoms=11280, cnf_vars=29207, base_trigger=>1024/>4096, moderate_envelope<=10240/<=16384, initial_clauses=6648, blocking_lemmas=0); declining before the online CDCL(T) probe (dispatch-overrun fix: admission evaluated before the reserve was spent)	\pother\pbackend\pother\pquant-ownership-decline\p\pother\pother\pother\pother\pother\pother\pother\pother\pother	server5	3	2.98
lra-atom-screen-20260916	shipped	QF_IDL/queens_bench/toroidal_bench/toroidal_queen59-1.smt2	6261a505ea6767af32873bfc897ae64f8879b6388e5ea1074d27a6d3e12218e3	Int	unknown	0	none	dl-online	17	fd:parse:probe\pprobe:probe\pcas-identity-refuter:declined\pdl-online:declined\plia-simplex:declined\plia-dpll:declined\pq:skolem-qf:declined\pq:nat-induction:declined\pfd:string-gate:declined\pfd:source-string-semantic-unsat:declined\pfd:word-route:declined\pfd:online-string:declined\pfd:membership:declined\pfd:lex-order:declined\pfd:length-lia:declined\pfd:source-string-sat-probe:declined\pfd:bounded-completeness-unsat:declined	21327	15\p5\p5\p21003\p7\p175\p0\p0\p0\p0\p0\p0\p0\p0\p0\p0\p0	no	cas-identity-refuter=incomplete\pdl-online=budget\plia-simplex=unsupported\plia-dpll=budget\pq:skolem-qf=unsupported\pq:nat-induction=not-applicable\pfd:string-gate=budget\pfd:source-string-semantic-unsat=budget\pfd:word-route=budget\pfd:online-string=budget\pfd:membership=budget\pfd:lex-order=budget\pfd:length-lia=budget\pfd:source-string-sat-probe=budget\pfd:bounded-completeness-unsat=budget	no arithmetic disequality had equal polynomial normal forms\pbudget exhausted in the online difference-logic driver (atoms=17228, equality_gates=8555, bool_equality_gates=0, cnf_vars=43010, clauses=68792)\pQF_LIA: integer disequality (needs DPLL(T))\plazy linear arithmetic pre-SAT skeleton exceeds the joint resource boundary (atoms=17228, cnf_vars=42647, base_trigger=>1024/>4096, moderate_envelope<=10240/<=16384, initial_clauses=8192, blocking_lemmas=0); declining before the online CDCL(T) probe (dispatch-overrun fix: admission evaluated before the reserve was spent)\pquant-route ownership (ADR-2103): `q:skolem-qf` owns {Real, Int, BvOrFloat, Datatype, Function, UninterpretedSort, Array, NonBvArray, NonBoolBvArray} and does not own {NestedArray, WideInt}, which this quantified query carries, so its non-decision is a decline and the ladder continues. Its own reason was: lazy linear arithmetic pre-SAT skeleton exceeds the joint resource boundary (atoms=17228, cnf_vars=42647, base_trigger=>1024/>4096, moderate_envelope<=10240/<=16384, initial_clauses=8192, blocking_lemmas=0); declining before the online CDCL(T) probe (dispatch-overrun fix: admission evaluated before the reserve was spent)\p\plazy linear arithmetic pre-SAT skeleton exceeds the joint resource boundary (atoms=17228, cnf_vars=42647, base_trigger=>1024/>4096, moderate_envelope<=10240/<=16384, initial_clauses=8192, blocking_lemmas=0); declining before the online CDCL(T) probe (dispatch-overrun fix: admission evaluated before the reserve was spent)\plazy linear arithmetic pre-SAT skeleton exceeds the joint resource boundary (atoms=17228, cnf_vars=42647, base_trigger=>1024/>4096, moderate_envelope<=10240/<=16384, initial_clauses=8192, blocking_lemmas=0); declining before the online CDCL(T) probe (dispatch-overrun fix: admission evaluated before the reserve was spent)\plazy linear arithmetic pre-SAT skeleton exceeds the joint resource boundary (atoms=17228, cnf_vars=42647, base_trigger=>1024/>4096, moderate_envelope<=10240/<=16384, initial_clauses=8192, blocking_lemmas=0); declining before the online CDCL(T) probe (dispatch-overrun fix: admission evaluated before the reserve was spent)\plazy linear arithmetic pre-SAT skeleton exceeds the joint resource boundary (atoms=17228, cnf_vars=42647, base_trigger=>1024/>4096, moderate_envelope<=10240/<=16384, initial_clauses=8192, blocking_lemmas=0); declining before the online CDCL(T) probe (dispatch-overrun fix: admission evaluated before the reserve was spent)\plazy linear arithmetic pre-SAT skeleton exceeds the joint resource boundary (atoms=17228, cnf_vars=42647, base_trigger=>1024/>4096, moderate_envelope<=10240/<=16384, initial_clauses=8192, blocking_lemmas=0); declining before the online CDCL(T) probe (dispatch-overrun fix: admission evaluated before the reserve was spent)\plazy linear arithmetic pre-SAT skeleton exceeds the joint resource boundary (atoms=17228, cnf_vars=42647, base_trigger=>1024/>4096, moderate_envelope<=10240/<=16384, initial_clauses=8192, blocking_lemmas=0); declining before the online CDCL(T) probe (dispatch-overrun fix: admission evaluated before the reserve was spent)\plazy linear arithmetic pre-SAT skeleton exceeds the joint resource boundary (atoms=17228, cnf_vars=42647, base_trigger=>1024/>4096, moderate_envelope<=10240/<=16384, initial_clauses=8192, blocking_lemmas=0); declining before the online CDCL(T) probe (dispatch-overrun fix: admission evaluated before the reserve was spent)\plazy linear arithmetic pre-SAT skeleton exceeds the joint resource boundary (atoms=17228, cnf_vars=42647, base_trigger=>1024/>4096, moderate_envelope<=10240/<=16384, initial_clauses=8192, blocking_lemmas=0); declining before the online CDCL(T) probe (dispatch-overrun fix: admission evaluated before the reserve was spent)\plazy linear arithmetic pre-SAT skeleton exceeds the joint resource boundary (atoms=17228, cnf_vars=42647, base_trigger=>1024/>4096, moderate_envelope<=10240/<=16384, initial_clauses=8192, blocking_lemmas=0); declining before the online CDCL(T) probe (dispatch-overrun fix: admission evaluated before the reserve was spent)	\pother\pbackend\pother\pquant-ownership-decline\p\pother\pother\pother\pother\pother\pother\pother\pother\pother	server5	3	2.99
lra-atom-screen-20260916	shipped	QF_IDL/queens_bench/toroidal_bench/toroidal_queen7-1.smt2	6261a505ea6767af32873bfc897ae64f8879b6388e5ea1074d27a6d3e12218e3	Int	sat	0	dl-online	dl-online	4	fd:parse:probe\pprobe:probe\pcas-identity-refuter:declined\pdl-online:decided	109	0\p0\p0\p2	no	cas-identity-refuter=incomplete	no arithmetic disequality had equal polynomial normal forms		server5	3	2.99
lra-atom-screen-20260916	shipped	QF_IDL/queens_bench/toroidal_bench/toroidal_queen80-1.smt2	6261a505ea6767af32873bfc897ae64f8879b6388e5ea1074d27a6d3e12218e3	Int	unknown	0	none	dl-online	17	fd:parse:probe\pprobe:probe\pcas-identity-refuter:declined\pdl-online:declined\plia-simplex:declined\plia-dpll:declined\pq:skolem-qf:declined\pq:nat-induction:declined\pfd:string-gate:declined\pfd:source-string-semantic-unsat:declined\pfd:word-route:declined\pfd:online-string:declined\pfd:membership:declined\pfd:lex-order:declined\pfd:length-lia:declined\pfd:source-string-sat-probe:declined\pfd:bounded-completeness-unsat:declined	21629	40\p9\p9\p21013\p15\p412\p0\p0\p0\p0\p0\p0\p0\p0\p0\p0\p0	no	cas-identity-refuter=incomplete\pdl-online=budget\plia-simplex=unsupported\plia-dpll=budget\pq:skolem-qf=unsupported\pq:nat-induction=not-applicable\pfd:string-gate=budget\pfd:source-string-semantic-unsat=budget\pfd:word-route=budget\pfd:online-string=budget\pfd:membership=budget\pfd:lex-order=budget\pfd:length-lia=budget\pfd:source-string-sat-probe=budget\pfd:bounded-completeness-unsat=budget	no arithmetic disequality had equal polynomial normal forms\pbudget exhausted in the online difference-logic driver (atoms=31600, equality_gates=15720, bool_equality_gates=0, cnf_vars=78919, clauses=126238)\pQF_LIA: integer disequality (needs DPLL(T))\plazy linear arithmetic pre-SAT skeleton exceeds the joint resource boundary (atoms=31600, cnf_vars=71391, base_trigger=>1024/>4096, moderate_envelope<=10240/<=16384, initial_clauses=8192, blocking_lemmas=0); declining before the online CDCL(T) probe (dispatch-overrun fix: admission evaluated before the reserve was spent)\pquant-route ownership (ADR-2103): `q:skolem-qf` owns {Real, Int, BvOrFloat, Datatype, Function, UninterpretedSort, Array, NonBvArray, NonBoolBvArray} and does not own {NestedArray, WideInt}, which this quantified query carries, so its non-decision is a decline and the ladder continues. Its own reason was: lazy linear arithmetic pre-SAT skeleton exceeds the joint resource boundary (atoms=31600, cnf_vars=71391, base_trigger=>1024/>4096, moderate_envelope<=10240/<=16384, initial_clauses=8192, blocking_lemmas=0); declining before the online CDCL(T) probe (dispatch-overrun fix: admission evaluated before the reserve was spent)\p\plazy linear arithmetic pre-SAT skeleton exceeds the joint resource boundary (atoms=31600, cnf_vars=71391, base_trigger=>1024/>4096, moderate_envelope<=10240/<=16384, initial_clauses=8192, blocking_lemmas=0); declining before the online CDCL(T) probe (dispatch-overrun fix: admission evaluated before the reserve was spent)\plazy linear arithmetic pre-SAT skeleton exceeds the joint resource boundary (atoms=31600, cnf_vars=71391, base_trigger=>1024/>4096, moderate_envelope<=10240/<=16384, initial_clauses=8192, blocking_lemmas=0); declining before the online CDCL(T) probe (dispatch-overrun fix: admission evaluated before the reserve was spent)\plazy linear arithmetic pre-SAT skeleton exceeds the joint resource boundary (atoms=31600, cnf_vars=71391, base_trigger=>1024/>4096, moderate_envelope<=10240/<=16384, initial_clauses=8192, blocking_lemmas=0); declining before the online CDCL(T) probe (dispatch-overrun fix: admission evaluated before the reserve was spent)\plazy linear arithmetic pre-SAT skeleton exceeds the joint resource boundary (atoms=31600, cnf_vars=71391, base_trigger=>1024/>4096, moderate_envelope<=10240/<=16384, initial_clauses=8192, blocking_lemmas=0); declining before the online CDCL(T) probe (dispatch-overrun fix: admission evaluated before the reserve was spent)\plazy linear arithmetic pre-SAT skeleton exceeds the joint resource boundary (atoms=31600, cnf_vars=71391, base_trigger=>1024/>4096, moderate_envelope<=10240/<=16384, initial_clauses=8192, blocking_lemmas=0); declining before the online CDCL(T) probe (dispatch-overrun fix: admission evaluated before the reserve was spent)\plazy linear arithmetic pre-SAT skeleton exceeds the joint resource boundary (atoms=31600, cnf_vars=71391, base_trigger=>1024/>4096, moderate_envelope<=10240/<=16384, initial_clauses=8192, blocking_lemmas=0); declining before the online CDCL(T) probe (dispatch-overrun fix: admission evaluated before the reserve was spent)\plazy linear arithmetic pre-SAT skeleton exceeds the joint resource boundary (atoms=31600, cnf_vars=71391, base_trigger=>1024/>4096, moderate_envelope<=10240/<=16384, initial_clauses=8192, blocking_lemmas=0); declining before the online CDCL(T) probe (dispatch-overrun fix: admission evaluated before the reserve was spent)\plazy linear arithmetic pre-SAT skeleton exceeds the joint resource boundary (atoms=31600, cnf_vars=71391, base_trigger=>1024/>4096, moderate_envelope<=10240/<=16384, initial_clauses=8192, blocking_lemmas=0); declining before the online CDCL(T) probe (dispatch-overrun fix: admission evaluated before the reserve was spent)\plazy linear arithmetic pre-SAT skeleton exceeds the joint resource boundary (atoms=31600, cnf_vars=71391, base_trigger=>1024/>4096, moderate_envelope<=10240/<=16384, initial_clauses=8192, blocking_lemmas=0); declining before the online CDCL(T) probe (dispatch-overrun fix: admission evaluated before the reserve was spent)	\pother\pbackend\pother\pquant-ownership-decline\p\pother\pother\pother\pother\pother\pother\pother\pother\pother	server5	3	2.99
lra-atom-screen-20260916	shipped	QF_IDL/queens_bench/toroidal_bench/toroidal_queen91-1.smt2	6261a505ea6767af32873bfc897ae64f8879b6388e5ea1074d27a6d3e12218e3	Int	unknown	0	none	dl-online	17	fd:parse:probe\pprobe:probe\pcas-identity-refuter:declined\pdl-online:declined\plia-simplex:declined\plia-dpll:declined\pq:skolem-qf:declined\pq:nat-induction:declined\pfd:string-gate:declined\pfd:source-string-semantic-unsat:declined\pfd:word-route:declined\pfd:online-string:declined\pfd:membership:declined\pfd:lex-order:declined\pfd:length-lia:declined\pfd:source-string-sat-probe:declined\pfd:bounded-completeness-unsat:declined	21729	58\p12\p13\p21009\p22\p491\p0\p0\p0\p0\p0\p0\p0\p0\p0\p0\p0	no	cas-identity-refuter=incomplete\pdl-online=budget\plia-simplex=unsupported\plia-dpll=budget\pq:skolem-qf=unsupported\pq:nat-induction=not-applicable\pfd:string-gate=budget\pfd:source-string-semantic-unsat=budget\pfd:word-route=budget\pfd:online-string=budget\pfd:membership=budget\pfd:lex-order=budget\pfd:length-lia=budget\pfd:source-string-sat-probe=budget\pfd:bounded-completeness-unsat=budget	no arithmetic disequality had equal polynomial normal forms\pbudget exhausted in the online difference-logic driver (atoms=41132, equality_gates=20475, bool_equality_gates=0, cnf_vars=102738, clauses=164344)\pQF_LIA: integer disequality (needs DPLL(T))\plazy linear arithmetic pre-SAT skeleton exceeds the joint resource boundary (atoms=41132, cnf_vars=90455, base_trigger=>1024/>4096, moderate_envelope<=10240/<=16384, initial_clauses=8192, blocking_lemmas=0); declining before the online CDCL(T) probe (dispatch-overrun fix: admission evaluated before the reserve was spent)\pquant-route ownership (ADR-2103): `q:skolem-qf` owns {Real, Int, BvOrFloat, Datatype, Function, UninterpretedSort, Array, NonBvArray, NonBoolBvArray} and does not own {NestedArray, WideInt}, which this quantified query carries, so its non-decision is a decline and the ladder continues. Its own reason was: lazy linear arithmetic pre-SAT skeleton exceeds the joint resource boundary (atoms=41132, cnf_vars=90455, base_trigger=>1024/>4096, moderate_envelope<=10240/<=16384, initial_clauses=8192, blocking_lemmas=0); declining before the online CDCL(T) probe (dispatch-overrun fix: admission evaluated before the reserve was spent)\p\plazy linear arithmetic pre-SAT skeleton exceeds the joint resource boundary (atoms=41132, cnf_vars=90455, base_trigger=>1024/>4096, moderate_envelope<=10240/<=16384, initial_clauses=8192, blocking_lemmas=0); declining before the online CDCL(T) probe (dispatch-overrun fix: admission evaluated before the reserve was spent)\plazy linear arithmetic pre-SAT skeleton exceeds the joint resource boundary (atoms=41132, cnf_vars=90455, base_trigger=>1024/>4096, moderate_envelope<=10240/<=16384, initial_clauses=8192, blocking_lemmas=0); declining before the online CDCL(T) probe (dispatch-overrun fix: admission evaluated before the reserve was spent)\plazy linear arithmetic pre-SAT skeleton exceeds the joint resource boundary (atoms=41132, cnf_vars=90455, base_trigger=>1024/>4096, moderate_envelope<=10240/<=16384, initial_clauses=8192, blocking_lemmas=0); declining before the online CDCL(T) probe (dispatch-overrun fix: admission evaluated before the reserve was spent)\plazy linear arithmetic pre-SAT skeleton exceeds the joint resource boundary (atoms=41132, cnf_vars=90455, base_trigger=>1024/>4096, moderate_envelope<=10240/<=16384, initial_clauses=8192, blocking_lemmas=0); declining before the online CDCL(T) probe (dispatch-overrun fix: admission evaluated before the reserve was spent)\plazy linear arithmetic pre-SAT skeleton exceeds the joint resource boundary (atoms=41132, cnf_vars=90455, base_trigger=>1024/>4096, moderate_envelope<=10240/<=16384, initial_clauses=8192, blocking_lemmas=0); declining before the online CDCL(T) probe (dispatch-overrun fix: admission evaluated before the reserve was spent)\plazy linear arithmetic pre-SAT skeleton exceeds the joint resource boundary (atoms=41132, cnf_vars=90455, base_trigger=>1024/>4096, moderate_envelope<=10240/<=16384, initial_clauses=8192, blocking_lemmas=0); declining before the online CDCL(T) probe (dispatch-overrun fix: admission evaluated before the reserve was spent)\plazy linear arithmetic pre-SAT skeleton exceeds the joint resource boundary (atoms=41132, cnf_vars=90455, base_trigger=>1024/>4096, moderate_envelope<=10240/<=16384, initial_clauses=8192, blocking_lemmas=0); declining before the online CDCL(T) probe (dispatch-overrun fix: admission evaluated before the reserve was spent)\plazy linear arithmetic pre-SAT skeleton exceeds the joint resource boundary (atoms=41132, cnf_vars=90455, base_trigger=>1024/>4096, moderate_envelope<=10240/<=16384, initial_clauses=8192, blocking_lemmas=0); declining before the online CDCL(T) probe (dispatch-overrun fix: admission evaluated before the reserve was spent)\plazy linear arithmetic pre-SAT skeleton exceeds the joint resource boundary (atoms=41132, cnf_vars=90455, base_trigger=>1024/>4096, moderate_envelope<=10240/<=16384, initial_clauses=8192, blocking_lemmas=0); declining before the online CDCL(T) probe (dispatch-overrun fix: admission evaluated before the reserve was spent)	\pother\pbackend\pother\pquant-ownership-decline\p\pother\pother\pother\pother\pother\pother\pother\pother\pother	server5	3	3.00
lra-atom-screen-20260916	shipped	QF_IDL/RTCL/b01_tf_20/ckt_PROP0_tf_20.smt2	6261a505ea6767af32873bfc897ae64f8879b6388e5ea1074d27a6d3e12218e3	Int	unsat	0	dl-online	dl-online	3	fd:parse:probe\pprobe:probe\pdl-online:decided	109	1\p0\p7	no				server5	3	3.00
lra-atom-screen-20260916	shipped	QF_IDL/RTCL/b13_tf_15/ckt_PROP3_tf_15.smt2	6261a505ea6767af32873bfc897ae64f8879b6388e5ea1074d27a6d3e12218e3	Int	unsat	0	dl-online	dl-online	3	fd:parse:probe\pprobe:probe\pdl-online:decided	108	7\p0\p13	no				server5	3	3.00
lra-atom-screen-20260916	shipped	QF_IDL/RTCL/b13_tf_25/ckt_PROP8_tf_25.smt2	6261a505ea6767af32873bfc897ae64f8879b6388e5ea1074d27a6d3e12218e3	Int	unsat	0	dl-online	dl-online	3	fd:parse:probe\pprobe:probe\pdl-online:decided	109	26\p1\p30	no				server5	3	3.00
lra-atom-screen-20260916	shipped	QF_IDL/sal/bakery/inf-bakery-invalid-3.smt2	6261a505ea6767af32873bfc897ae64f8879b6388e5ea1074d27a6d3e12218e3	Int	sat	0	dl-online	dl-online	4	fd:parse:probe\pprobe:probe\pcas-int-units:declined\pdl-online:decided	109	0\p0\p0\p2	no	cas-int-units=incomplete	no integer equation normalized to a refutable k·m = c		server5	3	3.00
lra-atom-screen-20260916	shipped	QF_IDL/sal/bakery/inf-bakery-mutex-14.smt2	6261a505ea6767af32873bfc897ae64f8879b6388e5ea1074d27a6d3e12218e3	Int	unsat	0	dl-online	dl-online	4	fd:parse:probe\pprobe:probe\pcas-int-units:declined\pdl-online:decided	109	0\p0\p0\p37	no	cas-int-units=incomplete	no integer equation normalized to a refutable k·m = c		server5	3	3.00
lra-atom-screen-20260916	shipped	QF_IDL/sal/bakery/inf-bakery-mutex-7.smt2	6261a505ea6767af32873bfc897ae64f8879b6388e5ea1074d27a6d3e12218e3	Int	unsat	0	dl-online	dl-online	4	fd:parse:probe\pprobe:probe\pcas-int-units:declined\pdl-online:decided	109	0\p0\p0\p8	no	cas-int-units=incomplete	no integer equation normalized to a refutable k·m = c		server5	3	3.00
lra-atom-screen-20260916	shipped	QF_IDL/sal/lpsat/lpsat-goal-18.smt2	6261a505ea6767af32873bfc897ae64f8879b6388e5ea1074d27a6d3e12218e3	Int	unsat	0	dl-online	dl-online	4	fd:parse:probe\pprobe:probe\pcas-int-units:declined\pdl-online:decided	5614	96\p3\p0\p5405	no	cas-int-units=incomplete	no integer equation normalized to a refutable k·m = c		server5	3	3.00
lra-atom-screen-20260916	shipped	QF_IDL/schedulingIDL/gp10_03_mkspan1079.smt2	6261a505ea6767af32873bfc897ae64f8879b6388e5ea1074d27a6d3e12218e3	Int	unknown	0	none	dl-online	4	fd:parse:probe\pprobe:probe\pdl-online:declined\plia-simplex:declined	25030	3\p1\p18003\p1	yes	dl-online=budget\plia-simplex=unsupported	budget exhausted in the online difference-logic driver (atoms=2100, equality_gates=0, bool_equality_gates=0, cnf_vars=4199, clauses=6298)\pQF_LIA: assertion is not a conjunctive linear integer constraint	other\pbackend	server5	3	3.08
lra-atom-screen-20260916	shipped	QF_IDL/schedulingIDL/j6_per0_0_mkspan1057.smt2	6261a505ea6767af32873bfc897ae64f8879b6388e5ea1074d27a6d3e12218e3	Int	sat	0	dl-online	dl-online	3	fd:parse:probe\pprobe:probe\pdl-online:decided	1508	0\p0\p1407	no				server5	3	3.13
lra-atom-screen-20260916	shipped	QF_IDL/schedulingIDL/j7_per0_1_mkspan1055.smt2	6261a505ea6767af32873bfc897ae64f8879b6388e5ea1074d27a6d3e12218e3	Int	sat	0	dl-online	dl-online	3	fd:parse:probe\pprobe:probe\pdl-online:decided	10117	1\p0\p10070	no				server5	3	3.13
lra-atom-screen-20260916	shipped	QF_IDL/schedulingIDL/j7_per10_0_mkspan1013.smt2	6261a505ea6767af32873bfc897ae64f8879b6388e5ea1074d27a6d3e12218e3	Int	sat	0	dl-online	dl-online	3	fd:parse:probe\pprobe:probe\pdl-online:decided	3811	1\p0\p3766	no				server5	3	3.11
lra-atom-screen-20260916	shipped	QF_IDL/schedulingIDL/j7_per10_2_mkspan1013.smt2	6261a505ea6767af32873bfc897ae64f8879b6388e5ea1074d27a6d3e12218e3	Int	unknown	0	none	dl-online	4	fd:parse:probe\pprobe:probe\pdl-online:declined\plia-simplex:declined	25029	1\p0\p18012\p0	yes	dl-online=budget\plia-simplex=unsupported	budget exhausted in the online difference-logic driver (atoms=735, equality_gates=0, bool_equality_gates=0, cnf_vars=1469, clauses=2203)\pQF_LIA: assertion is not a conjunctive linear integer constraint	other\pbackend	server5	3	3.10
lra-atom-screen-20260916	shipped	QF_IDL/schedulingIDL/j8_per0_1_mkspan1053.smt2	6261a505ea6767af32873bfc897ae64f8879b6388e5ea1074d27a6d3e12218e3	Int	unknown	0	none	dl-online	4	fd:parse:probe\pprobe:probe\pdl-online:declined\plia-simplex:declined	25030	1\p0\p18004\p0	yes	dl-online=budget\plia-simplex=unsupported	budget exhausted in the online difference-logic driver (atoms=1088, equality_gates=0, bool_equality_gates=0, cnf_vars=2175, clauses=3262)\pQF_LIA: assertion is not a conjunctive linear integer constraint	other\pbackend	server5	3	3.07
lra-atom-screen-20260916	shipped	QF_IDL/schedulingIDL/j8_per0_2_mkspan1054.smt2	6261a505ea6767af32873bfc897ae64f8879b6388e5ea1074d27a6d3e12218e3	Int	unknown	0	none	dl-online	4	fd:parse:probe\pprobe:probe\pdl-online:declined\plia-simplex:declined	25031	1\p0\p18013\p0	yes	dl-online=budget\plia-simplex=unsupported	budget exhausted in the online difference-logic driver (atoms=1088, equality_gates=0, bool_equality_gates=0, cnf_vars=2175, clauses=3262)\pQF_LIA: assertion is not a conjunctive linear integer constraint	other\pbackend	server5	3	3.04
lra-atom-screen-20260916	shipped	QF_IDL/schedulingIDL/j8_per10_1_mkspan1036.smt2	6261a505ea6767af32873bfc897ae64f8879b6388e5ea1074d27a6d3e12218e3	Int	sat	0	dl-online	dl-online	3	fd:parse:probe\pprobe:probe\pdl-online:decided	14424	1\p0\p14377	no				server5	3	3.03
lra-atom-screen-20260916	shipped	QF_IDL/schedulingIDL/j8_per20_0_mkspan1008.smt2	6261a505ea6767af32873bfc897ae64f8879b6388e5ea1074d27a6d3e12218e3	Int	unknown	0	none	dl-online	4	fd:parse:probe\pprobe:probe\pdl-online:declined\plia-simplex:declined	25031	1\p0\p18005\p0	yes	dl-online=budget\plia-simplex=unsupported	budget exhausted in the online difference-logic driver (atoms=1088, equality_gates=0, bool_equality_gates=0, cnf_vars=2175, clauses=3262)\pQF_LIA: assertion is not a conjunctive linear integer constraint	other\pbackend	server5	3	3.02
lra-atom-screen-20260916	shipped	QF_IDL/schedulingIDL/tai_10x10_1_mkspan639.smt2	6261a505ea6767af32873bfc897ae64f8879b6388e5ea1074d27a6d3e12218e3	Int	unknown	0	none	dl-online	4	fd:parse:probe\pprobe:probe\pdl-online:declined\plia-simplex:declined	25023	4\p1\p18003\p1	yes	dl-online=budget\plia-simplex=unsupported	budget exhausted in the online difference-logic driver (atoms=2100, equality_gates=0, bool_equality_gates=0, cnf_vars=4199, clauses=6298)\pQF_LIA: assertion is not a conjunctive linear integer constraint	other\pbackend	server5	3	3.00
lra-atom-screen-20260916	shipped	QF_IDL/schedulingIDL/tai_10x10_7_mkspan617.smt2	6261a505ea6767af32873bfc897ae64f8879b6388e5ea1074d27a6d3e12218e3	Int	unknown	0	none	dl-online	4	fd:parse:probe\pprobe:probe\pdl-online:declined\plia-simplex:declined	25030	3\p1\p18003\p1	yes	dl-online=budget\plia-simplex=unsupported	budget exhausted in the online difference-logic driver (atoms=2100, equality_gates=0, bool_equality_gates=0, cnf_vars=4199, clauses=6298)\pQF_LIA: assertion is not a conjunctive linear integer constraint	other\pbackend	server5	3	3.00
lra-atom-screen-20260916	shipped	QF_IDL/schedulingIDL/tai_15x15_1_mkspan1140.smt2	6261a505ea6767af32873bfc897ae64f8879b6388e5ea1074d27a6d3e12218e3	Int	unknown	0	none	dl-online	4	fd:parse:probe\pprobe:probe\pdl-online:declined\plia-simplex:declined	25030	13\p4\p18008\p6	yes	dl-online=budget\plia-simplex=unsupported	budget exhausted in the online difference-logic driver (atoms=6975, equality_gates=0, bool_equality_gates=0, cnf_vars=13949, clauses=20923)\pQF_LIA: assertion is not a conjunctive linear integer constraint	other\pbackend	server5	3	3.00
lra-atom-screen-20260916	shipped	QF_IDL/schedulingIDL/tai_15x15_2_mkspan933.smt2	6261a505ea6767af32873bfc897ae64f8879b6388e5ea1074d27a6d3e12218e3	Int	unknown	0	none	dl-online	4	fd:parse:probe\pprobe:probe\pdl-online:declined\plia-simplex:declined	25031	13\p4\p18009\p5	yes	dl-online=budget\plia-simplex=unsupported	budget exhausted in the online difference-logic driver (atoms=6975, equality_gates=0, bool_equality_gates=0, cnf_vars=13949, clauses=20923)\pQF_LIA: assertion is not a conjunctive linear integer constraint	other\pbackend	server5	3	3.14
lra-atom-screen-20260916	shipped	QF_IDL/schedulingIDL/tai_15x15_5_mkspan1174.smt2	6261a505ea6767af32873bfc897ae64f8879b6388e5ea1074d27a6d3e12218e3	Int	unknown	0	none	dl-online	4	fd:parse:probe\pprobe:probe\pdl-online:declined\plia-simplex:declined	25030	13\p4\p18009\p4	yes	dl-online=budget\plia-simplex=unsupported	budget exhausted in the online difference-logic driver (atoms=6975, equality_gates=0, bool_equality_gates=0, cnf_vars=13949, clauses=20923)\pQF_LIA: assertion is not a conjunctive linear integer constraint	other\pbackend	server5	3	3.15
