file	declared	z3	z3_ms	base	base_ms	base_detail	ab	ab_ms	ab_detail	budget	budget_ms	budget_detail
/nas3/data/axeyum/corpus/smtlib-2024/non-incremental/non-incremental/QF_UFLIA/20230314-Jaroslav-Bendik-Certora/11775_ad46e5b8db4748c51973_42_QF_UFLIA.smt2	unknown	sat	1131	parse_error	125	error: parse error: unsupported: integer literal `1157920892373161954235709850086879078532699846656405640394575840079131	parse_error	127	error: parse error: unsupported: integer literal `1157920892373161954235709850086879078532699846656405640394575840079131	parse_error	119	error: parse error: unsupported: integer literal `1157920892373161954235709850086879078532699846656405640394575840079131
/nas3/data/axeyum/corpus/smtlib-2024/non-incremental/non-incremental/QF_UFLIA/20230314-Jaroslav-Bendik-Certora/3106_1c933134166dbad31f79_41_QF_UFLIA.smt2	unknown	sat	5340	parse_error	127	error: parse error: unsupported: integer literal `1461501637330902918203684832716283019655932542975` exceeds the modeled	parse_error	122	error: parse error: unsupported: integer literal `1461501637330902918203684832716283019655932542975` exceeds the modeled	parse_error	131	error: parse error: unsupported: integer literal `1461501637330902918203684832716283019655932542975` exceeds the modeled
/nas3/data/axeyum/corpus/smtlib-2024/non-incremental/non-incremental/QF_UFLIA/20230314-Jaroslav-Bendik-Certora/17512_5c1021b0faa6b6e1791b_20_QF_UFLIA.smt2	unknown	other	24052	parse_error	123	error: parse error: unsupported: integer literal `1157920892373161954235709850086879078532699846656405640394575840079131	parse_error	134	error: parse error: unsupported: integer literal `1157920892373161954235709850086879078532699846656405640394575840079131	parse_error	112	error: parse error: unsupported: integer literal `1157920892373161954235709850086879078532699846656405640394575840079131
/nas3/data/axeyum/corpus/smtlib-2024/non-incremental/non-incremental/QF_UFLIA/20230314-Jaroslav-Bendik-Certora/25959_5dee2e2f6ef44465a2bea4b085818948_69_QF_UFLIA.smt2	unknown	other	24168	parse_error	140	error: parse error: unsupported: integer literal `1157920892373161954235709850086879078532699846656405640394575840079131	parse_error	130	error: parse error: unsupported: integer literal `1157920892373161954235709850086879078532699846656405640394575840079131	parse_error	122	error: parse error: unsupported: integer literal `1157920892373161954235709850086879078532699846656405640394575840079131
/nas3/data/axeyum/corpus/smtlib-2024/non-incremental/non-incremental/QF_UFLIA/20230314-Jaroslav-Bendik-Certora/25959_5dee2e2f6ef44465a2bea4b085818948_66_QF_UFLIA.smt2	unknown	other	24192	parse_error	131	error: parse error: unsupported: integer literal `340282366920938463463374607431768211455` exceeds the modeled `Int` ran	parse_error	126	error: parse error: unsupported: integer literal `340282366920938463463374607431768211455` exceeds the modeled `Int` ran	parse_error	131	error: parse error: unsupported: integer literal `340282366920938463463374607431768211455` exceeds the modeled `Int` ran
/nas3/data/axeyum/corpus/smtlib-2024/non-incremental/non-incremental/QF_UFLIA/20230314-Jaroslav-Bendik-Certora/3106_1c933134166dbad31f79_38_QF_UFLIA.smt2	unknown	other	24056	parse_error	946	error: parse error: unsupported: integer literal `9719951977680802977816895328521502430969516717954194534126130344444932	parse_error	833	error: parse error: unsupported: integer literal `9719951977680802977816895328521502430969516717954194534126130344444932	parse_error	735	error: parse error: unsupported: integer literal `9719951977680802977816895328521502430969516717954194534126130344444932
/nas3/data/axeyum/corpus/smtlib-2024/non-incremental/non-incremental/QF_UFLIA/20230314-Jaroslav-Bendik-Certora/39657_1c7158801cd59dc13f05_46_QF_UFLIA.smt2	unknown	sat	5234	parse_error	120	error: parse error: unsupported: integer literal `1157920892373161954235709850086879078532699846656405640394575840079131	parse_error	123	error: parse error: unsupported: integer literal `1157920892373161954235709850086879078532699846656405640394575840079131	parse_error	115	error: parse error: unsupported: integer literal `1157920892373161954235709850086879078532699846656405640394575840079131
/nas3/data/axeyum/corpus/smtlib-2024/non-incremental/non-incremental/QF_UFLIA/20230314-Jaroslav-Bendik-Certora/38347_092cc73601c78e45f4f9_56_QF_UFLIA.smt2	unknown	other	24066	parse_error	132	error: parse error: unsupported: integer literal `1157920892373161954235709850086879078532699846656405640394575840079131	parse_error	133	error: parse error: unsupported: integer literal `1157920892373161954235709850086879078532699846656405640394575840079131	parse_error	141	error: parse error: unsupported: integer literal `1157920892373161954235709850086879078532699846656405640394575840079131
/nas3/data/axeyum/corpus/smtlib-2024/non-incremental/non-incremental/QF_UFLIA/20230314-Jaroslav-Bendik-Certora/41958_45c688a4814eb926c254_59_QF_UFLIA.smt2	unknown	sat	5025	parse_error	114	error: parse error: unsupported: integer literal `1157920892373161954235709850086879078532699846656405640394575840079131	parse_error	115	error: parse error: unsupported: integer literal `1157920892373161954235709850086879078532699846656405640394575840079131	parse_error	118	error: parse error: unsupported: integer literal `1157920892373161954235709850086879078532699846656405640394575840079131
/nas3/data/axeyum/corpus/smtlib-2024/non-incremental/non-incremental/QF_UFLIA/20230314-Jaroslav-Bendik-Certora/44289_e5a2e5c780236919ee6a_18_QF_UFLIA.smt2	unknown	sat	8033	parse_error	112	error: parse error: unsupported: integer literal `4811914295109261373146824275395911184639561504063879903954822654174833	parse_error	115	error: parse error: unsupported: integer literal `4811914295109261373146824275395911184639561504063879903954822654174833	parse_error	112	error: parse error: unsupported: integer literal `4811914295109261373146824275395911184639561504063879903954822654174833
/nas3/data/axeyum/corpus/smtlib-2024/non-incremental/non-incremental/QF_UFLIA/20230314-Jaroslav-Bendik-Certora/41958_32933c5a1384696720a2_61_QF_UFLIA.smt2	unknown	other	24059	parse_error	121	error: parse error: unsupported: integer literal `1157920892373161954235709850086879078532699846656405640394575840079131	parse_error	117	error: parse error: unsupported: integer literal `1157920892373161954235709850086879078532699846656405640394575840079131	parse_error	121	error: parse error: unsupported: integer literal `1157920892373161954235709850086879078532699846656405640394575840079131
/nas3/data/axeyum/corpus/smtlib-2024/non-incremental/non-incremental/QF_UFLIA/20230314-Jaroslav-Bendik-Certora/38347_525a1ca0331f2bcbf520_54_QF_UFLIA.smt2	unknown	other	24159	parse_error	220	error: parse error: unsupported: integer literal `1157920892373161954235709850086879078532699846656405640394575840079131	parse_error	321	error: parse error: unsupported: integer literal `1157920892373161954235709850086879078532699846656405640394575840079131	parse_error	326	error: parse error: unsupported: integer literal `1157920892373161954235709850086879078532699846656405640394575840079131
/nas3/data/axeyum/corpus/smtlib-2024/non-incremental/non-incremental/QF_UFLIA/20230314-Jaroslav-Bendik-Certora/63058_aa742630eef64f949de269382c1f9035_25_UFLIA.smt2	unknown	unsat	216	parse_error	115	error: parse error: unsupported: integer literal `1157920892373161954235709850086879078532699846656405640394575840079131	parse_error	114	error: parse error: unsupported: integer literal `1157920892373161954235709850086879078532699846656405640394575840079131	parse_error	116	error: parse error: unsupported: integer literal `1157920892373161954235709850086879078532699846656405640394575840079131
/nas3/data/axeyum/corpus/smtlib-2024/non-incremental/non-incremental/QF_UFLIA/20230314-Jaroslav-Bendik-Certora/65782_cd31513fdcd15701933b_7_QF_UFLIA.smt2	unknown	sat	212	parse_error	113	error: parse error: unsupported: integer literal `1157920892373161954235709850086879078532699846656405640394575840079131	parse_error	114	error: parse error: unsupported: integer literal `1157920892373161954235709850086879078532699846656405640394575840079131	parse_error	118	error: parse error: unsupported: integer literal `1157920892373161954235709850086879078532699846656405640394575840079131
/nas3/data/axeyum/corpus/smtlib-2024/non-incremental/non-incremental/QF_UFLIA/20230314-Jaroslav-Bendik-Certora/44289_4066055e0f64d96da11a_15_QF_UFLIA.smt2	unknown	other	24141	parse_error	318	error: parse error: unsupported: integer literal `1615684231756529387427283453037188072096647105326240455859777395627909	parse_error	212	error: parse error: unsupported: integer literal `1615684231756529387427283453037188072096647105326240455859777395627909	parse_error	215	error: parse error: unsupported: integer literal `1615684231756529387427283453037188072096647105326240455859777395627909
/nas3/data/axeyum/corpus/smtlib-2024/non-incremental/non-incremental/QF_UFLIA/20230314-Jaroslav-Bendik-Certora/44788_1965f0d6d94d5d8054ba_36_QF_UFLIA.smt2	unknown	unsat	22761	parse_error	112	error: parse error: unsupported: integer literal `1157920892373161954235709850086879078532699846656405640394575840079131	parse_error	112	error: parse error: unsupported: integer literal `1157920892373161954235709850086879078532699846656405640394575840079131	parse_error	112	error: parse error: unsupported: integer literal `1157920892373161954235709850086879078532699846656405640394575840079131
/nas3/data/axeyum/corpus/smtlib-2024/non-incremental/non-incremental/QF_UFLIA/20230314-Jaroslav-Bendik-Certora/52759_bec3a2272267494faeecb6bfaf253e3b_10_QF_UFLIA.smt2	unknown	unsat	17148	parse_error	220	error: parse error: unsupported: integer literal `1461501637330902918203684832716283019655932542976` exceeds the modeled	parse_error	217	error: parse error: unsupported: integer literal `1461501637330902918203684832716283019655932542976` exceeds the modeled	parse_error	212	error: parse error: unsupported: integer literal `1461501637330902918203684832716283019655932542976` exceeds the modeled
/nas3/data/axeyum/corpus/smtlib-2024/non-incremental/non-incremental/QF_UFLIA/20230314-Jaroslav-Bendik-Certora/72771_f9d228efc97cf1458e38_64_QF_UFLIA.smt2	unknown	sat	6220	parse_error	114	error: parse error: unsupported: integer literal `1157920892373161954235709850086879078532699846656405640394575840079131	parse_error	111	error: parse error: unsupported: integer literal `1157920892373161954235709850086879078532699846656405640394575840079131	parse_error	112	error: parse error: unsupported: integer literal `1157920892373161954235709850086879078532699846656405640394575840079131
/nas3/data/axeyum/corpus/smtlib-2024/non-incremental/non-incremental/QF_UFLIA/20230314-Jaroslav-Bendik-Certora/63058_64ab9a7ef7b6c3492507_22_QF_UFLIA.smt2	unknown	sat	13028	parse_error	216	error: parse error: unsupported: integer literal `1157920892373161954235709850086879078532699846656405640394575840079131	parse_error	217	error: parse error: unsupported: integer literal `1157920892373161954235709850086879078532699846656405640394575840079131	parse_error	221	error: parse error: unsupported: integer literal `1157920892373161954235709850086879078532699846656405640394575840079131
/nas3/data/axeyum/corpus/smtlib-2024/non-incremental/non-incremental/QF_UFLIA/20230314-Jaroslav-Bendik-Certora/66603_accdadf23a1cf70ae043_73_QF_UFLIA.smt2	unknown	other	24146	parse_error	413	error: parse error: unsupported: integer literal `6448136862268335455755571171462929611963987583472940455303971606243810	parse_error	417	error: parse error: unsupported: integer literal `6448136862268335455755571171462929611963987583472940455303971606243810	parse_error	413	error: parse error: unsupported: integer literal `6448136862268335455755571171462929611963987583472940455303971606243810
/nas3/data/axeyum/corpus/smtlib-2024/non-incremental/non-incremental/QF_UFLIA/20230314-Jaroslav-Bendik-Certora/83314_a702bf8b823398c9e37a_2_UFLIA.smt2	unknown	other	24070	parse_error	114	error: parse error: unsupported: integer literal `1157920892373161954235709850086879078532699846656405640394575840079131	parse_error	114	error: parse error: unsupported: integer literal `1157920892373161954235709850086879078532699846656405640394575840079131	parse_error	110	error: parse error: unsupported: integer literal `1157920892373161954235709850086879078532699846656405640394575840079131
/nas3/data/axeyum/corpus/smtlib-2024/non-incremental/non-incremental/QF_UFLIA/20230314-Jaroslav-Bendik-Certora/66603_accdadf23a1cf70ae043_76_QF_UFLIA.smt2	unknown	other	24138	parse_error	1617	error: parse error: unsupported: integer literal `4238056678808933066457772256406219440718756300954938350892797929791311	parse_error	1618	error: parse error: unsupported: integer literal `4238056678808933066457772256406219440718756300954938350892797929791311	parse_error	1413	error: parse error: unsupported: integer literal `4238056678808933066457772256406219440718756300954938350892797929791311
/nas3/data/axeyum/corpus/smtlib-2024/non-incremental/non-incremental/QF_UFLIA/TwoSquares/smtlib.602046.smt2	unsat	unsat	110	unsat	115		unsat	117		unsat	114	
/nas3/data/axeyum/corpus/smtlib-2024/non-incremental/non-incremental/QF_UFLIA/TwoSquares/smtlib.606691.smt2	unsat	unsat	115	unsat	111		unsat	112		unsat	114	
/nas3/data/axeyum/corpus/smtlib-2024/non-incremental/non-incremental/QF_UFLIA/TwoSquares/smtlib.621344.smt2	sat	sat	111	sat	123		sat	114		sat	114	
/nas3/data/axeyum/corpus/smtlib-2024/non-incremental/non-incremental/QF_UFLIA/TwoSquares/smtlib.666105.smt2	unsat	unsat	122	unsat	111		unsat	112		unsat	125	
/nas3/data/axeyum/corpus/smtlib-2024/non-incremental/non-incremental/QF_UFLIA/20230314-Jaroslav-Bendik-Certora/93493_1fdb6cc8eb9c4363b5838af9eb8c7f1f_53_QF_UFLIA.smt2	unknown	other	24046	parse_error	111	error: parse error: unsupported: integer literal `1157920892373161954235709850086879078532699846656405640394575840079131	parse_error	111	error: parse error: unsupported: integer literal `1157920892373161954235709850086879078532699846656405640394575840079131	parse_error	112	error: parse error: unsupported: integer literal `1157920892373161954235709850086879078532699846656405640394575840079131
/nas3/data/axeyum/corpus/smtlib-2024/non-incremental/non-incremental/QF_UFLIA/TwoSquares/smtlib.675482.smt2	unsat	unsat	113	unsat	122		unsat	116		unsat	113	
/nas3/data/axeyum/corpus/smtlib-2024/non-incremental/non-incremental/QF_UFLIA/TwoSquares/smtlib.686091.smt2	unsat	unsat	112	unsat	115		unsat	115		unsat	113	
/nas3/data/axeyum/corpus/smtlib-2024/non-incremental/non-incremental/QF_UFLIA/TwoSquares/smtlib.769286.smt2	unsat	unsat	113	unsat	112		unsat	112		unsat	112	
/nas3/data/axeyum/corpus/smtlib-2024/non-incremental/non-incremental/QF_UFLIA/20230314-Jaroslav-Bendik-Certora/93493_5990a6bf5f2740164f77_50_QF_UFLIA.smt2	unknown	other	24145	parse_error	818	error: parse error: unsupported: integer literal `1157920892373161954235709850086879078532699846656405640394575840079131	parse_error	912	error: parse error: unsupported: integer literal `1157920892373161954235709850086879078532699846656405640394575840079131	parse_error	911	error: parse error: unsupported: integer literal `1157920892373161954235709850086879078532699846656405640394575840079131
/nas3/data/axeyum/corpus/smtlib-2024/non-incremental/non-incremental/QF_UFLIA/20230314-Jaroslav-Bendik-Certora/940_590f27b1c3c800d3243e_30_QF_UFLIA.smt2	unknown	other	24158	parse_error	109	error: parse error: unsupported: integer literal `1157920892373161954235709850086879078532699846656405640394575840079131	parse_error	109	error: parse error: unsupported: integer literal `1157920892373161954235709850086879078532699846656405640394575840079131	parse_error	114	error: parse error: unsupported: integer literal `1157920892373161954235709850086879078532699846656405640394575840079131
/nas3/data/axeyum/corpus/smtlib-2024/non-incremental/non-incremental/QF_UFLIA/mathsat/EufLaArithmetic/hard/hard4.smt2	unsat	unsat	113	unsat	2016		unsat	2112		unsat	2012	
/nas3/data/axeyum/corpus/smtlib-2024/non-incremental/non-incremental/QF_UFLIA/20230314-Jaroslav-Bendik-Certora/940_590f27b1c3c800d3243e_33_QF_UFLIA.smt2	unknown	other	24057	parse_error	113	error: parse error: unsupported: integer literal `8995306379457079791467534312003850164262760974151925482922054078993604	parse_error	112	error: parse error: unsupported: integer literal `8995306379457079791467534312003850164262760974151925482922054078993604	parse_error	111	error: parse error: unsupported: integer literal `8995306379457079791467534312003850164262760974151925482922054078993604
/nas3/data/axeyum/corpus/smtlib-2024/non-incremental/non-incremental/QF_UFLIA/mathsat/EufLaArithmetic/hard/hard7.smt2	unsat	unsat	127	unsat	11223		unsat	13423		unsat	11542	
/nas3/data/axeyum/corpus/smtlib-2024/non-incremental/non-incremental/QF_UFLIA/mathsat/EufLaArithmetic/hard/hard12.smt2	unsat	unsat	107	unknown	24343	unknown kind=Timeout detail: preprocessed dispatch timeout after reduced solve	unknown	24338	unknown kind=Timeout detail: preprocessed dispatch timeout after reduced solve	unknown	24350	unknown kind=Timeout detail: preprocessed dispatch timeout after reduced solve
/nas3/data/axeyum/corpus/smtlib-2024/non-incremental/non-incremental/QF_UFLIA/mathsat/EufLaArithmetic/hard/hard15.smt2	unsat	unsat	110	unknown	24371	unknown kind=Timeout detail: preprocessed dispatch timeout after reduced solve	unknown	24351	unknown kind=Timeout detail: preprocessed dispatch timeout after reduced solve	unknown	24354	unknown kind=Timeout detail: preprocessed dispatch timeout after reduced solve
/nas3/data/axeyum/corpus/smtlib-2024/non-incremental/non-incremental/QF_UFLIA/mathsat/EufLaArithmetic/hard/hard18.smt2	unsat	unsat	114	unknown	24056	unknown kind=ResourceLimit detail: lazy function-consistency CEGAR inconclusive (applications=406, function_groups=3, potential_pairs=66486, solve_rounds=36, elapsed_ms=23240, sat_candidates=35, first_candidate_ms=94, last_candidate_ms=23217, pair_checks=2324435, equal_arg_pairs=111, violated_pairs=105, preseeded_lemmas=0, sibling_lemmas=20, lemmas_added=131, last_new_lemmas=4): lazy linear arithmetic pre-SAT skeleton exceeds the joint resource boundary (atoms=1321, cnf_vars=4150, base_trigger=>1024/>4096, moderate_envelope<=1280/<=8192, initial_clauses=751, blocking_lemmas=306); declining before the first SAT round	unknown	24141	unknown kind=ResourceLimit detail: lazy function-consistency CEGAR inconclusive (applications=406, function_groups=3, potential_pairs=66486, solve_rounds=36, elapsed_ms=16576, sat_candidates=35, first_candidate_ms=93, last_candidate_ms=16564, pair_checks=2324435, equal_arg_pairs=111, violated_pairs=105, preseeded_lemmas=0, sibling_lemmas=20, lemmas_added=131, last_new_lemmas=4): lazy linear arithmetic pre-SAT skeleton exceeds the joint resource boundary (atoms=1321, cnf_vars=4150, base_trigger=>1024/>4096, moderate_envelope<=1280/<=8192, initial_clauses=751, blocking_lemmas=306); declining before the first SAT round	unknown	24064	unknown kind=ResourceLimit detail: lazy function-consistency CEGAR inconclusive (applications=406, function_groups=3, potential_pairs=66486, solve_rounds=36, elapsed_ms=20582, sat_candidates=35, first_candidate_ms=122, last_candidate_ms=20568, pair_checks=2324435, equal_arg_pairs=111, violated_pairs=105, preseeded_lemmas=0, sibling_lemmas=20, lemmas_added=131, last_new_lemmas=4): lazy linear arithmetic pre-SAT skeleton exceeds the joint resource boundary (atoms=1321, cnf_vars=4150, base_trigger=>1024/>4096, moderate_envelope<=1280/<=8192, initial_clauses=751, blocking_lemmas=306); declining before the first SAT round
/nas3/data/axeyum/corpus/smtlib-2024/non-incremental/non-incremental/QF_UFLIA/mathsat/EufLaArithmetic/medium/medium10.smt2	unsat	unsat	108	unknown	11925	unknown kind=ResourceLimit detail: lazy function-consistency CEGAR inconclusive (applications=154, function_groups=3, potential_pairs=8172, solve_rounds=4, elapsed_ms=1600, sat_candidates=3, first_candidate_ms=35, last_candidate_ms=516, pair_checks=24466, equal_arg_pairs=38, violated_pairs=28, preseeded_lemmas=0, sibling_lemmas=3, lemmas_added=41, last_new_lemmas=10): lazy linear arithmetic retained 8426 literals in unminimized theory cores (limit 8192) after 83 rounds this solve; declining before the next SAT round (solve_calls=4, total_rounds=123, atoms=535, bound_lemmas=591, blocking_lemmas=126, core_len_last=351, core_len_min=2, core_len_max=353, core_len_avg=69.8, core_src_bound=19, cor	unknown	24346	unknown kind=Timeout detail: preprocessed dispatch timeout after reduced solve	unknown	24379	unknown kind=Timeout detail: preprocessed dispatch timeout after reduced solve
/nas3/data/axeyum/corpus/smtlib-2024/non-incremental/non-incremental/QF_UFLIA/mathsat/EufLaArithmetic/medium/medium13.smt2	unsat	unsat	108	unknown	18543	unknown kind=ResourceLimit detail: lazy function-consistency CEGAR inconclusive (applications=235, function_groups=3, potential_pairs=20559, solve_rounds=13, elapsed_ms=7609, sat_candidates=12, first_candidate_ms=33, last_candidate_ms=6480, pair_checks=246108, equal_arg_pairs=84, violated_pairs=75, preseeded_lemmas=0, sibling_lemmas=10, lemmas_added=94, last_new_lemmas=2): lazy linear arithmetic retained 8265 literals in unminimized theory cores (limit 8192) after 53 rounds this solve; declining before the next SAT round (solve_calls=13, total_rounds=286, atoms=893, bound_lemmas=468, blocking_lemmas=307, core_len_last=557, core_len_min=2, core_len_max=560, core_len_avg=30.2, core_src_bound=7	unknown	24373	unknown kind=Timeout detail: preprocessed dispatch timeout after reduced solve	unknown	24347	unknown kind=Timeout detail: preprocessed dispatch timeout after reduced solve
/nas3/data/axeyum/corpus/smtlib-2024/non-incremental/non-incremental/QF_UFLIA/mathsat/Hash/hash_sat_03_05.smt2	sat	sat	109	sat	609		sat	712		sat	711	
/nas3/data/axeyum/corpus/smtlib-2024/non-incremental/non-incremental/QF_UFLIA/mathsat/Hash/hash_sat_03_08.smt2	sat	sat	108	sat	1117		sat	1008		sat	1110	
/nas3/data/axeyum/corpus/smtlib-2024/non-incremental/non-incremental/QF_UFLIA/mathsat/Hash/hash_sat_03_11.smt2	sat	sat	117	sat	1912		sat	2612		sat	2636	
/nas3/data/axeyum/corpus/smtlib-2024/non-incremental/non-incremental/QF_UFLIA/mathsat/EufLaArithmetic/medium/medium19.smt2	unsat	unsat	126	unknown	19039	unknown kind=ResourceLimit detail: lazy function-consistency CEGAR inconclusive (applications=451, function_groups=3, potential_pairs=82701, solve_rounds=9, elapsed_ms=7504, sat_candidates=8, first_candidate_ms=108, last_candidate_ms=5099, pair_checks=661341, equal_arg_pairs=51, violated_pairs=44, preseeded_lemmas=0, sibling_lemmas=7, lemmas_added=58, last_new_lemmas=3): lazy linear arithmetic retained 8688 literals in unminimized theory cores (limit 8192) after 30 rounds this solve; declining before the next SAT round (solve_calls=9, total_rounds=86, atoms=1223, bound_lemmas=634, blocking_lemmas=85, core_len_last=967, core_len_min=2, core_len_max=967, core_len_avg=105.3, core_src_bound=17, 	unknown	24466	unknown kind=Timeout detail: preprocessed dispatch timeout after reduced solve	unknown	24361	unknown kind=Timeout detail: preprocessed dispatch timeout after reduced solve
/nas3/data/axeyum/corpus/smtlib-2024/non-incremental/non-incremental/QF_UFLIA/mathsat/EufLaArithmetic/medium/medium9.smt2	unsat	unsat	115	unknown	11528	unknown kind=ResourceLimit detail: lazy function-consistency CEGAR inconclusive (applications=131, function_groups=3, potential_pairs=5711, solve_rounds=7, elapsed_ms=2084, sat_candidates=6, first_candidate_ms=51, last_candidate_ms=1127, pair_checks=34064, equal_arg_pairs=62, violated_pairs=46, preseeded_lemmas=0, sibling_lemmas=5, lemmas_added=67, last_new_lemmas=8): lazy linear arithmetic retained 8242 literals in unminimized theory cores (limit 8192) after 91 rounds this solve; declining before the next SAT round (solve_calls=7, total_rounds=202, atoms=575, bound_lemmas=618, blocking_lemmas=208, core_len_last=330, core_len_min=2, core_len_max=334, core_len_avg=43.0, core_src_bound=29, cor	unknown	24358	unknown kind=Timeout detail: preprocessed dispatch timeout after reduced solve	unknown	24343	unknown kind=Timeout detail: preprocessed dispatch timeout after reduced solve
/nas3/data/axeyum/corpus/smtlib-2024/non-incremental/non-incremental/QF_UFLIA/mathsat/EufLaArithmetic/medium/medium16.smt2	unsat	unsat	126	unknown	24087	unknown kind=ResourceLimit detail: lazy function-consistency CEGAR inconclusive (applications=334, function_groups=3, potential_pairs=43728, solve_rounds=19, elapsed_ms=21816, sat_candidates=18, first_candidate_ms=42, last_candidate_ms=18947, pair_checks=785856, equal_arg_pairs=128, violated_pairs=111, preseeded_lemmas=0, sibling_lemmas=15, lemmas_added=143, last_new_lemmas=8): lazy linear arithmetic retained 8315 literals in unminimized theory cores (limit 8192) after 43 rounds this solve; declining before the next SAT round (solve_calls=19, total_rounds=415, atoms=1255, bound_lemmas=806, blocking_lemmas=455, core_len_last=775, core_len_min=2, core_len_max=776, core_len_avg=21.6, core_src_b	unknown	24336	unknown kind=Timeout detail: preprocessed dispatch timeout after reduced solve	unknown	24362	unknown kind=Timeout detail: preprocessed dispatch timeout after reduced solve
/nas3/data/axeyum/corpus/smtlib-2024/non-incremental/non-incremental/QF_UFLIA/mathsat/EufLaArithmetic/medium/medium6.smt2	unsat	unsat	120	unknown	24373	unknown kind=Timeout detail: preprocessed dispatch timeout after reduced solve	unknown	24336	unknown kind=Timeout detail: preprocessed dispatch timeout after reduced solve	unknown	24364	unknown kind=Timeout detail: preprocessed dispatch timeout after reduced solve
/nas3/data/axeyum/corpus/smtlib-2024/non-incremental/non-incremental/QF_UFLIA/mathsat/Hash/hash_sat_04_05.smt2	sat	sat	108	sat	1917		sat	1208		sat	1809	
/nas3/data/axeyum/corpus/smtlib-2024/non-incremental/non-incremental/QF_UFLIA/mathsat/Hash/hash_sat_03_14.smt2	sat	sat	111	unknown	6447	unknown kind=ResourceLimit detail: lazy function-consistency CEGAR inconclusive (applications=48, function_groups=14, potential_pairs=67, solve_rounds=5, elapsed_ms=6068, sat_candidates=4, first_candidate_ms=4083, last_candidate_ms=5032, pair_checks=227, equal_arg_pairs=17, violated_pairs=11, preseeded_lemmas=0, sibling_lemmas=0, lemmas_added=17, last_new_lemmas=2): lazy linear arithmetic retained 8214 literals in unminimized theory cores (limit 8192) after 119 rounds this solve; declining before the next SAT round (solve_calls=5, total_rounds=1133, atoms=420, bound_lemmas=6, blocking_lemmas=1129, core_len_last=162, core_len_min=3, core_len_max=166, core_len_avg=11.4, core_src_bound=0, core_	sat	7830		sat	5416	
/nas3/data/axeyum/corpus/smtlib-2024/non-incremental/non-incremental/QF_UFLIA/mathsat/Hash/hash_sat_03_17.smt2	sat	sat	112	unknown	10741	unknown kind=ResourceLimit detail: lazy function-consistency CEGAR inconclusive (applications=57, function_groups=17, potential_pairs=76, solve_rounds=3, elapsed_ms=10384, sat_candidates=2, first_candidate_ms=8965, last_candidate_ms=9157, pair_checks=141, equal_arg_pairs=14, violated_pairs=7, preseeded_lemmas=0, sibling_lemmas=0, lemmas_added=14, last_new_lemmas=3): lazy linear arithmetic retained 8295 literals in unminimized theory cores (limit 8192) after 114 rounds this solve; declining before the next SAT round (solve_calls=3, total_rounds=1561, atoms=480, bound_lemmas=6, blocking_lemmas=1559, core_len_last=183, core_len_min=3, core_len_max=187, core_len_avg=9.8, core_src_bound=0, core_s	sat	9216		sat	6215	
/nas3/data/axeyum/corpus/smtlib-2024/non-incremental/non-incremental/QF_UFLIA/mathsat/Hash/hash_sat_04_08.smt2	sat	sat	107	unknown	12718	unknown kind=ResourceLimit detail: lazy function-consistency CEGAR inconclusive (applications=38, function_groups=8, potential_pairs=79, solve_rounds=3, elapsed_ms=12441, sat_candidates=2, first_candidate_ms=10623, last_candidate_ms=10736, pair_checks=147, equal_arg_pairs=12, violated_pairs=6, preseeded_lemmas=0, sibling_lemmas=0, lemmas_added=12, last_new_lemmas=1): lazy linear arithmetic retained 8218 literals in unminimized theory cores (limit 8192) after 180 rounds this solve; declining before the next SAT round (solve_calls=3, total_rounds=2914, atoms=428, bound_lemmas=8, blocking_lemmas=2912, core_len_last=149, core_len_min=3, core_len_max=149, core_len_avg=7.8, core_src_bound=0, core_	sat	8315		sat	8414	
/nas3/data/axeyum/corpus/smtlib-2024/non-incremental/non-incremental/QF_UFLIA/mathsat/Hash/hash_sat_03_20.smt2	sat	sat	107	unknown	14842	unknown kind=ResourceLimit detail: lazy function-consistency CEGAR inconclusive (applications=66, function_groups=20, potential_pairs=85, solve_rounds=3, elapsed_ms=14542, sat_candidates=2, first_candidate_ms=13468, last_candidate_ms=13561, pair_checks=158, equal_arg_pairs=14, violated_pairs=8, preseeded_lemmas=0, sibling_lemmas=0, lemmas_added=14, last_new_lemmas=2): lazy linear arithmetic retained 8258 literals in unminimized theory cores (limit 8192) after 56 rounds this solve; declining before the next SAT round (solve_calls=3, total_rounds=1610, atoms=554, bound_lemmas=6, blocking_lemmas=1608, core_len_last=214, core_len_min=3, core_len_max=216, core_len_avg=9.7, core_src_bound=0, core_	sat	22625		sat	24027	
/nas3/data/axeyum/corpus/smtlib-2024/non-incremental/non-incremental/QF_UFLIA/mathsat/Hash/hash_sat_04_11.smt2	sat	sat	109	unknown	24326	unknown kind=Timeout detail: preprocessed dispatch timeout after reduced solve	unknown	24327	unknown kind=Timeout detail: preprocessed dispatch timeout after reduced solve	unknown	24328	unknown kind=Timeout detail: preprocessed dispatch timeout after reduced solve
/nas3/data/axeyum/corpus/smtlib-2024/non-incremental/non-incremental/QF_UFLIA/mathsat/Hash/hash_sat_04_14.smt2	sat	sat	108	unknown	24327	unknown kind=Timeout detail: preprocessed dispatch timeout after reduced solve	unknown	24331	unknown kind=Timeout detail: preprocessed dispatch timeout after reduced solve	unknown	24333	unknown kind=Timeout detail: preprocessed dispatch timeout after reduced solve
/nas3/data/axeyum/corpus/smtlib-2024/non-incremental/non-incremental/QF_UFLIA/mathsat/Hash/hash_sat_04_17.smt2	sat	sat	108	unknown	24329	unknown kind=Timeout detail: preprocessed dispatch timeout after reduced solve	unknown	24331	unknown kind=Timeout detail: preprocessed dispatch timeout after reduced solve	unknown	24329	unknown kind=Timeout detail: preprocessed dispatch timeout after reduced solve
/nas3/data/axeyum/corpus/smtlib-2024/non-incremental/non-incremental/QF_UFLIA/mathsat/Hash/hash_sat_04_20.smt2	sat	sat	105	unknown	24331	unknown kind=Timeout detail: preprocessed dispatch timeout after reduced solve	unknown	24336	unknown kind=Timeout detail: preprocessed dispatch timeout after reduced solve	unknown	24330	unknown kind=Timeout detail: preprocessed dispatch timeout after reduced solve
/nas3/data/axeyum/corpus/smtlib-2024/non-incremental/non-incremental/QF_UFLIA/mathsat/Hash/hash_sat_05_05.smt2	sat	sat	107	unknown	24329	unknown kind=Timeout detail: preprocessed dispatch timeout after reduced solve	sat	20824		sat	21124	
/nas3/data/axeyum/corpus/smtlib-2024/non-incremental/non-incremental/QF_UFLIA/mathsat/Hash/hash_sat_05_08.smt2	sat	sat	108	unknown	24328	unknown kind=Timeout detail: preprocessed dispatch timeout after reduced solve	unknown	24330	unknown kind=Timeout detail: preprocessed dispatch timeout after reduced solve	unknown	24325	unknown kind=Timeout detail: preprocessed dispatch timeout after reduced solve
/nas3/data/axeyum/corpus/smtlib-2024/non-incremental/non-incremental/QF_UFLIA/mathsat/Hash/hash_sat_05_11.smt2	sat	sat	104	unknown	24330	unknown kind=Timeout detail: preprocessed dispatch timeout after reduced solve	unknown	24328	unknown kind=Timeout detail: preprocessed dispatch timeout after reduced solve	unknown	24325	unknown kind=Timeout detail: preprocessed dispatch timeout after reduced solve
/nas3/data/axeyum/corpus/smtlib-2024/non-incremental/non-incremental/QF_UFLIA/mathsat/Hash/hash_sat_05_14.smt2	sat	sat	107	unknown	24329	unknown kind=Timeout detail: preprocessed dispatch timeout after reduced solve	unknown	24325	unknown kind=Timeout detail: preprocessed dispatch timeout after reduced solve	unknown	24329	unknown kind=Timeout detail: preprocessed dispatch timeout after reduced solve
/nas3/data/axeyum/corpus/smtlib-2024/non-incremental/non-incremental/QF_UFLIA/mathsat/Hash/hash_sat_05_17.smt2	sat	sat	107	unknown	24323	unknown kind=Timeout detail: preprocessed dispatch timeout after reduced solve	unknown	24324	unknown kind=Timeout detail: preprocessed dispatch timeout after reduced solve	unknown	24327	unknown kind=Timeout detail: preprocessed dispatch timeout after reduced solve
/nas3/data/axeyum/corpus/smtlib-2024/non-incremental/non-incremental/QF_UFLIA/mathsat/Hash/hash_sat_05_20.smt2	sat	sat	108	unknown	24324	unknown kind=Timeout detail: preprocessed dispatch timeout after reduced solve	unknown	24329	unknown kind=Timeout detail: preprocessed dispatch timeout after reduced solve	unknown	24324	unknown kind=Timeout detail: preprocessed dispatch timeout after reduced solve
/nas3/data/axeyum/corpus/smtlib-2024/non-incremental/non-incremental/QF_UFLIA/mathsat/Hash/hash_sat_06_05.smt2	sat	sat	107	unknown	24335	unknown kind=Timeout detail: preprocessed dispatch timeout after reduced solve	unknown	24325	unknown kind=Timeout detail: preprocessed dispatch timeout after reduced solve	unknown	24328	unknown kind=Timeout detail: preprocessed dispatch timeout after reduced solve
/nas3/data/axeyum/corpus/smtlib-2024/non-incremental/non-incremental/QF_UFLIA/mathsat/Hash/hash_sat_06_20.smt2	sat	sat	107	unknown	107	unknown kind=ResourceLimit detail: lazy function-consistency CEGAR inconclusive (applications=126, function_groups=20, potential_pairs=343, solve_rounds=1, elapsed_ms=10, sat_candidates=0, first_candidate_ms=none, last_candidate_ms=none, pair_checks=0, equal_arg_pairs=0, violated_pairs=0, preseeded_lemmas=0, sibling_lemmas=0, lemmas_added=0, last_new_lemmas=0): lazy linear arithmetic pre-SAT skeleton exceeds the joint resource boundary (atoms=2094, cnf_vars=4185, base_trigger=>1024/>4096, moderate_envelope<=1280/<=8192, initial_clauses=0, blocking_lemmas=0); declining before the first SAT round	unknown	107	unknown kind=ResourceLimit detail: lazy function-consistency CEGAR inconclusive (applications=126, function_groups=20, potential_pairs=343, solve_rounds=1, elapsed_ms=11, sat_candidates=0, first_candidate_ms=none, last_candidate_ms=none, pair_checks=0, equal_arg_pairs=0, violated_pairs=0, preseeded_lemmas=0, sibling_lemmas=0, lemmas_added=0, last_new_lemmas=0): lazy linear arithmetic pre-SAT skeleton exceeds the joint resource boundary (atoms=2094, cnf_vars=4185, base_trigger=>1024/>4096, moderate_envelope<=1280/<=8192, initial_clauses=0, blocking_lemmas=0); declining before the first SAT round	unknown	107	unknown kind=ResourceLimit detail: lazy function-consistency CEGAR inconclusive (applications=126, function_groups=20, potential_pairs=343, solve_rounds=1, elapsed_ms=10, sat_candidates=0, first_candidate_ms=none, last_candidate_ms=none, pair_checks=0, equal_arg_pairs=0, violated_pairs=0, preseeded_lemmas=0, sibling_lemmas=0, lemmas_added=0, last_new_lemmas=0): lazy linear arithmetic pre-SAT skeleton exceeds the joint resource boundary (atoms=2094, cnf_vars=4185, base_trigger=>1024/>4096, moderate_envelope<=1280/<=8192, initial_clauses=0, blocking_lemmas=0); declining before the first SAT round
/nas3/data/axeyum/corpus/smtlib-2024/non-incremental/non-incremental/QF_UFLIA/mathsat/Hash/hash_sat_06_08.smt2	sat	sat	107	unknown	24323	unknown kind=Timeout detail: preprocessed dispatch timeout after reduced solve	unknown	24325	unknown kind=Timeout detail: preprocessed dispatch timeout after reduced solve	unknown	24328	unknown kind=Timeout detail: preprocessed dispatch timeout after reduced solve
/nas3/data/axeyum/corpus/smtlib-2024/non-incremental/non-incremental/QF_UFLIA/mathsat/Hash/hash_sat_06_11.smt2	sat	sat	108	unknown	24324	unknown kind=Timeout detail: preprocessed dispatch timeout after reduced solve	unknown	24327	unknown kind=Timeout detail: preprocessed dispatch timeout after reduced solve	unknown	24325	unknown kind=Timeout detail: preprocessed dispatch timeout after reduced solve
/nas3/data/axeyum/corpus/smtlib-2024/non-incremental/non-incremental/QF_UFLIA/mathsat/Hash/hash_sat_06_14.smt2	sat	sat	107	unknown	24325	unknown kind=Timeout detail: preprocessed dispatch timeout after reduced solve	unknown	24326	unknown kind=Timeout detail: preprocessed dispatch timeout after reduced solve	unknown	24360	unknown kind=Timeout detail: preprocessed dispatch timeout after reduced solve
/nas3/data/axeyum/corpus/smtlib-2024/non-incremental/non-incremental/QF_UFLIA/mathsat/Hash/hash_sat_06_17.smt2	sat	sat	109	unknown	24328	unknown kind=Timeout detail: preprocessed dispatch timeout after reduced solve	unknown	24326	unknown kind=Timeout detail: preprocessed dispatch timeout after reduced solve	unknown	24331	unknown kind=Timeout detail: preprocessed dispatch timeout after reduced solve
/nas3/data/axeyum/corpus/smtlib-2024/non-incremental/non-incremental/QF_UFLIA/mathsat/Hash/hash_sat_07_17.smt2	sat	sat	109	unknown	109	unknown kind=ResourceLimit detail: lazy function-consistency CEGAR inconclusive (applications=125, function_groups=17, potential_pairs=406, solve_rounds=1, elapsed_ms=12, sat_candidates=0, first_candidate_ms=none, last_candidate_ms=none, pair_checks=0, equal_arg_pairs=0, violated_pairs=0, preseeded_lemmas=0, sibling_lemmas=0, lemmas_added=0, last_new_lemmas=0): lazy linear arithmetic pre-SAT skeleton exceeds the joint resource boundary (atoms=2448, cnf_vars=4893, base_trigger=>1024/>4096, moderate_envelope<=1280/<=8192, initial_clauses=0, blocking_lemmas=0); declining before the first SAT round	unknown	109	unknown kind=ResourceLimit detail: lazy function-consistency CEGAR inconclusive (applications=125, function_groups=17, potential_pairs=406, solve_rounds=1, elapsed_ms=12, sat_candidates=0, first_candidate_ms=none, last_candidate_ms=none, pair_checks=0, equal_arg_pairs=0, violated_pairs=0, preseeded_lemmas=0, sibling_lemmas=0, lemmas_added=0, last_new_lemmas=0): lazy linear arithmetic pre-SAT skeleton exceeds the joint resource boundary (atoms=2448, cnf_vars=4893, base_trigger=>1024/>4096, moderate_envelope<=1280/<=8192, initial_clauses=0, blocking_lemmas=0); declining before the first SAT round	unknown	108	unknown kind=ResourceLimit detail: lazy function-consistency CEGAR inconclusive (applications=125, function_groups=17, potential_pairs=406, solve_rounds=1, elapsed_ms=13, sat_candidates=0, first_candidate_ms=none, last_candidate_ms=none, pair_checks=0, equal_arg_pairs=0, violated_pairs=0, preseeded_lemmas=0, sibling_lemmas=0, lemmas_added=0, last_new_lemmas=0): lazy linear arithmetic pre-SAT skeleton exceeds the joint resource boundary (atoms=2448, cnf_vars=4893, base_trigger=>1024/>4096, moderate_envelope<=1280/<=8192, initial_clauses=0, blocking_lemmas=0); declining before the first SAT round
/nas3/data/axeyum/corpus/smtlib-2024/non-incremental/non-incremental/QF_UFLIA/mathsat/Hash/hash_sat_07_20.smt2	sat	sat	118	unknown	110	unknown kind=ResourceLimit detail: lazy function-consistency CEGAR inconclusive (applications=146, function_groups=20, potential_pairs=469, solve_rounds=1, elapsed_ms=17, sat_candidates=0, first_candidate_ms=none, last_candidate_ms=none, pair_checks=0, equal_arg_pairs=0, violated_pairs=0, preseeded_lemmas=0, sibling_lemmas=0, lemmas_added=0, last_new_lemmas=0): lazy linear arithmetic pre-SAT skeleton exceeds the joint resource boundary (atoms=2868, cnf_vars=5733, base_trigger=>1024/>4096, moderate_envelope<=1280/<=8192, initial_clauses=0, blocking_lemmas=0); declining before the first SAT round	unknown	115	unknown kind=ResourceLimit detail: lazy function-consistency CEGAR inconclusive (applications=146, function_groups=20, potential_pairs=469, solve_rounds=1, elapsed_ms=14, sat_candidates=0, first_candidate_ms=none, last_candidate_ms=none, pair_checks=0, equal_arg_pairs=0, violated_pairs=0, preseeded_lemmas=0, sibling_lemmas=0, lemmas_added=0, last_new_lemmas=0): lazy linear arithmetic pre-SAT skeleton exceeds the joint resource boundary (atoms=2868, cnf_vars=5733, base_trigger=>1024/>4096, moderate_envelope<=1280/<=8192, initial_clauses=0, blocking_lemmas=0); declining before the first SAT round	unknown	115	unknown kind=ResourceLimit detail: lazy function-consistency CEGAR inconclusive (applications=146, function_groups=20, potential_pairs=469, solve_rounds=1, elapsed_ms=17, sat_candidates=0, first_candidate_ms=none, last_candidate_ms=none, pair_checks=0, equal_arg_pairs=0, violated_pairs=0, preseeded_lemmas=0, sibling_lemmas=0, lemmas_added=0, last_new_lemmas=0): lazy linear arithmetic pre-SAT skeleton exceeds the joint resource boundary (atoms=2868, cnf_vars=5733, base_trigger=>1024/>4096, moderate_envelope<=1280/<=8192, initial_clauses=0, blocking_lemmas=0); declining before the first SAT round
/nas3/data/axeyum/corpus/smtlib-2024/non-incremental/non-incremental/QF_UFLIA/mathsat/Hash/hash_sat_07_05.smt2	sat	sat	112	unknown	24326	unknown kind=Timeout detail: preprocessed dispatch timeout after reduced solve	unknown	24327	unknown kind=Timeout detail: preprocessed dispatch timeout after reduced solve	unknown	24328	unknown kind=Timeout detail: preprocessed dispatch timeout after reduced solve
/nas3/data/axeyum/corpus/smtlib-2024/non-incremental/non-incremental/QF_UFLIA/mathsat/Hash/hash_sat_07_08.smt2	sat	sat	108	unknown	24325	unknown kind=Timeout detail: preprocessed dispatch timeout after reduced solve	unknown	24328	unknown kind=Timeout detail: preprocessed dispatch timeout after reduced solve	unknown	24328	unknown kind=Timeout detail: preprocessed dispatch timeout after reduced solve
/nas3/data/axeyum/corpus/smtlib-2024/non-incremental/non-incremental/QF_UFLIA/mathsat/Hash/hash_sat_08_11.smt2	sat	sat	107	unknown	108	unknown kind=ResourceLimit detail: lazy function-consistency CEGAR inconclusive (applications=94, function_groups=11, potential_pairs=363, solve_rounds=1, elapsed_ms=11, sat_candidates=0, first_candidate_ms=none, last_candidate_ms=none, pair_checks=0, equal_arg_pairs=0, violated_pairs=0, preseeded_lemmas=0, sibling_lemmas=0, lemmas_added=0, last_new_lemmas=0): lazy linear arithmetic pre-SAT skeleton exceeds the joint resource boundary (atoms=2108, cnf_vars=4213, base_trigger=>1024/>4096, moderate_envelope<=1280/<=8192, initial_clauses=0, blocking_lemmas=0); declining before the first SAT round	unknown	109	unknown kind=ResourceLimit detail: lazy function-consistency CEGAR inconclusive (applications=94, function_groups=11, potential_pairs=363, solve_rounds=1, elapsed_ms=11, sat_candidates=0, first_candidate_ms=none, last_candidate_ms=none, pair_checks=0, equal_arg_pairs=0, violated_pairs=0, preseeded_lemmas=0, sibling_lemmas=0, lemmas_added=0, last_new_lemmas=0): lazy linear arithmetic pre-SAT skeleton exceeds the joint resource boundary (atoms=2108, cnf_vars=4213, base_trigger=>1024/>4096, moderate_envelope<=1280/<=8192, initial_clauses=0, blocking_lemmas=0); declining before the first SAT round	unknown	109	unknown kind=ResourceLimit detail: lazy function-consistency CEGAR inconclusive (applications=94, function_groups=11, potential_pairs=363, solve_rounds=1, elapsed_ms=10, sat_candidates=0, first_candidate_ms=none, last_candidate_ms=none, pair_checks=0, equal_arg_pairs=0, violated_pairs=0, preseeded_lemmas=0, sibling_lemmas=0, lemmas_added=0, last_new_lemmas=0): lazy linear arithmetic pre-SAT skeleton exceeds the joint resource boundary (atoms=2108, cnf_vars=4213, base_trigger=>1024/>4096, moderate_envelope<=1280/<=8192, initial_clauses=0, blocking_lemmas=0); declining before the first SAT round
/nas3/data/axeyum/corpus/smtlib-2024/non-incremental/non-incremental/QF_UFLIA/mathsat/Hash/hash_sat_08_14.smt2	sat	sat	107	unknown	107	unknown kind=ResourceLimit detail: lazy function-consistency CEGAR inconclusive (applications=118, function_groups=14, potential_pairs=447, solve_rounds=1, elapsed_ms=14, sat_candidates=0, first_candidate_ms=none, last_candidate_ms=none, pair_checks=0, equal_arg_pairs=0, violated_pairs=0, preseeded_lemmas=0, sibling_lemmas=0, lemmas_added=0, last_new_lemmas=0): lazy linear arithmetic pre-SAT skeleton exceeds the joint resource boundary (atoms=2660, cnf_vars=5317, base_trigger=>1024/>4096, moderate_envelope<=1280/<=8192, initial_clauses=0, blocking_lemmas=0); declining before the first SAT round	unknown	109	unknown kind=ResourceLimit detail: lazy function-consistency CEGAR inconclusive (applications=118, function_groups=14, potential_pairs=447, solve_rounds=1, elapsed_ms=7, sat_candidates=0, first_candidate_ms=none, last_candidate_ms=none, pair_checks=0, equal_arg_pairs=0, violated_pairs=0, preseeded_lemmas=0, sibling_lemmas=0, lemmas_added=0, last_new_lemmas=0): lazy linear arithmetic pre-SAT skeleton exceeds the joint resource boundary (atoms=2660, cnf_vars=5317, base_trigger=>1024/>4096, moderate_envelope<=1280/<=8192, initial_clauses=0, blocking_lemmas=0); declining before the first SAT round	unknown	107	unknown kind=ResourceLimit detail: lazy function-consistency CEGAR inconclusive (applications=118, function_groups=14, potential_pairs=447, solve_rounds=1, elapsed_ms=12, sat_candidates=0, first_candidate_ms=none, last_candidate_ms=none, pair_checks=0, equal_arg_pairs=0, violated_pairs=0, preseeded_lemmas=0, sibling_lemmas=0, lemmas_added=0, last_new_lemmas=0): lazy linear arithmetic pre-SAT skeleton exceeds the joint resource boundary (atoms=2660, cnf_vars=5317, base_trigger=>1024/>4096, moderate_envelope<=1280/<=8192, initial_clauses=0, blocking_lemmas=0); declining before the first SAT round
/nas3/data/axeyum/corpus/smtlib-2024/non-incremental/non-incremental/QF_UFLIA/mathsat/Hash/hash_sat_08_17.smt2	sat	sat	106	unknown	107	unknown kind=ResourceLimit detail: lazy function-consistency CEGAR inconclusive (applications=142, function_groups=17, potential_pairs=531, solve_rounds=1, elapsed_ms=17, sat_candidates=0, first_candidate_ms=none, last_candidate_ms=none, pair_checks=0, equal_arg_pairs=0, violated_pairs=0, preseeded_lemmas=0, sibling_lemmas=0, lemmas_added=0, last_new_lemmas=0): lazy linear arithmetic pre-SAT skeleton exceeds the joint resource boundary (atoms=3212, cnf_vars=6421, base_trigger=>1024/>4096, moderate_envelope<=1280/<=8192, initial_clauses=0, blocking_lemmas=0); declining before the first SAT round	unknown	106	unknown kind=ResourceLimit detail: lazy function-consistency CEGAR inconclusive (applications=142, function_groups=17, potential_pairs=531, solve_rounds=1, elapsed_ms=15, sat_candidates=0, first_candidate_ms=none, last_candidate_ms=none, pair_checks=0, equal_arg_pairs=0, violated_pairs=0, preseeded_lemmas=0, sibling_lemmas=0, lemmas_added=0, last_new_lemmas=0): lazy linear arithmetic pre-SAT skeleton exceeds the joint resource boundary (atoms=3212, cnf_vars=6421, base_trigger=>1024/>4096, moderate_envelope<=1280/<=8192, initial_clauses=0, blocking_lemmas=0); declining before the first SAT round	unknown	107	unknown kind=ResourceLimit detail: lazy function-consistency CEGAR inconclusive (applications=142, function_groups=17, potential_pairs=531, solve_rounds=1, elapsed_ms=9, sat_candidates=0, first_candidate_ms=none, last_candidate_ms=none, pair_checks=0, equal_arg_pairs=0, violated_pairs=0, preseeded_lemmas=0, sibling_lemmas=0, lemmas_added=0, last_new_lemmas=0): lazy linear arithmetic pre-SAT skeleton exceeds the joint resource boundary (atoms=3212, cnf_vars=6421, base_trigger=>1024/>4096, moderate_envelope<=1280/<=8192, initial_clauses=0, blocking_lemmas=0); declining before the first SAT round
/nas3/data/axeyum/corpus/smtlib-2024/non-incremental/non-incremental/QF_UFLIA/mathsat/Hash/hash_sat_08_20.smt2	sat	sat	108	unknown	108	unknown kind=ResourceLimit detail: lazy function-consistency CEGAR inconclusive (applications=166, function_groups=20, potential_pairs=615, solve_rounds=1, elapsed_ms=11, sat_candidates=0, first_candidate_ms=none, last_candidate_ms=none, pair_checks=0, equal_arg_pairs=0, violated_pairs=0, preseeded_lemmas=0, sibling_lemmas=0, lemmas_added=0, last_new_lemmas=0): lazy linear arithmetic pre-SAT skeleton exceeds the joint resource boundary (atoms=3764, cnf_vars=7525, base_trigger=>1024/>4096, moderate_envelope<=1280/<=8192, initial_clauses=0, blocking_lemmas=0); declining before the first SAT round	unknown	109	unknown kind=ResourceLimit detail: lazy function-consistency CEGAR inconclusive (applications=166, function_groups=20, potential_pairs=615, solve_rounds=1, elapsed_ms=20, sat_candidates=0, first_candidate_ms=none, last_candidate_ms=none, pair_checks=0, equal_arg_pairs=0, violated_pairs=0, preseeded_lemmas=0, sibling_lemmas=0, lemmas_added=0, last_new_lemmas=0): lazy linear arithmetic pre-SAT skeleton exceeds the joint resource boundary (atoms=3764, cnf_vars=7525, base_trigger=>1024/>4096, moderate_envelope<=1280/<=8192, initial_clauses=0, blocking_lemmas=0); declining before the first SAT round	unknown	111	unknown kind=ResourceLimit detail: lazy function-consistency CEGAR inconclusive (applications=166, function_groups=20, potential_pairs=615, solve_rounds=1, elapsed_ms=10, sat_candidates=0, first_candidate_ms=none, last_candidate_ms=none, pair_checks=0, equal_arg_pairs=0, violated_pairs=0, preseeded_lemmas=0, sibling_lemmas=0, lemmas_added=0, last_new_lemmas=0): lazy linear arithmetic pre-SAT skeleton exceeds the joint resource boundary (atoms=3764, cnf_vars=7525, base_trigger=>1024/>4096, moderate_envelope<=1280/<=8192, initial_clauses=0, blocking_lemmas=0); declining before the first SAT round
/nas3/data/axeyum/corpus/smtlib-2024/non-incremental/non-incremental/QF_UFLIA/mathsat/Hash/hash_sat_07_11.smt2	sat	sat	107	unknown	24327	unknown kind=Timeout detail: preprocessed dispatch timeout after reduced solve	unknown	24332	unknown kind=Timeout detail: preprocessed dispatch timeout after reduced solve	unknown	24328	unknown kind=Timeout detail: preprocessed dispatch timeout after reduced solve
/nas3/data/axeyum/corpus/smtlib-2024/non-incremental/non-incremental/QF_UFLIA/mathsat/Hash/hash_sat_07_14.smt2	sat	sat	109	unknown	24327	unknown kind=Timeout detail: preprocessed dispatch timeout after reduced solve	unknown	24329	unknown kind=Timeout detail: preprocessed dispatch timeout after reduced solve	unknown	24326	unknown kind=Timeout detail: preprocessed dispatch timeout after reduced solve
/nas3/data/axeyum/corpus/smtlib-2024/non-incremental/non-incremental/QF_UFLIA/mathsat/Hash/hash_sat_09_11.smt2	sat	sat	111	unknown	111	unknown kind=ResourceLimit detail: lazy function-consistency CEGAR inconclusive (applications=105, function_groups=11, potential_pairs=457, solve_rounds=1, elapsed_ms=13, sat_candidates=0, first_candidate_ms=none, last_candidate_ms=none, pair_checks=0, equal_arg_pairs=0, violated_pairs=0, preseeded_lemmas=0, sibling_lemmas=0, lemmas_added=0, last_new_lemmas=0): lazy linear arithmetic pre-SAT skeleton exceeds the joint resource boundary (atoms=2676, cnf_vars=5349, base_trigger=>1024/>4096, moderate_envelope<=1280/<=8192, initial_clauses=0, blocking_lemmas=0); declining before the first SAT round	unknown	108	unknown kind=ResourceLimit detail: lazy function-consistency CEGAR inconclusive (applications=105, function_groups=11, potential_pairs=457, solve_rounds=1, elapsed_ms=13, sat_candidates=0, first_candidate_ms=none, last_candidate_ms=none, pair_checks=0, equal_arg_pairs=0, violated_pairs=0, preseeded_lemmas=0, sibling_lemmas=0, lemmas_added=0, last_new_lemmas=0): lazy linear arithmetic pre-SAT skeleton exceeds the joint resource boundary (atoms=2676, cnf_vars=5349, base_trigger=>1024/>4096, moderate_envelope<=1280/<=8192, initial_clauses=0, blocking_lemmas=0); declining before the first SAT round	unknown	109	unknown kind=ResourceLimit detail: lazy function-consistency CEGAR inconclusive (applications=105, function_groups=11, potential_pairs=457, solve_rounds=1, elapsed_ms=13, sat_candidates=0, first_candidate_ms=none, last_candidate_ms=none, pair_checks=0, equal_arg_pairs=0, violated_pairs=0, preseeded_lemmas=0, sibling_lemmas=0, lemmas_added=0, last_new_lemmas=0): lazy linear arithmetic pre-SAT skeleton exceeds the joint resource boundary (atoms=2676, cnf_vars=5349, base_trigger=>1024/>4096, moderate_envelope<=1280/<=8192, initial_clauses=0, blocking_lemmas=0); declining before the first SAT round
/nas3/data/axeyum/corpus/smtlib-2024/non-incremental/non-incremental/QF_UFLIA/mathsat/Hash/hash_sat_09_14.smt2	sat	sat	108	unknown	108	unknown kind=ResourceLimit detail: lazy function-consistency CEGAR inconclusive (applications=132, function_groups=14, potential_pairs=565, solve_rounds=1, elapsed_ms=17, sat_candidates=0, first_candidate_ms=none, last_candidate_ms=none, pair_checks=0, equal_arg_pairs=0, violated_pairs=0, preseeded_lemmas=0, sibling_lemmas=0, lemmas_added=0, last_new_lemmas=0): lazy linear arithmetic pre-SAT skeleton exceeds the joint resource boundary (atoms=3378, cnf_vars=6753, base_trigger=>1024/>4096, moderate_envelope<=1280/<=8192, initial_clauses=0, blocking_lemmas=0); declining before the first SAT round	unknown	109	unknown kind=ResourceLimit detail: lazy function-consistency CEGAR inconclusive (applications=132, function_groups=14, potential_pairs=565, solve_rounds=1, elapsed_ms=17, sat_candidates=0, first_candidate_ms=none, last_candidate_ms=none, pair_checks=0, equal_arg_pairs=0, violated_pairs=0, preseeded_lemmas=0, sibling_lemmas=0, lemmas_added=0, last_new_lemmas=0): lazy linear arithmetic pre-SAT skeleton exceeds the joint resource boundary (atoms=3378, cnf_vars=6753, base_trigger=>1024/>4096, moderate_envelope<=1280/<=8192, initial_clauses=0, blocking_lemmas=0); declining before the first SAT round	unknown	109	unknown kind=ResourceLimit detail: lazy function-consistency CEGAR inconclusive (applications=132, function_groups=14, potential_pairs=565, solve_rounds=1, elapsed_ms=17, sat_candidates=0, first_candidate_ms=none, last_candidate_ms=none, pair_checks=0, equal_arg_pairs=0, violated_pairs=0, preseeded_lemmas=0, sibling_lemmas=0, lemmas_added=0, last_new_lemmas=0): lazy linear arithmetic pre-SAT skeleton exceeds the joint resource boundary (atoms=3378, cnf_vars=6753, base_trigger=>1024/>4096, moderate_envelope<=1280/<=8192, initial_clauses=0, blocking_lemmas=0); declining before the first SAT round
/nas3/data/axeyum/corpus/smtlib-2024/non-incremental/non-incremental/QF_UFLIA/mathsat/Hash/hash_sat_09_17.smt2	sat	sat	109	unknown	210	unknown kind=ResourceLimit detail: lazy function-consistency CEGAR inconclusive (applications=159, function_groups=17, potential_pairs=673, solve_rounds=1, elapsed_ms=25, sat_candidates=0, first_candidate_ms=none, last_candidate_ms=none, pair_checks=0, equal_arg_pairs=0, violated_pairs=0, preseeded_lemmas=0, sibling_lemmas=0, lemmas_added=0, last_new_lemmas=0): lazy linear arithmetic pre-SAT skeleton exceeds the joint resource boundary (atoms=4080, cnf_vars=8157, base_trigger=>1024/>4096, moderate_envelope<=1280/<=8192, initial_clauses=0, blocking_lemmas=0); declining before the first SAT round	unknown	109	unknown kind=ResourceLimit detail: lazy function-consistency CEGAR inconclusive (applications=159, function_groups=17, potential_pairs=673, solve_rounds=1, elapsed_ms=14, sat_candidates=0, first_candidate_ms=none, last_candidate_ms=none, pair_checks=0, equal_arg_pairs=0, violated_pairs=0, preseeded_lemmas=0, sibling_lemmas=0, lemmas_added=0, last_new_lemmas=0): lazy linear arithmetic pre-SAT skeleton exceeds the joint resource boundary (atoms=4080, cnf_vars=8157, base_trigger=>1024/>4096, moderate_envelope<=1280/<=8192, initial_clauses=0, blocking_lemmas=0); declining before the first SAT round	unknown	212	unknown kind=ResourceLimit detail: lazy function-consistency CEGAR inconclusive (applications=159, function_groups=17, potential_pairs=673, solve_rounds=1, elapsed_ms=24, sat_candidates=0, first_candidate_ms=none, last_candidate_ms=none, pair_checks=0, equal_arg_pairs=0, violated_pairs=0, preseeded_lemmas=0, sibling_lemmas=0, lemmas_added=0, last_new_lemmas=0): lazy linear arithmetic pre-SAT skeleton exceeds the joint resource boundary (atoms=4080, cnf_vars=8157, base_trigger=>1024/>4096, moderate_envelope<=1280/<=8192, initial_clauses=0, blocking_lemmas=0); declining before the first SAT round
/nas3/data/axeyum/corpus/smtlib-2024/non-incremental/non-incremental/QF_UFLIA/mathsat/Hash/hash_sat_09_20.smt2	sat	sat	121	unknown	211	unknown kind=ResourceLimit detail: lazy function-consistency CEGAR inconclusive (applications=186, function_groups=20, potential_pairs=781, solve_rounds=1, elapsed_ms=31, sat_candidates=0, first_candidate_ms=none, last_candidate_ms=none, pair_checks=0, equal_arg_pairs=0, violated_pairs=0, preseeded_lemmas=0, sibling_lemmas=0, lemmas_added=0, last_new_lemmas=0): lazy linear arithmetic pre-SAT skeleton exceeds the joint resource boundary (atoms=4782, cnf_vars=9561, base_trigger=>1024/>4096, moderate_envelope<=1280/<=8192, initial_clauses=0, blocking_lemmas=0); declining before the first SAT round	unknown	211	unknown kind=ResourceLimit detail: lazy function-consistency CEGAR inconclusive (applications=186, function_groups=20, potential_pairs=781, solve_rounds=1, elapsed_ms=22, sat_candidates=0, first_candidate_ms=none, last_candidate_ms=none, pair_checks=0, equal_arg_pairs=0, violated_pairs=0, preseeded_lemmas=0, sibling_lemmas=0, lemmas_added=0, last_new_lemmas=0): lazy linear arithmetic pre-SAT skeleton exceeds the joint resource boundary (atoms=4782, cnf_vars=9561, base_trigger=>1024/>4096, moderate_envelope<=1280/<=8192, initial_clauses=0, blocking_lemmas=0); declining before the first SAT round	unknown	211	unknown kind=ResourceLimit detail: lazy function-consistency CEGAR inconclusive (applications=186, function_groups=20, potential_pairs=781, solve_rounds=1, elapsed_ms=28, sat_candidates=0, first_candidate_ms=none, last_candidate_ms=none, pair_checks=0, equal_arg_pairs=0, violated_pairs=0, preseeded_lemmas=0, sibling_lemmas=0, lemmas_added=0, last_new_lemmas=0): lazy linear arithmetic pre-SAT skeleton exceeds the joint resource boundary (atoms=4782, cnf_vars=9561, base_trigger=>1024/>4096, moderate_envelope<=1280/<=8192, initial_clauses=0, blocking_lemmas=0); declining before the first SAT round
/nas3/data/axeyum/corpus/smtlib-2024/non-incremental/non-incremental/QF_UFLIA/mathsat/Hash/hash_sat_08_05.smt2	sat	sat	110	unknown	24330	unknown kind=Timeout detail: preprocessed dispatch timeout after reduced solve	unknown	24325	unknown kind=Timeout detail: preprocessed dispatch timeout after reduced solve	unknown	24327	unknown kind=Timeout detail: preprocessed dispatch timeout after reduced solve
/nas3/data/axeyum/corpus/smtlib-2024/non-incremental/non-incremental/QF_UFLIA/mathsat/Hash/hash_sat_10_08.smt2	sat	sat	108	unknown	110	unknown kind=ResourceLimit detail: lazy function-consistency CEGAR inconclusive (applications=86, function_groups=8, potential_pairs=427, solve_rounds=1, elapsed_ms=8, sat_candidates=0, first_candidate_ms=none, last_candidate_ms=none, pair_checks=0, equal_arg_pairs=0, violated_pairs=0, preseeded_lemmas=0, sibling_lemmas=0, lemmas_added=0, last_new_lemmas=0): lazy linear arithmetic pre-SAT skeleton exceeds the joint resource boundary (atoms=2442, cnf_vars=4881, base_trigger=>1024/>4096, moderate_envelope<=1280/<=8192, initial_clauses=0, blocking_lemmas=0); declining before the first SAT round	unknown	109	unknown kind=ResourceLimit detail: lazy function-consistency CEGAR inconclusive (applications=86, function_groups=8, potential_pairs=427, solve_rounds=1, elapsed_ms=8, sat_candidates=0, first_candidate_ms=none, last_candidate_ms=none, pair_checks=0, equal_arg_pairs=0, violated_pairs=0, preseeded_lemmas=0, sibling_lemmas=0, lemmas_added=0, last_new_lemmas=0): lazy linear arithmetic pre-SAT skeleton exceeds the joint resource boundary (atoms=2442, cnf_vars=4881, base_trigger=>1024/>4096, moderate_envelope<=1280/<=8192, initial_clauses=0, blocking_lemmas=0); declining before the first SAT round	unknown	108	unknown kind=ResourceLimit detail: lazy function-consistency CEGAR inconclusive (applications=86, function_groups=8, potential_pairs=427, solve_rounds=1, elapsed_ms=12, sat_candidates=0, first_candidate_ms=none, last_candidate_ms=none, pair_checks=0, equal_arg_pairs=0, violated_pairs=0, preseeded_lemmas=0, sibling_lemmas=0, lemmas_added=0, last_new_lemmas=0): lazy linear arithmetic pre-SAT skeleton exceeds the joint resource boundary (atoms=2442, cnf_vars=4881, base_trigger=>1024/>4096, moderate_envelope<=1280/<=8192, initial_clauses=0, blocking_lemmas=0); declining before the first SAT round
/nas3/data/axeyum/corpus/smtlib-2024/non-incremental/non-incremental/QF_UFLIA/mathsat/Hash/hash_sat_10_11.smt2	sat	sat	107	unknown	108	unknown kind=ResourceLimit detail: lazy function-consistency CEGAR inconclusive (applications=116, function_groups=11, potential_pairs=562, solve_rounds=1, elapsed_ms=17, sat_candidates=0, first_candidate_ms=none, last_candidate_ms=none, pair_checks=0, equal_arg_pairs=0, violated_pairs=0, preseeded_lemmas=0, sibling_lemmas=0, lemmas_added=0, last_new_lemmas=0): lazy linear arithmetic pre-SAT skeleton exceeds the joint resource boundary (atoms=3312, cnf_vars=6621, base_trigger=>1024/>4096, moderate_envelope<=1280/<=8192, initial_clauses=0, blocking_lemmas=0); declining before the first SAT round	unknown	109	unknown kind=ResourceLimit detail: lazy function-consistency CEGAR inconclusive (applications=116, function_groups=11, potential_pairs=562, solve_rounds=1, elapsed_ms=19, sat_candidates=0, first_candidate_ms=none, last_candidate_ms=none, pair_checks=0, equal_arg_pairs=0, violated_pairs=0, preseeded_lemmas=0, sibling_lemmas=0, lemmas_added=0, last_new_lemmas=0): lazy linear arithmetic pre-SAT skeleton exceeds the joint resource boundary (atoms=3312, cnf_vars=6621, base_trigger=>1024/>4096, moderate_envelope<=1280/<=8192, initial_clauses=0, blocking_lemmas=0); declining before the first SAT round	unknown	109	unknown kind=ResourceLimit detail: lazy function-consistency CEGAR inconclusive (applications=116, function_groups=11, potential_pairs=562, solve_rounds=1, elapsed_ms=16, sat_candidates=0, first_candidate_ms=none, last_candidate_ms=none, pair_checks=0, equal_arg_pairs=0, violated_pairs=0, preseeded_lemmas=0, sibling_lemmas=0, lemmas_added=0, last_new_lemmas=0): lazy linear arithmetic pre-SAT skeleton exceeds the joint resource boundary (atoms=3312, cnf_vars=6621, base_trigger=>1024/>4096, moderate_envelope<=1280/<=8192, initial_clauses=0, blocking_lemmas=0); declining before the first SAT round
/nas3/data/axeyum/corpus/smtlib-2024/non-incremental/non-incremental/QF_UFLIA/mathsat/Hash/hash_sat_10_14.smt2	sat	sat	107	unknown	107	unknown kind=ResourceLimit detail: lazy function-consistency CEGAR inconclusive (applications=146, function_groups=14, potential_pairs=697, solve_rounds=1, elapsed_ms=22, sat_candidates=0, first_candidate_ms=none, last_candidate_ms=none, pair_checks=0, equal_arg_pairs=0, violated_pairs=0, preseeded_lemmas=0, sibling_lemmas=0, lemmas_added=0, last_new_lemmas=0): lazy linear arithmetic pre-SAT skeleton exceeds the joint resource boundary (atoms=4182, cnf_vars=8361, base_trigger=>1024/>4096, moderate_envelope<=1280/<=8192, initial_clauses=0, blocking_lemmas=0); declining before the first SAT round	unknown	209	unknown kind=ResourceLimit detail: lazy function-consistency CEGAR inconclusive (applications=146, function_groups=14, potential_pairs=697, solve_rounds=1, elapsed_ms=23, sat_candidates=0, first_candidate_ms=none, last_candidate_ms=none, pair_checks=0, equal_arg_pairs=0, violated_pairs=0, preseeded_lemmas=0, sibling_lemmas=0, lemmas_added=0, last_new_lemmas=0): lazy linear arithmetic pre-SAT skeleton exceeds the joint resource boundary (atoms=4182, cnf_vars=8361, base_trigger=>1024/>4096, moderate_envelope<=1280/<=8192, initial_clauses=0, blocking_lemmas=0); declining before the first SAT round	unknown	106	unknown kind=ResourceLimit detail: lazy function-consistency CEGAR inconclusive (applications=146, function_groups=14, potential_pairs=697, solve_rounds=1, elapsed_ms=12, sat_candidates=0, first_candidate_ms=none, last_candidate_ms=none, pair_checks=0, equal_arg_pairs=0, violated_pairs=0, preseeded_lemmas=0, sibling_lemmas=0, lemmas_added=0, last_new_lemmas=0): lazy linear arithmetic pre-SAT skeleton exceeds the joint resource boundary (atoms=4182, cnf_vars=8361, base_trigger=>1024/>4096, moderate_envelope<=1280/<=8192, initial_clauses=0, blocking_lemmas=0); declining before the first SAT round
/nas3/data/axeyum/corpus/smtlib-2024/non-incremental/non-incremental/QF_UFLIA/mathsat/Hash/hash_sat_10_17.smt2	sat	sat	107	unknown	207	unknown kind=ResourceLimit detail: lazy function-consistency CEGAR inconclusive (applications=176, function_groups=17, potential_pairs=832, solve_rounds=1, elapsed_ms=29, sat_candidates=0, first_candidate_ms=none, last_candidate_ms=none, pair_checks=0, equal_arg_pairs=0, violated_pairs=0, preseeded_lemmas=0, sibling_lemmas=0, lemmas_added=0, last_new_lemmas=0): lazy linear arithmetic pre-SAT skeleton exceeds the joint resource boundary (atoms=5052, cnf_vars=10101, base_trigger=>1024/>4096, moderate_envelope<=1280/<=8192, initial_clauses=0, blocking_lemmas=0); declining before the first SAT round	unknown	107	unknown kind=ResourceLimit detail: lazy function-consistency CEGAR inconclusive (applications=176, function_groups=17, potential_pairs=832, solve_rounds=1, elapsed_ms=14, sat_candidates=0, first_candidate_ms=none, last_candidate_ms=none, pair_checks=0, equal_arg_pairs=0, violated_pairs=0, preseeded_lemmas=0, sibling_lemmas=0, lemmas_added=0, last_new_lemmas=0): lazy linear arithmetic pre-SAT skeleton exceeds the joint resource boundary (atoms=5052, cnf_vars=10101, base_trigger=>1024/>4096, moderate_envelope<=1280/<=8192, initial_clauses=0, blocking_lemmas=0); declining before the first SAT round	unknown	106	unknown kind=ResourceLimit detail: lazy function-consistency CEGAR inconclusive (applications=176, function_groups=17, potential_pairs=832, solve_rounds=1, elapsed_ms=16, sat_candidates=0, first_candidate_ms=none, last_candidate_ms=none, pair_checks=0, equal_arg_pairs=0, violated_pairs=0, preseeded_lemmas=0, sibling_lemmas=0, lemmas_added=0, last_new_lemmas=0): lazy linear arithmetic pre-SAT skeleton exceeds the joint resource boundary (atoms=5052, cnf_vars=10101, base_trigger=>1024/>4096, moderate_envelope<=1280/<=8192, initial_clauses=0, blocking_lemmas=0); declining before the first SAT round
/nas3/data/axeyum/corpus/smtlib-2024/non-incremental/non-incremental/QF_UFLIA/mathsat/Hash/hash_sat_10_20.smt2	sat	sat	107	unknown	108	unknown kind=ResourceLimit detail: lazy function-consistency CEGAR inconclusive (applications=206, function_groups=20, potential_pairs=967, solve_rounds=1, elapsed_ms=18, sat_candidates=0, first_candidate_ms=none, last_candidate_ms=none, pair_checks=0, equal_arg_pairs=0, violated_pairs=0, preseeded_lemmas=0, sibling_lemmas=0, lemmas_added=0, last_new_lemmas=0): lazy linear arithmetic pre-SAT skeleton exceeds the joint resource boundary (atoms=5922, cnf_vars=11841, base_trigger=>1024/>4096, moderate_envelope<=1280/<=8192, initial_clauses=0, blocking_lemmas=0); declining before the first SAT round	unknown	107	unknown kind=ResourceLimit detail: lazy function-consistency CEGAR inconclusive (applications=206, function_groups=20, potential_pairs=967, solve_rounds=1, elapsed_ms=20, sat_candidates=0, first_candidate_ms=none, last_candidate_ms=none, pair_checks=0, equal_arg_pairs=0, violated_pairs=0, preseeded_lemmas=0, sibling_lemmas=0, lemmas_added=0, last_new_lemmas=0): lazy linear arithmetic pre-SAT skeleton exceeds the joint resource boundary (atoms=5922, cnf_vars=11841, base_trigger=>1024/>4096, moderate_envelope<=1280/<=8192, initial_clauses=0, blocking_lemmas=0); declining before the first SAT round	unknown	212	unknown kind=ResourceLimit detail: lazy function-consistency CEGAR inconclusive (applications=206, function_groups=20, potential_pairs=967, solve_rounds=1, elapsed_ms=33, sat_candidates=0, first_candidate_ms=none, last_candidate_ms=none, pair_checks=0, equal_arg_pairs=0, violated_pairs=0, preseeded_lemmas=0, sibling_lemmas=0, lemmas_added=0, last_new_lemmas=0): lazy linear arithmetic pre-SAT skeleton exceeds the joint resource boundary (atoms=5922, cnf_vars=11841, base_trigger=>1024/>4096, moderate_envelope<=1280/<=8192, initial_clauses=0, blocking_lemmas=0); declining before the first SAT round
/nas3/data/axeyum/corpus/smtlib-2024/non-incremental/non-incremental/QF_UFLIA/mathsat/Hash/hash_uns_03_05.smt2	unsat	unsat	117	unsat	207		unsat	210		unsat	208	
/nas3/data/axeyum/corpus/smtlib-2024/non-incremental/non-incremental/QF_UFLIA/mathsat/Hash/hash_uns_03_08.smt2	unsat	unsat	108	unsat	615		unsat	408		unsat	409	
/nas3/data/axeyum/corpus/smtlib-2024/non-incremental/non-incremental/QF_UFLIA/mathsat/Hash/hash_uns_03_11.smt2	unsat	unsat	107	unsat	1409		unsat	1408		unsat	1410	
/nas3/data/axeyum/corpus/smtlib-2024/non-incremental/non-incremental/QF_UFLIA/mathsat/Hash/hash_uns_03_14.smt2	unsat	unsat	107	unsat	2212		unsat	2209		unsat	2209	
/nas3/data/axeyum/corpus/smtlib-2024/non-incremental/non-incremental/QF_UFLIA/mathsat/Hash/hash_uns_03_17.smt2	unsat	unsat	107	unsat	4111		unsat	2512		unsat	2509	
/nas3/data/axeyum/corpus/smtlib-2024/non-incremental/non-incremental/QF_UFLIA/mathsat/Hash/hash_sat_08_08.smt2	sat	sat	110	unknown	24327	unknown kind=Timeout detail: preprocessed dispatch timeout after reduced solve	unknown	24329	unknown kind=Timeout detail: preprocessed dispatch timeout after reduced solve	unknown	24333	unknown kind=Timeout detail: preprocessed dispatch timeout after reduced solve
/nas3/data/axeyum/corpus/smtlib-2024/non-incremental/non-incremental/QF_UFLIA/mathsat/Hash/hash_uns_04_05.smt2	unsat	unsat	112	unsat	707		unsat	911		unsat	708	
/nas3/data/axeyum/corpus/smtlib-2024/non-incremental/non-incremental/QF_UFLIA/mathsat/Hash/hash_sat_09_05.smt2	sat	sat	107	unknown	24325	unknown kind=Timeout detail: preprocessed dispatch timeout after reduced solve	unknown	24351	unknown kind=Timeout detail: preprocessed dispatch timeout after reduced solve	unknown	24330	unknown kind=Timeout detail: preprocessed dispatch timeout after reduced solve
/nas3/data/axeyum/corpus/smtlib-2024/non-incremental/non-incremental/QF_UFLIA/mathsat/Hash/hash_uns_03_20.smt2	unsat	unsat	107	unsat	4712		unsat	4611		unsat	5312	
/nas3/data/axeyum/corpus/smtlib-2024/non-incremental/non-incremental/QF_UFLIA/mathsat/Hash/hash_sat_09_08.smt2	sat	sat	108	unknown	24335	unknown kind=Timeout detail: preprocessed dispatch timeout after reduced solve	unknown	24327	unknown kind=Timeout detail: preprocessed dispatch timeout after reduced solve	unknown	24337	unknown kind=Timeout detail: preprocessed dispatch timeout after reduced solve
/nas3/data/axeyum/corpus/smtlib-2024/non-incremental/non-incremental/QF_UFLIA/mathsat/Hash/hash_uns_04_08.smt2	unsat	unsat	108	unsat	3710		unsat	5812		unsat	5913	
/nas3/data/axeyum/corpus/smtlib-2024/non-incremental/non-incremental/QF_UFLIA/mathsat/Hash/hash_sat_10_05.smt2	sat	sat	107	unknown	24331	unknown kind=Timeout detail: preprocessed dispatch timeout after reduced solve	unknown	24329	unknown kind=Timeout detail: preprocessed dispatch timeout after reduced solve	unknown	24328	unknown kind=Timeout detail: preprocessed dispatch timeout after reduced solve
/nas3/data/axeyum/corpus/smtlib-2024/non-incremental/non-incremental/QF_UFLIA/mathsat/Hash/hash_uns_04_17.smt2	unsat	unsat	113	unsat	6518		unsat	7515		unsat	8515	
/nas3/data/axeyum/corpus/smtlib-2024/non-incremental/non-incremental/QF_UFLIA/mathsat/Hash/hash_uns_04_20.smt2	unsat	unsat	111	unsat	8914		unsat	6315		unsat	8923	
/nas3/data/axeyum/corpus/smtlib-2024/non-incremental/non-incremental/QF_UFLIA/mathsat/Hash/hash_uns_05_05.smt2	unsat	unsat	109	unsat	10116		unsat	10724		unsat	8522	
/nas3/data/axeyum/corpus/smtlib-2024/non-incremental/non-incremental/QF_UFLIA/mathsat/Hash/hash_uns_04_11.smt2	unsat	unsat	113	unknown	24330	unknown kind=Timeout detail: preprocessed dispatch timeout after reduced solve	unknown	24338	unknown kind=Timeout detail: preprocessed dispatch timeout after reduced solve	unsat	23728	
/nas3/data/axeyum/corpus/smtlib-2024/non-incremental/non-incremental/QF_UFLIA/mathsat/Hash/hash_uns_04_14.smt2	unsat	unsat	108	unknown	24328	unknown kind=Timeout detail: preprocessed dispatch timeout after reduced solve	unknown	24340	unknown kind=Timeout detail: preprocessed dispatch timeout after reduced solve	unknown	24328	unknown kind=Timeout detail: preprocessed dispatch timeout after reduced solve
/nas3/data/axeyum/corpus/smtlib-2024/non-incremental/non-incremental/QF_UFLIA/mathsat/Hash/hash_uns_05_08.smt2	unsat	unsat	108	unknown	24337	unknown kind=Timeout detail: preprocessed dispatch timeout after reduced solve	unknown	24327	unknown kind=Timeout detail: preprocessed dispatch timeout after reduced solve	unknown	24339	unknown kind=Timeout detail: preprocessed dispatch timeout after reduced solve
/nas3/data/axeyum/corpus/smtlib-2024/non-incremental/non-incremental/QF_UFLIA/mathsat/Wisa/xs-05-08-4-2-5-4.smt2	unsat	unsat	108	unsat	208		unsat	208		unsat	208	
/nas3/data/axeyum/corpus/smtlib-2024/non-incremental/non-incremental/QF_UFLIA/mathsat/Wisa/xs-05-12-1-4-2-1.smt2	unsat	unsat	107	unsat	209		unsat	108		unsat	208	
/nas3/data/axeyum/corpus/smtlib-2024/non-incremental/non-incremental/QF_UFLIA/mathsat/Wisa/xs-05-16-1-5-4-3.smt2	unsat	unsat	108	unsat	107		unsat	207		unsat	208	
/nas3/data/axeyum/corpus/smtlib-2024/non-incremental/non-incremental/QF_UFLIA/mathsat/Wisa/xs-05-19-1-4-2-1.smt2	unsat	unsat	108	unsat	108		unsat	107		unsat	107	
/nas3/data/axeyum/corpus/smtlib-2024/non-incremental/non-incremental/QF_UFLIA/mathsat/Hash/hash_uns_05_11.smt2	unsat	unsat	107	unknown	24344	unknown kind=Timeout detail: preprocessed dispatch timeout after reduced solve	unknown	24326	unknown kind=Timeout detail: preprocessed dispatch timeout after reduced solve	unknown	24341	unknown kind=Timeout detail: preprocessed dispatch timeout after reduced solve
/nas3/data/axeyum/corpus/smtlib-2024/non-incremental/non-incremental/QF_UFLIA/mathsat/Wisa/xs-06-07-4-5-4-2.smt2	sat	sat	107	sat	308		sat	508		sat	308	
/nas3/data/axeyum/corpus/smtlib-2024/non-incremental/non-incremental/QF_UFLIA/mathsat/Wisa/xs-06-10-1-4-2-5.smt2	unsat	unsat	107	unsat	107		unsat	107		unsat	106	
/nas3/data/axeyum/corpus/smtlib-2024/non-incremental/non-incremental/QF_UFLIA/mathsat/Wisa/xs-06-14-3-1-5-2.smt2	unsat	unsat	107	unsat	107		unsat	107		unsat	107	
/nas3/data/axeyum/corpus/smtlib-2024/non-incremental/non-incremental/QF_UFLIA/mathsat/Wisa/xs-06-18-1-2-1-5.smt2	unsat	unsat	106	unsat	107		unsat	107		unsat	107	
/nas3/data/axeyum/corpus/smtlib-2024/non-incremental/non-incremental/QF_UFLIA/mathsat/Wisa/xs-07-05-5-2-3-5.smt2	unsat	unsat	107	unsat	107		unsat	107		unsat	107	
/nas3/data/axeyum/corpus/smtlib-2024/non-incremental/non-incremental/QF_UFLIA/mathsat/Wisa/xs-07-09-3-4-4-3.smt2	unsat	unsat	107	unsat	107		unsat	106		unsat	107	
/nas3/data/axeyum/corpus/smtlib-2024/non-incremental/non-incremental/QF_UFLIA/mathsat/Wisa/xs-07-13-5-3-2-1.smt2	unsat	unsat	107	unsat	107		unsat	107		unsat	107	
/nas3/data/axeyum/corpus/smtlib-2024/non-incremental/non-incremental/QF_UFLIA/mathsat/Wisa/xs-07-16-2-4-3-5.smt2	unsat	unsat	108	unsat	808		unsat	808		unsat	808	
/nas3/data/axeyum/corpus/smtlib-2024/non-incremental/non-incremental/QF_UFLIA/mathsat/Wisa/xs-07-20-2-5-1-4.smt2	unsat	unsat	106	unsat	807		unsat	807		unsat	607	
/nas3/data/axeyum/corpus/smtlib-2024/non-incremental/non-incremental/QF_UFLIA/mathsat/Wisa/xs-08-07-3-2-3-1.smt2	sat	sat	108	sat	608		sat	608		sat	508	
/nas3/data/axeyum/corpus/smtlib-2024/non-incremental/non-incremental/QF_UFLIA/mathsat/Wisa/xs-08-11-4-3-2-2.smt2	sat	sat	107	sat	1008		sat	808		sat	1008	
/nas3/data/axeyum/corpus/smtlib-2024/non-incremental/non-incremental/QF_UFLIA/mathsat/Wisa/xs-08-15-4-2-1-4.smt2	unsat	unsat	107	unsat	907		unsat	906		unsat	907	
/nas3/data/axeyum/corpus/smtlib-2024/non-incremental/non-incremental/QF_UFLIA/mathsat/Wisa/xs-08-19-2-2-3-1.smt2	unsat	unsat	107	unsat	1408		unsat	1408		unsat	1408	
/nas3/data/axeyum/corpus/smtlib-2024/non-incremental/non-incremental/QF_UFLIA/mathsat/Wisa/xs-09-06-1-5-3-2.smt2	sat	sat	107	sat	1108		sat	1108		sat	808	
/nas3/data/axeyum/corpus/smtlib-2024/non-incremental/non-incremental/QF_UFLIA/mathsat/Wisa/xs-09-10-5-1-5-2.smt2	sat	sat	108	sat	1108		sat	807		sat	1107	
/nas3/data/axeyum/corpus/smtlib-2024/non-incremental/non-incremental/QF_UFLIA/mathsat/Hash/hash_uns_05_14.smt2	unsat	unsat	108	unknown	24329	unknown kind=Timeout detail: preprocessed dispatch timeout after reduced solve	unknown	24335	unknown kind=Timeout detail: preprocessed dispatch timeout after reduced solve	unknown	24334	unknown kind=Timeout detail: preprocessed dispatch timeout after reduced solve
/nas3/data/axeyum/corpus/smtlib-2024/non-incremental/non-incremental/QF_UFLIA/mathsat/Wisa/xs-09-13-2-3-1-3.smt2	unsat	unsat	107	unsat	1608		unsat	1608		unsat	1909	
/nas3/data/axeyum/corpus/smtlib-2024/non-incremental/non-incremental/QF_UFLIA/mathsat/Wisa/xs-10-05-5-2-1-5.smt2	sat	sat	109	sat	1208		sat	1208		sat	1210	
/nas3/data/axeyum/corpus/smtlib-2024/non-incremental/non-incremental/QF_UFLIA/mathsat/Wisa/xs-10-08-2-2-4-5.smt2	sat	sat	109	sat	908		sat	1308		sat	910	
/nas3/data/axeyum/corpus/smtlib-2024/non-incremental/non-incremental/QF_UFLIA/mathsat/Wisa/xs-09-17-2-1-4-1.smt2	unsat	unsat	111	unsat	2509		unsat	1709		unsat	2311	
/nas3/data/axeyum/corpus/smtlib-2024/non-incremental/non-incremental/QF_UFLIA/mathsat/Wisa/xs-10-12-4-1-1-4.smt2	sat	sat	108	sat	1611		sat	1110		sat	1611	
/nas3/data/axeyum/corpus/smtlib-2024/non-incremental/non-incremental/QF_UFLIA/mathsat/Wisa/xs-10-16-3-5-2-4.smt2	sat	sat	109	sat	1510		sat	2111		sat	1810	
/nas3/data/axeyum/corpus/smtlib-2024/non-incremental/non-incremental/QF_UFLIA/mathsat/Wisa/xs-11-07-3-4-2-3.smt2	sat	sat	111	sat	908		sat	809		sat	1010	
/nas3/data/axeyum/corpus/smtlib-2024/non-incremental/non-incremental/QF_UFLIA/mathsat/Wisa/xs-10-19-3-4-2-4.smt2	unsat	unsat	109	unsat	3812		unsat	3813		unsat	2812	
/nas3/data/axeyum/corpus/smtlib-2024/non-incremental/non-incremental/QF_UFLIA/mathsat/Wisa/xs-11-10-2-5-3-2.smt2	sat	sat	121	sat	2812		sat	2813		sat	3019	
/nas3/data/axeyum/corpus/smtlib-2024/non-incremental/non-incremental/QF_UFLIA/mathsat/Hash/hash_uns_05_17.smt2	unsat	unsat	110	unknown	24325	unknown kind=Timeout detail: preprocessed dispatch timeout after reduced solve	unknown	24331	unknown kind=Timeout detail: preprocessed dispatch timeout after reduced solve	unknown	24335	unknown kind=Timeout detail: preprocessed dispatch timeout after reduced solve
/nas3/data/axeyum/corpus/smtlib-2024/non-incremental/non-incremental/QF_UFLIA/mathsat/Wisa/xs-11-14-5-3-1-2.smt2	sat	sat	115	sat	4113		sat	2721		sat	3416	
/nas3/data/axeyum/corpus/smtlib-2024/non-incremental/non-incremental/QF_UFLIA/mathsat/Wisa/xs-12-11-1-4-4-3.smt2	sat	sat	109	sat	724		sat	914		sat	723	
/nas3/data/axeyum/corpus/smtlib-2024/non-incremental/non-incremental/QF_UFLIA/mathsat/Wisa/xs-12-05-3-3-5-4.smt2	sat	sat	119	sat	3229		sat	1821		sat	1522	
/nas3/data/axeyum/corpus/smtlib-2024/non-incremental/non-incremental/QF_UFLIA/mathsat/Wisa/xs-12-15-3-2-1-5.smt2	sat	sat	118	sat	817		sat	821		sat	824	
/nas3/data/axeyum/corpus/smtlib-2024/non-incremental/non-incremental/QF_UFLIA/mathsat/Hash/hash_uns_05_20.smt2	unsat	unsat	119	unknown	24361	unknown kind=Timeout detail: preprocessed dispatch timeout after reduced solve	unknown	24326	unknown kind=Timeout detail: preprocessed dispatch timeout after reduced solve	unknown	24341	unknown kind=Timeout detail: preprocessed dispatch timeout after reduced solve
/nas3/data/axeyum/corpus/smtlib-2024/non-incremental/non-incremental/QF_UFLIA/mathsat/Wisa/xs-12-08-5-2-5-3.smt2	sat	sat	117	sat	2720		sat	2515		sat	2324	
/nas3/data/axeyum/corpus/smtlib-2024/non-incremental/non-incremental/QF_UFLIA/mathsat/Wisa/xs-13-06-1-1-2-4.smt2	sat	sat	108	sat	1120		sat	1109		sat	913	
/nas3/data/axeyum/corpus/smtlib-2024/non-incremental/non-incremental/QF_UFLIA/mathsat/Wisa/xs-13-12-5-3-4-4.smt2	sat	sat	109	sat	614		sat	608		sat	609	
/nas3/data/axeyum/corpus/smtlib-2024/non-incremental/non-incremental/QF_UFLIA/mathsat/Wisa/xs-13-16-3-1-4-1.smt2	sat	sat	119	sat	609		sat	709		sat	610	
/nas3/data/axeyum/corpus/smtlib-2024/non-incremental/non-incremental/QF_UFLIA/mathsat/Wisa/xs-14-07-1-4-1-3.smt2	sat	sat	109	sat	812		sat	810		sat	813	
/nas3/data/axeyum/corpus/smtlib-2024/non-incremental/non-incremental/QF_UFLIA/mathsat/Wisa/xs-13-09-3-2-3-2.smt2	sat	sat	108	sat	4320		sat	1711		sat	1810	
/nas3/data/axeyum/corpus/smtlib-2024/non-incremental/non-incremental/QF_UFLIA/mathsat/Wisa/xs-11-18-3-3-4-1.smt2	unsat	unsat	110	unknown	6120	unknown kind=ResourceLimit detail: lazy function-consistency CEGAR inconclusive (applications=42, function_groups=3, potential_pairs=285, solve_rounds=6, elapsed_ms=678, sat_candidates=5, first_candidate_ms=112, last_candidate_ms=266, pair_checks=1345, equal_arg_pairs=27, violated_pairs=7, preseeded_lemmas=0, sibling_lemmas=5, lemmas_added=32, last_new_lemmas=4): lazy linear arithmetic retained 8193 literals in unminimized theory cores (limit 8192) after 95 rounds this solve; declining before the next SAT round (solve_calls=6, total_rounds=186, atoms=461, bound_lemmas=150, blocking_lemmas=182, core_len_last=138, core_len_min=2, core_len_max=143, core_len_avg=47.4, core_src_bound=8, core_src_	unsat	8940		unsat	7121	
/nas3/data/axeyum/corpus/smtlib-2024/non-incremental/non-incremental/QF_UFLIA/mathsat/Wisa/xs-13-20-2-2-4-4.smt2	sat	sat	110	sat	4115		sat	3913		sat	3212	
/nas3/data/axeyum/corpus/smtlib-2024/non-incremental/non-incremental/QF_UFLIA/mathsat/Wisa/xs-14-10-3-4-2-2.smt2	sat	sat	110	sat	4114		sat	1910		sat	2211	
/nas3/data/axeyum/corpus/smtlib-2024/non-incremental/non-incremental/QF_UFLIA/mathsat/Wisa/xs-14-13-4-2-1-3.smt2	sat	sat	109	sat	4714		sat	1411		sat	2011	
/nas3/data/axeyum/corpus/smtlib-2024/non-incremental/non-incremental/QF_UFLIA/mathsat/Wisa/xs-12-19-1-4-1-2.smt2	sat	sat	111	unknown	7331	unknown kind=ResourceLimit detail: lazy function-consistency CEGAR inconclusive (applications=45, function_groups=3, potential_pairs=327, solve_rounds=6, elapsed_ms=1920, sat_candidates=5, first_candidate_ms=146, last_candidate_ms=1117, pair_checks=1558, equal_arg_pairs=31, violated_pairs=14, preseeded_lemmas=0, sibling_lemmas=5, lemmas_added=36, last_new_lemmas=9): lazy linear arithmetic retained 8255 literals in unminimized theory cores (limit 8192) after 96 rounds this solve; declining before the next SAT round (solve_calls=6, total_rounds=247, atoms=505, bound_lemmas=179, blocking_lemmas=242, core_len_last=148, core_len_min=2, core_len_max=157, core_len_avg=37.6, core_src_bound=8, core_s	sat	6017		sat	7016	
/nas3/data/axeyum/corpus/smtlib-2024/non-incremental/non-incremental/QF_UFLIA/mathsat/Wisa/xs-15-11-5-2-2-2.smt2	sat	sat	107	sat	2110		sat	1309		sat	1309	
/nas3/data/axeyum/corpus/smtlib-2024/non-incremental/non-incremental/QF_UFLIA/mathsat/Wisa/xs-15-05-2-1-2-3.smt2	sat	sat	107	sat	1813		sat	2811		sat	2312	
/nas3/data/axeyum/corpus/smtlib-2024/non-incremental/non-incremental/QF_UFLIA/mathsat/Wisa/xs-15-08-4-5-4-1.smt2	sat	sat	110	sat	2912		sat	2610		sat	1608	
/nas3/data/axeyum/corpus/smtlib-2024/non-incremental/non-incremental/QF_UFLIA/mathsat/Wisa/xs-15-14-5-5-5-1.smt2	sat	sat	107	sat	2611		sat	3211		sat	2209	
/nas3/data/axeyum/corpus/smtlib-2024/non-incremental/non-incremental/QF_UFLIA/mathsat/Wisa/xs-14-17-5-4-3-1.smt2	sat	sat	107	sat	4214		sat	6313		sat	6612	
/nas3/data/axeyum/corpus/smtlib-2024/non-incremental/non-incremental/QF_UFLIA/mathsat/Wisa/xs-16-06-4-1-3-5.smt2	sat	sat	107	sat	2909		sat	1708		sat	1808	
/nas3/data/axeyum/corpus/smtlib-2024/non-incremental/non-incremental/QF_UFLIA/mathsat/Wisa/xs-16-12-2-5-3-4.smt2	sat	sat	107	sat	1708		sat	1708		sat	1408	
/nas3/data/axeyum/corpus/smtlib-2024/non-incremental/non-incremental/QF_UFLIA/mathsat/Wisa/xs-15-18-4-1-3-5.smt2	sat	sat	107	sat	4610		sat	5411		sat	5411	
/nas3/data/axeyum/corpus/smtlib-2024/non-incremental/non-incremental/QF_UFLIA/mathsat/Wisa/xs-16-09-4-2-1-5.smt2	sat	sat	107	sat	2208		sat	5310		sat	6711	
/nas3/data/axeyum/corpus/smtlib-2024/non-incremental/non-incremental/QF_UFLIA/mathsat/Wisa/xs-17-12-3-4-4-1.smt2	sat	sat	108	sat	909		sat	1010		sat	708	
/nas3/data/axeyum/corpus/smtlib-2024/non-incremental/non-incremental/QF_UFLIA/mathsat/Wisa/xs-17-06-5-5-4-1.smt2	sat	sat	108	sat	5010		sat	2210		sat	2010	
/nas3/data/axeyum/corpus/smtlib-2024/non-incremental/non-incremental/QF_UFLIA/mathsat/Wisa/xs-17-09-4-3-5-5.smt2	sat	sat	107	sat	2709		sat	1108		sat	1109	
/nas3/data/axeyum/corpus/smtlib-2024/non-incremental/non-incremental/QF_UFLIA/mathsat/Wisa/xs-16-15-2-3-4-4.smt2	sat	sat	108	sat	2709		sat	5712		sat	7915	
/nas3/data/axeyum/corpus/smtlib-2024/non-incremental/non-incremental/QF_UFLIA/mathsat/Wisa/xs-16-19-3-4-4-1.smt2	sat	sat	107	sat	2508		sat	8414		sat	7614	
/nas3/data/axeyum/corpus/smtlib-2024/non-incremental/non-incremental/QF_UFLIA/mathsat/Wisa/xs-17-15-2-2-2-4.smt2	sat	sat	105	sat	2512		sat	2610		sat	3910	
/nas3/data/axeyum/corpus/smtlib-2024/non-incremental/non-incremental/QF_UFLIA/mathsat/Wisa/xs-18-12-3-4-4-3.smt2	sat	sat	105	sat	1407		sat	1305		sat	1306	
/nas3/data/axeyum/corpus/smtlib-2024/non-incremental/non-incremental/QF_UFLIA/mathsat/Wisa/xs-17-19-3-3-3-4.smt2	sat	sat	107	sat	2210		sat	3412		sat	4812	
/nas3/data/axeyum/corpus/smtlib-2024/non-incremental/non-incremental/QF_UFLIA/mathsat/Wisa/xs-18-06-4-2-1-1.smt2	sat	sat	107	sat	8414		sat	1908		sat	2910	
/nas3/data/axeyum/corpus/smtlib-2024/non-incremental/non-incremental/QF_UFLIA/mathsat/Wisa/xs-18-09-1-5-4-4.smt2	sat	sat	108	sat	5611		sat	3410		sat	3310	
/nas3/data/axeyum/corpus/smtlib-2024/non-incremental/non-incremental/QF_UFLIA/mathsat/Wisa/xs-19-12-4-2-4-5.smt2	sat	sat	108	sat	1108		sat	1108		sat	1108	
/nas3/data/axeyum/corpus/smtlib-2024/non-incremental/non-incremental/QF_UFLIA/mathsat/Wisa/xs-19-06-4-3-2-1.smt2	sat	sat	108	unknown	7113	unknown kind=ResourceLimit detail: lazy function-consistency CEGAR inconclusive (applications=66, function_groups=3, potential_pairs=705, solve_rounds=3, elapsed_ms=1221, sat_candidates=2, first_candidate_ms=304, last_candidate_ms=725, pair_checks=1399, equal_arg_pairs=17, violated_pairs=3, preseeded_lemmas=0, sibling_lemmas=2, lemmas_added=19, last_new_lemmas=8): lazy linear arithmetic retained 8343 literals in unminimized theory cores (limit 8192) after 64 rounds this solve; declining before the next SAT round (solve_calls=3, total_rounds=180, atoms=641, bound_lemmas=11, blocking_lemmas=178, core_len_last=175, core_len_min=2, core_len_max=180, core_len_avg=49.2, core_src_bound=5, core_src_	sat	1007		sat	1106	
/nas3/data/axeyum/corpus/smtlib-2024/non-incremental/non-incremental/QF_UFLIA/mathsat/Wisa/xs-18-15-4-1-3-1.smt2	sat	sat	108	sat	3308		sat	5912		sat	5913	
/nas3/data/axeyum/corpus/smtlib-2024/non-incremental/non-incremental/QF_UFLIA/mathsat/Wisa/xs-19-09-4-2-3-5.smt2	sat	sat	108	unknown	6713	unknown kind=ResourceLimit detail: lazy function-consistency CEGAR inconclusive (applications=66, function_groups=3, potential_pairs=705, solve_rounds=4, elapsed_ms=1228, sat_candidates=3, first_candidate_ms=271, last_candidate_ms=768, pair_checks=2087, equal_arg_pairs=24, violated_pairs=5, preseeded_lemmas=0, sibling_lemmas=3, lemmas_added=27, last_new_lemmas=9): lazy linear arithmetic retained 8214 literals in unminimized theory cores (limit 8192) after 74 rounds this solve; declining before the next SAT round (solve_calls=4, total_rounds=211, atoms=669, bound_lemmas=26, blocking_lemmas=208, core_len_last=180, core_len_min=2, core_len_max=185, core_len_avg=42.6, core_src_bound=5, core_src_	sat	2911		sat	2609	
/nas3/data/axeyum/corpus/smtlib-2024/non-incremental/non-incremental/QF_UFLIA/mathsat/Wisa/xs-19-15-3-1-3-4.smt2	sat	sat	108	sat	2811		sat	2312		sat	2311	
/nas3/data/axeyum/corpus/smtlib-2024/non-incremental/non-incremental/QF_UFLIA/mathsat/Wisa/xs-19-18-2-2-2-5.smt2	sat	sat	109	unknown	6612	unknown kind=ResourceLimit detail: lazy function-consistency CEGAR inconclusive (applications=66, function_groups=3, potential_pairs=705, solve_rounds=3, elapsed_ms=1215, sat_candidates=2, first_candidate_ms=297, last_candidate_ms=717, pair_checks=1399, equal_arg_pairs=17, violated_pairs=3, preseeded_lemmas=0, sibling_lemmas=2, lemmas_added=19, last_new_lemmas=8): lazy linear arithmetic retained 8343 literals in unminimized theory cores (limit 8192) after 64 rounds this solve; declining before the next SAT round (solve_calls=3, total_rounds=180, atoms=641, bound_lemmas=11, blocking_lemmas=178, core_len_last=175, core_len_min=2, core_len_max=180, core_len_avg=49.2, core_src_bound=5, core_src_	sat	1810		sat	1911	
/nas3/data/axeyum/corpus/smtlib-2024/non-incremental/non-incremental/QF_UFLIA/mathsat/Wisa/xs-20-12-3-1-5-2.smt2	sat	sat	107	sat	1410		sat	1410		sat	1509	
/nas3/data/axeyum/corpus/smtlib-2024/non-incremental/non-incremental/QF_UFLIA/mathsat/Wisa/xs-18-19-4-1-1-5.smt2	sat	sat	109	sat	4309		sat	8714		sat	11718	
/nas3/data/axeyum/corpus/smtlib-2024/non-incremental/non-incremental/QF_UFLIA/mathsat/Wisa/xs-20-09-1-5-4-2.smt2	sat	sat	108	unknown	5712	unknown kind=ResourceLimit detail: lazy function-consistency CEGAR inconclusive (applications=69, function_groups=3, potential_pairs=771, solve_rounds=2, elapsed_ms=802, sat_candidates=1, first_candidate_ms=447, last_candidate_ms=447, pair_checks=771, equal_arg_pairs=8, violated_pairs=2, preseeded_lemmas=0, sibling_lemmas=1, lemmas_added=9, last_new_lemmas=9): lazy linear arithmetic retained 8240 literals in unminimized theory cores (limit 8192) after 54 rounds this solve; declining before the next SAT round (solve_calls=2, total_rounds=124, atoms=631, bound_lemmas=3, blocking_lemmas=123, core_len_last=169, core_len_min=2, core_len_max=170, core_len_avg=69.2, core_src_bound=0, core_src_diff=	sat	2111		sat	1916	
/nas3/data/axeyum/corpus/smtlib-2024/non-incremental/non-incremental/QF_UFLIA/wisas/xs_10_15.smt2	sat	sat	107	sat	1810		sat	1408		sat	1208	
/nas3/data/axeyum/corpus/smtlib-2024/non-incremental/non-incremental/QF_UFLIA/mathsat/Wisa/xs-20-06-2-3-1-3.smt2	sat	sat	107	unknown	6313	unknown kind=ResourceLimit detail: lazy function-consistency CEGAR inconclusive (applications=69, function_groups=3, potential_pairs=771, solve_rounds=2, elapsed_ms=850, sat_candidates=1, first_candidate_ms=402, last_candidate_ms=402, pair_checks=771, equal_arg_pairs=8, violated_pairs=2, preseeded_lemmas=0, sibling_lemmas=1, lemmas_added=9, last_new_lemmas=9): lazy linear arithmetic retained 8296 literals in unminimized theory cores (limit 8192) after 74 rounds this solve; declining before the next SAT round (solve_calls=2, total_rounds=139, atoms=631, bound_lemmas=3, blocking_lemmas=138, core_len_last=170, core_len_min=2, core_len_max=171, core_len_avg=62.1, core_src_bound=1, core_src_diff=	sat	6014		sat	3813	
/nas3/data/axeyum/corpus/smtlib-2024/non-incremental/non-incremental/QF_UFLIA/mathsat/Wisa/xs-20-15-2-2-4-2.smt2	sat	sat	106	sat	5513		sat	3011		sat	2109	
/nas3/data/axeyum/corpus/smtlib-2024/non-incremental/non-incremental/QF_UFLIA/wisas/xs_11_16.smt2	sat	sat	107	unknown	909	unknown kind=ResourceLimit detail: lazy function-consistency CEGAR inconclusive (applications=42, function_groups=3, potential_pairs=285, solve_rounds=3, elapsed_ms=572, sat_candidates=2, first_candidate_ms=63, last_candidate_ms=118, pair_checks=560, equal_arg_pairs=13, violated_pairs=10, preseeded_lemmas=0, sibling_lemmas=2, lemmas_added=15, last_new_lemmas=5): lazy linear arithmetic retained 8215 literals in unminimized theory cores (limit 8192) after 85 rounds this solve; declining before the next SAT round (solve_calls=3, total_rounds=120, atoms=401, bound_lemmas=295, blocking_lemmas=118, core_len_last=137, core_len_min=2, core_len_max=142, core_len_avg=71.4, core_src_bound=1, core_src_d	sat	1910		sat	1608	
/nas3/data/axeyum/corpus/smtlib-2024/non-incremental/non-incremental/QF_UFLIA/mathsat/Wisa/xs-20-18-3-4-5-4.smt2	sat	sat	122	unknown	6613	unknown kind=ResourceLimit detail: lazy function-consistency CEGAR inconclusive (applications=69, function_groups=3, potential_pairs=771, solve_rounds=2, elapsed_ms=922, sat_candidates=1, first_candidate_ms=435, last_candidate_ms=435, pair_checks=771, equal_arg_pairs=8, violated_pairs=2, preseeded_lemmas=0, sibling_lemmas=1, lemmas_added=9, last_new_lemmas=9): lazy linear arithmetic retained 8296 literals in unminimized theory cores (limit 8192) after 74 rounds this solve; declining before the next SAT round (solve_calls=2, total_rounds=139, atoms=631, bound_lemmas=3, blocking_lemmas=138, core_len_last=170, core_len_min=2, core_len_max=171, core_len_avg=62.1, core_src_bound=1, core_src_diff=	sat	4310		sat	5334	
/nas3/data/axeyum/corpus/smtlib-2024/non-incremental/non-incremental/QF_UFLIA/wisas/xs_15_20.smt2	sat	sat	110	unknown	1009	unknown kind=ResourceLimit detail: lazy function-consistency CEGAR inconclusive (applications=54, function_groups=3, potential_pairs=471, solve_rounds=3, elapsed_ms=678, sat_candidates=2, first_candidate_ms=137, last_candidate_ms=231, pair_checks=932, equal_arg_pairs=13, violated_pairs=10, preseeded_lemmas=0, sibling_lemmas=2, lemmas_added=15, last_new_lemmas=5): lazy linear arithmetic retained 8227 literals in unminimized theory cores (limit 8192) after 69 rounds this solve; declining before the next SAT round (solve_calls=3, total_rounds=112, atoms=513, bound_lemmas=376, blocking_lemmas=110, core_len_last=173, core_len_min=2, core_len_max=174, core_len_avg=76.8, core_src_bound=1, core_src_	sat	4232		sat	3220	
/nas3/data/axeyum/corpus/smtlib-2024/non-incremental/non-incremental/QF_UFLIA/wisas/xs_12_17.smt2	sat	sat	109	unknown	1008	unknown kind=ResourceLimit detail: lazy function-consistency CEGAR inconclusive (applications=45, function_groups=3, potential_pairs=327, solve_rounds=2, elapsed_ms=679, sat_candidates=1, first_candidate_ms=223, last_candidate_ms=223, pair_checks=327, equal_arg_pairs=10, violated_pairs=7, preseeded_lemmas=0, sibling_lemmas=1, lemmas_added=11, last_new_lemmas=11): lazy linear arithmetic retained 8289 literals in unminimized theory cores (limit 8192) after 92 rounds this solve; declining before the next SAT round (solve_calls=2, total_rounds=133, atoms=415, bound_lemmas=297, blocking_lemmas=132, core_len_last=134, core_len_min=2, core_len_max=136, core_len_avg=64.6, core_src_bound=1, core_src_	sat	5219		sat	5061	
/nas3/data/axeyum/corpus/smtlib-2024/non-incremental/non-incremental/QF_UFLIA/wisas/xs_13_18.smt2	sat	sat	109	unknown	907	unknown kind=ResourceLimit detail: lazy function-consistency CEGAR inconclusive (applications=48, function_groups=3, potential_pairs=372, solve_rounds=1, elapsed_ms=538, sat_candidates=0, first_candidate_ms=none, last_candidate_ms=none, pair_checks=0, equal_arg_pairs=0, violated_pairs=0, preseeded_lemmas=0, sibling_lemmas=0, lemmas_added=0, last_new_lemmas=0): lazy linear arithmetic retained 8201 literals in unminimized theory cores (limit 8192) after 105 rounds this solve; declining before the next SAT round (solve_calls=1, total_rounds=105, atoms=401, bound_lemmas=301, blocking_lemmas=105, core_len_last=132, core_len_min=3, core_len_max=138, core_len_avg=79.6, core_src_bound=0, core_src_di	sat	7141		sat	5627	
/nas3/data/axeyum/corpus/smtlib-2024/non-incremental/non-incremental/QF_UFLIA/wisas/xs_14_19.smt2	sat	sat	110	unknown	908	unknown kind=ResourceLimit detail: lazy function-consistency CEGAR inconclusive (applications=51, function_groups=3, potential_pairs=420, solve_rounds=1, elapsed_ms=596, sat_candidates=0, first_candidate_ms=none, last_candidate_ms=none, pair_checks=0, equal_arg_pairs=0, violated_pairs=0, preseeded_lemmas=0, sibling_lemmas=0, lemmas_added=0, last_new_lemmas=0): lazy linear arithmetic retained 8284 literals in unminimized theory cores (limit 8192) after 118 rounds this solve; declining before the next SAT round (solve_calls=1, total_rounds=118, atoms=429, bound_lemmas=322, blocking_lemmas=118, core_len_last=134, core_len_min=3, core_len_max=135, core_len_avg=71.8, core_src_bound=0, core_src_di	sat	7324		sat	6415	
/nas3/data/axeyum/corpus/smtlib-2024/non-incremental/non-incremental/QF_UFLIA/wisas/xs_18_28.smt2	sat	sat	108	unknown	1710	unknown kind=ResourceLimit detail: lazy function-consistency CEGAR inconclusive (applications=63, function_groups=3, potential_pairs=642, solve_rounds=3, elapsed_ms=1351, sat_candidates=2, first_candidate_ms=362, last_candidate_ms=495, pair_checks=1274, equal_arg_pairs=13, violated_pairs=9, preseeded_lemmas=0, sibling_lemmas=2, lemmas_added=15, last_new_lemmas=5): lazy linear arithmetic retained 8196 literals in unminimized theory cores (limit 8192) after 85 rounds this solve; declining before the next SAT round (solve_calls=3, total_rounds=170, atoms=597, bound_lemmas=190, blocking_lemmas=168, core_len_last=178, core_len_min=2, core_len_max=180, core_len_avg=51.2, core_src_bound=3, core_src	sat	17723		sat	21725	
/nas3/data/axeyum/corpus/smtlib-2024/non-incremental/non-incremental/QF_UFLIA/wisas/xs_16_26.smt2	sat	sat	109	unknown	1117	unknown kind=ResourceLimit detail: lazy function-consistency CEGAR inconclusive (applications=57, function_groups=3, potential_pairs=525, solve_rounds=1, elapsed_ms=754, sat_candidates=0, first_candidate_ms=none, last_candidate_ms=none, pair_checks=0, equal_arg_pairs=0, violated_pairs=0, preseeded_lemmas=0, sibling_lemmas=0, lemmas_added=0, last_new_lemmas=0): lazy linear arithmetic retained 8238 literals in unminimized theory cores (limit 8192) after 114 rounds this solve; declining before the next SAT round (solve_calls=1, total_rounds=114, atoms=485, bound_lemmas=364, blocking_lemmas=114, core_len_last=149, core_len_min=3, core_len_max=149, core_len_avg=74.0, core_src_bound=0, core_src_di	unknown	24328	unknown kind=Timeout detail: preprocessed dispatch timeout after reduced solve	unknown	24329	unknown kind=Timeout detail: preprocessed dispatch timeout after reduced solve
/nas3/data/axeyum/corpus/smtlib-2024/non-incremental/non-incremental/QF_UFLIA/wisas/xs_17_27.smt2	sat	sat	209	unknown	1010	unknown kind=ResourceLimit detail: lazy function-consistency CEGAR inconclusive (applications=60, function_groups=3, potential_pairs=582, solve_rounds=1, elapsed_ms=647, sat_candidates=0, first_candidate_ms=none, last_candidate_ms=none, pair_checks=0, equal_arg_pairs=0, violated_pairs=0, preseeded_lemmas=0, sibling_lemmas=0, lemmas_added=0, last_new_lemmas=0): lazy linear arithmetic retained 8276 literals in unminimized theory cores (limit 8192) after 141 rounds this solve; declining before the next SAT round (solve_calls=1, total_rounds=141, atoms=513, bound_lemmas=172, blocking_lemmas=141, core_len_last=157, core_len_min=3, core_len_max=170, core_len_avg=61.0, core_src_bound=0, core_src_di	unknown	24327	unknown kind=Timeout detail: preprocessed dispatch timeout after reduced solve	unknown	24329	unknown kind=Timeout detail: preprocessed dispatch timeout after reduced solve
/nas3/data/axeyum/corpus/smtlib-2024/non-incremental/non-incremental/QF_UFLIA/wisas/xs_19_29.smt2	sat	sat	110	unknown	1210	unknown kind=ResourceLimit detail: lazy function-consistency CEGAR inconclusive (applications=66, function_groups=3, potential_pairs=705, solve_rounds=1, elapsed_ms=930, sat_candidates=0, first_candidate_ms=none, last_candidate_ms=none, pair_checks=0, equal_arg_pairs=0, violated_pairs=0, preseeded_lemmas=0, sibling_lemmas=0, lemmas_added=0, last_new_lemmas=0): lazy linear arithmetic retained 8193 literals in unminimized theory cores (limit 8192) after 108 rounds this solve; declining before the next SAT round (solve_calls=1, total_rounds=108, atoms=569, bound_lemmas=192, blocking_lemmas=108, core_len_last=180, core_len_min=3, core_len_max=186, core_len_avg=78.0, core_src_bound=0, core_src_di	unknown	24328	unknown kind=Timeout detail: preprocessed dispatch timeout after reduced solve	unknown	24330	unknown kind=Timeout detail: preprocessed dispatch timeout after reduced solve
/nas3/data/axeyum/corpus/smtlib-2024/non-incremental/non-incremental/QF_UFLIA/wisas/xs_20_30.smt2	sat	sat	113	unknown	1311	unknown kind=ResourceLimit detail: lazy function-consistency CEGAR inconclusive (applications=69, function_groups=3, potential_pairs=771, solve_rounds=1, elapsed_ms=956, sat_candidates=0, first_candidate_ms=none, last_candidate_ms=none, pair_checks=0, equal_arg_pairs=0, violated_pairs=0, preseeded_lemmas=0, sibling_lemmas=0, lemmas_added=0, last_new_lemmas=0): lazy linear arithmetic retained 8228 literals in unminimized theory cores (limit 8192) after 120 rounds this solve; declining before the next SAT round (solve_calls=1, total_rounds=120, atoms=597, bound_lemmas=202, blocking_lemmas=120, core_len_last=175, core_len_min=3, core_len_max=176, core_len_avg=70.7, core_src_bound=0, core_src_di	unknown	24328	unknown kind=Timeout detail: preprocessed dispatch timeout after reduced solve	unknown	24332	unknown kind=Timeout detail: preprocessed dispatch timeout after reduced solve
/nas3/data/axeyum/corpus/smtlib-2024/non-incremental/non-incremental/QF_UFLIA/wisas/xs_25_35.smt2	sat	sat	107	unknown	1310	unknown kind=ResourceLimit detail: lazy function-consistency CEGAR inconclusive (applications=84, function_groups=3, potential_pairs=1146, solve_rounds=1, elapsed_ms=958, sat_candidates=0, first_candidate_ms=none, last_candidate_ms=none, pair_checks=0, equal_arg_pairs=0, violated_pairs=0, preseeded_lemmas=0, sibling_lemmas=0, lemmas_added=0, last_new_lemmas=0): lazy linear arithmetic retained 8308 literals in unminimized theory cores (limit 8192) after 89 rounds this solve; declining before the next SAT round (solve_calls=1, total_rounds=89, atoms=737, bound_lemmas=252, blocking_lemmas=89, core_len_last=231, core_len_min=3, core_len_max=233, core_len_avg=95.6, core_src_bound=0, core_src_diff	sat	7012		sat	4310	
/nas3/data/axeyum/corpus/smtlib-2024/non-incremental/non-incremental/QF_UFLIA/wisas/xs_22_32.smt2	sat	sat	107	sat	12119		sat	8413		sat	8313	
/nas3/data/axeyum/corpus/smtlib-2024/non-incremental/non-incremental/QF_UFLIA/wisas/xs_21_31.smt2	sat	sat	107	unknown	908	unknown kind=ResourceLimit detail: lazy function-consistency CEGAR inconclusive (applications=72, function_groups=3, potential_pairs=840, solve_rounds=1, elapsed_ms=629, sat_candidates=0, first_candidate_ms=none, last_candidate_ms=none, pair_checks=0, equal_arg_pairs=0, violated_pairs=0, preseeded_lemmas=0, sibling_lemmas=0, lemmas_added=0, last_new_lemmas=0): lazy linear arithmetic retained 8331 literals in unminimized theory cores (limit 8192) after 95 rounds this solve; declining before the next SAT round (solve_calls=1, total_rounds=95, atoms=625, bound_lemmas=212, blocking_lemmas=95, core_len_last=198, core_len_min=3, core_len_max=202, core_len_avg=89.8, core_src_bound=0, core_src_diff=	unknown	24327	unknown kind=Timeout detail: preprocessed dispatch timeout after reduced solve	sat	18319	
/nas3/data/axeyum/corpus/smtlib-2024/non-incremental/non-incremental/QF_UFLIA/wisas/xs_23_33.smt2	sat	sat	105	unknown	1410	unknown kind=ResourceLimit detail: lazy function-consistency CEGAR inconclusive (applications=78, function_groups=3, potential_pairs=987, solve_rounds=1, elapsed_ms=1087, sat_candidates=0, first_candidate_ms=none, last_candidate_ms=none, pair_checks=0, equal_arg_pairs=0, violated_pairs=0, preseeded_lemmas=0, sibling_lemmas=0, lemmas_added=0, last_new_lemmas=0): lazy linear arithmetic retained 8395 literals in unminimized theory cores (limit 8192) after 94 rounds this solve; declining before the next SAT round (solve_calls=1, total_rounds=94, atoms=681, bound_lemmas=232, blocking_lemmas=94, core_len_last=215, core_len_min=3, core_len_max=218, core_len_avg=91.5, core_src_bound=0, core_src_diff	unknown	24331	unknown kind=Timeout detail: preprocessed dispatch timeout after reduced solve	unknown	24323	unknown kind=Timeout detail: preprocessed dispatch timeout after reduced solve
/nas3/data/axeyum/corpus/smtlib-2024/non-incremental/non-incremental/QF_UFLIA/wisas/xs_24_34.smt2	sat	sat	106	unknown	1714	unknown kind=ResourceLimit detail: lazy function-consistency CEGAR inconclusive (applications=81, function_groups=3, potential_pairs=1065, solve_rounds=1, elapsed_ms=1351, sat_candidates=0, first_candidate_ms=none, last_candidate_ms=none, pair_checks=0, equal_arg_pairs=0, violated_pairs=0, preseeded_lemmas=0, sibling_lemmas=0, lemmas_added=0, last_new_lemmas=0): lazy linear arithmetic retained 8409 literals in unminimized theory cores (limit 8192) after 105 rounds this solve; declining before the next SAT round (solve_calls=1, total_rounds=105, atoms=709, bound_lemmas=242, blocking_lemmas=105, core_len_last=220, core_len_min=3, core_len_max=225, core_len_avg=82.5, core_src_bound=0, core_src_	unknown	24427	unknown kind=Timeout detail: preprocessed dispatch timeout after reduced solve	unknown	24426	unknown kind=Timeout detail: preprocessed dispatch timeout after reduced solve
