{
  "axeyum_execution_counts_per_repetition": {
    "warm-created": 7,
    "warm-retained": 596
  },
  "by_axeyum_execution": {
    "warm-created": {
      "axeyum_median_per_occurrence_latency_nanos": {
        "p50": 6479,
        "p90": 262440,
        "p95": 262440,
        "p99": 262440
      },
      "bootstrap_95_percent_ci": [
        28.023230268429785,
        42.71703120221726
      ],
      "bootstrap_samples": 10000,
      "occurrences": 7,
      "per_occurrence_geomean_speedup": 35.211336242718545,
      "per_run_geomean_speedup": {
        "coefficient_of_variation": 0.08673886764271961,
        "mean": 35.313156513007264,
        "sample_standard_deviation": 3.063023208828379,
        "values": [
          34.01967547816808,
          40.363994765322175,
          32.16728003596374,
          35.36858875801379,
          34.64624352756855
        ]
      },
      "speedup_direction": "z3_nanos/axeyum_nanos; greater than 1 favors Axeyum",
      "z3_median_per_occurrence_latency_nanos": {
        "p50": 220183,
        "p90": 6470315,
        "p95": 6470315,
        "p99": 6470315
      }
    },
    "warm-retained": {
      "axeyum_median_per_occurrence_latency_nanos": {
        "p50": 82479,
        "p90": 1108972,
        "p95": 1717909,
        "p99": 2468345
      },
      "bootstrap_95_percent_ci": [
        5.938247333316614,
        7.726572405466715
      ],
      "bootstrap_samples": 10000,
      "occurrences": 596,
      "per_occurrence_geomean_speedup": 6.770366512157095,
      "per_run_geomean_speedup": {
        "coefficient_of_variation": 0.04052734922018959,
        "mean": 6.774695207747548,
        "sample_standard_deviation": 0.2745604385447298,
        "values": [
          6.775030957602843,
          7.244480769685692,
          6.668754311378708,
          6.551997182381842,
          6.633212817688657
        ]
      },
      "speedup_direction": "z3_nanos/axeyum_nanos; greater than 1 favors Axeyum",
      "z3_median_per_occurrence_latency_nanos": {
        "p50": 667820,
        "p90": 2244347,
        "p95": 2362707,
        "p99": 2776130
      }
    }
  },
  "configuration_identity": {
    "analysis_command": [
      "/home/mjbommar/.cache/codex/glaurung-six-cell-target/release/examples/ioctlance",
      "samples/binaries/platforms/windows/vendor/realworld/sqfs-intel-DptfDevGen.sys"
    ],
    "analysis_configuration": {
      "GLAURUNG_AXEYUM_REPLAY_SAT_CACHE": "1",
      "GLAURUNG_AXEYUM_WARM_MAX_ASSERTIONS_PER_PATH": "512",
      "GLAURUNG_AXEYUM_WARM_MAX_LIVE_PATHS": "9",
      "GLAURUNG_CHECK_TIMEOUT_MS": "250",
      "GLAURUNG_FAIR_SHADOW": "1",
      "IOCTLANCE_DEADLINE_SECS": "600",
      "IOCTLANCE_MAX_ANALYZED_FUNCTIONS": "100000",
      "IOCTLANCE_SOLVE_BUDGET": "20000",
      "IOCTLANCE_SOLVE_SECS": "60"
    },
    "check_measurement_schema": "glaurung-ordered-check-measurement-v3",
    "driver_sha256": "074be1b90deb21897538a6b093af9826e62610ffd878c92289af31c5ca3f724b",
    "host_identity": {
      "architecture": "x86_64",
      "hostname": "server0",
      "kernel": "Linux 7.0.0-27-generic x86_64 GNU/Linux",
      "operating_system": "linux"
    },
    "neutral_measurement_backend": {
      "authoritative_in_shadow_mode": false,
      "backend": "bitwuzla",
      "role": "benchmark-only-neutral",
      "runtime_version": "0.9.1"
    },
    "schema": "glaurung-ordered-trace-v1",
    "solver_features": [
      "symbolic",
      "solver-z3",
      "solver-axeyum",
      "solver-bitwuzla"
    ],
    "source": {
      "dirty": false,
      "repository": "/tmp/glaurung-concretization-a0.NEo0bV",
      "revision": "2961d7c1bca03f14b77b12fb852d193413207982",
      "status_sha256": "e3b0c44298fc1c149afbf4c8996fb92427ae41e4649b934ca495991b7852b855"
    },
    "toolchain": "rustc 1.97.0-nightly (f53b654a8 2026-04-30)",
    "trusted_oracle": {
      "authoritative_in_shadow_mode": true,
      "backend": "z3",
      "crate": "z3 0.12.1",
      "runtime_version": "linked-runtime-unreported"
    },
    "version": 1,
    "worker_count": 1
  },
  "driver": {
    "label": "sqfs-intel-DptfDevGen.sys",
    "sha256": "074be1b90deb21897538a6b093af9826e62610ffd878c92289af31c5ca3f724b"
  },
  "excluded_from_primary_for_any_nondecision": 0,
  "fixed_work_checks_per_repetition": 603,
  "input_measurement_schema": "glaurung-ordered-check-measurement-v3",
  "methodology": {
    "bootstrap_seed": 0,
    "latency_distribution_unit": "per-occurrence median across fixed-work repetitions",
    "operational_errors_allowed": false,
    "pairing_unit": "stable ordered check occurrence",
    "primary_population": "occurrences decided by both backends in every repetition",
    "quantiles": "nearest-rank",
    "ratio_of_sums_reported": false
  },
  "neutral_regime_gate": {
    "accepted": true,
    "reasons": []
  },
  "outcome_buckets_per_repetition": [
    {
      "axeyum_only": 0,
      "both_decided": 603,
      "neither": 0,
      "z3_only": 0
    },
    {
      "axeyum_only": 0,
      "both_decided": 603,
      "neither": 0,
      "z3_only": 0
    },
    {
      "axeyum_only": 0,
      "both_decided": 603,
      "neither": 0,
      "z3_only": 0
    },
    {
      "axeyum_only": 0,
      "both_decided": 603,
      "neither": 0,
      "z3_only": 0
    },
    {
      "axeyum_only": 0,
      "both_decided": 603,
      "neither": 0,
      "z3_only": 0
    }
  ],
  "primary_both_decided": {
    "axeyum_median_per_occurrence_latency_nanos": {
      "p50": 80190,
      "p90": 1106857,
      "p95": 1710973,
      "p99": 2407293
    },
    "bootstrap_95_percent_ci": [
      6.063544314493615,
      7.900907202199013
    ],
    "bootstrap_samples": 10000,
    "occurrences": 603,
    "per_occurrence_geomean_speedup": 6.901202494207822,
    "per_run_geomean_speedup": {
      "coefficient_of_variation": 0.04088857539791902,
      "mean": 6.905690447220293,
      "sample_standard_deviation": 0.28236384452585606,
      "values": [
        6.903142310232429,
        7.390386384066153,
        6.79168755239531,
        6.681501146588977,
        6.761734842818594
      ]
    },
    "speedup_direction": "z3_nanos/axeyum_nanos; greater than 1 favors Axeyum",
    "z3_median_per_occurrence_latency_nanos": {
      "p50": 659179,
      "p90": 2244347,
      "p95": 2362707,
      "p99": 2776130
    }
  },
  "pure_warm_execution_rate": 1.0,
  "repetitions": 5,
  "retained_warm_execution_rate": 0.988391376451078,
  "schema": "axeyum-glaurung-paired-analysis-v1",
  "six_cell_comparisons": {
    "axeyum_cold_over_warm": {
      "bootstrap_95_percent_ci": [
        5.300446333185994,
        6.720776134881856
      ],
      "bootstrap_samples": 10000,
      "denominator_median_per_occurrence_latency_nanos": {
        "p50": 80190,
        "p90": 1106857,
        "p95": 1710973,
        "p99": 2407293
      },
      "numerator_median_per_occurrence_latency_nanos": {
        "p50": 711345,
        "p90": 5194718,
        "p95": 5955428,
        "p99": 7299412
      },
      "occurrences": 603,
      "per_occurrence_geomean_speedup": 5.961284827549321,
      "per_run_geomean_speedup": {
        "coefficient_of_variation": 0.05334732598851001,
        "mean": 5.967879844098398,
        "sample_standard_deviation": 0.3183704315033756,
        "values": [
          6.0117789041572,
          6.493751322475303,
          5.680452043026052,
          5.87412965147775,
          5.779287299355687
        ]
      },
      "ratio_direction": "axeyum_cold_nanos/axeyum_warm_nanos"
    },
    "bitwuzla_cold_over_warm": {
      "bootstrap_95_percent_ci": [
        6.92419861412618,
        7.890442169042529
      ],
      "bootstrap_samples": 10000,
      "denominator_median_per_occurrence_latency_nanos": {
        "p50": 70055,
        "p90": 163406,
        "p95": 181804,
        "p99": 249012
      },
      "numerator_median_per_occurrence_latency_nanos": {
        "p50": 386913,
        "p90": 948535,
        "p95": 1087070,
        "p99": 1186278
      },