file	datatype	depth	cyclic	has_dt_field	today_exact	today_w1	w1_sort	lever_converts
/nas3/data/axeyum/corpus/smtlib-2024/non-incremental/non-incremental/UFDT/20170428-Barrett/cdt-cade2015/data/afp/coinductive_list/x2015_09_10_16_50_29_032_1133334.smt_in.smt2	A_llist_a_llist_prod$	0	0	0	1	0	NONE	0
/nas3/data/axeyum/corpus/smtlib-2024/non-incremental/non-incremental/UFDT/20170428-Barrett/cdt-cade2015/data/afp/coinductive_list/x2015_09_10_16_57_34_397_1511229.smt_in.smt2	Nat_option$	0	0	0	1	0	NONE	0
/nas3/data/axeyum/corpus/smtlib-2024/non-incremental/non-incremental/UFDT/20170428-Barrett/cdt-cade2015/data/afp/coinductive_list/x2015_09_10_16_57_34_397_1511229.smt_in.smt2	Enat$	1	0	1	0	0	NONE	1
/nas3/data/axeyum/corpus/smtlib-2024/non-incremental/non-incremental/UFDT/20170428-Barrett/cdt-cade2015/data/afp/coinductive_list/x2015_09_10_16_57_34_397_1511229.smt_in.smt2	Natural$	0	0	0	1	0	NONE	0
/nas3/data/axeyum/corpus/smtlib-2024/non-incremental/non-incremental/UFDT/20170428-Barrett/cdt-cade2015/data/afp/coinductive_list/x2015_09_10_17_03_18_500_1897227.smt_in.smt2	A_b_prod$	0	0	0	1	0	NONE	0
/nas3/data/axeyum/corpus/smtlib-2024/non-incremental/non-incremental/UFDT/20170428-Barrett/cdt-cade2015/data/afp/coinductive_list/x2015_09_10_17_03_18_500_1897227.smt_in.smt2	A_a_prod$	0	0	0	1	0	NONE	0
/nas3/data/axeyum/corpus/smtlib-2024/non-incremental/non-incremental/UFDT/20170428-Barrett/cdt-cade2015/data/afp/coinductive_list/x2015_09_10_17_03_18_500_1897227.smt_in.smt2	B_a_prod$	0	0	0	1	0	NONE	0
/nas3/data/axeyum/corpus/smtlib-2024/non-incremental/non-incremental/UFDT/20170428-Barrett/cdt-cade2015/data/afp/coinductive_list/x2015_09_10_17_03_18_500_1897227.smt_in.smt2	B_b_prod$	0	0	0	1	0	NONE	0
/nas3/data/axeyum/corpus/smtlib-2024/non-incremental/non-incremental/UFDT/20170428-Barrett/cdt-cade2015/data/afp/coinductive_list/x2015_09_10_17_03_18_500_1897227.smt_in.smt2	A_llist_a_llist_prod$	0	0	0	1	0	NONE	0
/nas3/data/axeyum/corpus/smtlib-2024/non-incremental/non-incremental/UFDT/20170428-Barrett/cdt-cade2015/data/afp/coinductive_list/x2015_09_10_17_03_18_500_1897227.smt_in.smt2	A_a_b_prod_prod$	1	0	1	0	0	NONE	1
/nas3/data/axeyum/corpus/smtlib-2024/non-incremental/non-incremental/UFDT/20170428-Barrett/cdt-cade2015/data/afp/coinductive_list/x2015_09_10_17_03_18_500_1897227.smt_in.smt2	A_a_a_prod_prod$	1	0	1	0	0	NONE	1
/nas3/data/axeyum/corpus/smtlib-2024/non-incremental/non-incremental/UFDT/20170428-Barrett/cdt-cade2015/data/afp/coinductive_list/x2015_09_10_17_03_18_500_1897227.smt_in.smt2	B_a_b_prod_prod$	1	0	1	0	0	NONE	1
/nas3/data/axeyum/corpus/smtlib-2024/non-incremental/non-incremental/UFDT/20170428-Barrett/cdt-cade2015/data/afp/coinductive_list/x2015_09_10_17_03_18_500_1897227.smt_in.smt2	B_a_a_prod_prod$	1	0	1	0	0	NONE	1
/nas3/data/axeyum/corpus/smtlib-2024/non-incremental/non-incremental/UFDT/20170428-Barrett/cdt-cade2015/data/afp/coinductive_list/x2015_09_10_17_03_18_500_1897227.smt_in.smt2	A_b_prod_a_prod$	1	0	1	0	0	NONE	1
/nas3/data/axeyum/corpus/smtlib-2024/non-incremental/non-incremental/UFDT/20170428-Barrett/cdt-cade2015/data/afp/coinductive_list/x2015_09_10_17_03_18_500_1897227.smt_in.smt2	A_b_prod_b_prod$	1	0	1	0	0	NONE	1
/nas3/data/axeyum/corpus/smtlib-2024/non-incremental/non-incremental/UFDT/20170428-Barrett/cdt-cade2015/data/afp/coinductive_list/x2015_09_10_17_03_18_500_1897227.smt_in.smt2	A_b_prod_a_b_prod_prod$	1	0	1	0	0	NONE	1
/nas3/data/axeyum/corpus/smtlib-2024/non-incremental/non-incremental/UFDT/20170428-Barrett/cdt-cade2015/data/afp/coinductive_list/x2015_09_10_17_12_30_781_2634553.smt_in.smt2	A_llist_list$	RECURSIVE	1	1	0	0	NONE	0
/nas3/data/axeyum/corpus/smtlib-2024/non-incremental/non-incremental/UFDT/20170428-Barrett/cdt-cade2015/data/afp/coinductive_list/x2015_09_10_17_12_30_781_2634553.smt_in.smt2	A_llist_llist_list$	RECURSIVE	1	1	0	0	NONE	0
/nas3/data/axeyum/corpus/smtlib-2024/non-incremental/non-incremental/UFDT/20170428-Barrett/cdt-cade2015/data/afp/coinductive_list/x2015_09_10_17_12_30_781_2634553.smt_in.smt2	A_list$	RECURSIVE	1	1	0	0	NONE	0
/nas3/data/axeyum/corpus/smtlib-2024/non-incremental/non-incremental/UFDT/20170428-Barrett/cdt-cade2015/data/afp/coinductive_list/x2015_09_10_17_12_30_781_2634553.smt_in.smt2	A_llist_llist_llist_list$	RECURSIVE	1	1	0	0	NONE	0
/nas3/data/axeyum/corpus/smtlib-2024/non-incremental/non-incremental/UFDT/20170428-Barrett/cdt-cade2015/data/afp/coinductive_stream/x2015_09_10_17_23_15_283_1135882.smt_in.smt2	A_list$	RECURSIVE	1	1	0	0	NONE	0
/nas3/data/axeyum/corpus/smtlib-2024/non-incremental/non-incremental/UFDT/20170428-Barrett/cdt-cade2015/data/afp/coinductive_stream/x2015_09_10_17_23_15_283_1135882.smt_in.smt2	A_list_list$	RECURSIVE	1	1	0	0	NONE	0
/nas3/data/axeyum/corpus/smtlib-2024/non-incremental/non-incremental/UFDT/20170428-Barrett/cdt-cade2015/data/afp/coinductive_stream/x2015_09_10_17_23_15_283_1135882.smt_in.smt2	A_list_list_list$	RECURSIVE	1	1	0	0	NONE	0
/nas3/data/axeyum/corpus/smtlib-2024/non-incremental/non-incremental/UFDT/20170428-Barrett/cdt-cade2015/data/afp/huffman/x2015_09_10_16_48_42_751_1132913.smt_in.smt2	A_tree$	RECURSIVE	1	1	0	0	NONE	0
/nas3/data/axeyum/corpus/smtlib-2024/non-incremental/non-incremental/UFDT/20170428-Barrett/cdt-cade2015/data/afp/tllist/x2015_09_10_16_59_42_074_1296762.smt_in.smt2	A_llist_b_prod$	0	0	0	1	0	NONE	0
/nas3/data/axeyum/corpus/smtlib-2024/non-incremental/non-incremental/UFDT/20170428-Barrett/cdt-cade2015/data/afp/tllist/x2015_09_10_16_59_42_074_1296762.smt_in.smt2	C_llist_d_prod$	0	0	0	1	0	NONE	0
/nas3/data/axeyum/corpus/smtlib-2024/non-incremental/non-incremental/UFDT/20170428-Barrett/cdt-cade2015/data/afp/tllist/x2015_09_10_16_59_42_074_1296762.smt_in.smt2	E_llist_f_prod$	0	0	0	1	0	NONE	0
/nas3/data/axeyum/corpus/smtlib-2024/non-incremental/non-incremental/UFDT/20170428-Barrett/cdt-cade2015/data/afp/tllist/x2015_09_10_16_59_42_074_1296762.smt_in.smt2	C_c_prod$	0	0	0	1	0	NONE	0
/nas3/data/axeyum/corpus/smtlib-2024/non-incremental/non-incremental/UFDT/20170428-Barrett/cdt-cade2015/data/afp/tllist/x2015_09_10_16_59_42_074_1296762.smt_in.smt2	B_a_llist_prod$	0	0	0	1	0	NONE	0
/nas3/data/axeyum/corpus/smtlib-2024/non-incremental/non-incremental/UFDT/20170428-Barrett/cdt-cade2015/data/afp/tllist/x2015_09_10_16_59_42_074_1296762.smt_in.smt2	D_b_fun_c_llist_d_prod_a_llist_b_prod_fun_fun_d_b_fun_c_llist_d_prod_a_llist_b_prod_fun_fun_prod$	0	0	0	1	0	NONE	0
/nas3/data/axeyum/corpus/smtlib-2024/non-incremental/non-incremental/UFDT/20170428-Barrett/cdt-cade2015/data/afp/tllist/x2015_09_10_16_59_42_074_1296762.smt_in.smt2	C_a_fun_c_a_fun_prod$	0	0	0	1	0	NONE	0
/nas3/data/axeyum/corpus/smtlib-2024/non-incremental/non-incremental/UFDT/20170428-Barrett/cdt-cade2015/data/afp/tllist/x2015_09_10_16_59_42_074_1296762.smt_in.smt2	C_llist_a_llist_fun_c_llist_a_llist_fun_prod$	0	0	0	1	0	NONE	0
/nas3/data/axeyum/corpus/smtlib-2024/non-incremental/non-incremental/UFDT/20170428-Barrett/cdt-cade2015/data/afp/tllist/x2015_09_10_16_59_42_074_1296762.smt_in.smt2	D_b_fun_c_llist_d_prod_a_llist_b_prod_fun_fun_f_b_fun_e_llist_f_prod_a_llist_b_prod_fun_fun_prod$	0	0	0	1	0	NONE	0
/nas3/data/axeyum/corpus/smtlib-2024/non-incremental/non-incremental/UFDT/20170428-Barrett/cdt-cade2015/data/afp/tllist/x2015_09_10_16_59_42_074_1296762.smt_in.smt2	C_a_fun_e_a_fun_prod$	0	0	0	1	0	NONE	0
/nas3/data/axeyum/corpus/smtlib-2024/non-incremental/non-incremental/UFDT/20170428-Barrett/cdt-cade2015/data/afp/tllist/x2015_09_10_16_59_42_074_1296762.smt_in.smt2	C_llist_a_llist_fun_e_llist_a_llist_fun_prod$	0	0	0	1	0	NONE	0
/nas3/data/axeyum/corpus/smtlib-2024/non-incremental/non-incremental/UFDT/20170428-Barrett/cdt-cade2015/data/afp/tllist/x2015_09_10_16_59_42_074_1296762.smt_in.smt2	F_b_fun_e_llist_f_prod_a_llist_b_prod_fun_fun_d_b_fun_c_llist_d_prod_a_llist_b_prod_fun_fun_prod$	0	0	0	1	0	NONE	0
/nas3/data/axeyum/corpus/smtlib-2024/non-incremental/non-incremental/UFDT/20170428-Barrett/cdt-cade2015/data/afp/tllist/x2015_09_10_16_59_42_074_1296762.smt_in.smt2	E_a_fun_c_a_fun_prod$	0	0	0	1	0	NONE	0
/nas3/data/axeyum/corpus/smtlib-2024/non-incremental/non-incremental/UFDT/20170428-Barrett/cdt-cade2015/data/afp/tllist/x2015_09_10_16_59_42_074_1296762.smt_in.smt2	E_llist_a_llist_fun_c_llist_a_llist_fun_prod$	0	0	0	1	0	NONE	0
/nas3/data/axeyum/corpus/smtlib-2024/non-incremental/non-incremental/UFDT/20170428-Barrett/cdt-cade2015/data/afp/tllist/x2015_09_10_16_59_42_074_1296762.smt_in.smt2	F_b_fun_e_llist_f_prod_a_llist_b_prod_fun_fun_f_b_fun_e_llist_f_prod_a_llist_b_prod_fun_fun_prod$	0	0	0	1	0	NONE	0
/nas3/data/axeyum/corpus/smtlib-2024/non-incremental/non-incremental/UFDT/20170428-Barrett/cdt-cade2015/data/afp/tllist/x2015_09_10_16_59_42_074_1296762.smt_in.smt2	E_a_fun_e_a_fun_prod$	0	0	0	1	0	NONE	0
/nas3/data/axeyum/corpus/smtlib-2024/non-incremental/non-incremental/UFDT/20170428-Barrett/cdt-cade2015/data/afp/tllist/x2015_09_10_16_59_42_074_1296762.smt_in.smt2	E_llist_a_llist_fun_e_llist_a_llist_fun_prod$	0	0	0	1	0	NONE	0
/nas3/data/axeyum/corpus/smtlib-2024/non-incremental/non-incremental/UFDT/20170428-Barrett/cdt-cade2015/data/afp/tllist/x2015_09_10_16_59_42_074_1296762.smt_in.smt2	D_c_llist_prod$	0	0	0	1	0	NONE	0
/nas3/data/axeyum/corpus/smtlib-2024/non-incremental/non-incremental/UFDT/20170428-Barrett/cdt-cade2015/data/afp/tllist/x2015_09_10_16_59_42_074_1296762.smt_in.smt2	F_e_llist_prod$	0	0	0	1	0	NONE	0
/nas3/data/axeyum/corpus/smtlib-2024/non-incremental/non-incremental/UFDT/20170428-Barrett/cdt-cade2015/data/afp/tllist/x2015_09_10_16_59_42_074_1296762.smt_in.smt2	C_a_fun_d_b_fun_prod$	0	0	0	1	0	NONE	0
/nas3/data/axeyum/corpus/smtlib-2024/non-incremental/non-incremental/UFDT/20170428-Barrett/cdt-cade2015/data/afp/tllist/x2015_09_10_16_59_42_074_1296762.smt_in.smt2	E_a_fun_f_b_fun_prod$	0	0	0	1	0	NONE	0
/nas3/data/axeyum/corpus/smtlib-2024/non-incremental/non-incremental/UFDT/20170428-Barrett/cdt-cade2015/data/afp/tllist/x2015_09_10_16_59_42_074_1296762.smt_in.smt2	E_llist_f_prod_e_llist_f_prod_prod$	1	0	1	0	0	NONE	1
/nas3/data/axeyum/corpus/smtlib-2024/non-incremental/non-incremental/UFDT/20170428-Barrett/cdt-cade2015/data/afp/tllist/x2015_09_10_16_59_42_074_1296762.smt_in.smt2	F_f_prod$	0	0	0	1	0	NONE	0
/nas3/data/axeyum/corpus/smtlib-2024/non-incremental/non-incremental/UFDT/20170428-Barrett/cdt-cade2015/data/afp/tllist/x2015_09_10_16_59_42_074_1296762.smt_in.smt2	A_llist_b_prod_a_llist_b_prod_prod$	1	0	1	0	0	NONE	1
/nas3/data/axeyum/corpus/smtlib-2024/non-incremental/non-incremental/UFDT/20170428-Barrett/cdt-cade2015/data/afp/tllist/x2015_09_10_16_59_42_074_1296762.smt_in.smt2	B_b_prod$	0	0	0	1	0	NONE	0
/nas3/data/axeyum/corpus/smtlib-2024/non-incremental/non-incremental/UFDT/20170428-Barrett/cdt-cade2015/data/afp/tllist/x2015_09_10_16_59_42_074_1296762.smt_in.smt2	E_llist_e_llist_prod$	0	0	0	1	0	NONE	0
/nas3/data/axeyum/corpus/smtlib-2024/non-incremental/non-incremental/UFDT/20170428-Barrett/cdt-cade2015/data/afp/tllist/x2015_09_10_16_59_42_074_1296762.smt_in.smt2	A_llist_a_llist_prod$	0	0	0	1	0	NONE	0
/nas3/data/axeyum/corpus/smtlib-2024/non-incremental/non-incremental/UFDT/20170428-Barrett/cdt-cade2015/data/afp/tllist/x2015_09_10_16_59_42_074_1296762.smt_in.smt2	A_a_prod$	0	0	0	1	0	NONE	0
/nas3/data/axeyum/corpus/smtlib-2024/non-incremental/non-incremental/UFDT/20170428-Barrett/cdt-cade2015/data/afp/tllist/x2015_09_10_16_59_42_074_1296762.smt_in.smt2	C_e_prod$	0	0	0	1	0	NONE	0
/nas3/data/axeyum/corpus/smtlib-2024/non-incremental/non-incremental/UFDT/20170428-Barrett/cdt-cade2015/data/afp/tllist/x2015_09_10_16_59_42_074_1296762.smt_in.smt2	E_c_prod$	0	0	0	1	0	NONE	0
/nas3/data/axeyum/corpus/smtlib-2024/non-incremental/non-incremental/UFDT/20170428-Barrett/cdt-cade2015/data/afp/tllist/x2015_09_10_16_59_42_074_1296762.smt_in.smt2	E_e_prod$	0	0	0	1	0	NONE	0
/nas3/data/axeyum/corpus/smtlib-2024/non-incremental/non-incremental/UFDT/20170428-Barrett/cdt-cade2015/data/afp/tllist/x2015_09_10_16_59_42_074_1296762.smt_in.smt2	A_c_prod$	0	0	0	1	0	NONE	0
/nas3/data/axeyum/corpus/smtlib-2024/non-incremental/non-incremental/UFDT/20170428-Barrett/cdt-cade2015/data/afp/tllist/x2015_09_10_16_59_42_074_1296762.smt_in.smt2	C_a_prod$	0	0	0	1	0	NONE	0
/nas3/data/axeyum/corpus/smtlib-2024/non-incremental/non-incremental/UFDT/20170428-Barrett/cdt-cade2015/data/distro/gram_lang/x2015_09_10_16_51_07_332_1287035.smt_in.smt2	T_dtree_sum$	0	0	0	1	0	NONE	0
/nas3/data/axeyum/corpus/smtlib-2024/non-incremental/non-incremental/UFDT/20170428-Barrett/cdt-cade2015/data/distro/parallel/x2015_09_10_16_56_47_419_1014234.smt_in.smt2	T_dtree_sum$	0	0	0	1	0	NONE	0
/nas3/data/axeyum/corpus/smtlib-2024/non-incremental/non-incremental/UFDT/20170428-Barrett/cdt-cade2015/data/distro/parallel/x2015_09_10_16_56_47_419_1014234.smt_in.smt2	Dtree_dtree_prod$	0	0	0	1	0	NONE	0
/nas3/data/axeyum/corpus/smtlib-2024/non-incremental/non-incremental/UFDT/20170428-Barrett/cdt-cade2015/data/distro/parallel/x2015_09_10_16_56_47_419_1014234.smt_in.smt2	T_dtree_dtree_prod_sum$	1	0	1	0	0	NONE	1
/nas3/data/axeyum/corpus/smtlib-2024/non-incremental/non-incremental/UFDT/20170428-Barrett/cdt-cade2015/data/distro/parallel/x2015_09_10_16_56_47_419_1014234.smt_in.smt2	Dtree_dtree_prod_dtree_dtree_prod_prod$	1	0	1	0	0	NONE	1
/nas3/data/axeyum/corpus/smtlib-2024/non-incremental/non-incremental/UFDT/20170428-Barrett/cdt-cade2015/data/distro/parallel/x2015_09_10_16_56_47_419_1014234.smt_in.smt2	Dtree_T_dtree_sum_prod$	1	0	1	0	0	NONE	1
/nas3/data/axeyum/corpus/smtlib-2024/non-incremental/non-incremental/UFDT/20170428-Barrett/cdt-cade2015/data/distro/parallel/x2015_09_10_16_56_47_419_1014234.smt_in.smt2	T_dtree_sum_dtree_prod$	1	0	1	0	0	NONE	1
/nas3/data/axeyum/corpus/smtlib-2024/non-incremental/non-incremental/UFDT/20170428-Barrett/cdt-cade2015/data/distro/parallel/x2015_09_10_16_56_47_419_1014234.smt_in.smt2	T_dtree_sum_T_dtree_sum_prod$	1	0	1	0	0	NONE	1
/nas3/data/axeyum/corpus/smtlib-2024/non-incremental/non-incremental/UFDT/20170428-Barrett/cdt-cade2015/data/distro/stream/x2015_09_10_16_49_04_586_1140768.smt_in.smt2	A_b_prod$	0	0	0	1	0	NONE	0
/nas3/data/axeyum/corpus/smtlib-2024/non-incremental/non-incremental/UFDT/20170428-Barrett/cdt-cade2015/data/distro/stream/x2015_09_10_16_49_04_586_1140768.smt_in.smt2	B_b_prod$	0	0	0	1	0	NONE	0
/nas3/data/axeyum/corpus/smtlib-2024/non-incremental/non-incremental/UFDT/20170428-Barrett/cdt-cade2015/data/distro/stream/x2015_09_10_16_49_04_586_1140768.smt_in.smt2	A_a_prod$	0	0	0	1	0	NONE	0
/nas3/data/axeyum/corpus/smtlib-2024/non-incremental/non-incremental/UFDT/20170428-Barrett/cdt-cade2015/data/distro/stream/x2015_09_10_16_49_04_586_1140768.smt_in.smt2	B_a_prod$	0	0	0	1	0	NONE	0
/nas3/data/axeyum/corpus/smtlib-2024/non-incremental/non-incremental/UFDT/20170428-Barrett/cdt-cade2015/data/distro/stream/x2015_09_10_16_49_04_586_1140768.smt_in.smt2	B_a_prod_b_prod$	1	0	1	0	0	NONE	1
/nas3/data/axeyum/corpus/smtlib-2024/non-incremental/non-incremental/UFDT/20170428-Barrett/cdt-cade2015/data/distro/stream/x2015_09_10_16_49_04_586_1140768.smt_in.smt2	B_a_prod_a_prod$	1	0	1	0	0	NONE	1
/nas3/data/axeyum/corpus/smtlib-2024/non-incremental/non-incremental/UFDT/20170428-Barrett/cdt-cade2015/data/distro/stream/x2015_09_10_16_49_04_586_1140768.smt_in.smt2	A_b_prod_b_prod$	1	0	1	0	0	NONE	1
/nas3/data/axeyum/corpus/smtlib-2024/non-incremental/non-incremental/UFDT/20170428-Barrett/cdt-cade2015/data/distro/stream/x2015_09_10_16_49_04_586_1140768.smt_in.smt2	A_b_prod_a_prod$	1	0	1	0	0	NONE	1
/nas3/data/axeyum/corpus/smtlib-2024/non-incremental/non-incremental/UFDT/20170428-Barrett/cdt-cade2015/data/distro/stream/x2015_09_10_16_49_04_586_1140768.smt_in.smt2	A_a_prod_b_prod$	1	0	1	0	0	NONE	1
/nas3/data/axeyum/corpus/smtlib-2024/non-incremental/non-incremental/UFDT/20170428-Barrett/cdt-cade2015/data/distro/stream/x2015_09_10_16_49_04_586_1140768.smt_in.smt2	A_a_prod_a_prod$	1	0	1	0	0	NONE	1
/nas3/data/axeyum/corpus/smtlib-2024/non-incremental/non-incremental/UFDT/20170428-Barrett/cdt-cade2015/data/distro/stream/x2015_09_10_16_49_04_586_1140768.smt_in.smt2	A_b_prod_a_b_prod_prod$	1	0	1	0	0	NONE	1
/nas3/data/axeyum/corpus/smtlib-2024/non-incremental/non-incremental/UFDT/20170428-Barrett/cdt-cade2015/data/distro/stream/x2015_09_10_16_49_04_586_1140768.smt_in.smt2	A_b_prod_stream_a_b_prod_stream_prod$	0	0	0	1	0	NONE	0
/nas3/data/axeyum/corpus/smtlib-2024/non-incremental/non-incremental/UFDT/20170428-Barrett/cdt-cade2015/data/distro/stream/x2015_09_10_16_49_04_586_1140768.smt_in.smt2	A_b_prod_stream_a_b_prod_prod$	1	0	1	0	0	NONE	1
/nas3/data/axeyum/corpus/smtlib-2024/non-incremental/non-incremental/UFDT/20170428-Barrett/rec-fun-ijcar2016/wo-wdf/isa_nun_bench_v4_enc/nunchaku1910193.nun.smt2	nat__	RECURSIVE	1	1	0	0	NONE	0
/nas3/data/axeyum/corpus/smtlib-2024/non-incremental/non-incremental/UFDT/20170428-Barrett/rec-fun-ijcar2016/wo-wdf/isa_nun_bench_v4_enc/nunchaku1910193.nun.smt2	list__	RECURSIVE	1	1	0	0	NONE	0
/nas3/data/axeyum/corpus/smtlib-2024/non-incremental/non-incremental/UFDT/20170428-Barrett/rec-fun-ijcar2016/wo-wdf/isa_nun_bench_v4_enc/nunchaku3417069.nun.smt2	nat__	RECURSIVE	1	1	0	0	NONE	0
/nas3/data/axeyum/corpus/smtlib-2024/non-incremental/non-incremental/UFDT/20170428-Barrett/rec-fun-ijcar2016/wo-wdf/isa_nun_bench_v4_enc/nunchaku3417069.nun.smt2	bdd__	RECURSIVE	1	1	0	0	NONE	0
/nas3/data/axeyum/corpus/smtlib-2024/non-incremental/non-incremental/UFDT/20170428-Barrett/cdt-cade2015/data/afp/abstract_completeness/x2015_09_10_16_59_33_621_1039748.smt_in.smt2	A_tree_fset_tree_a_tree_sum$	0	0	0	1	0	NONE	0
/nas3/data/axeyum/corpus/smtlib-2024/non-incremental/non-incremental/UFDT/20170428-Barrett/cdt-cade2015/data/afp/abstract_completeness/x2015_09_10_16_59_33_621_1039748.smt_in.smt2	A_tree_fset_bool_fun_tree_a_tree_sum$	0	0	0	1	0	NONE	0
/nas3/data/axeyum/corpus/smtlib-2024/non-incremental/non-incremental/UFDT/20170428-Barrett/cdt-cade2015/data/afp/abstract_completeness/x2015_09_10_16_59_33_621_1039748.smt_in.smt2	Bool_tree_a_tree_fset_sum$	0	0	0	1	0	NONE	0
/nas3/data/axeyum/corpus/smtlib-2024/non-incremental/non-incremental/UFDT/20170428-Barrett/cdt-cade2015/data/afp/abstract_completeness/x2015_09_10_16_59_33_621_1039748.smt_in.smt2	A_tree_a_tree_sum$	0	0	0	1	0	NONE	0
/nas3/data/axeyum/corpus/smtlib-2024/non-incremental/non-incremental/UFDT/20170428-Barrett/cdt-cade2015/data/afp/abstract_completeness/x2015_09_10_16_59_33_621_1039748.smt_in.smt2	A_tree_fset_a_tree_fset_sum$	0	0	0	1	0	NONE	0
/nas3/data/axeyum/corpus/smtlib-2024/non-incremental/non-incremental/UFDT/20170428-Barrett/cdt-cade2015/data/afp/coinductive_list/x2015_09_10_16_51_06_177_1165813.smt_in.smt2	A_llist_a_llist_prod$	0	0	0	1	0	NONE	0
/nas3/data/axeyum/corpus/smtlib-2024/non-incremental/non-incremental/UFDT/20170428-Barrett/cdt-cade2015/data/afp/coinductive_list/x2015_09_10_16_58_09_505_1543396.smt_in.smt2	Nat_option$	0	0	0	1	0	NONE	0
/nas3/data/axeyum/corpus/smtlib-2024/non-incremental/non-incremental/UFDT/20170428-Barrett/cdt-cade2015/data/afp/coinductive_list/x2015_09_10_16_58_09_505_1543396.smt_in.smt2	Enat$	1	0	1	0	0	NONE	1
/nas3/data/axeyum/corpus/smtlib-2024/non-incremental/non-incremental/UFDT/20170428-Barrett/cdt-cade2015/data/afp/coinductive_list/x2015_09_10_16_58_09_505_1543396.smt_in.smt2	Enat_a_llist_prod$	2	0	1	0	0	NONE	1
/nas3/data/axeyum/corpus/smtlib-2024/non-incremental/non-incremental/UFDT/20170428-Barrett/cdt-cade2015/data/afp/coinductive_list/x2015_09_10_16_58_09_505_1543396.smt_in.smt2	Enat_enat_prod$	2	0	1	0	0	NONE	1
/nas3/data/axeyum/corpus/smtlib-2024/non-incremental/non-incremental/UFDT/20170428-Barrett/cdt-cade2015/data/afp/coinductive_list/x2015_09_10_16_58_09_505_1543396.smt_in.smt2	A_llist_a_llist_prod$	0	0	0	1	0	NONE	0
/nas3/data/axeyum/corpus/smtlib-2024/non-incremental/non-incremental/UFDT/20170428-Barrett/cdt-cade2015/data/afp/coinductive_list/x2015_09_10_16_58_09_505_1543396.smt_in.smt2	A_llist_enat_prod$	2	0	1	0	0	NONE	1
/nas3/data/axeyum/corpus/smtlib-2024/non-incremental/non-incremental/UFDT/20170428-Barrett/cdt-cade2015/data/afp/coinductive_list/x2015_09_10_16_58_09_505_1543396.smt_in.smt2	Enat_enat_a_llist_prod_prod$	3	0	1	0	0	NONE	1
/nas3/data/axeyum/corpus/smtlib-2024/non-incremental/non-incremental/UFDT/20170428-Barrett/cdt-cade2015/data/afp/coinductive_list/x2015_09_10_16_58_09_505_1543396.smt_in.smt2	A_llist_enat_a_llist_prod_prod$	3	0	1	0	0	NONE	1
/nas3/data/axeyum/corpus/smtlib-2024/non-incremental/non-incremental/UFDT/20170428-Barrett/cdt-cade2015/data/afp/coinductive_list/x2015_09_10_16_58_09_505_1543396.smt_in.smt2	Enat_a_llist_prod_enat_prod$	3	0	1	0	0	NONE	1
/nas3/data/axeyum/corpus/smtlib-2024/non-incremental/non-incremental/UFDT/20170428-Barrett/cdt-cade2015/data/afp/coinductive_list/x2015_09_10_16_58_09_505_1543396.smt_in.smt2	Enat_a_llist_prod_a_llist_prod$	3	0	1	0	0	NONE	1
/nas3/data/axeyum/corpus/smtlib-2024/non-incremental/non-incremental/UFDT/20170428-Barrett/cdt-cade2015/data/afp/coinductive_list/x2015_09_10_16_58_09_505_1543396.smt_in.smt2	Enat_a_llist_prod_enat_a_llist_prod_prod$	3	0	1	0	0	NONE	1
/nas3/data/axeyum/corpus/smtlib-2024/non-incremental/non-incremental/UFDT/20170428-Barrett/cdt-cade2015/data/afp/coinductive_list/x2015_09_10_17_03_41_217_1925781.smt_in.smt2	A_b_prod$	0	0	0	1	0	NONE	0
/nas3/data/axeyum/corpus/smtlib-2024/non-incremental/non-incremental/UFDT/20170428-Barrett/cdt-cade2015/data/afp/coinductive_list/x2015_09_10_17_03_41_217_1925781.smt_in.smt2	C_d_prod$	0	0	0	1	0	NONE	0
/nas3/data/axeyum/corpus/smtlib-2024/non-incremental/non-incremental/UFDT/20170428-Barrett/cdt-cade2015/data/afp/coinductive_list/x2015_09_10_17_03_41_217_1925781.smt_in.smt2	D_c_prod$	0	0	0	1	0	NONE	0
/nas3/data/axeyum/corpus/smtlib-2024/non-incremental/non-incremental/UFDT/20170428-Barrett/cdt-cade2015/data/afp/coinductive_list/x2015_09_10_17_03_41_217_1925781.smt_in.smt2	B_a_prod$	0	0	0	1	0	NONE	0
/nas3/data/axeyum/corpus/smtlib-2024/non-incremental/non-incremental/UFDT/20170428-Barrett/cdt-cade2015/data/afp/coinductive_list/x2015_09_10_17_03_41_217_1925781.smt_in.smt2	B_b_prod$	0	0	0	1	0	NONE	0
/nas3/data/axeyum/corpus/smtlib-2024/non-incremental/non-incremental/UFDT/20170428-Barrett/cdt-cade2015/data/afp/coinductive_list/x2015_09_10_17_03_41_217_1925781.smt_in.smt2	A_b_prod_a_b_prod_prod$	1	0	1	0	0	NONE	1
/nas3/data/axeyum/corpus/smtlib-2024/non-incremental/non-incremental/UFDT/20170428-Barrett/cdt-cade2015/data/afp/coinductive_list/x2015_09_10_17_03_41_217_1925781.smt_in.smt2	A_a_prod$	0	0	0	1	0	NONE	0
/nas3/data/axeyum/corpus/smtlib-2024/non-incremental/non-incremental/UFDT/20170428-Barrett/cdt-cade2015/data/afp/coinductive_list/x2015_09_10_17_13_01_127_2665471.smt_in.smt2	Nat_option$	0	0	0	1	0	NONE	0
/nas3/data/axeyum/corpus/smtlib-2024/non-incremental/non-incremental/UFDT/20170428-Barrett/cdt-cade2015/data/afp/coinductive_list/x2015_09_10_17_13_01_127_2665471.smt_in.smt2	Enat$	1	0	1	0	0	NONE	1
/nas3/data/axeyum/corpus/smtlib-2024/non-incremental/non-incremental/UFDT/20170428-Barrett/cdt-cade2015/data/afp/coinductive_list/x2015_09_10_17_13_01_127_2665471.smt_in.smt2	A_llist_list$	RECURSIVE	1	1	0	0	NONE	0
/nas3/data/axeyum/corpus/smtlib-2024/non-incremental/non-incremental/UFDT/20170428-Barrett/cdt-cade2015/data/afp/tllist/x2015_09_10_17_00_14_156_1336973.smt_in.smt2	Natural$	0	0	0	1	0	NONE	0
/nas3/data/axeyum/corpus/smtlib-2024/non-incremental/non-incremental/UFDT/20170428-Barrett/cdt-cade2015/data/afp/tllist/x2015_09_10_17_00_14_156_1336973.smt_in.smt2	Nibble$	0	0	0	1	0	NONE	0
/nas3/data/axeyum/corpus/smtlib-2024/non-incremental/non-incremental/UFDT/20170428-Barrett/cdt-cade2015/data/afp/tllist/x2015_09_10_17_00_14_156_1336973.smt_in.smt2	Char$	1	0	1	0	0	NONE	1
/nas3/data/axeyum/corpus/smtlib-2024/non-incremental/non-incremental/UFDT/20170428-Barrett/cdt-cade2015/data/afp/tllist/x2015_09_10_17_00_14_156_1336973.smt_in.smt2	Typerep_list$	RECURSIVE	1	1	0	0	NONE	0
/nas3/data/axeyum/corpus/smtlib-2024/non-incremental/non-incremental/UFDT/20170428-Barrett/cdt-cade2015/data/afp/tllist/x2015_09_10_17_00_14_156_1336973.smt_in.smt2	Char_list$	RECURSIVE	1	1	0	0	NONE	0
/nas3/data/axeyum/corpus/smtlib-2024/non-incremental/non-incremental/UFDT/20170428-Barrett/cdt-cade2015/data/afp/tllist/x2015_09_10_17_00_14_156_1336973.smt_in.smt2	Literal$	RECURSIVE	1	1	0	0	NONE	0
/nas3/data/axeyum/corpus/smtlib-2024/non-incremental/non-incremental/UFDT/20170428-Barrett/cdt-cade2015/data/afp/tllist/x2015_09_10_17_00_14_156_1336973.smt_in.smt2	Typerep$	RECURSIVE	1	1	0	0	NONE	0
/nas3/data/axeyum/corpus/smtlib-2024/non-incremental/non-incremental/UFDT/20170428-Barrett/cdt-cade2015/data/distro/gram_lang/x2015_09_10_16_51_42_375_1318540.smt_in.smt2	T_N_sum$	0	0	0	1	0	NONE	0
/nas3/data/axeyum/corpus/smtlib-2024/non-incremental/non-incremental/UFDT/20170428-Barrett/cdt-cade2015/data/distro/gram_lang/x2015_09_10_16_51_42_375_1318540.smt_in.smt2	T_dtree_sum$	0	0	0	1	0	NONE	0
/nas3/data/axeyum/corpus/smtlib-2024/non-incremental/non-incremental/UFDT/20170428-Barrett/cdt-cade2015/data/distro/gram_lang/x2015_09_10_16_51_42_375_1318540.smt_in.smt2	T_T_sum$	0	0	0	1	0	NONE	0
/nas3/data/axeyum/corpus/smtlib-2024/non-incremental/non-incremental/UFDT/20170428-Barrett/cdt-cade2015/data/distro/gram_lang/x2015_09_10_16_51_42_375_1318540.smt_in.smt2	N_T_sum$	0	0	0	1	0	NONE	0
/nas3/data/axeyum/corpus/smtlib-2024/non-incremental/non-incremental/UFDT/20170428-Barrett/cdt-cade2015/data/distro/gram_lang/x2015_09_10_16_51_42_375_1318540.smt_in.smt2	N_N_sum$	0	0	0	1	0	NONE	0
/nas3/data/axeyum/corpus/smtlib-2024/non-incremental/non-incremental/UFDT/20170428-Barrett/cdt-cade2015/data/distro/gram_lang/x2015_09_10_16_51_42_375_1318540.smt_in.smt2	N_dtree_sum$	0	0	0	1	0	NONE	0
/nas3/data/axeyum/corpus/smtlib-2024/non-incremental/non-incremental/UFDT/20170428-Barrett/cdt-cade2015/data/distro/gram_lang/x2015_09_10_16_51_42_375_1318540.smt_in.smt2	T_T_N_sum_sum$	1	0	1	0	0	NONE	1
/nas3/data/axeyum/corpus/smtlib-2024/non-incremental/non-incremental/UFDT/20170428-Barrett/cdt-cade2015/data/distro/gram_lang/x2015_09_10_16_51_42_375_1318540.smt_in.smt2	T_T_dtree_sum_sum$	1	0	1	0	0	NONE	1
/nas3/data/axeyum/corpus/smtlib-2024/non-incremental/non-incremental/UFDT/20170428-Barrett/cdt-cade2015/data/distro/gram_lang/x2015_09_10_16_51_42_375_1318540.smt_in.smt2	N_T_N_sum_sum$	1	0	1	0	0	NONE	1
/nas3/data/axeyum/corpus/smtlib-2024/non-incremental/non-incremental/UFDT/20170428-Barrett/cdt-cade2015/data/distro/gram_lang/x2015_09_10_16_51_42_375_1318540.smt_in.smt2	N_T_dtree_sum_sum$	1	0	1	0	0	NONE	1
/nas3/data/axeyum/corpus/smtlib-2024/non-incremental/non-incremental/UFDT/20170428-Barrett/cdt-cade2015/data/distro/gram_lang/x2015_09_10_16_51_42_375_1318540.smt_in.smt2	N_T_N_sum_set_prod$	0	0	0	1	0	NONE	0
/nas3/data/axeyum/corpus/smtlib-2024/non-incremental/non-incremental/UFDT/20170428-Barrett/cdt-cade2015/data/distro/rbt_impl/x2015_09_10_16_55_27_693_1550802.smt_in.smt2	A_b_prod$	0	0	0	1	0	NONE	0
/nas3/data/axeyum/corpus/smtlib-2024/non-incremental/non-incremental/UFDT/20170428-Barrett/cdt-cade2015/data/distro/rbt_impl/x2015_09_10_16_55_27_693_1550802.smt_in.smt2	A_b_prod_list$	RECURSIVE	1	1	0	0	NONE	0
/nas3/data/axeyum/corpus/smtlib-2024/non-incremental/non-incremental/UFDT/20170428-Barrett/cdt-cade2015/data/distro/rbt_impl/x2015_09_10_16_55_27_693_1550802.smt_in.smt2	Color$	0	0	0	1	0	NONE	0
/nas3/data/axeyum/corpus/smtlib-2024/non-incremental/non-incremental/UFDT/20170428-Barrett/cdt-cade2015/data/distro/rbt_impl/x2015_09_10_16_55_27_693_1550802.smt_in.smt2	A_b_rbt$	RECURSIVE	1	1	0	0	NONE	0
/nas3/data/axeyum/corpus/smtlib-2024/non-incremental/non-incremental/UFDT/20170428-Barrett/cdt-cade2015/data/distro/rbt_impl/x2015_09_10_16_55_27_693_1550802.smt_in.smt2	B_a_b_rbt_prod$	RECURSIVE	1	1	0	0	NONE	0
/nas3/data/axeyum/corpus/smtlib-2024/non-incremental/non-incremental/UFDT/20170428-Barrett/cdt-cade2015/data/distro/rbt_impl/x2015_09_10_16_55_27_693_1550802.smt_in.smt2	A_b_a_b_rbt_prod_rbt$	RECURSIVE	1	1	0	0	NONE	0
/nas3/data/axeyum/corpus/smtlib-2024/non-incremental/non-incremental/UFDT/20170428-Barrett/cdt-cade2015/data/distro/rbt_impl/x2015_09_10_16_55_27_693_1550802.smt_in.smt2	A_b_a_b_rbt_prod_prod$	RECURSIVE	1	1	0	0	NONE	0
/nas3/data/axeyum/corpus/smtlib-2024/non-incremental/non-incremental/UFDT/20170428-Barrett/cdt-cade2015/data/distro/rbt_impl/x2015_09_10_16_55_27_693_1550802.smt_in.smt2	A_b_a_b_rbt_prod_prod_list$	RECURSIVE	1	1	0	0	NONE	0
/nas3/data/axeyum/corpus/smtlib-2024/non-incremental/non-incremental/UFDT/20170428-Barrett/cdt-cade2015/data/distro/rbt_impl/x2015_09_10_16_55_27_693_1550802.smt_in.smt2	A_b_rbt_a_b_a_b_rbt_prod_prod_prod$	RECURSIVE	1	1	0	0	NONE	0
/nas3/data/axeyum/corpus/smtlib-2024/non-incremental/non-incremental/UFDT/20170428-Barrett/cdt-cade2015/data/distro/rbt_impl/x2015_09_10_16_55_27_693_1550802.smt_in.smt2	A_a_b_rbt_a_b_a_b_rbt_prod_prod_prod_rbt$	RECURSIVE	1	1	0	0	NONE	0
/nas3/data/axeyum/corpus/smtlib-2024/non-incremental/non-incremental/UFDT/20170428-Barrett/cdt-cade2015/data/distro/rbt_impl/x2015_09_10_16_55_27_693_1550802.smt_in.smt2	A_a_b_rbt_a_b_a_b_rbt_prod_prod_prod_prod$	RECURSIVE	1	1	0	0	NONE	0
/nas3/data/axeyum/corpus/smtlib-2024/non-incremental/non-incremental/UFDT/20170428-Barrett/cdt-cade2015/data/distro/rbt_impl/x2015_09_10_16_55_27_693_1550802.smt_in.smt2	A_a_b_rbt_a_b_a_b_rbt_prod_prod_prod_prod_list$	RECURSIVE	1	1	0	0	NONE	0
/nas3/data/axeyum/corpus/smtlib-2024/non-incremental/non-incremental/UFDT/20170428-Barrett/cdt-cade2015/data/distro/rbt_impl/x2015_09_10_16_55_27_693_1550802.smt_in.smt2	A_a_b_rbt_rbt$	RECURSIVE	1	1	0	0	NONE	0
/nas3/data/axeyum/corpus/smtlib-2024/non-incremental/non-incremental/UFDT/20170428-Barrett/cdt-cade2015/data/distro/rbt_impl/x2015_09_10_16_55_27_693_1550802.smt_in.smt2	A_a_b_rbt_prod$	RECURSIVE	1	1	0	0	NONE	0
/nas3/data/axeyum/corpus/smtlib-2024/non-incremental/non-incremental/UFDT/20170428-Barrett/cdt-cade2015/data/distro/rbt_impl/x2015_09_10_16_55_27_693_1550802.smt_in.smt2	A_a_b_rbt_prod_list$	RECURSIVE	1	1	0	0	NONE	0
/nas3/data/axeyum/corpus/smtlib-2024/non-incremental/non-incremental/UFDT/20170428-Barrett/cdt-cade2015/data/distro/rbt_impl/x2015_09_10_16_55_27_693_1550802.smt_in.smt2	A_b_b_b_fun_fun_fun_a_b_a_b_rbt_prod_prod_prod$	RECURSIVE	1	1	0	0	NONE	0
/nas3/data/axeyum/corpus/smtlib-2024/non-incremental/non-incremental/UFDT/20170428-Barrett/cdt-cade2015/data/distro/rbt_impl/x2015_09_10_16_55_27_693_1550802.smt_in.smt2	A_b_rbt_option$	RECURSIVE	1	1	0	0	NONE	0
/nas3/data/axeyum/corpus/smtlib-2024/non-incremental/non-incremental/UFDT/20170428-Barrett/cdt-cade2015/data/distro/rbt_impl/x2015_09_10_16_55_27_693_1550802.smt_in.smt2	A_b_rbt_a_b_a_b_rbt_prod_prod_prod_option$	RECURSIVE	1	1	0	0	NONE	0
/nas3/data/axeyum/corpus/smtlib-2024/non-incremental/non-incremental/UFDT/20170428-Barrett/cdt-cade2015/data/distro/rbt_impl/x2015_09_10_16_55_27_693_1550802.smt_in.smt2	B_a_b_rbt_prod_option$	RECURSIVE	1	1	0	0	NONE	0
/nas3/data/axeyum/corpus/smtlib-2024/non-incremental/non-incremental/UFDT/20170428-Barrett/cdt-cade2015/data/distro/rbt_impl/x2015_09_10_16_55_27_693_1550802.smt_in.smt2	B_option$	0	0	0	1	0	NONE	0
/nas3/data/axeyum/corpus/smtlib-2024/non-incremental/non-incremental/UFDT/20170428-Barrett/cdt-cade2015/data/distro/rbt_impl/x2015_09_10_16_55_27_693_1550802.smt_in.smt2	B_a_b_rbt_rbt$	RECURSIVE	1	1	0	0	NONE	0
/nas3/data/axeyum/corpus/smtlib-2024/non-incremental/non-incremental/UFDT/20170428-Barrett/cdt-cade2015/data/distro/rbt_impl/x2015_09_10_16_55_27_693_1550802.smt_in.smt2	A_b_b_b_fun_fun_fun_a_b_a_b_rbt_prod_prod_rbt$	RECURSIVE	1	1	0	0	NONE	0
/nas3/data/axeyum/corpus/smtlib-2024/non-incremental/non-incremental/UFDT/20170428-Barrett/cdt-cade2015/data/distro/rbt_impl/x2015_09_10_16_55_27_693_1550802.smt_in.smt2	A_b_b_b_fun_fun_fun_a_b_a_b_rbt_prod_prod_prod_list$	RECURSIVE	1	1	0	0	NONE	0
/nas3/data/axeyum/corpus/smtlib-2024/non-incremental/non-incremental/UFDT/20170428-Barrett/cdt-cade2015/data/distro/rbt_impl/x2015_09_10_16_55_27_693_1550802.smt_in.smt2	B_a_b_rbt_prod_list$	RECURSIVE	1	1	0	0	NONE	0
/nas3/data/axeyum/corpus/smtlib-2024/non-incremental/non-incremental/UFDT/20170428-Barrett/cdt-cade2015/data/distro/stream/x2015_09_10_16_49_32_280_1173880.smt_in.smt2	A_a_prod$	0	0	0	1	0	NONE	0
/nas3/data/axeyum/corpus/smtlib-2024/non-incremental/non-incremental/UFDT/20170428-Barrett/cdt-cade2015/data/distro/stream/x2015_09_10_16_49_32_280_1173880.smt_in.smt2	A_b_prod$	0	0	0	1	0	NONE	0
/nas3/data/axeyum/corpus/smtlib-2024/non-incremental/non-incremental/UFDT/20170428-Barrett/cdt-cade2015/data/distro/stream/x2015_09_10_16_49_32_280_1173880.smt_in.smt2	A_c_prod$	0	0	0	1	0	NONE	0
/nas3/data/axeyum/corpus/smtlib-2024/non-incremental/non-incremental/UFDT/20170428-Barrett/cdt-cade2015/data/distro/stream/x2015_09_10_16_49_32_280_1173880.smt_in.smt2	B_a_prod$	0	0	0	1	0	NONE	0
/nas3/data/axeyum/corpus/smtlib-2024/non-incremental/non-incremental/UFDT/20170428-Barrett/cdt-cade2015/data/distro/stream/x2015_09_10_16_49_32_280_1173880.smt_in.smt2	B_b_prod$	0	0	0	1	0	NONE	0
/nas3/data/axeyum/corpus/smtlib-2024/non-incremental/non-incremental/UFDT/20170428-Barrett/cdt-cade2015/data/distro/stream/x2015_09_10_16_49_32_280_1173880.smt_in.smt2	B_c_prod$	0	0	0	1	0	NONE	0
/nas3/data/axeyum/corpus/smtlib-2024/non-incremental/non-incremental/UFDT/20170428-Barrett/cdt-cade2015/data/distro/stream/x2015_09_10_16_49_32_280_1173880.smt_in.smt2	C_a_prod$	0	0	0	1	0	NONE	0
/nas3/data/axeyum/corpus/smtlib-2024/non-incremental/non-incremental/UFDT/20170428-Barrett/cdt-cade2015/data/distro/stream/x2015_09_10_16_49_32_280_1173880.smt_in.smt2	C_b_prod$	0	0	0	1	0	NONE	0
/nas3/data/axeyum/corpus/smtlib-2024/non-incremental/non-incremental/UFDT/20170428-Barrett/cdt-cade2015/data/distro/stream/x2015_09_10_16_49_32_280_1173880.smt_in.smt2	C_c_prod$	0	0	0	1	0	NONE	0
/nas3/data/axeyum/corpus/smtlib-2024/non-incremental/non-incremental/UFDT/20170428-Barrett/cdt-cade2015/data/distro/stream/x2015_09_10_16_49_32_280_1173880.smt_in.smt2	A_nat_prod$	0	0	0	1	0	NONE	0
/nas3/data/axeyum/corpus/smtlib-2024/non-incremental/non-incremental/UFDT/20170428-Barrett/cdt-cade2015/data/distro/stream/x2015_09_10_16_49_32_280_1173880.smt_in.smt2	B_a_prod_list$	RECURSIVE	1	1	0	0	NONE	0
/nas3/data/axeyum/corpus/smtlib-2024/non-incremental/non-incremental/UFDT/20170428-Barrett/cdt-cade2015/data/distro/stream/x2015_09_10_16_49_32_280_1173880.smt_in.smt2	A_c_prod_list$	RECURSIVE	1	1	0	0	NONE	0
/nas3/data/axeyum/corpus/smtlib-2024/non-incremental/non-incremental/UFDT/20170428-Barrett/cdt-cade2015/data/distro/stream/x2015_09_10_16_49_32_280_1173880.smt_in.smt2	A_b_prod_list$	RECURSIVE	1	1	0	0	NONE	0
/nas3/data/axeyum/corpus/smtlib-2024/non-incremental/non-incremental/UFDT/20170428-Barrett/cdt-cade2015/data/distro/stream/x2015_09_10_16_49_32_280_1173880.smt_in.smt2	A_a_prod_list$	RECURSIVE	1	1	0	0	NONE	0
/nas3/data/axeyum/corpus/smtlib-2024/non-incremental/non-incremental/UFDT/20170428-Barrett/cdt-cade2015/data/distro/stream/x2015_09_10_16_49_32_280_1173880.smt_in.smt2	Nat_list$	RECURSIVE	1	1	0	0	NONE	0
/nas3/data/axeyum/corpus/smtlib-2024/non-incremental/non-incremental/UFDT/20170428-Barrett/cdt-cade2015/data/distro/stream/x2015_09_10_16_49_32_280_1173880.smt_in.smt2	A_list$	RECURSIVE	1	1	0	0	NONE	0
/nas3/data/axeyum/corpus/smtlib-2024/non-incremental/non-incremental/UFDT/20170428-Barrett/cdt-cade2015/data/distro/stream/x2015_09_10_16_49_32_280_1173880.smt_in.smt2	B_list$	RECURSIVE	1	1	0	0	NONE	0
/nas3/data/axeyum/corpus/smtlib-2024/non-incremental/non-incremental/UFDT/20170428-Barrett/cdt-cade2015/data/distro/stream/x2015_09_10_16_49_32_280_1173880.smt_in.smt2	C_list$	RECURSIVE	1	1	0	0	NONE	0
/nas3/data/axeyum/corpus/smtlib-2024/non-incremental/non-incremental/UFDT/20170428-Barrett/rec-fun-ijcar2016/wo-wdf/isa_nun_bench_v4_enc/nunchaku2030378.nun.smt2	nat__	RECURSIVE	1	1	0	0	NONE	0
/nas3/data/axeyum/corpus/smtlib-2024/non-incremental/non-incremental/UFDT/20170428-Barrett/rec-fun-ijcar2016/wo-wdf/isa_nun_bench_v4_enc/nunchaku2030378.nun.smt2	list__	RECURSIVE	1	1	0	0	NONE	0
/nas3/data/axeyum/corpus/smtlib-2024/non-incremental/non-incremental/UFDT/20170428-Barrett/rec-fun-ijcar2016/wo/isa_nun_bench_v4_noenc/nunchaku1813986.nun.smt2	list__	RECURSIVE	1	1	0	0	NONE	0
/nas3/data/axeyum/corpus/smtlib-2024/non-incremental/non-incremental/UFDT/20170428-Barrett/rec-fun-ijcar2016/wo/isa_nun_bench_v4_noenc/nunchaku1813986.nun.smt2	nat__	RECURSIVE	1	1	0	0	NONE	0
/nas3/data/axeyum/corpus/smtlib-2024/non-incremental/non-incremental/UFDT/20170428-Barrett/cdt-cade2015/data/afp/coinductive_list/x2015_09_10_16_58_53_892_1581989.smt_in.smt2	Nat_option$	0	0	0	1	0	NONE	0
/nas3/data/axeyum/corpus/smtlib-2024/non-incremental/non-incremental/UFDT/20170428-Barrett/cdt-cade2015/data/afp/coinductive_list/x2015_09_10_16_58_53_892_1581989.smt_in.smt2	Enat$	1	0	1	0	0	NONE	1
/nas3/data/axeyum/corpus/smtlib-2024/non-incremental/non-incremental/UFDT/20170428-Barrett/cdt-cade2015/data/afp/coinductive_list/x2015_09_10_17_04_03_274_1958078.smt_in.smt2	Nat_option$	0	0	0	1	0	NONE	0
/nas3/data/axeyum/corpus/smtlib-2024/non-incremental/non-incremental/UFDT/20170428-Barrett/cdt-cade2015/data/afp/coinductive_list/x2015_09_10_17_04_03_274_1958078.smt_in.smt2	Enat$	1	0	1	0	0	NONE	1
/nas3/data/axeyum/corpus/smtlib-2024/non-incremental/non-incremental/UFDT/20170428-Barrett/cdt-cade2015/data/afp/coinductive_list/x2015_09_10_17_08_35_894_2329624.smt_in.smt2	A_llist_a_llist_prod$	0	0	0	1	0	NONE	0
/nas3/data/axeyum/corpus/smtlib-2024/non-incremental/non-incremental/UFDT/20170428-Barrett/cdt-cade2015/data/afp/coinductive_list/x2015_09_10_17_08_35_894_2329624.smt_in.smt2	A_a_prod$	0	0	0	1	0	NONE	0
/nas3/data/axeyum/corpus/smtlib-2024/non-incremental/non-incremental/UFDT/20170428-Barrett/cdt-cade2015/data/afp/coinductive_list/x2015_09_10_17_08_35_894_2329624.smt_in.smt2	A_llist_a_llist_prod_a_llist_a_llist_prod_prod$	1	0	1	0	0	NONE	1
/nas3/data/axeyum/corpus/smtlib-2024/non-incremental/non-incremental/UFDT/20170428-Barrett/cdt-cade2015/data/afp/coinductive_list/x2015_09_10_17_08_35_894_2329624.smt_in.smt2	A_a_prod_a_a_prod_prod$	1	0	1	0	0	NONE	1
/nas3/data/axeyum/corpus/smtlib-2024/non-incremental/non-incremental/UFDT/20170428-Barrett/cdt-cade2015/data/afp/coinductive_list/x2015_09_10_17_08_35_894_2329624.smt_in.smt2	A_llist_llist_a_llist_llist_prod$	0	0	0	1	0	NONE	0
/nas3/data/axeyum/corpus/smtlib-2024/non-incremental/non-incremental/UFDT/20170428-Barrett/cdt-cade2015/data/afp/coinductive_list/x2015_09_10_17_08_35_894_2329624.smt_in.smt2	A_llist_llist_llist_a_llist_llist_llist_prod$	0	0	0	1	0	NONE	0
/nas3/data/axeyum/corpus/smtlib-2024/non-incremental/non-incremental/UFDT/20170428-Barrett/cdt-cade2015/data/afp/coinductive_list/x2015_09_10_17_08_35_894_2329624.smt_in.smt2	A_llist_a_llist_prod_llist_a_llist_a_llist_prod_llist_prod$	0	0	0	1	0	NONE	0
/nas3/data/axeyum/corpus/smtlib-2024/non-incremental/non-incremental/UFDT/20170428-Barrett/cdt-cade2015/data/afp/coinductive_list/x2015_09_10_17_08_35_894_2329624.smt_in.smt2	A_a_prod_llist_a_a_prod_llist_prod$	0	0	0	1	0	NONE	0
/nas3/data/axeyum/corpus/smtlib-2024/non-incremental/non-incremental/UFDT/20170428-Barrett/cdt-cade2015/data/afp/coinductive_list/x2015_09_10_17_08_35_894_2329624.smt_in.smt2	A_a_llist_prod$	0	0	0	1	0	NONE	0
/nas3/data/axeyum/corpus/smtlib-2024/non-incremental/non-incremental/UFDT/20170428-Barrett/cdt-cade2015/data/afp/coinductive_list/x2015_09_10_17_08_35_894_2329624.smt_in.smt2	A_a_llist_prod_a_a_llist_prod_prod$	1	0	1	0	0	NONE	1
/nas3/data/axeyum/corpus/smtlib-2024/non-incremental/non-incremental/UFDT/20170428-Barrett/cdt-cade2015/data/afp/coinductive_list/x2015_09_10_17_08_35_894_2329624.smt_in.smt2	A_llist_a_prod$	0	0	0	1	0	NONE	0
/nas3/data/axeyum/corpus/smtlib-2024/non-incremental/non-incremental/UFDT/20170428-Barrett/cdt-cade2015/data/afp/coinductive_list/x2015_09_10_17_08_35_894_2329624.smt_in.smt2	A_llist_a_prod_a_llist_a_prod_prod$	1	0	1	0	0	NONE	1
/nas3/data/axeyum/corpus/smtlib-2024/non-incremental/non-incremental/UFDT/20170428-Barrett/cdt-cade2015/data/afp/coinductive_list/x2015_09_10_17_08_35_894_2329624.smt_in.smt2	A_set_a_prod$	0	0	0	1	0	NONE	0
/nas3/data/axeyum/corpus/smtlib-2024/non-incremental/non-incremental/UFDT/20170428-Barrett/cdt-cade2015/data/afp/coinductive_list/x2015_09_10_17_08_35_894_2329624.smt_in.smt2	A_set_a_prod_a_set_a_prod_prod$	1	0	1	0	0	NONE	1
/nas3/data/axeyum/corpus/smtlib-2024/non-incremental/non-incremental/UFDT/20170428-Barrett/cdt-cade2015/data/afp/coinductive_list/x2015_09_10_17_08_35_894_2329624.smt_in.smt2	A_set_a_set_prod$	0	0	0	1	0	NONE	0
/nas3/data/axeyum/corpus/smtlib-2024/non-incremental/non-incremental/UFDT/20170428-Barrett/cdt-cade2015/data/afp/coinductive_list/x2015_09_10_17_08_35_894_2329624.smt_in.smt2	A_a_set_prod$	0	0	0	1	0	NONE	0
/nas3/data/axeyum/corpus/smtlib-2024/non-incremental/non-incremental/UFDT/20170428-Barrett/cdt-cade2015/data/afp/coinductive_list/x2015_09_10_17_08_35_894_2329624.smt_in.smt2	A_a_set_prod_a_a_set_prod_prod$	1	0	1	0	0	NONE	1
/nas3/data/axeyum/corpus/smtlib-2024/non-incremental/non-incremental/UFDT/20170428-Barrett/cdt-cade2015/data/afp/coinductive_list/x2015_09_10_17_08_35_894_2329624.smt_in.smt2	A_a_prod_a_prod$	1	0	1	0	0	NONE	1
/nas3/data/axeyum/corpus/smtlib-2024/non-incremental/non-incremental/UFDT/20170428-Barrett/cdt-cade2015/data/afp/coinductive_list/x2015_09_10_17_08_35_894_2329624.smt_in.smt2	A_a_prod_a_prod_a_a_prod_a_prod_prod$	2	0	1	0	0	NONE	1
/nas3/data/axeyum/corpus/smtlib-2024/non-incremental/non-incremental/UFDT/20170428-Barrett/cdt-cade2015/data/afp/coinductive_list/x2015_09_10_17_08_35_894_2329624.smt_in.smt2	A_llist_set_a_prod$	0	0	0	1	0	NONE	0
/nas3/data/axeyum/corpus/smtlib-2024/non-incremental/non-incremental/UFDT/20170428-Barrett/cdt-cade2015/data/afp/coinductive_list/x2015_09_10_17_08_35_894_2329624.smt_in.smt2	A_llist_set_a_prod_a_llist_set_a_prod_prod$	1	0	1	0	0	NONE	1
/nas3/data/axeyum/corpus/smtlib-2024/non-incremental/non-incremental/UFDT/20170428-Barrett/cdt-cade2015/data/afp/coinductive_list/x2015_09_10_17_08_35_894_2329624.smt_in.smt2	A_llist_set_a_llist_set_prod$	0	0	0	1	0	NONE	0
/nas3/data/axeyum/corpus/smtlib-2024/non-incremental/non-incremental/UFDT/20170428-Barrett/cdt-cade2015/data/afp/coinductive_list/x2015_09_10_17_08_35_894_2329624.smt_in.smt2	A_set_a_set_prod_a_set_a_set_prod_prod$	1	0	1	0	0	NONE	1
/nas3/data/axeyum/corpus/smtlib-2024/non-incremental/non-incremental/UFDT/20170428-Barrett/cdt-cade2015/data/afp/coinductive_list/x2015_09_10_17_08_35_894_2329624.smt_in.smt2	A_a_a_prod_prod$	1	0	1	0	0	NONE	1
/nas3/data/axeyum/corpus/smtlib-2024/non-incremental/non-incremental/UFDT/20170428-Barrett/cdt-cade2015/data/afp/coinductive_list/x2015_09_10_17_08_35_894_2329624.smt_in.smt2	A_a_a_prod_prod_a_a_a_prod_prod_prod$	2	0	1	0	0	NONE	1
/nas3/data/axeyum/corpus/smtlib-2024/non-incremental/non-incremental/UFDT/20170428-Barrett/cdt-cade2015/data/afp/coinductive_list/x2015_09_10_17_08_35_894_2329624.smt_in.smt2	A_llist_llist_a_llist_llist_prod_a_llist_llist_a_llist_llist_prod_prod$	1	0	1	0	0	NONE	1
/nas3/data/axeyum/corpus/smtlib-2024/non-incremental/non-incremental/UFDT/20170428-Barrett/cdt-cade2015/data/afp/coinductive_list/x2015_09_10_17_08_35_894_2329624.smt_in.smt2	A_a_prod_a_a_prod_prod_a_a_prod_a_a_prod_prod_prod$	2	0	1	0	0	NONE	1
/nas3/data/axeyum/corpus/smtlib-2024/non-incremental/non-incremental/UFDT/20170428-Barrett/cdt-cade2015/data/afp/coinductive_list/x2015_09_10_17_08_35_894_2329624.smt_in.smt2	A_llist_a_llist_prod_a_llist_a_llist_prod_prod_a_llist_a_llist_prod_a_llist_a_llist_prod_prod_prod$	2	0	1	0	0	NONE	1
/nas3/data/axeyum/corpus/smtlib-2024/non-incremental/non-incremental/UFDT/20170428-Barrett/cdt-cade2015/data/afp/coinductive_list/x2015_09_10_17_08_35_894_2329624.smt_in.smt2	A_llist_set_a_llist_set_prod_a_llist_set_a_llist_set_prod_prod$	1	0	1	0	0	NONE	1
/nas3/data/axeyum/corpus/smtlib-2024/non-incremental/non-incremental/UFDT/20170428-Barrett/cdt-cade2015/data/afp/huffman/x2015_09_10_16_49_57_278_1218963.smt_in.smt2	A_tree$	RECURSIVE	1	1	0	0	NONE	0
/nas3/data/axeyum/corpus/smtlib-2024/non-incremental/non-incremental/UFDT/20170428-Barrett/cdt-cade2015/data/distro/gram_lang/x2015_09_10_16_52_10_273_1349986.smt_in.smt2	N_list$	RECURSIVE	1	1	0	0	NONE	0
/nas3/data/axeyum/corpus/smtlib-2024/non-incremental/non-incremental/UFDT/20170428-Barrett/cdt-cade2015/data/distro/gram_lang/x2015_09_10_16_52_10_273_1349986.smt_in.smt2	N_list_list$	RECURSIVE	1	1	0	0	NONE	0
/nas3/data/axeyum/corpus/smtlib-2024/non-incremental/non-incremental/UFDT/20170428-Barrett/cdt-cade2015/data/distro/stream_processor/x2015_09_10_16_46_10_240_1024216.smt_in.smt2	C_stream_b_stream_prod$	0	0	0	1	0	NONE	0
/nas3/data/axeyum/corpus/smtlib-2024/non-incremental/non-incremental/UFDT/20170428-Barrett/cdt-cade2015/data/distro/stream_processor/x2015_09_10_16_46_10_240_1024216.smt_in.smt2	B_stream_c_stream_prod$	0	0	0	1	0	NONE	0
/nas3/data/axeyum/corpus/smtlib-2024/non-incremental/non-incremental/UFDT/20170428-Barrett/cdt-cade2015/data/distro/stream_processor/x2015_09_10_16_46_10_240_1024216.smt_in.smt2	A_stream_b_stream_fun_a_stream_b_stream_fun_prod$	0	0	0	1	0	NONE	0
/nas3/data/axeyum/corpus/smtlib-2024/non-incremental/non-incremental/UFDT/20170428-Barrett/cdt-cade2015/data/distro/stream_processor/x2015_09_10_16_46_10_240_1024216.smt_in.smt2	B_stream_b_stream_prod$	0	0	0	1	0	NONE	0
/nas3/data/axeyum/corpus/smtlib-2024/non-incremental/non-incremental/UFDT/20170428-Barrett/cdt-cade2015/data/distro/stream_processor/x2015_09_10_16_46_10_240_1024216.smt_in.smt2	C_stream_c_stream_prod$	0	0	0	1	0	NONE	0
/nas3/data/axeyum/corpus/smtlib-2024/non-incremental/non-incremental/UFDT/20170428-Barrett/cdt-cade2015/data/distro/stream_processor/x2015_09_10_16_46_10_240_1024216.smt_in.smt2	C_stream_a_stream_prod$	0	0	0	1	0	NONE	0
/nas3/data/axeyum/corpus/smtlib-2024/non-incremental/non-incremental/UFDT/20170428-Barrett/cdt-cade2015/data/distro/stream_processor/x2015_09_10_16_46_10_240_1024216.smt_in.smt2	B_stream_a_stream_prod$	0	0	0	1	0	NONE	0
/nas3/data/axeyum/corpus/smtlib-2024/non-incremental/non-incremental/UFDT/20170428-Barrett/cdt-cade2015/data/distro/stream_processor/x2015_09_10_16_46_10_240_1024216.smt_in.smt2	A_stream_c_stream_prod$	0	0	0	1	0	NONE	0
/nas3/data/axeyum/corpus/smtlib-2024/non-incremental/non-incremental/UFDT/20170428-Barrett/cdt-cade2015/data/distro/stream_processor/x2015_09_10_16_46_10_240_1024216.smt_in.smt2	A_stream_b_stream_prod$	0	0	0	1	0	NONE	0
/nas3/data/axeyum/corpus/smtlib-2024/non-incremental/non-incremental/UFDT/20170428-Barrett/cdt-cade2015/data/distro/stream_processor/x2015_09_10_16_46_10_240_1024216.smt_in.smt2	A_stream_a_stream_prod$	0	0	0	1	0	NONE	0
/nas3/data/axeyum/corpus/smtlib-2024/non-incremental/non-incremental/UFDT/20170428-Barrett/rec-fun-ijcar2016/wo-wdf/isa_nun_bench_v4_enc/nunchaku2090223.nun.smt2	list__	RECURSIVE	1	1	0	0	NONE	0
/nas3/data/axeyum/corpus/smtlib-2024/non-incremental/non-incremental/UFDT/20170428-Barrett/cdt-cade2015/data/afp/coinductive_list/x2015_09_10_16_52_17_883_1227692.smt_in.smt2	A_llist_a_llist_prod$	0	0	0	1	0	NONE	0
/nas3/data/axeyum/corpus/smtlib-2024/non-incremental/non-incremental/UFDT/20170428-Barrett/cdt-cade2015/data/afp/coinductive_list/x2015_09_10_16_59_26_756_1612095.smt_in.smt2	Nat_option$	0	0	0	1	0	NONE	0
/nas3/data/axeyum/corpus/smtlib-2024/non-incremental/non-incremental/UFDT/20170428-Barrett/cdt-cade2015/data/afp/coinductive_list/x2015_09_10_16_59_26_756_1612095.smt_in.smt2	Enat$	1	0	1	0	0	NONE	1
/nas3/data/axeyum/corpus/smtlib-2024/non-incremental/non-incremental/UFDT/20170428-Barrett/cdt-cade2015/data/afp/coinductive_list/x2015_09_10_17_08_57_646_2360383.smt_in.smt2	A_a_prod$	0	0	0	1	0	NONE	0
/nas3/data/axeyum/corpus/smtlib-2024/non-incremental/non-incremental/UFDT/20170428-Barrett/cdt-cade2015/data/afp/coinductive_list/x2015_09_10_17_08_57_646_2360383.smt_in.smt2	A_llist_a_llist_prod$	0	0	0	1	0	NONE	0
/nas3/data/axeyum/corpus/smtlib-2024/non-incremental/non-incremental/UFDT/20170428-Barrett/cdt-cade2015/data/afp/coinductive_stream/x2015_09_10_17_25_02_326_1228881.smt_in.smt2	Nat_option$	0	0	0	1	0	NONE	0
/nas3/data/axeyum/corpus/smtlib-2024/non-incremental/non-incremental/UFDT/20170428-Barrett/cdt-cade2015/data/afp/coinductive_stream/x2015_09_10_17_25_02_326_1228881.smt_in.smt2	Enat$	1	0	1	0	0	NONE	1
/nas3/data/axeyum/corpus/smtlib-2024/non-incremental/non-incremental/UFDT/20170428-Barrett/cdt-cade2015/data/afp/coinductive_stream/x2015_09_10_17_25_02_326_1228881.smt_in.smt2	Natural$	0	0	0	1	0	NONE	0
/nas3/data/axeyum/corpus/smtlib-2024/non-incremental/non-incremental/UFDT/20170428-Barrett/cdt-cade2015/data/afp/coinductive_stream/x2015_09_10_17_25_02_326_1228881.smt_in.smt2	Nibble$	0	0	0	1	0	NONE	0
/nas3/data/axeyum/corpus/smtlib-2024/non-incremental/non-incremental/UFDT/20170428-Barrett/cdt-cade2015/data/afp/coinductive_stream/x2015_09_10_17_25_02_326_1228881.smt_in.smt2	Char$	1	0	1	0	0	NONE	1
/nas3/data/axeyum/corpus/smtlib-2024/non-incremental/non-incremental/UFDT/20170428-Barrett/cdt-cade2015/data/afp/coinductive_stream/x2015_09_10_17_25_02_326_1228881.smt_in.smt2	Char_list$	RECURSIVE	1	1	0	0	NONE	0
/nas3/data/axeyum/corpus/smtlib-2024/non-incremental/non-incremental/UFDT/20170428-Barrett/cdt-cade2015/data/afp/coinductive_stream/x2015_09_10_17_25_02_326_1228881.smt_in.smt2	Literal$	RECURSIVE	1	1	0	0	NONE	0
/nas3/data/axeyum/corpus/smtlib-2024/non-incremental/non-incremental/UFDT/20170428-Barrett/cdt-cade2015/data/afp/huffman/x2015_09_10_16_50_31_780_1255844.smt_in.smt2	A_tree$	RECURSIVE	1	1	0	0	NONE	0
/nas3/data/axeyum/corpus/smtlib-2024/non-incremental/non-incremental/UFDT/20170428-Barrett/cdt-cade2015/data/afp/sorted_list_operations/x2015_09_10_16_47_38_510_1064529.smt_in.smt2	A_list$	RECURSIVE	1	1	0	0	NONE	0
/nas3/data/axeyum/corpus/smtlib-2024/non-incremental/non-incremental/UFDT/20170428-Barrett/cdt-cade2015/data/afp/sorted_list_operations/x2015_09_10_16_47_38_510_1064529.smt_in.smt2	A_list_list$	RECURSIVE	1	1	0	0	NONE	0
/nas3/data/axeyum/corpus/smtlib-2024/non-incremental/non-incremental/UFDT/20170428-Barrett/cdt-cade2015/data/afp/sorted_list_operations/x2015_09_10_16_47_38_510_1064529.smt_in.smt2	A_list_list_list$	RECURSIVE	1	1	0	0	NONE	0
/nas3/data/axeyum/corpus/smtlib-2024/non-incremental/non-incremental/UFDT/20170428-Barrett/cdt-cade2015/data/distro/gram_lang/x2015_09_10_16_46_38_017_1009817.smt_in.smt2	T_dtree_sum$	0	0	0	1	0	NONE	0
/nas3/data/axeyum/corpus/smtlib-2024/non-incremental/non-incremental/UFDT/20170428-Barrett/cdt-cade2015/data/distro/gram_lang/x2015_09_10_16_46_38_017_1009817.smt_in.smt2	T_dtree_sum_T_dtree_sum_sum$	1	0	1	0	0	NONE	1
/nas3/data/axeyum/corpus/smtlib-2024/non-incremental/non-incremental/UFDT/20170428-Barrett/cdt-cade2015/data/distro/gram_lang/x2015_09_10_16_46_38_017_1009817.smt_in.smt2	T_dtree_sum_N_sum$	1	0	1	0	0	NONE	1
/nas3/data/axeyum/corpus/smtlib-2024/non-incremental/non-incremental/UFDT/20170428-Barrett/cdt-cade2015/data/distro/gram_lang/x2015_09_10_16_46_38_017_1009817.smt_in.smt2	N_T_dtree_sum_sum$	1	0	1	0	0	NONE	1
/nas3/data/axeyum/corpus/smtlib-2024/non-incremental/non-incremental/UFDT/20170428-Barrett/cdt-cade2015/data/distro/gram_lang/x2015_09_10_16_46_38_017_1009817.smt_in.smt2	N_N_sum$	0	0	0	1	0	NONE	0
/nas3/data/axeyum/corpus/smtlib-2024/non-incremental/non-incremental/UFDT/20170428-Barrett/cdt-cade2015/data/distro/gram_lang/x2015_09_10_16_46_38_017_1009817.smt_in.smt2	N_dtree_sum$	0	0	0	1	0	NONE	0
/nas3/data/axeyum/corpus/smtlib-2024/non-incremental/non-incremental/UFDT/20170428-Barrett/cdt-cade2015/data/distro/gram_lang/x2015_09_10_16_46_38_017_1009817.smt_in.smt2	N_T_sum$	0	0	0	1	0	NONE	0
/nas3/data/axeyum/corpus/smtlib-2024/non-incremental/non-incremental/UFDT/20170428-Barrett/cdt-cade2015/data/distro/gram_lang/x2015_09_10_16_46_38_017_1009817.smt_in.smt2	Dtree_N_sum$	0	0	0	1	0	NONE	0
/nas3/data/axeyum/corpus/smtlib-2024/non-incremental/non-incremental/UFDT/20170428-Barrett/cdt-cade2015/data/distro/gram_lang/x2015_09_10_16_46_38_017_1009817.smt_in.smt2	Dtree_dtree_sum$	0	0	0	1	0	NONE	0
/nas3/data/axeyum/corpus/smtlib-2024/non-incremental/non-incremental/UFDT/20170428-Barrett/cdt-cade2015/data/distro/gram_lang/x2015_09_10_16_46_38_017_1009817.smt_in.smt2	Dtree_T_sum$	0	0	0	1	0	NONE	0
/nas3/data/axeyum/corpus/smtlib-2024/non-incremental/non-incremental/UFDT/20170428-Barrett/cdt-cade2015/data/distro/gram_lang/x2015_09_10_16_52_38_709_1379263.smt_in.smt2	N_list$	RECURSIVE	1	1	0	0	NONE	0
/nas3/data/axeyum/corpus/smtlib-2024/non-incremental/non-incremental/UFDT/20170428-Barrett/cdt-cade2015/data/distro/gram_lang/x2015_09_10_16_52_38_709_1379263.smt_in.smt2	Nat_list$	RECURSIVE	1	1	0	0	NONE	0
/nas3/data/axeyum/corpus/smtlib-2024/non-incremental/non-incremental/UFDT/20170428-Barrett/cdt-cade2015/data/distro/gram_lang/x2015_09_10_16_52_38_709_1379263.smt_in.smt2	N_set_list$	RECURSIVE	1	1	0	0	NONE	0
/nas3/data/axeyum/corpus/smtlib-2024/non-incremental/non-incremental/UFDT/20170428-Barrett/cdt-cade2015/data/distro/gram_lang/x2015_09_10_16_52_38_709_1379263.smt_in.smt2	N_list_list$	RECURSIVE	1	1	0	0	NONE	0
/nas3/data/axeyum/corpus/smtlib-2024/non-incremental/non-incremental/UFDT/20170428-Barrett/cdt-cade2015/data/distro/rbt_impl/x2015_09_10_16_49_57_120_997152.smt_in.smt2	A_list$	RECURSIVE	1	1	0	0	NONE	0
/nas3/data/axeyum/corpus/smtlib-2024/non-incremental/non-incremental/UFDT/20170428-Barrett/cdt-cade2015/data/distro/rbt_impl/x2015_09_10_16_49_57_120_997152.smt_in.smt2	A_b_prod$	0	0	0	1	0	NONE	0
/nas3/data/axeyum/corpus/smtlib-2024/non-incremental/non-incremental/UFDT/20170428-Barrett/cdt-cade2015/data/distro/rbt_impl/x2015_09_10_16_49_57_120_997152.smt_in.smt2	A_b_prod_list$	RECURSIVE	1	1	0	0	NONE	0
/nas3/data/axeyum/corpus/smtlib-2024/non-incremental/non-incremental/UFDT/20170428-Barrett/cdt-cade2015/data/distro/rbt_impl/x2015_09_10_16_49_57_120_997152.smt_in.smt2	Color$	0	0	0	1	0	NONE	0
/nas3/data/axeyum/corpus/smtlib-2024/non-incremental/non-incremental/UFDT/20170428-Barrett/cdt-cade2015/data/distro/rbt_impl/x2015_09_10_16_49_57_120_997152.smt_in.smt2	A_b_rbt$	RECURSIVE	1	1	0	0	NONE	0
/nas3/data/axeyum/corpus/smtlib-2024/non-incremental/non-incremental/UFDT/20170428-Barrett/cdt-cade2015/data/distro/rbt_impl/x2015_09_10_16_56_26_416_1673394.smt_in.smt2	A_list$	RECURSIVE	1	1	0	0	NONE	0
/nas3/data/axeyum/corpus/smtlib-2024/non-incremental/non-incremental/UFDT/20170428-Barrett/cdt-cade2015/data/distro/rbt_impl/x2015_09_10_16_56_26_416_1673394.smt_in.smt2	Color$	0	0	0	1	0	NONE	0
/nas3/data/axeyum/corpus/smtlib-2024/non-incremental/non-incremental/UFDT/20170428-Barrett/cdt-cade2015/data/distro/rbt_impl/x2015_09_10_16_56_26_416_1673394.smt_in.smt2	A_b_rbt$	RECURSIVE	1	1	0	0	NONE	0
/nas3/data/axeyum/corpus/smtlib-2024/non-incremental/non-incremental/UFDT/20170428-Barrett/cdt-cade2015/data/distro/rbt_impl/x2015_09_10_16_56_26_416_1673394.smt_in.smt2	A_c_rbt$	RECURSIVE	1	1	0	0	NONE	0
/nas3/data/axeyum/corpus/smtlib-2024/non-incremental/non-incremental/UFDT/20170428-Barrett/cdt-cade2015/data/distro/rbt_impl/x2015_09_10_16_56_26_416_1673394.smt_in.smt2	A_list_list$	RECURSIVE	1	1	0	0	NONE	0
/nas3/data/axeyum/corpus/smtlib-2024/non-incremental/non-incremental/UFDT/20170428-Barrett/cdt-cade2015/data/distro/rbt_impl/x2015_09_10_16_56_26_416_1673394.smt_in.smt2	A_a_rbt$	RECURSIVE	1	1	0	0	NONE	0
/nas3/data/axeyum/corpus/smtlib-2024/non-incremental/non-incremental/UFDT/20170428-Barrett/cdt-cade2015/data/distro/rbt_impl/x2015_09_10_16_56_26_416_1673394.smt_in.smt2	B_list$	RECURSIVE	1	1	0	0	NONE	0
/nas3/data/axeyum/corpus/smtlib-2024/non-incremental/non-incremental/UFDT/20170428-Barrett/cdt-cade2015/data/distro/rbt_impl/x2015_09_10_16_56_26_416_1673394.smt_in.smt2	C_list$	RECURSIVE	1	1	0	0	NONE	0
/nas3/data/axeyum/corpus/smtlib-2024/non-incremental/non-incremental/UFDT/20170428-Barrett/cdt-cade2015/data/distro/rbt_impl/x2015_09_10_16_56_26_416_1673394.smt_in.smt2	A_list_list_list$	RECURSIVE	1	1	0	0	NONE	0
/nas3/data/axeyum/corpus/smtlib-2024/non-incremental/non-incremental/UFDT/20170428-Barrett/rec-fun-ijcar2016/wo-wdf/isa_nun_bench_v4_enc/nunchaku2137901.nun.smt2	nat__	RECURSIVE	1	1	0	0	NONE	0
/nas3/data/axeyum/corpus/smtlib-2024/non-incremental/non-incremental/UFDT/20170428-Barrett/rec-fun-ijcar2016/wo-wdf/isa_nun_bench_v4_enc/nunchaku2137901.nun.smt2	list__	RECURSIVE	1	1	0	0	NONE	0
/nas3/data/axeyum/corpus/smtlib-2024/non-incremental/non-incremental/UFDT/20170428-Barrett/rec-fun-ijcar2016/wo/isa_nun_bench_v4_noenc/nunchaku1968824.nun.smt2	list__	RECURSIVE	1	1	0	0	NONE	0
/nas3/data/axeyum/corpus/smtlib-2024/non-incremental/non-incremental/UFDT/20170428-Barrett/rec-fun-ijcar2016/wo/isa_nun_bench_v4_noenc/nunchaku1968824.nun.smt2	nat__	RECURSIVE	1	1	0	0	NONE	0
/nas3/data/axeyum/corpus/smtlib-2024/non-incremental/non-incremental/UFDT/20170428-Barrett/cdt-cade2015/data/afp/abstract_completeness/x2015_09_10_17_00_58_080_1129868.smt_in.smt2	State_rule_prod$	0	0	0	1	0	NONE	0
/nas3/data/axeyum/corpus/smtlib-2024/non-incremental/non-incremental/UFDT/20170428-Barrett/cdt-cade2015/data/afp/abstract_completeness/x2015_09_10_17_00_58_080_1129868.smt_in.smt2	State_rule_prod_tree_rule_prod$	0	0	0	1	0	NONE	0
/nas3/data/axeyum/corpus/smtlib-2024/non-incremental/non-incremental/UFDT/20170428-Barrett/cdt-cade2015/data/afp/abstract_completeness/x2015_09_10_17_00_58_080_1129868.smt_in.smt2	State_rule_prod_tree_state_prod$	0	0	0	1	0	NONE	0
/nas3/data/axeyum/corpus/smtlib-2024/non-incremental/non-incremental/UFDT/20170428-Barrett/cdt-cade2015/data/afp/abstract_completeness/x2015_09_10_17_00_58_080_1129868.smt_in.smt2	State_state_prod$	0	0	0	1	0	NONE	0
/nas3/data/axeyum/corpus/smtlib-2024/non-incremental/non-incremental/UFDT/20170428-Barrett/cdt-cade2015/data/afp/abstract_completeness/x2015_09_10_17_00_58_080_1129868.smt_in.smt2	State_state_rule_prod_prod$	1	0	1	0	0	NONE	1
/nas3/data/axeyum/corpus/smtlib-2024/non-incremental/non-incremental/UFDT/20170428-Barrett/cdt-cade2015/data/afp/abstract_completeness/x2015_09_10_17_00_58_080_1129868.smt_in.smt2	Rule_state_rule_prod_prod$	1	0	1	0	0	NONE	1
/nas3/data/axeyum/corpus/smtlib-2024/non-incremental/non-incremental/UFDT/20170428-Barrett/cdt-cade2015/data/afp/abstract_completeness/x2015_09_10_17_00_58_080_1129868.smt_in.smt2	Rule_rule_prod$	0	0	0	1	0	NONE	0
/nas3/data/axeyum/corpus/smtlib-2024/non-incremental/non-incremental/UFDT/20170428-Barrett/cdt-cade2015/data/afp/coinductive_list/x2015_09_10_17_00_00_341_1644758.smt_in.smt2	Nat_option$	0	0	0	1	0	NONE	0
/nas3/data/axeyum/corpus/smtlib-2024/non-incremental/non-incremental/UFDT/20170428-Barrett/cdt-cade2015/data/afp/coinductive_list/x2015_09_10_17_00_00_341_1644758.smt_in.smt2	Enat$	1	0	1	0	0	NONE	1
/nas3/data/axeyum/corpus/smtlib-2024/non-incremental/non-incremental/UFDT/20170428-Barrett/cdt-cade2015/data/afp/coinductive_list/x2015_09_10_17_04_47_526_2019055.smt_in.smt2	Nat_option$	0	0	0	1	0	NONE	0
/nas3/data/axeyum/corpus/smtlib-2024/non-incremental/non-incremental/UFDT/20170428-Barrett/cdt-cade2015/data/afp/coinductive_list/x2015_09_10_17_04_47_526_2019055.smt_in.smt2	Enat$	1	0	1	0	0	NONE	1
/nas3/data/axeyum/corpus/smtlib-2024/non-incremental/non-incremental/UFDT/20170428-Barrett/cdt-cade2015/data/afp/huffman/x2015_09_10_16_50_58_676_1284981.smt_in.smt2	A_tree$	RECURSIVE	1	1	0	0	NONE	0
/nas3/data/axeyum/corpus/smtlib-2024/non-incremental/non-incremental/UFDT/20170428-Barrett/cdt-cade2015/data/afp/llist2/x2015_09_10_16_53_53_190_1220748.smt_in.smt2	A_option$	0	0	0	1	0	NONE	0
/nas3/data/axeyum/corpus/smtlib-2024/non-incremental/non-incremental/UFDT/20170428-Barrett/cdt-cade2015/data/afp/llist2/x2015_09_10_16_53_53_190_1220748.smt_in.smt2	Natural$	0	0	0	1	0	NONE	0
/nas3/data/axeyum/corpus/smtlib-2024/non-incremental/non-incremental/UFDT/20170428-Barrett/cdt-cade2015/data/afp/llist2/x2015_09_10_16_53_53_190_1220748.smt_in.smt2	Nibble$	0	0	0	1	0	NONE	0
/nas3/data/axeyum/corpus/smtlib-2024/non-incremental/non-incremental/UFDT/20170428-Barrett/cdt-cade2015/data/afp/llist2/x2015_09_10_16_53_53_190_1220748.smt_in.smt2	Char$	1	0	1	0	0	NONE	1
/nas3/data/axeyum/corpus/smtlib-2024/non-incremental/non-incremental/UFDT/20170428-Barrett/cdt-cade2015/data/afp/llist2/x2015_09_10_16_53_53_190_1220748.smt_in.smt2	Char_list$	RECURSIVE	1	1	0	0	NONE	0
/nas3/data/axeyum/corpus/smtlib-2024/non-incremental/non-incremental/UFDT/20170428-Barrett/cdt-cade2015/data/afp/llist2/x2015_09_10_16_53_53_190_1220748.smt_in.smt2	Literal$	RECURSIVE	1	1	0	0	NONE	0
/nas3/data/axeyum/corpus/smtlib-2024/non-incremental/non-incremental/UFDT/20170428-Barrett/cdt-cade2015/data/afp/llist2/x2015_09_10_16_53_53_190_1220748.smt_in.smt2	Num$	RECURSIVE	1	1	0	0	NONE	0
/nas3/data/axeyum/corpus/smtlib-2024/non-incremental/non-incremental/UFDT/20170428-Barrett/cdt-cade2015/data/afp/llist2/x2015_09_10_16_53_53_190_1220748.smt_in.smt2	Typerep_list$	RECURSIVE	1	1	0	0	NONE	0
/nas3/data/axeyum/corpus/smtlib-2024/non-incremental/non-incremental/UFDT/20170428-Barrett/cdt-cade2015/data/afp/llist2/x2015_09_10_16_53_53_190_1220748.smt_in.smt2	Typerep$	RECURSIVE	1	1	0	0	NONE	0
/nas3/data/axeyum/corpus/smtlib-2024/non-incremental/non-incremental/UFDT/20170428-Barrett/cdt-cade2015/data/distro/rbt_impl/x2015_09_10_16_50_24_920_1033173.smt_in.smt2	B_option$	0	0	0	1	0	NONE	0
/nas3/data/axeyum/corpus/smtlib-2024/non-incremental/non-incremental/UFDT/20170428-Barrett/cdt-cade2015/data/distro/rbt_impl/x2015_09_10_16_50_24_920_1033173.smt_in.smt2	Color$	0	0	0	1	0	NONE	0
/nas3/data/axeyum/corpus/smtlib-2024/non-incremental/non-incremental/UFDT/20170428-Barrett/cdt-cade2015/data/distro/rbt_impl/x2015_09_10_16_50_24_920_1033173.smt_in.smt2	A_b_rbt$	RECURSIVE	1	1	0	0	NONE	0
/nas3/data/axeyum/corpus/smtlib-2024/non-incremental/non-incremental/UFDT/20170428-Barrett/cdt-cade2015/data/distro/rbt_impl/x2015_09_10_16_50_24_920_1033173.smt_in.smt2	A_list$	RECURSIVE	1	1	0	0	NONE	0
/nas3/data/axeyum/corpus/smtlib-2024/non-incremental/non-incremental/UFDT/20170428-Barrett/cdt-cade2015/data/distro/rbt_impl/x2015_09_10_16_50_24_920_1033173.smt_in.smt2	A_list_list$	RECURSIVE	1	1	0	0	NONE	0
/nas3/data/axeyum/corpus/smtlib-2024/non-incremental/non-incremental/UFDT/20170428-Barrett/cdt-cade2015/data/distro/rbt_impl/x2015_09_10_16_50_24_920_1033173.smt_in.smt2	A_list_list_list$	RECURSIVE	1	1	0	0	NONE	0
/nas3/data/axeyum/corpus/smtlib-2024/non-incremental/non-incremental/UFDT/20170428-Barrett/cdt-cade2015/data/distro/rbt_impl/x2015_09_10_16_50_24_920_1033173.smt_in.smt2	A_list_list_list_list$	RECURSIVE	1	1	0	0	NONE	0
/nas3/data/axeyum/corpus/smtlib-2024/non-incremental/non-incremental/UFDT/20170428-Barrett/cdt-cade2015/data/distro/rbt_impl/x2015_09_10_16_57_05_666_1743239.smt_in.smt2	A_b_prod$	0	0	0	1	0	NONE	0
/nas3/data/axeyum/corpus/smtlib-2024/non-incremental/non-incremental/UFDT/20170428-Barrett/cdt-cade2015/data/distro/rbt_impl/x2015_09_10_16_57_05_666_1743239.smt_in.smt2	A_b_prod_list$	RECURSIVE	1	1	0	0	NONE	0
/nas3/data/axeyum/corpus/smtlib-2024/non-incremental/non-incremental/UFDT/20170428-Barrett/cdt-cade2015/data/distro/rbt_impl/x2015_09_10_16_57_05_666_1743239.smt_in.smt2	Color$	0	0	0	1	0	NONE	0
/nas3/data/axeyum/corpus/smtlib-2024/non-incremental/non-incremental/UFDT/20170428-Barrett/cdt-cade2015/data/distro/rbt_impl/x2015_09_10_16_57_05_666_1743239.smt_in.smt2	A_b_rbt$	RECURSIVE	1	1	0	0	NONE	0
/nas3/data/axeyum/corpus/smtlib-2024/non-incremental/non-incremental/UFDT/20170428-Barrett/cdt-cade2015/data/distro/rbt_impl/x2015_09_10_16_57_05_666_1743239.smt_in.smt2	A_b_rbt_a_b_prod_list_prod$	RECURSIVE	1	1	0	0	NONE	0
/nas3/data/axeyum/corpus/smtlib-2024/non-incremental/non-incremental/UFDT/20170428-Barrett/rec-fun-ijcar2016/wo-wdf/isa_nun_bench_v4_enc/nunchaku2164868.nun.smt2	list__	RECURSIVE	1	1	0	0	NONE	0
/nas3/data/axeyum/corpus/smtlib-2024/non-incremental/non-incremental/UFDT/20170428-Barrett/rec-fun-ijcar2016/wo-wdf/isa_nun_bench_v4_enc/nunchaku2164868.nun.smt2	list1__	RECURSIVE	1	1	0	0	NONE	0
/nas3/data/axeyum/corpus/smtlib-2024/non-incremental/non-incremental/UFDT/20170428-Barrett/rec-fun-ijcar2016/wo/isa_nun_bench_v4_noenc/nunchaku2058716.nun.smt2	nat__	RECURSIVE	1	1	0	0	NONE	0
/nas3/data/axeyum/corpus/smtlib-2024/non-incremental/non-incremental/UFDT/20170428-Barrett/rec-fun-ijcar2016/wo/isa_nun_bench_v4_noenc/nunchaku2058716.nun.smt2	list__	RECURSIVE	1	1	0	0	NONE	0
/nas3/data/axeyum/corpus/smtlib-2024/non-incremental/non-incremental/UFDT/20170428-Barrett/cdt-cade2015/data/afp/coinductive_list/x2015_09_10_16_53_31_084_1293224.smt_in.smt2	B_llist_b_llist_prod$	0	0	0	1	0	NONE	0
/nas3/data/axeyum/corpus/smtlib-2024/non-incremental/non-incremental/UFDT/20170428-Barrett/cdt-cade2015/data/afp/coinductive_list/x2015_09_10_16_53_31_084_1293224.smt_in.smt2	B_llist_a_llist_prod$	0	0	0	1	0	NONE	0
/nas3/data/axeyum/corpus/smtlib-2024/non-incremental/non-incremental/UFDT/20170428-Barrett/cdt-cade2015/data/afp/coinductive_list/x2015_09_10_16_53_31_084_1293224.smt_in.smt2	A_llist_b_llist_prod$	0	0	0	1	0	NONE	0
/nas3/data/axeyum/corpus/smtlib-2024/non-incremental/non-incremental/UFDT/20170428-Barrett/cdt-cade2015/data/afp/coinductive_list/x2015_09_10_16_53_31_084_1293224.smt_in.smt2	A_llist_a_llist_prod$	0	0	0	1	0	NONE	0
/nas3/data/axeyum/corpus/smtlib-2024/non-incremental/non-incremental/UFDT/20170428-Barrett/cdt-cade2015/data/afp/coinductive_list/x2015_09_10_17_00_27_549_1675482.smt_in.smt2	Nat_option$	0	0	0	1	0	NONE	0
/nas3/data/axeyum/corpus/smtlib-2024/non-incremental/non-incremental/UFDT/20170428-Barrett/cdt-cade2015/data/afp/coinductive_list/x2015_09_10_17_00_27_549_1675482.smt_in.smt2	Enat$	1	0	1	0	0	NONE	1
/nas3/data/axeyum/corpus/smtlib-2024/non-incremental/non-incremental/UFDT/20170428-Barrett/cdt-cade2015/data/afp/coinductive_list/x2015_09_10_17_00_27_549_1675482.smt_in.smt2	Natural$	0	0	0	1	0	NONE	0
/nas3/data/axeyum/corpus/smtlib-2024/non-incremental/non-incremental/UFDT/20170428-Barrett/cdt-cade2015/data/afp/coinductive_list/x2015_09_10_17_00_27_549_1675482.smt_in.smt2	Nibble$	0	0	0	1	0	NONE	0
/nas3/data/axeyum/corpus/smtlib-2024/non-incremental/non-incremental/UFDT/20170428-Barrett/cdt-cade2015/data/afp/coinductive_list/x2015_09_10_17_00_27_549_1675482.smt_in.smt2	Char$	1	0	1	0	0	NONE	1
/nas3/data/axeyum/corpus/smtlib-2024/non-incremental/non-incremental/UFDT/20170428-Barrett/cdt-cade2015/data/afp/coinductive_list/x2015_09_10_17_00_27_549_1675482.smt_in.smt2	Num$	RECURSIVE	1	1	0	0	NONE	0
/nas3/data/axeyum/corpus/smtlib-2024/non-incremental/non-incremental/UFDT/20170428-Barrett/cdt-cade2015/data/afp/coinductive_list/x2015_09_10_17_05_11_327_2050102.smt_in.smt2	Nat_option$	0	0	0	1	0	NONE	0
/nas3/data/axeyum/corpus/smtlib-2024/non-incremental/non-incremental/UFDT/20170428-Barrett/cdt-cade2015/data/afp/coinductive_list/x2015_09_10_17_05_11_327_2050102.smt_in.smt2	Enat$	1	0	1	0	0	NONE	1
/nas3/data/axeyum/corpus/smtlib-2024/non-incremental/non-incremental/UFDT/20170428-Barrett/cdt-cade2015/data/afp/hamming_stream/x2015_09_10_16_47_59_273_1086494.smt_in.smt2	A_llist_a_llist_prod$	0	0	0	1	0	NONE	0
/nas3/data/axeyum/corpus/smtlib-2024/non-incremental/non-incremental/UFDT/20170428-Barrett/cdt-cade2015/data/afp/hamming_stream/x2015_09_10_16_47_59_273_1086494.smt_in.smt2	A_llist_a_llist_a_llist_prod_prod$	1	0	1	0	0	NONE	1
/nas3/data/axeyum/corpus/smtlib-2024/non-incremental/non-incremental/UFDT/20170428-Barrett/cdt-cade2015/data/afp/hamming_stream/x2015_09_10_16_47_59_273_1086494.smt_in.smt2	A_llist_a_llist_prod_a_llist_prod$	1	0	1	0	0	NONE	1
/nas3/data/axeyum/corpus/smtlib-2024/non-incremental/non-incremental/UFDT/20170428-Barrett/cdt-cade2015/data/afp/hamming_stream/x2015_09_10_16_47_59_273_1086494.smt_in.smt2	A_llist_a_llist_a_llist_prod_a_llist_fun_prod$	0	0	0	1	0	NONE	0
/nas3/data/axeyum/corpus/smtlib-2024/non-incremental/non-incremental/UFDT/20170428-Barrett/cdt-cade2015/data/afp/hamming_stream/x2015_09_10_16_47_59_273_1086494.smt_in.smt2	A_llist_a_llist_prod_a_llist_a_llist_prod_prod$	1	0	1	0	0	NONE	1
/nas3/data/axeyum/corpus/smtlib-2024/non-incremental/non-incremental/UFDT/20170428-Barrett/cdt-cade2015/data/afp/hamming_stream/x2015_09_10_16_47_59_273_1086494.smt_in.smt2	A_llist_a_llist_prod_a_llist_fun_a_llist_prod$	0	0	0	1	0	NONE	0
/nas3/data/axeyum/corpus/smtlib-2024/non-incremental/non-incremental/UFDT/20170428-Barrett/cdt-cade2015/data/afp/hamming_stream/x2015_09_10_16_47_59_273_1086494.smt_in.smt2	A_list$	RECURSIVE	1	1	0	0	NONE	0
/nas3/data/axeyum/corpus/smtlib-2024/non-incremental/non-incremental/UFDT/20170428-Barrett/cdt-cade2015/data/afp/hamming_stream/x2015_09_10_16_47_59_273_1086494.smt_in.smt2	A_llist_llist_a_llist_llist_prod$	0	0	0	1	0	NONE	0
/nas3/data/axeyum/corpus/smtlib-2024/non-incremental/non-incremental/UFDT/20170428-Barrett/cdt-cade2015/data/afp/hamming_stream/x2015_09_10_16_47_59_273_1086494.smt_in.smt2	A_list_list$	RECURSIVE	1	1	0	0	NONE	0
/nas3/data/axeyum/corpus/smtlib-2024/non-incremental/non-incremental/UFDT/20170428-Barrett/cdt-cade2015/data/afp/huffman/x2015_09_10_16_51_26_271_1314294.smt_in.smt2	A_tree$	RECURSIVE	1	1	0	0	NONE	0
/nas3/data/axeyum/corpus/smtlib-2024/non-incremental/non-incremental/UFDT/20170428-Barrett/cdt-cade2015/data/afp/huffman/x2015_09_10_16_51_26_271_1314294.smt_in.smt2	A_tree_list$	RECURSIVE	1	1	0	0	NONE	0
/nas3/data/axeyum/corpus/smtlib-2024/non-incremental/non-incremental/UFDT/20170428-Barrett/cdt-cade2015/data/afp/huffman/x2015_09_10_16_51_26_271_1314294.smt_in.smt2	A_tree_list_list$	RECURSIVE	1	1	0	0	NONE	0
/nas3/data/axeyum/corpus/smtlib-2024/non-incremental/non-incremental/UFDT/20170428-Barrett/cdt-cade2015/data/afp/huffman/x2015_09_10_16_51_26_271_1314294.smt_in.smt2	A_tree_list_list_list$	RECURSIVE	1	1	0	0	NONE	0
/nas3/data/axeyum/corpus/smtlib-2024/non-incremental/non-incremental/UFDT/20170428-Barrett/cdt-cade2015/data/afp/huffman/x2015_09_10_16_51_26_271_1314294.smt_in.smt2	A_tree_list_list_list_list$	RECURSIVE	1	1	0	0	NONE	0
/nas3/data/axeyum/corpus/smtlib-2024/non-incremental/non-incremental/UFDT/20170428-Barrett/cdt-cade2015/data/afp/splay_tree_analysis/x2015_09_10_16_56_44_595_1090233.smt_in.smt2	A_tree$	RECURSIVE	1	1	0	0	NONE	0
/nas3/data/axeyum/corpus/smtlib-2024/non-incremental/non-incremental/UFDT/20170428-Barrett/cdt-cade2015/data/afp/splay_tree_analysis/x2015_09_10_16_56_44_595_1090233.smt_in.smt2	A_tree_tree$	RECURSIVE	1	1	0	0	NONE	0
/nas3/data/axeyum/corpus/smtlib-2024/non-incremental/non-incremental/UFDT/20170428-Barrett/cdt-cade2015/data/afp/splay_tree_analysis/x2015_09_10_16_56_44_595_1090233.smt_in.smt2	Nat_tree$	RECURSIVE	1	1	0	0	NONE	0
/nas3/data/axeyum/corpus/smtlib-2024/non-incremental/non-incremental/UFDT/20170428-Barrett/cdt-cade2015/data/afp/splay_tree_analysis/x2015_09_10_16_56_44_595_1090233.smt_in.smt2	A_tree_tree_tree$	RECURSIVE	1	1	0	0	NONE	0
/nas3/data/axeyum/corpus/smtlib-2024/non-incremental/non-incremental/UFDT/20170428-Barrett/cdt-cade2015/data/distro/gram_lang/x2015_09_10_16_53_43_657_1438229.smt_in.smt2	T_dtree_sum$	0	0	0	1	0	NONE	0
/nas3/data/axeyum/corpus/smtlib-2024/non-incremental/non-incremental/UFDT/20170428-Barrett/cdt-cade2015/data/distro/gram_lang/x2015_09_10_16_53_43_657_1438229.smt_in.smt2	T_N_sum$	0	0	0	1	0	NONE	0
/nas3/data/axeyum/corpus/smtlib-2024/non-incremental/non-incremental/UFDT/20170428-Barrett/cdt-cade2015/data/distro/gram_lang/x2015_09_10_16_53_43_657_1438229.smt_in.smt2	N_T_N_sum_set_prod$	0	0	0	1	0	NONE	0
/nas3/data/axeyum/corpus/smtlib-2024/non-incremental/non-incremental/UFDT/20170428-Barrett/cdt-cade2015/data/distro/gram_lang/x2015_09_10_16_53_43_657_1438229.smt_in.smt2	N_N_sum$	0	0	0	1	0	NONE	0
/nas3/data/axeyum/corpus/smtlib-2024/non-incremental/non-incremental/UFDT/20170428-Barrett/cdt-cade2015/data/distro/gram_lang/x2015_09_10_16_53_43_657_1438229.smt_in.smt2	N_T_sum$	0	0	0	1	0	NONE	0
/nas3/data/axeyum/corpus/smtlib-2024/non-incremental/non-incremental/UFDT/20170428-Barrett/cdt-cade2015/data/distro/gram_lang/x2015_09_10_16_53_43_657_1438229.smt_in.smt2	T_T_sum$	0	0	0	1	0	NONE	0
/nas3/data/axeyum/corpus/smtlib-2024/non-incremental/non-incremental/UFDT/20170428-Barrett/cdt-cade2015/data/distro/rbt_impl/x2015_09_10_16_50_54_516_1066573.smt_in.smt2	B_option$	0	0	0	1	0	NONE	0
/nas3/data/axeyum/corpus/smtlib-2024/non-incremental/non-incremental/UFDT/20170428-Barrett/cdt-cade2015/data/distro/rbt_impl/x2015_09_10_16_50_54_516_1066573.smt_in.smt2	Color$	0	0	0	1	0	NONE	0
/nas3/data/axeyum/corpus/smtlib-2024/non-incremental/non-incremental/UFDT/20170428-Barrett/cdt-cade2015/data/distro/rbt_impl/x2015_09_10_16_50_54_516_1066573.smt_in.smt2	A_b_rbt$	RECURSIVE	1	1	0	0	NONE	0
/nas3/data/axeyum/corpus/smtlib-2024/non-incremental/non-incremental/UFDT/20170428-Barrett/cdt-cade2015/data/distro/rbt_impl/x2015_09_10_16_50_54_516_1066573.smt_in.smt2	A_b_prod$	0	0	0	1	0	NONE	0
/nas3/data/axeyum/corpus/smtlib-2024/non-incremental/non-incremental/UFDT/20170428-Barrett/cdt-cade2015/data/distro/rbt_impl/x2015_09_10_16_50_54_516_1066573.smt_in.smt2	A_b_prod_list$	RECURSIVE	1	1	0	0	NONE	0
/nas3/data/axeyum/corpus/smtlib-2024/non-incremental/non-incremental/UFDT/20170428-Barrett/cdt-cade2015/data/distro/rbt_impl/x2015_09_10_16_50_54_516_1066573.smt_in.smt2	A_list$	RECURSIVE	1	1	0	0	NONE	0
/nas3/data/axeyum/corpus/smtlib-2024/non-incremental/non-incremental/UFDT/20170428-Barrett/cdt-cade2015/data/distro/rbt_impl/x2015_09_10_16_50_54_516_1066573.smt_in.smt2	A_list_list$	RECURSIVE	1	1	0	0	NONE	0
/nas3/data/axeyum/corpus/smtlib-2024/non-incremental/non-incremental/UFDT/20170428-Barrett/cdt-cade2015/data/distro/rbt_impl/x2015_09_10_16_50_54_516_1066573.smt_in.smt2	A_b_prod_list_list$	RECURSIVE	1	1	0	0	NONE	0
/nas3/data/axeyum/corpus/smtlib-2024/non-incremental/non-incremental/UFDT/20170428-Barrett/cdt-cade2015/data/distro/rbt_impl/x2015_09_10_16_50_54_516_1066573.smt_in.smt2	A_list_list_list$	RECURSIVE	1	1	0	0	NONE	0
/nas3/data/axeyum/corpus/smtlib-2024/non-incremental/non-incremental/UFDT/20170428-Barrett/cdt-cade2015/data/distro/rbt_impl/x2015_09_10_16_58_45_490_1846132.smt_in.smt2	A_b_prod$	0	0	0	1	0	NONE	0
/nas3/data/axeyum/corpus/smtlib-2024/non-incremental/non-incremental/UFDT/20170428-Barrett/cdt-cade2015/data/distro/rbt_impl/x2015_09_10_16_58_45_490_1846132.smt_in.smt2	A_b_prod_list$	RECURSIVE	1	1	0	0	NONE	0
/nas3/data/axeyum/corpus/smtlib-2024/non-incremental/non-incremental/UFDT/20170428-Barrett/cdt-cade2015/data/distro/rbt_impl/x2015_09_10_16_58_45_490_1846132.smt_in.smt2	Color$	0	0	0	1	0	NONE	0
/nas3/data/axeyum/corpus/smtlib-2024/non-incremental/non-incremental/UFDT/20170428-Barrett/cdt-cade2015/data/distro/rbt_impl/x2015_09_10_16_58_45_490_1846132.smt_in.smt2	A_b_rbt$	RECURSIVE	1	1	0	0	NONE	0
/nas3/data/axeyum/corpus/smtlib-2024/non-incremental/non-incremental/UFDT/20170428-Barrett/cdt-cade2015/data/distro/rbt_impl/x2015_09_10_16_58_45_490_1846132.smt_in.smt2	A_b_prod_a_b_prod_prod$	1	0	1	0	0	NONE	1
/nas3/data/axeyum/corpus/smtlib-2024/non-incremental/non-incremental/UFDT/20170428-Barrett/cdt-cade2015/data/distro/rbt_impl/x2015_09_10_16_58_45_490_1846132.smt_in.smt2	A_b_prod_a_b_prod_prod_list$	RECURSIVE	1	1	0	0	NONE	0
/nas3/data/axeyum/corpus/smtlib-2024/non-incremental/non-incremental/UFDT/20170428-Barrett/cdt-cade2015/data/distro/rbt_impl/x2015_09_10_16_58_45_490_1846132.smt_in.smt2	A_b_prod_a_b_prod_rbt$	RECURSIVE	1	1	0	0	NONE	0
/nas3/data/axeyum/corpus/smtlib-2024/non-incremental/non-incremental/UFDT/20170428-Barrett/cdt-cade2015/data/distro/rbt_impl/x2015_09_10_16_58_45_490_1846132.smt_in.smt2	A_b_prod_a_b_prod_rbt_a_b_prod_a_b_prod_prod_list_prod$	RECURSIVE	1	1	0	0	NONE	0
/nas3/data/axeyum/corpus/smtlib-2024/non-incremental/non-incremental/UFDT/20170428-Barrett/cdt-cade2015/data/distro/rbt_impl/x2015_09_10_16_58_45_490_1846132.smt_in.smt2	A_b_rbt_a_b_prod_list_prod$	RECURSIVE	1	1	0	0	NONE	0
/nas3/data/axeyum/corpus/smtlib-2024/non-incremental/non-incremental/UFDT/20170428-Barrett/cdt-cade2015/data/distro/rbt_impl/x2015_09_10_16_58_45_490_1846132.smt_in.smt2	A_b_rbt_a_b_prod_list_prod_list$	RECURSIVE	1	1	0	0	NONE	0
/nas3/data/axeyum/corpus/smtlib-2024/non-incremental/non-incremental/UFDT/20170428-Barrett/cdt-cade2015/data/distro/rbt_impl/x2015_09_10_16_58_45_490_1846132.smt_in.smt2	A_b_rbt_a_b_prod_list_rbt$	RECURSIVE	1	1	0	0	NONE	0
/nas3/data/axeyum/corpus/smtlib-2024/non-incremental/non-incremental/UFDT/20170428-Barrett/cdt-cade2015/data/distro/rbt_impl/x2015_09_10_16_58_45_490_1846132.smt_in.smt2	A_b_rbt_a_b_prod_list_rbt_a_b_rbt_a_b_prod_list_prod_list_prod$	RECURSIVE	1	1	0	0	NONE	0
/nas3/data/axeyum/corpus/smtlib-2024/non-incremental/non-incremental/UFDT/20170428-Barrett/cdt-cade2015/data/distro/rbt_impl/x2015_09_10_16_58_45_490_1846132.smt_in.smt2	A_a_rbt$	RECURSIVE	1	1	0	0	NONE	0
/nas3/data/axeyum/corpus/smtlib-2024/non-incremental/non-incremental/UFDT/20170428-Barrett/cdt-cade2015/data/distro/rbt_impl/x2015_09_10_16_58_45_490_1846132.smt_in.smt2	A_a_prod$	0	0	0	1	0	NONE	0
/nas3/data/axeyum/corpus/smtlib-2024/non-incremental/non-incremental/UFDT/20170428-Barrett/cdt-cade2015/data/distro/rbt_impl/x2015_09_10_16_58_45_490_1846132.smt_in.smt2	A_a_prod_list$	RECURSIVE	1	1	0	0	NONE	0
/nas3/data/axeyum/corpus/smtlib-2024/non-incremental/non-incremental/UFDT/20170428-Barrett/cdt-cade2015/data/distro/rbt_impl/x2015_09_10_16_58_45_490_1846132.smt_in.smt2	A_a_b_prod_rbt$	RECURSIVE	1	1	0	0	NONE	0
/nas3/data/axeyum/corpus/smtlib-2024/non-incremental/non-incremental/UFDT/20170428-Barrett/cdt-cade2015/data/distro/rbt_impl/x2015_09_10_16_58_45_490_1846132.smt_in.smt2	A_a_b_prod_prod$	1	0	1	0	0	NONE	1
/nas3/data/axeyum/corpus/smtlib-2024/non-incremental/non-incremental/UFDT/20170428-Barrett/cdt-cade2015/data/distro/rbt_impl/x2015_09_10_16_58_45_490_1846132.smt_in.smt2	A_a_b_prod_prod_list$	RECURSIVE	1	1	0	0	NONE	0
/nas3/data/axeyum/corpus/smtlib-2024/non-incremental/non-incremental/UFDT/20170428-Barrett/cdt-cade2015/data/distro/rbt_impl/x2015_09_10_16_58_45_490_1846132.smt_in.smt2	A_b_prod_a_rbt$	RECURSIVE	1	1	0	0	NONE	0
/nas3/data/axeyum/corpus/smtlib-2024/non-incremental/non-incremental/UFDT/20170428-Barrett/cdt-cade2015/data/distro/rbt_impl/x2015_09_10_16_58_45_490_1846132.smt_in.smt2	A_b_prod_a_prod$	1	0	1	0	0	NONE	1
/nas3/data/axeyum/corpus/smtlib-2024/non-incremental/non-incremental/UFDT/20170428-Barrett/cdt-cade2015/data/distro/rbt_impl/x2015_09_10_16_58_45_490_1846132.smt_in.smt2	A_b_prod_a_prod_list$	RECURSIVE	1	1	0	0	NONE	0
/nas3/data/axeyum/corpus/smtlib-2024/non-incremental/non-incremental/UFDT/20170428-Barrett/cdt-cade2015/data/distro/rbt_impl/x2015_09_10_16_58_45_490_1846132.smt_in.smt2	A_list$	RECURSIVE	1	1	0	0	NONE	0
/nas3/data/axeyum/corpus/smtlib-2024/non-incremental/non-incremental/UFDT/20170428-Barrett/cdt-cade2015/data/distro/rbt_impl/x2015_09_10_16_58_45_490_1846132.smt_in.smt2	A_b_prod_option$	1	0	1	0	0	NONE	1
/nas3/data/axeyum/corpus/smtlib-2024/non-incremental/non-incremental/UFDT/20170428-Barrett/cdt-cade2015/data/distro/rbt_impl/x2015_09_10_16_58_45_490_1846132.smt_in.smt2	A_b_prod_option_list$	RECURSIVE	1	1	0	0	NONE	0
/nas3/data/axeyum/corpus/smtlib-2024/non-incremental/non-incremental/UFDT/20170428-Barrett/cdt-cade2015/data/distro/rbt_impl/x2015_09_10_16_58_45_490_1846132.smt_in.smt2	B_list$	RECURSIVE	1	1	0	0	NONE	0
/nas3/data/axeyum/corpus/smtlib-2024/non-incremental/non-incremental/UFDT/20170428-Barrett/cdt-cade2015/data/distro/rbt_impl/x2015_09_10_16_58_45_490_1846132.smt_in.smt2	A_b_prod_list_list$	RECURSIVE	1	1	0	0	NONE	0
/nas3/data/axeyum/corpus/smtlib-2024/non-incremental/non-incremental/UFDT/20170428-Barrett/cdt-cade2015/data/distro/rbt_impl/x2015_09_10_16_58_45_490_1846132.smt_in.smt2	A_b_rbt_list$	RECURSIVE	1	1	0	0	NONE	0
/nas3/data/axeyum/corpus/smtlib-2024/non-incremental/non-incremental/UFDT/20170428-Barrett/cdt-cade2015/data/distro/rbt_impl/x2015_09_10_16_58_45_490_1846132.smt_in.smt2	A_b_prod_list_option$	RECURSIVE	1	1	0	0	NONE	0
/nas3/data/axeyum/corpus/smtlib-2024/non-incremental/non-incremental/UFDT/20170428-Barrett/cdt-cade2015/data/distro/rbt_impl/x2015_09_10_16_58_45_490_1846132.smt_in.smt2	B_option$	0	0	0	1	0	NONE	0
/nas3/data/axeyum/corpus/smtlib-2024/non-incremental/non-incremental/UFDT/20170428-Barrett/rec-fun-ijcar2016/wo/isa_nun_bench_v4_noenc/nunchaku2102656.nun.smt2	list__	RECURSIVE	1	1	0	0	NONE	0
/nas3/data/axeyum/corpus/smtlib-2024/non-incremental/non-incremental/UFDT/20170428-Barrett/cdt-cade2015/data/afp/bindag/x2015_09_10_16_53_04_087_1031693.smt_in.smt2	Dag$	RECURSIVE	1	1	0	0	NONE	0
/nas3/data/axeyum/corpus/smtlib-2024/non-incremental/non-incremental/UFDT/20170428-Barrett/cdt-cade2015/data/afp/coinductive_list/x2015_09_10_17_00_55_254_1709896.smt_in.smt2	Nat_option$	0	0	0	1	0	NONE	0
/nas3/data/axeyum/corpus/smtlib-2024/non-incremental/non-incremental/UFDT/20170428-Barrett/cdt-cade2015/data/afp/coinductive_list/x2015_09_10_17_00_55_254_1709896.smt_in.smt2	Enat$	1	0	1	0	0	NONE	1
/nas3/data/axeyum/corpus/smtlib-2024/non-incremental/non-incremental/UFDT/20170428-Barrett/cdt-cade2015/data/afp/coinductive_list/x2015_09_10_17_00_55_254_1709896.smt_in.smt2	A_a_prod$	0	0	0	1	0	NONE	0
/nas3/data/axeyum/corpus/smtlib-2024/non-incremental/non-incremental/UFDT/20170428-Barrett/cdt-cade2015/data/afp/coinductive_list/x2015_09_10_17_00_55_254_1709896.smt_in.smt2	A_a_a_prod_prod$	1	0	1	0	0	NONE	1
/nas3/data/axeyum/corpus/smtlib-2024/non-incremental/non-incremental/UFDT/20170428-Barrett/cdt-cade2015/data/afp/coinductive_list/x2015_09_10_17_00_55_254_1709896.smt_in.smt2	A_a_prod_a_prod$	1	0	1	0	0	NONE	1
/nas3/data/axeyum/corpus/smtlib-2024/non-incremental/non-incremental/UFDT/20170428-Barrett/cdt-cade2015/data/afp/coinductive_list/x2015_09_10_17_00_55_254_1709896.smt_in.smt2	A_a_prod_a_a_prod_prod$	1	0	1	0	0	NONE	1
/nas3/data/axeyum/corpus/smtlib-2024/non-incremental/non-incremental/UFDT/20170428-Barrett/cdt-cade2015/data/afp/coinductive_list/x2015_09_10_17_00_55_254_1709896.smt_in.smt2	A_llist_a_llist_prod$	0	0	0	1	0	NONE	0
/nas3/data/axeyum/corpus/smtlib-2024/non-incremental/non-incremental/UFDT/20170428-Barrett/cdt-cade2015/data/afp/coinductive_list/x2015_09_10_17_00_55_254_1709896.smt_in.smt2	Nat_nat_prod$	0	0	0	1	0	NONE	0
/nas3/data/axeyum/corpus/smtlib-2024/non-incremental/non-incremental/UFDT/20170428-Barrett/cdt-cade2015/data/afp/coinductive_list/x2015_09_10_17_00_55_254_1709896.smt_in.smt2	A_a_prod_llist_a_a_prod_llist_prod$	0	0	0	1	0	NONE	0
/nas3/data/axeyum/corpus/smtlib-2024/non-incremental/non-incremental/UFDT/20170428-Barrett/cdt-cade2015/data/afp/coinductive_list/x2015_09_10_17_10_07_059_2450499.smt_in.smt2	Nat_option$	0	0	0	1	0	NONE	0
/nas3/data/axeyum/corpus/smtlib-2024/non-incremental/non-incremental/UFDT/20170428-Barrett/cdt-cade2015/data/afp/coinductive_list/x2015_09_10_17_10_07_059_2450499.smt_in.smt2	Enat$	1	0	1	0	0	NONE	1
/nas3/data/axeyum/corpus/smtlib-2024/non-incremental/non-incremental/UFDT/20170428-Barrett/cdt-cade2015/data/afp/coinductive_list/x2015_09_10_17_17_59_756_2820516.smt_in.smt2	A_a_prod$	0	0	0	1	0	NONE	0
/nas3/data/axeyum/corpus/smtlib-2024/non-incremental/non-incremental/UFDT/20170428-Barrett/cdt-cade2015/data/afp/coinductive_list/x2015_09_10_17_17_59_756_2820516.smt_in.smt2	A_a_a_prod_prod$	1	0	1	0	0	NONE	1
/nas3/data/axeyum/corpus/smtlib-2024/non-incremental/non-incremental/UFDT/20170428-Barrett/cdt-cade2015/data/afp/coinductive_list/x2015_09_10_17_17_59_756_2820516.smt_in.smt2	A_a_prod_a_prod$	1	0	1	0	0	NONE	1
/nas3/data/axeyum/corpus/smtlib-2024/non-incremental/non-incremental/UFDT/20170428-Barrett/cdt-cade2015/data/afp/coinductive_list/x2015_09_10_17_17_59_756_2820516.smt_in.smt2	A_a_prod_a_a_prod_prod$	1	0	1	0	0	NONE	1
/nas3/data/axeyum/corpus/smtlib-2024/non-incremental/non-incremental/UFDT/20170428-Barrett/cdt-cade2015/data/afp/coinductive_list/x2015_09_10_17_17_59_756_2820516.smt_in.smt2	A_llist_a_llist_prod$	0	0	0	1	0	NONE	0
/nas3/data/axeyum/corpus/smtlib-2024/non-incremental/non-incremental/UFDT/20170428-Barrett/cdt-cade2015/data/afp/coinductive_list/x2015_09_10_17_17_59_756_2820516.smt_in.smt2	A_a_prod_llist_a_a_prod_llist_prod$	0	0	0	1	0	NONE	0
/nas3/data/axeyum/corpus/smtlib-2024/non-incremental/non-incremental/UFDT/20170428-Barrett/cdt-cade2015/data/afp/huffman/x2015_09_10_16_51_57_291_1344651.smt_in.smt2	A_tree$	RECURSIVE	1	1	0	0	NONE	0
/nas3/data/axeyum/corpus/smtlib-2024/non-incremental/non-incremental/UFDT/20170428-Barrett/cdt-cade2015/data/afp/huffman/x2015_09_10_16_51_57_291_1344651.smt_in.smt2	A_tree_list$	RECURSIVE	1	1	0	0	NONE	0
/nas3/data/axeyum/corpus/smtlib-2024/non-incremental/non-incremental/UFDT/20170428-Barrett/cdt-cade2015/data/afp/huffman/x2015_09_10_16_51_57_291_1344651.smt_in.smt2	A_tree_tree$	RECURSIVE	1	1	0	0	NONE	0
/nas3/data/axeyum/corpus/smtlib-2024/non-incremental/non-incremental/UFDT/20170428-Barrett/cdt-cade2015/data/afp/huffman/x2015_09_10_16_51_57_291_1344651.smt_in.smt2	A_tree_list_tree$	RECURSIVE	1	1	0	0	NONE	0
/nas3/data/axeyum/corpus/smtlib-2024/non-incremental/non-incremental/UFDT/20170428-Barrett/cdt-cade2015/data/afp/huffman/x2015_09_10_16_51_57_291_1344651.smt_in.smt2	A_tree_tree_list$	RECURSIVE	1	1	0	0	NONE	0
/nas3/data/axeyum/corpus/smtlib-2024/non-incremental/non-incremental/UFDT/20170428-Barrett/cdt-cade2015/data/afp/huffman/x2015_09_10_16_51_57_291_1344651.smt_in.smt2	A_tree_list_tree_list$	RECURSIVE	1	1	0	0	NONE	0
/nas3/data/axeyum/corpus/smtlib-2024/non-incremental/non-incremental/UFDT/20170428-Barrett/cdt-cade2015/data/afp/huffman/x2015_09_10_16_51_57_291_1344651.smt_in.smt2	A_tree_list_list$	RECURSIVE	1	1	0	0	NONE	0
/nas3/data/axeyum/corpus/smtlib-2024/non-incremental/non-incremental/UFDT/20170428-Barrett/cdt-cade2015/data/afp/huffman/x2015_09_10_16_51_57_291_1344651.smt_in.smt2	A_tree_list_list_list$	RECURSIVE	1	1	0	0	NONE	0
/nas3/data/axeyum/corpus/smtlib-2024/non-incremental/non-incremental/UFDT/20170428-Barrett/cdt-cade2015/data/afp/huffman/x2015_09_10_16_51_57_291_1344651.smt_in.smt2	A_list$	RECURSIVE	1	1	0	0	NONE	0
/nas3/data/axeyum/corpus/smtlib-2024/non-incremental/non-incremental/UFDT/20170428-Barrett/cdt-cade2015/data/distro/rbt_impl/x2015_09_10_16_51_34_756_1126978.smt_in.smt2	Color$	0	0	0	1	0	NONE	0
/nas3/data/axeyum/corpus/smtlib-2024/non-incremental/non-incremental/UFDT/20170428-Barrett/cdt-cade2015/data/distro/rbt_impl/x2015_09_10_16_51_34_756_1126978.smt_in.smt2	A_b_rbt$	RECURSIVE	1	1	0	0	NONE	0
/nas3/data/axeyum/corpus/smtlib-2024/non-incremental/non-incremental/UFDT/20170428-Barrett/cdt-cade2015/data/distro/rbt_impl/x2015_09_10_16_51_34_756_1126978.smt_in.smt2	A_list$	RECURSIVE	1	1	0	0	NONE	0
/nas3/data/axeyum/corpus/smtlib-2024/non-incremental/non-incremental/UFDT/20170428-Barrett/cdt-cade2015/data/distro/rbt_impl/x2015_09_10_16_51_34_756_1126978.smt_in.smt2	A_b_prod$	0	0	0	1	0	NONE	0
/nas3/data/axeyum/corpus/smtlib-2024/non-incremental/non-incremental/UFDT/20170428-Barrett/cdt-cade2015/data/distro/rbt_impl/x2015_09_10_16_51_34_756_1126978.smt_in.smt2	A_list_a_list_prod$	RECURSIVE	1	1	0	0	NONE	0
/nas3/data/axeyum/corpus/smtlib-2024/non-incremental/non-incremental/UFDT/20170428-Barrett/cdt-cade2015/data/distro/rbt_impl/x2015_09_10_16_51_34_756_1126978.smt_in.smt2	A_a_prod$	0	0	0	1	0	NONE	0
/nas3/data/axeyum/corpus/smtlib-2024/non-incremental/non-incremental/UFDT/20170428-Barrett/cdt-cade2015/data/distro/rbt_impl/x2015_09_10_16_51_34_756_1126978.smt_in.smt2	A_list_list$	RECURSIVE	1	1	0	0	NONE	0
/nas3/data/axeyum/corpus/smtlib-2024/non-incremental/non-incremental/UFDT/20170428-Barrett/cdt-cade2015/data/distro/rbt_impl/x2015_09_10_16_51_34_756_1126978.smt_in.smt2	A_list_list_list$	RECURSIVE	1	1	0	0	NONE	0
/nas3/data/axeyum/corpus/smtlib-2024/non-incremental/non-incremental/UFDT/20170428-Barrett/cdt-cade2015/data/distro/rbt_impl/x2015_09_10_16_51_34_756_1126978.smt_in.smt2	A_list_a_list_prod_list$	RECURSIVE	1	1	0	0	NONE	0
/nas3/data/axeyum/corpus/smtlib-2024/non-incremental/non-incremental/UFDT/20170428-Barrett/cdt-cade2015/data/distro/rbt_impl/x2015_09_10_16_51_34_756_1126978.smt_in.smt2	A_a_prod_list$	RECURSIVE	1	1	0	0	NONE	0
/nas3/data/axeyum/corpus/smtlib-2024/non-incremental/non-incremental/UFDT/20170428-Barrett/cdt-cade2015/data/distro/rbt_impl/x2015_09_10_16_51_34_756_1126978.smt_in.smt2	A_b_prod_list$	RECURSIVE	1	1	0	0	NONE	0
/nas3/data/axeyum/corpus/smtlib-2024/non-incremental/non-incremental/UFDT/20170428-Barrett/cdt-cade2015/data/distro/rbt_impl/x2015_09_10_16_51_34_756_1126978.smt_in.smt2	B_option$	0	0	0	1	0	NONE	0
/nas3/data/axeyum/corpus/smtlib-2024/non-incremental/non-incremental/UFDT/20170428-Barrett/cdt-cade2015/data/distro/rbt_impl/x2015_09_10_16_51_34_756_1126978.smt_in.smt2	A_a_list_prod$	RECURSIVE	1	1	0	0	NONE	0
/nas3/data/axeyum/corpus/smtlib-2024/non-incremental/non-incremental/UFDT/20170428-Barrett/cdt-cade2015/data/distro/rbt_impl/x2015_09_10_16_51_34_756_1126978.smt_in.smt2	A_list_a_a_list_prod_prod$	RECURSIVE	1	1	0	0	NONE	0
/nas3/data/axeyum/corpus/smtlib-2024/non-incremental/non-incremental/UFDT/20170428-Barrett/cdt-cade2015/data/distro/rbt_impl/x2015_09_10_16_51_34_756_1126978.smt_in.smt2	A_list_a_a_list_prod_prod_option$	RECURSIVE	1	1	0	0	NONE	0
/nas3/data/axeyum/corpus/smtlib-2024/non-incremental/non-incremental/UFDT/20170428-Barrett/cdt-cade2015/data/distro/rbt_impl/x2015_09_10_16_59_11_590_1883244.smt_in.smt2	A_b_prod$	0	0	0	1	0	NONE	0
/nas3/data/axeyum/corpus/smtlib-2024/non-incremental/non-incremental/UFDT/20170428-Barrett/cdt-cade2015/data/distro/rbt_impl/x2015_09_10_16_59_11_590_1883244.smt_in.smt2	A_b_prod_list$	RECURSIVE	1	1	0	0	NONE	0
/nas3/data/axeyum/corpus/smtlib-2024/non-incremental/non-incremental/UFDT/20170428-Barrett/cdt-cade2015/data/distro/rbt_impl/x2015_09_10_16_59_11_590_1883244.smt_in.smt2	A_list$	RECURSIVE	1	1	0	0	NONE	0
/nas3/data/axeyum/corpus/smtlib-2024/non-incremental/non-incremental/UFDT/20170428-Barrett/cdt-cade2015/data/distro/rbt_impl/x2015_09_10_16_59_11_590_1883244.smt_in.smt2	Color$	0	0	0	1	0	NONE	0
/nas3/data/axeyum/corpus/smtlib-2024/non-incremental/non-incremental/UFDT/20170428-Barrett/cdt-cade2015/data/distro/rbt_impl/x2015_09_10_16_59_11_590_1883244.smt_in.smt2	A_b_rbt$	RECURSIVE	1	1	0	0	NONE	0
/nas3/data/axeyum/corpus/smtlib-2024/non-incremental/non-incremental/UFDT/20170428-Barrett/cdt-cade2015/data/distro/rbt_impl/x2015_09_10_16_59_11_590_1883244.smt_in.smt2	A_b_rbt_a_b_prod_list_prod$	RECURSIVE	1	1	0	0	NONE	0
/nas3/data/axeyum/corpus/smtlib-2024/non-incremental/non-incremental/UFDT/20170428-Barrett/cdt-cade2015/data/gandl/cotree/x2015_09_10_16_50_57_950_1094186.smt_in.smt2	Dir$	0	0	0	1	0	NONE	0
/nas3/data/axeyum/corpus/smtlib-2024/non-incremental/non-incremental/UFDT/20170428-Barrett/cdt-cade2015/data/gandl/cotree/x2015_09_10_16_50_57_950_1094186.smt_in.smt2	Dir_list$	RECURSIVE	1	1	0	0	NONE	0
/nas3/data/axeyum/corpus/smtlib-2024/non-incremental/non-incremental/UFDT/20170428-Barrett/rec-fun-ijcar2016/wo-wdf/isa_nun_bench_v4_enc/nunchaku2310914.nun.smt2	nat__	RECURSIVE	1	1	0	0	NONE	0
/nas3/data/axeyum/corpus/smtlib-2024/non-incremental/non-incremental/UFDT/20170428-Barrett/rec-fun-ijcar2016/wo-wdf/isa_nun_bench_v4_enc/nunchaku2310914.nun.smt2	tree__	RECURSIVE	1	1	0	0	NONE	0
/nas3/data/axeyum/corpus/smtlib-2024/non-incremental/non-incremental/UFDT/20170428-Barrett/rec-fun-ijcar2016/wo-wdf/isa_nun_bench_v4_enc/nunchaku2310914.nun.smt2	num__	RECURSIVE	1	1	0	0	NONE	0
/nas3/data/axeyum/corpus/smtlib-2024/non-incremental/non-incremental/UFDT/20170428-Barrett/rec-fun-ijcar2016/wo/isa_nun_bench_v4_noenc/nunchaku2148250.nun.smt2	list__	RECURSIVE	1	1	0	0	NONE	0
/nas3/data/axeyum/corpus/smtlib-2024/non-incremental/non-incremental/UFDT/20170428-Barrett/cdt-cade2015/data/afp/bindag/x2015_09_10_16_53_30_176_1063054.smt_in.smt2	Dag$	RECURSIVE	1	1	0	0	NONE	0
/nas3/data/axeyum/corpus/smtlib-2024/non-incremental/non-incremental/UFDT/20170428-Barrett/cdt-cade2015/data/afp/bindag/x2015_09_10_16_53_30_176_1063054.smt_in.smt2	Ref_list$	RECURSIVE	1	1	0	0	NONE	0
/nas3/data/axeyum/corpus/smtlib-2024/non-incremental/non-incremental/UFDT/20170428-Barrett/cdt-cade2015/data/afp/coinductive_list/x2015_09_10_16_54_42_875_1362942.smt_in.smt2	A_list$	RECURSIVE	1	1	0	0	NONE	0
/nas3/data/axeyum/corpus/smtlib-2024/non-incremental/non-incremental/UFDT/20170428-Barrett/cdt-cade2015/data/afp/coinductive_list/x2015_09_10_16_54_42_875_1362942.smt_in.smt2	A_a_prod$	0	0	0	1	0	NONE	0
/nas3/data/axeyum/corpus/smtlib-2024/non-incremental/non-incremental/UFDT/20170428-Barrett/cdt-cade2015/data/afp/coinductive_list/x2015_09_10_16_54_42_875_1362942.smt_in.smt2	A_list_list$	RECURSIVE	1	1	0	0	NONE	0
/nas3/data/axeyum/corpus/smtlib-2024/non-incremental/non-incremental/UFDT/20170428-Barrett/cdt-cade2015/data/afp/coinductive_list/x2015_09_10_16_54_42_875_1362942.smt_in.smt2	A_a_a_prod_prod$	1	0	1	0	0	NONE	1
/nas3/data/axeyum/corpus/smtlib-2024/non-incremental/non-incremental/UFDT/20170428-Barrett/cdt-cade2015/data/afp/coinductive_list/x2015_09_10_16_54_42_875_1362942.smt_in.smt2	A_a_prod_a_prod$	1	0	1	0	0	NONE	1
/nas3/data/axeyum/corpus/smtlib-2024/non-incremental/non-incremental/UFDT/20170428-Barrett/cdt-cade2015/data/afp/coinductive_list/x2015_09_10_16_54_42_875_1362942.smt_in.smt2	A_a_prod_a_a_prod_prod$	1	0	1	0	0	NONE	1
/nas3/data/axeyum/corpus/smtlib-2024/non-incremental/non-incremental/UFDT/20170428-Barrett/cdt-cade2015/data/afp/coinductive_list/x2015_09_10_16_54_42_875_1362942.smt_in.smt2	A_a_prod_list$	RECURSIVE	1	1	0	0	NONE	0
/nas3/data/axeyum/corpus/smtlib-2024/non-incremental/non-incremental/UFDT/20170428-Barrett/cdt-cade2015/data/afp/coinductive_list/x2015_09_10_16_54_42_875_1362942.smt_in.smt2	A_list_option$	RECURSIVE	1	1	0	0	NONE	0
/nas3/data/axeyum/corpus/smtlib-2024/non-incremental/non-incremental/UFDT/20170428-Barrett/cdt-cade2015/data/afp/coinductive_list/x2015_09_10_16_54_42_875_1362942.smt_in.smt2	A_option$	0	0	0	1	0	NONE	0
/nas3/data/axeyum/corpus/smtlib-2024/non-incremental/non-incremental/UFDT/20170428-Barrett/cdt-cade2015/data/afp/coinductive_list/x2015_09_10_16_54_42_875_1362942.smt_in.smt2	A_list_list_list$	RECURSIVE	1	1	0	0	NONE	0
/nas3/data/axeyum/corpus/smtlib-2024/non-incremental/non-incremental/UFDT/20170428-Barrett/cdt-cade2015/data/afp/coinductive_list/x2015_09_10_16_54_42_875_1362942.smt_in.smt2	A_llist_list$	RECURSIVE	1	1	0	0	NONE	0
/nas3/data/axeyum/corpus/smtlib-2024/non-incremental/non-incremental/UFDT/20170428-Barrett/cdt-cade2015/data/afp/coinductive_list/x2015_09_10_17_01_21_331_1740010.smt_in.smt2	Nat_option$	0	0	0	1	0	NONE	0
/nas3/data/axeyum/corpus/smtlib-2024/non-incremental/non-incremental/UFDT/20170428-Barrett/cdt-cade2015/data/afp/coinductive_list/x2015_09_10_17_01_21_331_1740010.smt_in.smt2	Enat$	1	0	1	0	0	NONE	1
/nas3/data/axeyum/corpus/smtlib-2024/non-incremental/non-incremental/UFDT/20170428-Barrett/cdt-cade2015/data/afp/coinductive_list/x2015_09_10_17_05_58_229_2113325.smt_in.smt2	A_c_prod$	0	0	0	1	0	NONE	0
/nas3/data/axeyum/corpus/smtlib-2024/non-incremental/non-incremental/UFDT/20170428-Barrett/cdt-cade2015/data/afp/coinductive_list/x2015_09_10_17_05_58_229_2113325.smt_in.smt2	B_d_prod$	0	0	0	1	0	NONE	0
/nas3/data/axeyum/corpus/smtlib-2024/non-incremental/non-incremental/UFDT/20170428-Barrett/cdt-cade2015/data/afp/coinductive_list/x2015_09_10_17_05_58_229_2113325.smt_in.smt2	Nat_option$	0	0	0	1	0	NONE	0
/nas3/data/axeyum/corpus/smtlib-2024/non-incremental/non-incremental/UFDT/20170428-Barrett/cdt-cade2015/data/afp/coinductive_list/x2015_09_10_17_05_58_229_2113325.smt_in.smt2	Enat$	1	0	1	0	0	NONE	1
/nas3/data/axeyum/corpus/smtlib-2024/non-incremental/non-incremental/UFDT/20170428-Barrett/cdt-cade2015/data/afp/coinductive_list/x2015_09_10_17_05_58_229_2113325.smt_in.smt2	Enat_enat_prod$	2	0	1	0	0	NONE	1
/nas3/data/axeyum/corpus/smtlib-2024/non-incremental/non-incremental/UFDT/20170428-Barrett/cdt-cade2015/data/afp/coinductive_list/x2015_09_10_17_05_58_229_2113325.smt_in.smt2	Enat_d_prod$	2	0	1	0	0	NONE	1
/nas3/data/axeyum/corpus/smtlib-2024/non-incremental/non-incremental/UFDT/20170428-Barrett/cdt-cade2015/data/afp/coinductive_list/x2015_09_10_17_05_58_229_2113325.smt_in.smt2	Enat_c_prod$	2	0	1	0	0	NONE	1
/nas3/data/axeyum/corpus/smtlib-2024/non-incremental/non-incremental/UFDT/20170428-Barrett/cdt-cade2015/data/afp/coinductive_list/x2015_09_10_17_05_58_229_2113325.smt_in.smt2	Enat_b_prod$	2	0	1	0	0	NONE	1
/nas3/data/axeyum/corpus/smtlib-2024/non-incremental/non-incremental/UFDT/20170428-Barrett/cdt-cade2015/data/afp/coinductive_list/x2015_09_10_17_05_58_229_2113325.smt_in.smt2	Enat_a_prod$	2	0	1	0	0	NONE	1
/nas3/data/axeyum/corpus/smtlib-2024/non-incremental/non-incremental/UFDT/20170428-Barrett/cdt-cade2015/data/afp/coinductive_list/x2015_09_10_17_05_58_229_2113325.smt_in.smt2	D_enat_prod$	2	0	1	0	0	NONE	1
/nas3/data/axeyum/corpus/smtlib-2024/non-incremental/non-incremental/UFDT/20170428-Barrett/cdt-cade2015/data/afp/coinductive_list/x2015_09_10_17_05_58_229_2113325.smt_in.smt2	D_d_prod$	0	0	0	1	0	NONE	0
/nas3/data/axeyum/corpus/smtlib-2024/non-incremental/non-incremental/UFDT/20170428-Barrett/cdt-cade2015/data/afp/coinductive_list/x2015_09_10_17_05_58_229_2113325.smt_in.smt2	D_c_prod$	0	0	0	1	0	NONE	0
/nas3/data/axeyum/corpus/smtlib-2024/non-incremental/non-incremental/UFDT/20170428-Barrett/cdt-cade2015/data/afp/coinductive_list/x2015_09_10_17_18_42_558_2847385.smt_in.smt2	Nat_option$	0	0	0	1	0	NONE	0
/nas3/data/axeyum/corpus/smtlib-2024/non-incremental/non-incremental/UFDT/20170428-Barrett/cdt-cade2015/data/afp/coinductive_list/x2015_09_10_17_18_42_558_2847385.smt_in.smt2	Enat$	1	0	1	0	0	NONE	1
/nas3/data/axeyum/corpus/smtlib-2024/non-incremental/non-incremental/UFDT/20170428-Barrett/cdt-cade2015/data/afp/coinductive_list/x2015_09_10_17_18_42_558_2847385.smt_in.smt2	A_list$	RECURSIVE	1	1	0	0	NONE	0
/nas3/data/axeyum/corpus/smtlib-2024/non-incremental/non-incremental/UFDT/20170428-Barrett/cdt-cade2015/data/afp/coinductive_list/x2015_09_10_17_18_42_558_2847385.smt_in.smt2	Nat_list$	RECURSIVE	1	1	0	0	NONE	0
/nas3/data/axeyum/corpus/smtlib-2024/non-incremental/non-incremental/UFDT/20170428-Barrett/cdt-cade2015/data/afp/coinductive_list/x2015_09_10_17_18_42_558_2847385.smt_in.smt2	Nat_nat_prod$	0	0	0	1	0	NONE	0
/nas3/data/axeyum/corpus/smtlib-2024/non-incremental/non-incremental/UFDT/20170428-Barrett/cdt-cade2015/data/afp/coinductive_list/x2015_09_10_17_18_42_558_2847385.smt_in.smt2	Nat_nat_prod_list$	RECURSIVE	1	1	0	0	NONE	0
/nas3/data/axeyum/corpus/smtlib-2024/non-incremental/non-incremental/UFDT/20170428-Barrett/cdt-cade2015/data/afp/coinductive_list/x2015_09_10_17_18_42_558_2847385.smt_in.smt2	Natural$	0	0	0	1	0	NONE	0
/nas3/data/axeyum/corpus/smtlib-2024/non-incremental/non-incremental/UFDT/20170428-Barrett/cdt-cade2015/data/afp/coinductive_list/x2015_09_10_17_18_42_558_2847385.smt_in.smt2	Nibble$	0	0	0	1	0	NONE	0
/nas3/data/axeyum/corpus/smtlib-2024/non-incremental/non-incremental/UFDT/20170428-Barrett/cdt-cade2015/data/afp/coinductive_list/x2015_09_10_17_18_42_558_2847385.smt_in.smt2	Char$	1	0	1	0	0	NONE	1
/nas3/data/axeyum/corpus/smtlib-2024/non-incremental/non-incremental/UFDT/20170428-Barrett/cdt-cade2015/data/afp/coinductive_list/x2015_09_10_17_18_42_558_2847385.smt_in.smt2	Char_list$	RECURSIVE	1	1	0	0	NONE	0
/nas3/data/axeyum/corpus/smtlib-2024/non-incremental/non-incremental/UFDT/20170428-Barrett/cdt-cade2015/data/afp/coinductive_list/x2015_09_10_17_18_42_558_2847385.smt_in.smt2	Literal$	RECURSIVE	1	1	0	0	NONE	0
/nas3/data/axeyum/corpus/smtlib-2024/non-incremental/non-incremental/UFDT/20170428-Barrett/cdt-cade2015/data/afp/coinductive_list/x2015_09_10_17_18_42_558_2847385.smt_in.smt2	Nat_a_prod$	0	0	0	1	0	NONE	0
/nas3/data/axeyum/corpus/smtlib-2024/non-incremental/non-incremental/UFDT/20170428-Barrett/cdt-cade2015/data/afp/coinductive_list/x2015_09_10_17_18_42_558_2847385.smt_in.smt2	Nat_a_prod_list$	RECURSIVE	1	1	0	0	NONE	0
/nas3/data/axeyum/corpus/smtlib-2024/non-incremental/non-incremental/UFDT/20170428-Barrett/cdt-cade2015/data/afp/coinductive_list/x2015_09_10_17_18_42_558_2847385.smt_in.smt2	Nat_nat_nat_prod_prod$	1	0	1	0	0	NONE	1
/nas3/data/axeyum/corpus/smtlib-2024/non-incremental/non-incremental/UFDT/20170428-Barrett/cdt-cade2015/data/afp/coinductive_list/x2015_09_10_17_18_42_558_2847385.smt_in.smt2	Nat_nat_nat_prod_prod_list$	RECURSIVE	1	1	0	0	NONE	0
/nas3/data/axeyum/corpus/smtlib-2024/non-incremental/non-incremental/UFDT/20170428-Barrett/cdt-cade2015/data/afp/coinductive_list/x2015_09_10_17_18_42_558_2847385.smt_in.smt2	A_nat_prod$	0	0	0	1	0	NONE	0
/nas3/data/axeyum/corpus/smtlib-2024/non-incremental/non-incremental/UFDT/20170428-Barrett/cdt-cade2015/data/afp/coinductive_list/x2015_09_10_17_18_42_558_2847385.smt_in.smt2	A_nat_prod_list$	RECURSIVE	1	1	0	0	NONE	0
/nas3/data/axeyum/corpus/smtlib-2024/non-incremental/non-incremental/UFDT/20170428-Barrett/cdt-cade2015/data/afp/coinductive_list/x2015_09_10_17_18_42_558_2847385.smt_in.smt2	A_a_prod$	0	0	0	1	0	NONE	0
/nas3/data/axeyum/corpus/smtlib-2024/non-incremental/non-incremental/UFDT/20170428-Barrett/cdt-cade2015/data/afp/coinductive_list/x2015_09_10_17_18_42_558_2847385.smt_in.smt2	A_a_prod_list$	RECURSIVE	1	1	0	0	NONE	0
/nas3/data/axeyum/corpus/smtlib-2024/non-incremental/non-incremental/UFDT/20170428-Barrett/cdt-cade2015/data/afp/coinductive_list/x2015_09_10_17_18_42_558_2847385.smt_in.smt2	A_nat_nat_prod_prod$	1	0	1	0	0	NONE	1
/nas3/data/axeyum/corpus/smtlib-2024/non-incremental/non-incremental/UFDT/20170428-Barrett/cdt-cade2015/data/afp/coinductive_list/x2015_09_10_17_18_42_558_2847385.smt_in.smt2	A_nat_nat_prod_prod_list$	RECURSIVE	1	1	0	0	NONE	0
/nas3/data/axeyum/corpus/smtlib-2024/non-incremental/non-incremental/UFDT/20170428-Barrett/cdt-cade2015/data/afp/coinductive_list/x2015_09_10_17_18_42_558_2847385.smt_in.smt2	Nat_nat_prod_nat_prod$	1	0	1	0	0	NONE	1
/nas3/data/axeyum/corpus/smtlib-2024/non-incremental/non-incremental/UFDT/20170428-Barrett/cdt-cade2015/data/afp/coinductive_list/x2015_09_10_17_18_42_558_2847385.smt_in.smt2	Nat_nat_prod_nat_prod_list$	RECURSIVE	1	1	0	0	NONE	0
/nas3/data/axeyum/corpus/smtlib-2024/non-incremental/non-incremental/UFDT/20170428-Barrett/cdt-cade2015/data/afp/coinductive_list/x2015_09_10_17_18_42_558_2847385.smt_in.smt2	Nat_nat_prod_a_prod$	1	0	1	0	0	NONE	1
/nas3/data/axeyum/corpus/smtlib-2024/non-incremental/non-incremental/UFDT/20170428-Barrett/cdt-cade2015/data/afp/coinductive_list/x2015_09_10_17_18_42_558_2847385.smt_in.smt2	Nat_nat_prod_a_prod_list$	RECURSIVE	1	1	0	0	NONE	0
/nas3/data/axeyum/corpus/smtlib-2024/non-incremental/non-incremental/UFDT/20170428-Barrett/cdt-cade2015/data/afp/coinductive_list/x2015_09_10_17_18_42_558_2847385.smt_in.smt2	Nat_nat_prod_nat_nat_prod_prod$	1	0	1	0	0	NONE	1
/nas3/data/axeyum/corpus/smtlib-2024/non-incremental/non-incremental/UFDT/20170428-Barrett/cdt-cade2015/data/afp/coinductive_list/x2015_09_10_17_18_42_558_2847385.smt_in.smt2	Nat_nat_prod_nat_nat_prod_prod_list$	RECURSIVE	1	1	0	0	NONE	0
/nas3/data/axeyum/corpus/smtlib-2024/non-incremental/non-incremental/UFDT/20170428-Barrett/cdt-cade2015/data/afp/hamming_stream/x2015_09_10_16_49_24_547_1147275.smt_in.smt2	Nat_option$	0	0	0	1	0	NONE	0
/nas3/data/axeyum/corpus/smtlib-2024/non-incremental/non-incremental/UFDT/20170428-Barrett/cdt-cade2015/data/afp/hamming_stream/x2015_09_10_16_49_24_547_1147275.smt_in.smt2	Enat$	1	0	1	0	0	NONE	1
/nas3/data/axeyum/corpus/smtlib-2024/non-incremental/non-incremental/UFDT/20170428-Barrett/cdt-cade2015/data/afp/hamming_stream/x2015_09_10_16_49_24_547_1147275.smt_in.smt2	Num$	RECURSIVE	1	1	0	0	NONE	0
/nas3/data/axeyum/corpus/smtlib-2024/non-incremental/non-incremental/UFDT/20170428-Barrett/cdt-cade2015/data/distro/gram_lang/x2015_09_10_16_48_28_665_1128556.smt_in.smt2	T_dtree_sum$	0	0	0	1	0	NONE	0
/nas3/data/axeyum/corpus/smtlib-2024/non-incremental/non-incremental/UFDT/20170428-Barrett/cdt-cade2015/data/distro/gram_lang/x2015_09_10_16_54_46_764_1495036.smt_in.smt2	T_dtree_sum$	0	0	0	1	0	NONE	0
/nas3/data/axeyum/corpus/smtlib-2024/non-incremental/non-incremental/UFDT/20170428-Barrett/cdt-cade2015/data/distro/rbt_impl/x2015_09_10_16_52_04_709_1167517.smt_in.smt2	Color$	0	0	0	1	0	NONE	0
/nas3/data/axeyum/corpus/smtlib-2024/non-incremental/non-incremental/UFDT/20170428-Barrett/cdt-cade2015/data/distro/rbt_impl/x2015_09_10_16_52_04_709_1167517.smt_in.smt2	A_b_rbt$	RECURSIVE	1	1	0	0	NONE	0
/nas3/data/axeyum/corpus/smtlib-2024/non-incremental/non-incremental/UFDT/20170428-Barrett/cdt-cade2015/data/distro/rbt_impl/x2015_09_10_16_52_04_709_1167517.smt_in.smt2	A_list$	RECURSIVE	1	1	0	0	NONE	0
/nas3/data/axeyum/corpus/smtlib-2024/non-incremental/non-incremental/UFDT/20170428-Barrett/cdt-cade2015/data/distro/rbt_impl/x2015_09_10_16_52_04_709_1167517.smt_in.smt2	A_b_prod$	0	0	0	1	0	NONE	0
/nas3/data/axeyum/corpus/smtlib-2024/non-incremental/non-incremental/UFDT/20170428-Barrett/cdt-cade2015/data/distro/rbt_impl/x2015_09_10_16_52_04_709_1167517.smt_in.smt2	A_list_a_list_prod$	RECURSIVE	1	1	0	0	NONE	0
/nas3/data/axeyum/corpus/smtlib-2024/non-incremental/non-incremental/UFDT/20170428-Barrett/cdt-cade2015/data/distro/rbt_impl/x2015_09_10_16_52_04_709_1167517.smt_in.smt2	A_a_prod$	0	0	0	1	0	NONE	0
/nas3/data/axeyum/corpus/smtlib-2024/non-incremental/non-incremental/UFDT/20170428-Barrett/cdt-cade2015/data/distro/rbt_impl/x2015_09_10_16_52_04_709_1167517.smt_in.smt2	A_list_list$	RECURSIVE	1	1	0	0	NONE	0
/nas3/data/axeyum/corpus/smtlib-2024/non-incremental/non-incremental/UFDT/20170428-Barrett/cdt-cade2015/data/distro/rbt_impl/x2015_09_10_16_52_04_709_1167517.smt_in.smt2	A_b_prod_list$	RECURSIVE	1	1	0	0	NONE	0
/nas3/data/axeyum/corpus/smtlib-2024/non-incremental/non-incremental/UFDT/20170428-Barrett/cdt-cade2015/data/distro/rbt_impl/x2015_09_10_16_52_04_709_1167517.smt_in.smt2	A_list_list_list$	RECURSIVE	1	1	0	0	NONE	0
/nas3/data/axeyum/corpus/smtlib-2024/non-incremental/non-incremental/UFDT/20170428-Barrett/cdt-cade2015/data/distro/rbt_impl/x2015_09_10_16_52_04_709_1167517.smt_in.smt2	A_b_prod_list_list$	RECURSIVE	1	1	0	0	NONE	0
/nas3/data/axeyum/corpus/smtlib-2024/non-incremental/non-incremental/UFDT/20170428-Barrett/cdt-cade2015/data/distro/rbt_impl/x2015_09_10_16_52_04_709_1167517.smt_in.smt2	B_option$	0	0	0	1	0	NONE	0
/nas3/data/axeyum/corpus/smtlib-2024/non-incremental/non-incremental/UFDT/20170428-Barrett/cdt-cade2015/data/distro/rbt_impl/x2015_09_10_16_52_04_709_1167517.smt_in.smt2	A_a_list_prod$	RECURSIVE	1	1	0	0	NONE	0
/nas3/data/axeyum/corpus/smtlib-2024/non-incremental/non-incremental/UFDT/20170428-Barrett/cdt-cade2015/data/distro/rbt_impl/x2015_09_10_16_52_04_709_1167517.smt_in.smt2	A_list_a_a_list_prod_prod$	RECURSIVE	1	1	0	0	NONE	0
/nas3/data/axeyum/corpus/smtlib-2024/non-incremental/non-incremental/UFDT/20170428-Barrett/cdt-cade2015/data/distro/rbt_impl/x2015_09_10_16_52_04_709_1167517.smt_in.smt2	A_list_a_a_list_prod_prod_option$	RECURSIVE	1	1	0	0	NONE	0
/nas3/data/axeyum/corpus/smtlib-2024/non-incremental/non-incremental/UFDT/20170428-Barrett/cdt-cade2015/data/distro/rbt_impl/x2015_09_10_16_59_51_572_1942754.smt_in.smt2	A_list$	RECURSIVE	1	1	0	0	NONE	0
/nas3/data/axeyum/corpus/smtlib-2024/non-incremental/non-incremental/UFDT/20170428-Barrett/cdt-cade2015/data/distro/rbt_impl/x2015_09_10_16_59_51_572_1942754.smt_in.smt2	A_b_prod$	0	0	0	1	0	NONE	0
/nas3/data/axeyum/corpus/smtlib-2024/non-incremental/non-incremental/UFDT/20170428-Barrett/cdt-cade2015/data/distro/rbt_impl/x2015_09_10_16_59_51_572_1942754.smt_in.smt2	A_b_prod_list$	RECURSIVE	1	1	0	0	NONE	0
/nas3/data/axeyum/corpus/smtlib-2024/non-incremental/non-incremental/UFDT/20170428-Barrett/cdt-cade2015/data/distro/rbt_impl/x2015_09_10_16_59_51_572_1942754.smt_in.smt2	A_list_list$	RECURSIVE	1	1	0	0	NONE	0
/nas3/data/axeyum/corpus/smtlib-2024/non-incremental/non-incremental/UFDT/20170428-Barrett/cdt-cade2015/data/distro/rbt_impl/x2015_09_10_16_59_51_572_1942754.smt_in.smt2	A_list_list_list$	RECURSIVE	1	1	0	0	NONE	0
/nas3/data/axeyum/corpus/smtlib-2024/non-incremental/non-incremental/UFDT/20170428-Barrett/cdt-cade2015/data/distro/rbt_impl/x2015_09_10_16_59_51_572_1942754.smt_in.smt2	A_b_prod_list_list$	RECURSIVE	1	1	0	0	NONE	0
/nas3/data/axeyum/corpus/smtlib-2024/non-incremental/non-incremental/UFDT/20170428-Barrett/cdt-cade2015/data/gandl/stern_brocot_tree/x2015_09_10_16_51_19_118_1052360.smt_in.smt2	Dir$	0	0	0	1	0	NONE	0
/nas3/data/axeyum/corpus/smtlib-2024/non-incremental/non-incremental/UFDT/20170428-Barrett/cdt-cade2015/data/gandl/stern_brocot_tree/x2015_09_10_16_51_19_118_1052360.smt_in.smt2	Dir_list$	RECURSIVE	1	1	0	0	NONE	0
/nas3/data/axeyum/corpus/smtlib-2024/non-incremental/non-incremental/UFDT/20170428-Barrett/cdt-cade2015/data/gandl/stern_brocot_tree/x2015_09_10_16_51_19_118_1052360.smt_in.smt2	Dir_list_list$	RECURSIVE	1	1	0	0	NONE	0
/nas3/data/axeyum/corpus/smtlib-2024/non-incremental/non-incremental/UFDT/20170428-Barrett/cdt-cade2015/data/gandl/stern_brocot_tree/x2015_09_10_16_51_19_118_1052360.smt_in.smt2	Dir_list_list_list$	RECURSIVE	1	1	0	0	NONE	0
/nas3/data/axeyum/corpus/smtlib-2024/non-incremental/non-incremental/UFDT/20170428-Barrett/cdt-cade2015/data/gandl/stern_brocot_tree/x2015_09_10_16_51_19_118_1052360.smt_in.smt2	Nat_nat_prod$	0	0	0	1	0	NONE	0
/nas3/data/axeyum/corpus/smtlib-2024/non-incremental/non-incremental/UFDT/20170428-Barrett/rec-fun-ijcar2016/wo-wdf/isa_nun_bench_v4_enc/nunchaku2446712.nun.smt2	nat__	RECURSIVE	1	1	0	0	NONE	0
/nas3/data/axeyum/corpus/smtlib-2024/non-incremental/non-incremental/UFDT/20170428-Barrett/rec-fun-ijcar2016/wo-wdf/isa_nun_bench_v4_enc/nunchaku2446712.nun.smt2	tree__	RECURSIVE	1	1	0	0	NONE	0
/nas3/data/axeyum/corpus/smtlib-2024/non-incremental/non-incremental/UFDT/20170428-Barrett/rec-fun-ijcar2016/wo/isa_nun_bench_v4_noenc/nunchaku2183525.nun.smt2	nat__	RECURSIVE	1	1	0	0	NONE	0
/nas3/data/axeyum/corpus/smtlib-2024/non-incremental/non-incremental/UFDT/20170428-Barrett/rec-fun-ijcar2016/wo/isa_nun_bench_v4_noenc/nunchaku2183525.nun.smt2	list__	RECURSIVE	1	1	0	0	NONE	0
/nas3/data/axeyum/corpus/smtlib-2024/non-incremental/non-incremental/UFDT/20170428-Barrett/cdt-cade2015/data/afp/bindag/x2015_09_10_16_53_56_537_1094926.smt_in.smt2	Dag$	RECURSIVE	1	1	0	0	NONE	0
/nas3/data/axeyum/corpus/smtlib-2024/non-incremental/non-incremental/UFDT/20170428-Barrett/cdt-cade2015/data/afp/bindag/x2015_09_10_16_53_56_537_1094926.smt_in.smt2	Ref_list$	RECURSIVE	1	1	0	0	NONE	0
/nas3/data/axeyum/corpus/smtlib-2024/non-incremental/non-incremental/UFDT/20170428-Barrett/cdt-cade2015/data/afp/coinductive_list/x2015_09_10_16_55_16_096_1393024.smt_in.smt2	A_list$	RECURSIVE	1	1	0	0	NONE	0
/nas3/data/axeyum/corpus/smtlib-2024/non-incremental/non-incremental/UFDT/20170428-Barrett/cdt-cade2015/data/afp/coinductive_list/x2015_09_10_16_55_16_096_1393024.smt_in.smt2	A_list_list$	RECURSIVE	1	1	0	0	NONE	0
/nas3/data/axeyum/corpus/smtlib-2024/non-incremental/non-incremental/UFDT/20170428-Barrett/cdt-cade2015/data/afp/coinductive_list/x2015_09_10_17_01_43_729_1770869.smt_in.smt2	Nat_option$	0	0	0	1	0	NONE	0
/nas3/data/axeyum/corpus/smtlib-2024/non-incremental/non-incremental/UFDT/20170428-Barrett/cdt-cade2015/data/afp/coinductive_list/x2015_09_10_17_01_43_729_1770869.smt_in.smt2	Enat$	1	0	1	0	0	NONE	1
/nas3/data/axeyum/corpus/smtlib-2024/non-incremental/non-incremental/UFDT/20170428-Barrett/cdt-cade2015/data/afp/coinductive_list/x2015_09_10_17_06_22_189_2146704.smt_in.smt2	Nat_option$	0	0	0	1	0	NONE	0
/nas3/data/axeyum/corpus/smtlib-2024/non-incremental/non-incremental/UFDT/20170428-Barrett/cdt-cade2015/data/afp/coinductive_list/x2015_09_10_17_06_22_189_2146704.smt_in.smt2	Enat$	1	0	1	0	0	NONE	1
/nas3/data/axeyum/corpus/smtlib-2024/non-incremental/non-incremental/UFDT/20170428-Barrett/cdt-cade2015/data/afp/hamming_stream/x2015_09_10_16_50_13_766_1172962.smt_in.smt2	Num$	RECURSIVE	1	1	0	0	NONE	0
/nas3/data/axeyum/corpus/smtlib-2024/non-incremental/non-incremental/UFDT/20170428-Barrett/cdt-cade2015/data/afp/hamming_stream/x2015_09_10_16_50_13_766_1172962.smt_in.smt2	Nibble$	0	0	0	1	0	NONE	0
/nas3/data/axeyum/corpus/smtlib-2024/non-incremental/non-incremental/UFDT/20170428-Barrett/cdt-cade2015/data/afp/hamming_stream/x2015_09_10_16_50_13_766_1172962.smt_in.smt2	Char$	1	0	1	0	0	NONE	1
/nas3/data/axeyum/corpus/smtlib-2024/non-incremental/non-incremental/UFDT/20170428-Barrett/cdt-cade2015/data/distro/gram_lang/x2015_09_10_16_48_56_285_1162189.smt_in.smt2	T_dtree_sum$	0	0	0	1	0	NONE	0
/nas3/data/axeyum/corpus/smtlib-2024/non-incremental/non-incremental/UFDT/20170428-Barrett/cdt-cade2015/data/distro/gram_lang/x2015_09_10_16_48_56_285_1162189.smt_in.smt2	N_option$	0	0	0	1	0	NONE	0
/nas3/data/axeyum/corpus/smtlib-2024/non-incremental/non-incremental/UFDT/20170428-Barrett/cdt-cade2015/data/distro/gram_lang/x2015_09_10_16_48_56_285_1162189.smt_in.smt2	Dtree_option$	0	0	0	1	0	NONE	0
/nas3/data/axeyum/corpus/smtlib-2024/non-incremental/non-incremental/UFDT/20170428-Barrett/cdt-cade2015/data/distro/gram_lang/x2015_09_10_16_48_56_285_1162189.smt_in.smt2	T_dtree_sum_T_dtree_sum_sum$	1	0	1	0	0	NONE	1
/nas3/data/axeyum/corpus/smtlib-2024/non-incremental/non-incremental/UFDT/20170428-Barrett/cdt-cade2015/data/distro/gram_lang/x2015_09_10_16_48_56_285_1162189.smt_in.smt2	T_dtree_sum_N_sum$	1	0	1	0	0	NONE	1
/nas3/data/axeyum/corpus/smtlib-2024/non-incremental/non-incremental/UFDT/20170428-Barrett/cdt-cade2015/data/distro/gram_lang/x2015_09_10_16_48_56_285_1162189.smt_in.smt2	N_T_dtree_sum_sum$	1	0	1	0	0	NONE	1
/nas3/data/axeyum/corpus/smtlib-2024/non-incremental/non-incremental/UFDT/20170428-Barrett/cdt-cade2015/data/distro/gram_lang/x2015_09_10_16_48_56_285_1162189.smt_in.smt2	N_N_sum$	0	0	0	1	0	NONE	0
/nas3/data/axeyum/corpus/smtlib-2024/non-incremental/non-incremental/UFDT/20170428-Barrett/cdt-cade2015/data/distro/gram_lang/x2015_09_10_16_55_15_493_1524355.smt_in.smt2	T_N_sum$	0	0	0	1	0	NONE	0
/nas3/data/axeyum/corpus/smtlib-2024/non-incremental/non-incremental/UFDT/20170428-Barrett/cdt-cade2015/data/distro/gram_lang/x2015_09_10_16_55_15_493_1524355.smt_in.smt2	N_T_N_sum_set_prod$	0	0	0	1	0	NONE	0
/nas3/data/axeyum/corpus/smtlib-2024/non-incremental/non-incremental/UFDT/20170428-Barrett/cdt-cade2015/data/distro/gram_lang/x2015_09_10_16_55_15_493_1524355.smt_in.smt2	N_N_prod$	0	0	0	1	0	NONE	0
/nas3/data/axeyum/corpus/smtlib-2024/non-incremental/non-incremental/UFDT/20170428-Barrett/cdt-cade2015/data/distro/gram_lang/x2015_09_10_16_55_15_493_1524355.smt_in.smt2	T_N_prod$	0	0	0	1	0	NONE	0
/nas3/data/axeyum/corpus/smtlib-2024/non-incremental/non-incremental/UFDT/20170428-Barrett/cdt-cade2015/data/distro/gram_lang/x2015_09_10_16_55_15_493_1524355.smt_in.smt2	N_T_set_prod$	0	0	0	1	0	NONE	0
/nas3/data/axeyum/corpus/smtlib-2024/non-incremental/non-incremental/UFDT/20170428-Barrett/cdt-cade2015/data/distro/gram_lang/x2015_09_10_16_55_15_493_1524355.smt_in.smt2	T_T_set_prod$	0	0	0	1	0	NONE	0
/nas3/data/axeyum/corpus/smtlib-2024/non-incremental/non-incremental/UFDT/20170428-Barrett/cdt-cade2015/data/distro/gram_lang/x2015_09_10_16_55_15_493_1524355.smt_in.smt2	T_set_N_prod$	0	0	0	1	0	NONE	0
/nas3/data/axeyum/corpus/smtlib-2024/non-incremental/non-incremental/UFDT/20170428-Barrett/cdt-cade2015/data/distro/gram_lang/x2015_09_10_16_55_15_493_1524355.smt_in.smt2	N_T_N_sum_prod$	1	0	1	0	0	NONE	1
/nas3/data/axeyum/corpus/smtlib-2024/non-incremental/non-incremental/UFDT/20170428-Barrett/cdt-cade2015/data/distro/gram_lang/x2015_09_10_16_55_15_493_1524355.smt_in.smt2	T_T_N_sum_prod$	1	0	1	0	0	NONE	1
/nas3/data/axeyum/corpus/smtlib-2024/non-incremental/non-incremental/UFDT/20170428-Barrett/cdt-cade2015/data/distro/gram_lang/x2015_09_10_16_55_15_493_1524355.smt_in.smt2	T_set_T_set_prod$	0	0	0	1	0	NONE	0
/nas3/data/axeyum/corpus/smtlib-2024/non-incremental/non-incremental/UFDT/20170428-Barrett/cdt-cade2015/data/distro/gram_lang/x2015_09_10_16_55_15_493_1524355.smt_in.smt2	T_set_T_N_sum_prod$	1	0	1	0	0	NONE	1
/nas3/data/axeyum/corpus/smtlib-2024/non-incremental/non-incremental/UFDT/20170428-Barrett/cdt-cade2015/data/distro/gram_lang/x2015_09_10_16_55_15_493_1524355.smt_in.smt2	T_N_sum_N_prod$	1	0	1	0	0	NONE	1
/nas3/data/axeyum/corpus/smtlib-2024/non-incremental/non-incremental/UFDT/20170428-Barrett/cdt-cade2015/data/distro/gram_lang/x2015_09_10_16_55_15_493_1524355.smt_in.smt2	T_N_sum_T_set_prod$	1	0	1	0	0	NONE	1
/nas3/data/axeyum/corpus/smtlib-2024/non-incremental/non-incremental/UFDT/20170428-Barrett/cdt-cade2015/data/distro/gram_lang/x2015_09_10_16_55_15_493_1524355.smt_in.smt2	T_N_sum_T_N_sum_prod$	1	0	1	0	0	NONE	1
/nas3/data/axeyum/corpus/smtlib-2024/non-incremental/non-incremental/UFDT/20170428-Barrett/cdt-cade2015/data/distro/gram_lang/x2015_09_10_16_55_15_493_1524355.smt_in.smt2	N_T_N_sum_set_prod_N_T_N_sum_set_prod_prod$	1	0	1	0	0	NONE	1
/nas3/data/axeyum/corpus/smtlib-2024/non-incremental/non-incremental/UFDT/20170428-Barrett/cdt-cade2015/data/distro/gram_lang/x2015_09_10_16_55_15_493_1524355.smt_in.smt2	T_T_prod$	0	0	0	1	0	NONE	0
/nas3/data/axeyum/corpus/smtlib-2024/non-incremental/non-incremental/UFDT/20170428-Barrett/cdt-cade2015/data/distro/rbt_impl/x2015_09_10_16_52_34_173_1215603.smt_in.smt2	Color$	0	0	0	1	0	NONE	0
/nas3/data/axeyum/corpus/smtlib-2024/non-incremental/non-incremental/UFDT/20170428-Barrett/cdt-cade2015/data/distro/rbt_impl/x2015_09_10_16_52_34_173_1215603.smt_in.smt2	A_b_rbt$	RECURSIVE	1	1	0	0	NONE	0
/nas3/data/axeyum/corpus/smtlib-2024/non-incremental/non-incremental/UFDT/20170428-Barrett/cdt-cade2015/data/distro/rbt_impl/x2015_09_10_16_52_34_173_1215603.smt_in.smt2	A_list$	RECURSIVE	1	1	0	0	NONE	0
/nas3/data/axeyum/corpus/smtlib-2024/non-incremental/non-incremental/UFDT/20170428-Barrett/cdt-cade2015/data/distro/rbt_impl/x2015_09_10_16_52_34_173_1215603.smt_in.smt2	A_list_list$	RECURSIVE	1	1	0	0	NONE	0
/nas3/data/axeyum/corpus/smtlib-2024/non-incremental/non-incremental/UFDT/20170428-Barrett/cdt-cade2015/data/distro/rbt_impl/x2015_09_10_16_52_34_173_1215603.smt_in.smt2	A_list_list_list$	RECURSIVE	1	1	0	0	NONE	0
/nas3/data/axeyum/corpus/smtlib-2024/non-incremental/non-incremental/UFDT/20170428-Barrett/cdt-cade2015/data/distro/rbt_impl/x2015_09_10_16_52_34_173_1215603.smt_in.smt2	A_b_prod$	0	0	0	1	0	NONE	0
/nas3/data/axeyum/corpus/smtlib-2024/non-incremental/non-incremental/UFDT/20170428-Barrett/cdt-cade2015/data/distro/rbt_impl/x2015_09_10_16_52_34_173_1215603.smt_in.smt2	A_b_prod_list$	RECURSIVE	1	1	0	0	NONE	0
/nas3/data/axeyum/corpus/smtlib-2024/non-incremental/non-incremental/UFDT/20170428-Barrett/cdt-cade2015/data/distro/rbt_impl/x2015_09_10_16_52_34_173_1215603.smt_in.smt2	B_option$	0	0	0	1	0	NONE	0
/nas3/data/axeyum/corpus/smtlib-2024/non-incremental/non-incremental/UFDT/20170428-Barrett/cdt-cade2015/data/distro/stream/x2015_09_10_16_46_52_587_993366.smt_in.smt2	A_list$	RECURSIVE	1	1	0	0	NONE	0
/nas3/data/axeyum/corpus/smtlib-2024/non-incremental/non-incremental/UFDT/20170428-Barrett/cdt-cade2015/data/distro/stream/x2015_09_10_16_46_52_587_993366.smt_in.smt2	A_list_list$	RECURSIVE	1	1	0	0	NONE	0
/nas3/data/axeyum/corpus/smtlib-2024/non-incremental/non-incremental/UFDT/20170428-Barrett/cdt-cade2015/data/distro/stream/x2015_09_10_16_46_52_587_993366.smt_in.smt2	A_stream_list$	RECURSIVE	1	1	0	0	NONE	0
/nas3/data/axeyum/corpus/smtlib-2024/non-incremental/non-incremental/UFDT/20170428-Barrett/cdt-cade2015/data/distro/stream/x2015_09_10_16_46_52_587_993366.smt_in.smt2	A_list_stream_list$	RECURSIVE	1	1	0	0	NONE	0
/nas3/data/axeyum/corpus/smtlib-2024/non-incremental/non-incremental/UFDT/20170428-Barrett/cdt-cade2015/data/distro/stream/x2015_09_10_16_46_52_587_993366.smt_in.smt2	A_stream_stream_list$	RECURSIVE	1	1	0	0	NONE	0
/nas3/data/axeyum/corpus/smtlib-2024/non-incremental/non-incremental/UFDT/20170428-Barrett/cdt-cade2015/data/distro/stream/x2015_09_10_16_46_52_587_993366.smt_in.smt2	A_list_list_list$	RECURSIVE	1	1	0	0	NONE	0
/nas3/data/axeyum/corpus/smtlib-2024/non-incremental/non-incremental/UFDT/20170428-Barrett/cdt-cade2015/data/distro/stream/x2015_09_10_16_46_52_587_993366.smt_in.smt2	A_stream_list_list$	RECURSIVE	1	1	0	0	NONE	0
/nas3/data/axeyum/corpus/smtlib-2024/non-incremental/non-incremental/UFDT/20170428-Barrett/cdt-cade2015/data/gandl/stern_brocot_tree/x2015_09_10_16_52_13_375_1100659.smt_in.smt2	Nat_nat_prod$	0	0	0	1	0	NONE	0
/nas3/data/axeyum/corpus/smtlib-2024/non-incremental/non-incremental/UFDT/20170428-Barrett/cdt-cade2015/data/gandl/stern_brocot_tree/x2015_09_10_16_52_13_375_1100659.smt_in.smt2	Natural$	0	0	0	1	0	NONE	0
/nas3/data/axeyum/corpus/smtlib-2024/non-incremental/non-incremental/UFDT/20170428-Barrett/cdt-cade2015/data/gandl/stern_brocot_tree/x2015_09_10_16_52_13_375_1100659.smt_in.smt2	Nat_nat_prod_nat_nat_prod_prod$	1	0	1	0	0	NONE	1
/nas3/data/axeyum/corpus/smtlib-2024/non-incremental/non-incremental/UFDT/20170428-Barrett/cdt-cade2015/data/gandl/stern_brocot_tree/x2015_09_10_16_52_13_375_1100659.smt_in.smt2	Nat_nat_prod_nat_prod$	1	0	1	0	0	NONE	1
/nas3/data/axeyum/corpus/smtlib-2024/non-incremental/non-incremental/UFDT/20170428-Barrett/cdt-cade2015/data/gandl/stern_brocot_tree/x2015_09_10_16_52_13_375_1100659.smt_in.smt2	Nat_nat_nat_prod_prod$	1	0	1	0	0	NONE	1
/nas3/data/axeyum/corpus/smtlib-2024/non-incremental/non-incremental/UFDT/20170428-Barrett/cdt-cade2015/data/gandl/stern_brocot_tree/x2015_09_10_16_52_13_375_1100659.smt_in.smt2	Nat_nat_nat_nat_prod_fun_fun_nat_prod$	0	0	0	1	0	NONE	0
/nas3/data/axeyum/corpus/smtlib-2024/non-incremental/non-incremental/UFDT/20170428-Barrett/cdt-cade2015/data/gandl/stern_brocot_tree/x2015_09_10_16_52_13_375_1100659.smt_in.smt2	Natural_nat_nat_nat_nat_prod_fun_fun_nat_prod_prod$	1	0	1	0	0	NONE	1
/nas3/data/axeyum/corpus/smtlib-2024/non-incremental/non-incremental/UFDT/20170428-Barrett/cdt-cade2015/data/gandl/stern_brocot_tree/x2015_09_10_16_52_13_375_1100659.smt_in.smt2	Nat_nat_prod_nat_nat_prod_nat_nat_prod_nat_nat_prod_prod_fun_fun_nat_nat_prod_prod$	1	0	1	0	0	NONE	1
/nas3/data/axeyum/corpus/smtlib-2024/non-incremental/non-incremental/UFDT/20170428-Barrett/cdt-cade2015/data/gandl/stern_brocot_tree/x2015_09_10_16_52_13_375_1100659.smt_in.smt2	Natural_nat_nat_prod_nat_nat_prod_nat_nat_prod_nat_nat_prod_prod_fun_fun_nat_nat_prod_prod_prod$	2	0	1	0	0	NONE	1
/nas3/data/axeyum/corpus/smtlib-2024/non-incremental/non-incremental/UFDT/20170428-Barrett/rec-fun-ijcar2016/wo-wdf/isa_nun_bench_v4_enc/nunchaku2532293.nun.smt2	nat__	RECURSIVE	1	1	0	0	NONE	0
/nas3/data/axeyum/corpus/smtlib-2024/non-incremental/non-incremental/UFDT/20170428-Barrett/rec-fun-ijcar2016/wo-wdf/isa_nun_bench_v4_enc/nunchaku2532293.nun.smt2	tree__	RECURSIVE	1	1	0	0	NONE	0
/nas3/data/axeyum/corpus/smtlib-2024/non-incremental/non-incremental/UFDT/20170428-Barrett/rec-fun-ijcar2016/wo-wdf/isa_nun_bench_v4_enc/nunchaku2532293.nun.smt2	list__	RECURSIVE	1	1	0	0	NONE	0
/nas3/data/axeyum/corpus/smtlib-2024/non-incremental/non-incremental/UFDT/20170428-Barrett/rec-fun-ijcar2016/wo/isa_nun_bench_v4_noenc/nunchaku2262809.nun.smt2	list__	RECURSIVE	1	1	0	0	NONE	0
/nas3/data/axeyum/corpus/smtlib-2024/non-incremental/non-incremental/UFDT/20170428-Barrett/cdt-cade2015/data/afp/coinductive_list/x2015_09_10_17_11_18_552_2541779.smt_in.smt2	Nat_option$	0	0	0	1	0	NONE	0
/nas3/data/axeyum/corpus/smtlib-2024/non-incremental/non-incremental/UFDT/20170428-Barrett/cdt-cade2015/data/afp/coinductive_list/x2015_09_10_17_11_18_552_2541779.smt_in.smt2	Enat$	1	0	1	0	0	NONE	1
/nas3/data/axeyum/corpus/smtlib-2024/non-incremental/non-incremental/UFDT/20170428-Barrett/cdt-cade2015/data/afp/huffman/x2015_09_10_16_46_53_159_1015830.smt_in.smt2	A_tree$	RECURSIVE	1	1	0	0	NONE	0
/nas3/data/axeyum/corpus/smtlib-2024/non-incremental/non-incremental/UFDT/20170428-Barrett/cdt-cade2015/data/afp/koenigslemma/x2015_09_10_16_53_49_465_1145510.smt_in.smt2	Node_node_set_prod$	0	0	0	1	0	NONE	0
/nas3/data/axeyum/corpus/smtlib-2024/non-incremental/non-incremental/UFDT/20170428-Barrett/cdt-cade2015/data/afp/koenigslemma/x2015_09_10_16_53_49_465_1145510.smt_in.smt2	Node_node_prod$	0	0	0	1	0	NONE	0
/nas3/data/axeyum/corpus/smtlib-2024/non-incremental/non-incremental/UFDT/20170428-Barrett/cdt-cade2015/data/afp/koenigslemma/x2015_09_10_16_53_49_465_1145510.smt_in.smt2	Node_node_llist_prod$	0	0	0	1	0	NONE	0
/nas3/data/axeyum/corpus/smtlib-2024/non-incremental/non-incremental/UFDT/20170428-Barrett/cdt-cade2015/data/afp/koenigslemma/x2015_09_10_16_53_49_465_1145510.smt_in.smt2	Node_set_node_prod$	0	0	0	1	0	NONE	0
/nas3/data/axeyum/corpus/smtlib-2024/non-incremental/non-incremental/UFDT/20170428-Barrett/cdt-cade2015/data/afp/koenigslemma/x2015_09_10_16_53_49_465_1145510.smt_in.smt2	Node_llist_node_prod$	0	0	0	1	0	NONE	0
/nas3/data/axeyum/corpus/smtlib-2024/non-incremental/non-incremental/UFDT/20170428-Barrett/cdt-cade2015/data/afp/koenigslemma/x2015_09_10_16_53_49_465_1145510.smt_in.smt2	Node_node_node_prod_prod$	1	0	1	0	0	NONE	1
/nas3/data/axeyum/corpus/smtlib-2024/non-incremental/non-incremental/UFDT/20170428-Barrett/cdt-cade2015/data/afp/koenigslemma/x2015_09_10_16_53_49_465_1145510.smt_in.smt2	Node_set_node_set_prod$	0	0	0	1	0	NONE	0
/nas3/data/axeyum/corpus/smtlib-2024/non-incremental/non-incremental/UFDT/20170428-Barrett/cdt-cade2015/data/afp/koenigslemma/x2015_09_10_16_53_49_465_1145510.smt_in.smt2	Node_set_node_llist_prod$	0	0	0	1	0	NONE	0
/nas3/data/axeyum/corpus/smtlib-2024/non-incremental/non-incremental/UFDT/20170428-Barrett/cdt-cade2015/data/afp/koenigslemma/x2015_09_10_16_53_49_465_1145510.smt_in.smt2	Node_llist_node_set_prod$	0	0	0	1	0	NONE	0
/nas3/data/axeyum/corpus/smtlib-2024/non-incremental/non-incremental/UFDT/20170428-Barrett/cdt-cade2015/data/afp/koenigslemma/x2015_09_10_16_53_49_465_1145510.smt_in.smt2	Node_llist_node_llist_prod$	0	0	0	1	0	NONE	0
/nas3/data/axeyum/corpus/smtlib-2024/non-incremental/non-incremental/UFDT/20170428-Barrett/cdt-cade2015/data/afp/koenigslemma/x2015_09_10_16_53_49_465_1145510.smt_in.smt2	Node_node_prod_node_prod$	1	0	1	0	0	NONE	1
/nas3/data/axeyum/corpus/smtlib-2024/non-incremental/non-incremental/UFDT/20170428-Barrett/cdt-cade2015/data/afp/koenigslemma/x2015_09_10_16_53_49_465_1145510.smt_in.smt2	Node_node_prod_node_node_prod_prod$	1	0	1	0	0	NONE	1
/nas3/data/axeyum/corpus/smtlib-2024/non-incremental/non-incremental/UFDT/20170428-Barrett/cdt-cade2015/data/afp/tllist/x2015_09_10_16_58_00_981_1180359.smt_in.smt2	A_b_prod$	0	0	0	1	0	NONE	0
/nas3/data/axeyum/corpus/smtlib-2024/non-incremental/non-incremental/UFDT/20170428-Barrett/cdt-cade2015/data/afp/tllist/x2015_09_10_16_58_00_981_1180359.smt_in.smt2	C_d_prod$	0	0	0	1	0	NONE	0
/nas3/data/axeyum/corpus/smtlib-2024/non-incremental/non-incremental/UFDT/20170428-Barrett/cdt-cade2015/data/afp/tllist/x2015_09_10_16_58_00_981_1180359.smt_in.smt2	B_a_prod$	0	0	0	1	0	NONE	0
/nas3/data/axeyum/corpus/smtlib-2024/non-incremental/non-incremental/UFDT/20170428-Barrett/cdt-cade2015/data/afp/tllist/x2015_09_10_16_58_00_981_1180359.smt_in.smt2	D_c_prod$	0	0	0	1	0	NONE	0
/nas3/data/axeyum/corpus/smtlib-2024/non-incremental/non-incremental/UFDT/20170428-Barrett/cdt-cade2015/data/afp/tllist/x2015_09_10_16_58_00_981_1180359.smt_in.smt2	A_b_prod_a_b_prod_prod$	1	0	1	0	0	NONE	1
/nas3/data/axeyum/corpus/smtlib-2024/non-incremental/non-incremental/UFDT/20170428-Barrett/cdt-cade2015/data/afp/tllist/x2015_09_10_16_58_00_981_1180359.smt_in.smt2	C_d_prod_c_d_prod_prod$	1	0	1	0	0	NONE	1
/nas3/data/axeyum/corpus/smtlib-2024/non-incremental/non-incremental/UFDT/20170428-Barrett/cdt-cade2015/data/afp/tllist/x2015_09_10_16_58_00_981_1180359.smt_in.smt2	B_llist_d_prod$	0	0	0	1	0	NONE	0
/nas3/data/axeyum/corpus/smtlib-2024/non-incremental/non-incremental/UFDT/20170428-Barrett/cdt-cade2015/data/afp/tllist/x2015_09_10_16_58_00_981_1180359.smt_in.smt2	A_llist_c_prod$	0	0	0	1	0	NONE	0
/nas3/data/axeyum/corpus/smtlib-2024/non-incremental/non-incremental/UFDT/20170428-Barrett/cdt-cade2015/data/distro/gram_lang/x2015_09_10_16_49_23_356_1193594.smt_in.smt2	T_dtree_sum$	0	0	0	1	0	NONE	0
/nas3/data/axeyum/corpus/smtlib-2024/non-incremental/non-incremental/UFDT/20170428-Barrett/cdt-cade2015/data/distro/gram_lang/x2015_09_10_16_49_23_356_1193594.smt_in.smt2	T_N_sum$	0	0	0	1	0	NONE	0
/nas3/data/axeyum/corpus/smtlib-2024/non-incremental/non-incremental/UFDT/20170428-Barrett/cdt-cade2015/data/distro/gram_lang/x2015_09_10_16_49_23_356_1193594.smt_in.smt2	N_N_sum$	0	0	0	1	0	NONE	0
/nas3/data/axeyum/corpus/smtlib-2024/non-incremental/non-incremental/UFDT/20170428-Barrett/cdt-cade2015/data/distro/gram_lang/x2015_09_10_16_49_23_356_1193594.smt_in.smt2	Dtree_dtree_sum$	0	0	0	1	0	NONE	0
/nas3/data/axeyum/corpus/smtlib-2024/non-incremental/non-incremental/UFDT/20170428-Barrett/cdt-cade2015/data/distro/rbt_impl/x2015_09_10_16_53_09_887_1280052.smt_in.smt2	A_b_prod$	0	0	0	1	0	NONE	0
/nas3/data/axeyum/corpus/smtlib-2024/non-incremental/non-incremental/UFDT/20170428-Barrett/cdt-cade2015/data/distro/rbt_impl/x2015_09_10_16_53_09_887_1280052.smt_in.smt2	A_b_prod_list$	RECURSIVE	1	1	0	0	NONE	0
/nas3/data/axeyum/corpus/smtlib-2024/non-incremental/non-incremental/UFDT/20170428-Barrett/cdt-cade2015/data/distro/rbt_impl/x2015_09_10_16_53_09_887_1280052.smt_in.smt2	Color$	0	0	0	1	0	NONE	0
/nas3/data/axeyum/corpus/smtlib-2024/non-incremental/non-incremental/UFDT/20170428-Barrett/cdt-cade2015/data/distro/rbt_impl/x2015_09_10_16_53_09_887_1280052.smt_in.smt2	A_b_rbt$	RECURSIVE	1	1	0	0	NONE	0
/nas3/data/axeyum/corpus/smtlib-2024/non-incremental/non-incremental/UFDT/20170428-Barrett/cdt-cade2015/data/distro/rbt_impl/x2015_09_10_16_53_09_887_1280052.smt_in.smt2	B_a_b_rbt_prod$	RECURSIVE	1	1	0	0	NONE	0
/nas3/data/axeyum/corpus/smtlib-2024/non-incremental/non-incremental/UFDT/20170428-Barrett/cdt-cade2015/data/distro/rbt_impl/x2015_09_10_16_53_09_887_1280052.smt_in.smt2	A_b_a_b_rbt_prod_prod$	RECURSIVE	1	1	0	0	NONE	0
/nas3/data/axeyum/corpus/smtlib-2024/non-incremental/non-incremental/UFDT/20170428-Barrett/cdt-cade2015/data/distro/rbt_impl/x2015_09_10_16_53_09_887_1280052.smt_in.smt2	A_b_b_b_fun_fun_fun_a_b_a_b_rbt_prod_prod_prod$	RECURSIVE	1	1	0	0	NONE	0
/nas3/data/axeyum/corpus/smtlib-2024/non-incremental/non-incremental/UFDT/20170428-Barrett/cdt-cade2015/data/distro/rbt_impl/x2015_09_10_16_53_09_887_1280052.smt_in.smt2	A_b_b_b_fun_fun_fun_a_b_a_b_rbt_prod_prod_rbt$	RECURSIVE	1	1	0	0	NONE	0
/nas3/data/axeyum/corpus/smtlib-2024/non-incremental/non-incremental/UFDT/20170428-Barrett/cdt-cade2015/data/distro/rbt_impl/x2015_09_10_16_53_09_887_1280052.smt_in.smt2	A_b_b_b_fun_fun_fun_a_b_a_b_rbt_prod_prod_prod_list$	RECURSIVE	1	1	0	0	NONE	0
/nas3/data/axeyum/corpus/smtlib-2024/non-incremental/non-incremental/UFDT/20170428-Barrett/cdt-cade2015/data/distro/rbt_impl/x2015_09_10_16_53_09_887_1280052.smt_in.smt2	A_b_a_b_rbt_prod_rbt$	RECURSIVE	1	1	0	0	NONE	0
/nas3/data/axeyum/corpus/smtlib-2024/non-incremental/non-incremental/UFDT/20170428-Barrett/cdt-cade2015/data/distro/rbt_impl/x2015_09_10_16_53_09_887_1280052.smt_in.smt2	A_b_a_b_rbt_prod_prod_list$	RECURSIVE	1	1	0	0	NONE	0
/nas3/data/axeyum/corpus/smtlib-2024/non-incremental/non-incremental/UFDT/20170428-Barrett/cdt-cade2015/data/distro/rbt_impl/x2015_09_10_16_53_09_887_1280052.smt_in.smt2	B_a_b_rbt_rbt$	RECURSIVE	1	1	0	0	NONE	0
/nas3/data/axeyum/corpus/smtlib-2024/non-incremental/non-incremental/UFDT/20170428-Barrett/cdt-cade2015/data/distro/rbt_impl/x2015_09_10_16_53_09_887_1280052.smt_in.smt2	B_a_b_rbt_prod_list$	RECURSIVE	1	1	0	0	NONE	0
/nas3/data/axeyum/corpus/smtlib-2024/non-incremental/non-incremental/UFDT/20170428-Barrett/cdt-cade2015/data/distro/rbt_impl/x2015_09_10_16_53_09_887_1280052.smt_in.smt2	A_b_b_b_fun_fun_fun_list$	RECURSIVE	1	1	0	0	NONE	0
/nas3/data/axeyum/corpus/smtlib-2024/non-incremental/non-incremental/UFDT/20170428-Barrett/cdt-cade2015/data/distro/rbt_impl/x2015_09_10_16_53_09_887_1280052.smt_in.smt2	A_list$	RECURSIVE	1	1	0	0	NONE	0
/nas3/data/axeyum/corpus/smtlib-2024/non-incremental/non-incremental/UFDT/20170428-Barrett/cdt-cade2015/data/distro/rbt_impl/x2015_09_10_16_53_09_887_1280052.smt_in.smt2	B_list$	RECURSIVE	1	1	0	0	NONE	0
/nas3/data/axeyum/corpus/smtlib-2024/non-incremental/non-incremental/UFDT/20170428-Barrett/cdt-cade2015/data/distro/stream/x2015_09_10_16_47_17_962_1024580.smt_in.smt2	Natural$	0	0	0	1	0	NONE	0
/nas3/data/axeyum/corpus/smtlib-2024/non-incremental/non-incremental/UFDT/20170428-Barrett/cdt-cade2015/data/gandl/stern_brocot_tree/x2015_09_10_16_53_42_109_1180689.smt_in.smt2	Nat_nat_prod$	0	0	0	1	0	NONE	0
/nas3/data/axeyum/corpus/smtlib-2024/non-incremental/non-incremental/UFDT/20170428-Barrett/cdt-cade2015/data/gandl/stern_brocot_tree/x2015_09_10_16_53_42_109_1180689.smt_in.smt2	Nat_nat_prod_nat_nat_prod_prod$	1	0	1	0	0	NONE	1
/nas3/data/axeyum/corpus/smtlib-2024/non-incremental/non-incremental/UFDT/20170428-Barrett/cdt-cade2015/data/gandl/stern_brocot_tree/x2015_09_10_16_53_42_109_1180689.smt_in.smt2	Nat_nat_prod_nat_prod$	1	0	1	0	0	NONE	1
/nas3/data/axeyum/corpus/smtlib-2024/non-incremental/non-incremental/UFDT/20170428-Barrett/cdt-cade2015/data/gandl/stern_brocot_tree/x2015_09_10_16_53_42_109_1180689.smt_in.smt2	Nat_nat_nat_prod_prod$	1	0	1	0	0	NONE	1
/nas3/data/axeyum/corpus/smtlib-2024/non-incremental/non-incremental/UFDT/20170428-Barrett/cdt-cade2015/data/gandl/stern_brocot_tree/x2015_09_10_16_53_42_109_1180689.smt_in.smt2	Nat_bool_fun_nat_stream_prod$	0	0	0	1	0	NONE	0
/nas3/data/axeyum/corpus/smtlib-2024/non-incremental/non-incremental/UFDT/20170428-Barrett/rec-fun-ijcar2016/wo-wdf/isa_nun_bench_v4_enc/nunchaku2674468.nun.smt2	nat__	RECURSIVE	1	1	0	0	NONE	0
/nas3/data/axeyum/corpus/smtlib-2024/non-incremental/non-incremental/UFDT/20170428-Barrett/rec-fun-ijcar2016/wo-wdf/isa_nun_bench_v4_enc/nunchaku2674468.nun.smt2	tree__	RECURSIVE	1	1	0	0	NONE	0
/nas3/data/axeyum/corpus/smtlib-2024/non-incremental/non-incremental/UFDT/20170428-Barrett/cdt-cade2015/data/afp/coinductive_list/x2015_09_10_16_56_26_426_1451213.smt_in.smt2	Nat_option$	0	0	0	1	0	NONE	0
/nas3/data/axeyum/corpus/smtlib-2024/non-incremental/non-incremental/UFDT/20170428-Barrett/cdt-cade2015/data/afp/coinductive_list/x2015_09_10_16_56_26_426_1451213.smt_in.smt2	Enat$	1	0	1	0	0	NONE	1
/nas3/data/axeyum/corpus/smtlib-2024/non-incremental/non-incremental/UFDT/20170428-Barrett/cdt-cade2015/data/afp/coinductive_list/x2015_09_10_16_56_26_426_1451213.smt_in.smt2	Natural$	0	0	0	1	0	NONE	0
/nas3/data/axeyum/corpus/smtlib-2024/non-incremental/non-incremental/UFDT/20170428-Barrett/cdt-cade2015/data/afp/coinductive_list/x2015_09_10_16_56_26_426_1451213.smt_in.smt2	Natural_natural_prod$	1	0	1	0	0	NONE	1
/nas3/data/axeyum/corpus/smtlib-2024/non-incremental/non-incremental/UFDT/20170428-Barrett/cdt-cade2015/data/afp/coinductive_list/x2015_09_10_16_56_26_426_1451213.smt_in.smt2	Enat_enat_prod$	2	0	1	0	0	NONE	1
/nas3/data/axeyum/corpus/smtlib-2024/non-incremental/non-incremental/UFDT/20170428-Barrett/cdt-cade2015/data/afp/coinductive_list/x2015_09_10_16_56_26_426_1451213.smt_in.smt2	Nibble$	0	0	0	1	0	NONE	0
/nas3/data/axeyum/corpus/smtlib-2024/non-incremental/non-incremental/UFDT/20170428-Barrett/cdt-cade2015/data/afp/coinductive_list/x2015_09_10_16_56_26_426_1451213.smt_in.smt2	Char$	1	0	1	0	0	NONE	1
/nas3/data/axeyum/corpus/smtlib-2024/non-incremental/non-incremental/UFDT/20170428-Barrett/cdt-cade2015/data/afp/coinductive_list/x2015_09_10_16_56_26_426_1451213.smt_in.smt2	Char_list$	RECURSIVE	1	1	0	0	NONE	0
/nas3/data/axeyum/corpus/smtlib-2024/non-incremental/non-incremental/UFDT/20170428-Barrett/cdt-cade2015/data/afp/coinductive_list/x2015_09_10_16_56_26_426_1451213.smt_in.smt2	Literal$	RECURSIVE	1	1	0	0	NONE	0
/nas3/data/axeyum/corpus/smtlib-2024/non-incremental/non-incremental/UFDT/20170428-Barrett/cdt-cade2015/data/afp/coinductive_list/x2015_09_10_17_02_27_088_1828285.smt_in.smt2	Nat_option$	0	0	0	1	0	NONE	0
/nas3/data/axeyum/corpus/smtlib-2024/non-incremental/non-incremental/UFDT/20170428-Barrett/cdt-cade2015/data/afp/coinductive_list/x2015_09_10_17_02_27_088_1828285.smt_in.smt2	Enat$	1	0	1	0	0	NONE	1
/nas3/data/axeyum/corpus/smtlib-2024/non-incremental/non-incremental/UFDT/20170428-Barrett/cdt-cade2015/data/afp/coinductive_list/x2015_09_10_17_02_27_088_1828285.smt_in.smt2	Enat_enat_prod$	2	0	1	0	0	NONE	1
/nas3/data/axeyum/corpus/smtlib-2024/non-incremental/non-incremental/UFDT/20170428-Barrett/cdt-cade2015/data/afp/coinductive_list/x2015_09_10_17_02_27_088_1828285.smt_in.smt2	Natural$	0	0	0	1	0	NONE	0
/nas3/data/axeyum/corpus/smtlib-2024/non-incremental/non-incremental/UFDT/20170428-Barrett/cdt-cade2015/data/afp/coinductive_list/x2015_09_10_17_02_27_088_1828285.smt_in.smt2	A_a_prod$	0	0	0	1	0	NONE	0
/nas3/data/axeyum/corpus/smtlib-2024/non-incremental/non-incremental/UFDT/20170428-Barrett/cdt-cade2015/data/afp/coinductive_list/x2015_09_10_17_02_27_088_1828285.smt_in.smt2	A_enat_prod$	2	0	1	0	0	NONE	1
/nas3/data/axeyum/corpus/smtlib-2024/non-incremental/non-incremental/UFDT/20170428-Barrett/cdt-cade2015/data/afp/coinductive_list/x2015_09_10_17_02_27_088_1828285.smt_in.smt2	Enat_a_prod$	2	0	1	0	0	NONE	1
/nas3/data/axeyum/corpus/smtlib-2024/non-incremental/non-incremental/UFDT/20170428-Barrett/cdt-cade2015/data/afp/coinductive_list/x2015_09_10_17_02_27_088_1828285.smt_in.smt2	Nat_nat_prod$	0	0	0	1	0	NONE	0
/nas3/data/axeyum/corpus/smtlib-2024/non-incremental/non-incremental/UFDT/20170428-Barrett/cdt-cade2015/data/afp/coinductive_list/x2015_09_10_17_07_05_353_2208923.smt_in.smt2	Nat_option$	0	0	0	1	0	NONE	0
/nas3/data/axeyum/corpus/smtlib-2024/non-incremental/non-incremental/UFDT/20170428-Barrett/cdt-cade2015/data/afp/coinductive_list/x2015_09_10_17_07_05_353_2208923.smt_in.smt2	Enat$	1	0	1	0	0	NONE	1
/nas3/data/axeyum/corpus/smtlib-2024/non-incremental/non-incremental/UFDT/20170428-Barrett/cdt-cade2015/data/afp/coinductive_list/x2015_09_10_17_07_05_353_2208923.smt_in.smt2	A_a_prod$	0	0	0	1	0	NONE	0
/nas3/data/axeyum/corpus/smtlib-2024/non-incremental/non-incremental/UFDT/20170428-Barrett/cdt-cade2015/data/afp/coinductive_list/x2015_09_10_17_11_40_456_2571350.smt_in.smt2	Nat_option$	0	0	0	1	0	NONE	0
/nas3/data/axeyum/corpus/smtlib-2024/non-incremental/non-incremental/UFDT/20170428-Barrett/cdt-cade2015/data/afp/coinductive_list/x2015_09_10_17_11_40_456_2571350.smt_in.smt2	Enat$	1	0	1	0	0	NONE	1
/nas3/data/axeyum/corpus/smtlib-2024/non-incremental/non-incremental/UFDT/20170428-Barrett/cdt-cade2015/data/afp/huffman/x2015_09_10_16_47_35_761_1061201.smt_in.smt2	A_tree$	RECURSIVE	1	1	0	0	NONE	0
/nas3/data/axeyum/corpus/smtlib-2024/non-incremental/non-incremental/UFDT/20170428-Barrett/cdt-cade2015/data/afp/koenigslemma/x2015_09_10_16_54_31_544_1171607.smt_in.smt2	Node_node_set_prod$	0	0	0	1	0	NONE	0
/nas3/data/axeyum/corpus/smtlib-2024/non-incremental/non-incremental/UFDT/20170428-Barrett/cdt-cade2015/data/afp/koenigslemma/x2015_09_10_16_54_31_544_1171607.smt_in.smt2	Node_node_sum$	0	0	0	1	0	NONE	0
/nas3/data/axeyum/corpus/smtlib-2024/non-incremental/non-incremental/UFDT/20170428-Barrett/cdt-cade2015/data/afp/koenigslemma/x2015_09_10_16_54_31_544_1171607.smt_in.smt2	Node_option$	0	0	0	1	0	NONE	0
/nas3/data/axeyum/corpus/smtlib-2024/non-incremental/non-incremental/UFDT/20170428-Barrett/cdt-cade2015/data/afp/koenigslemma/x2015_09_10_16_54_31_544_1171607.smt_in.smt2	Node_node_prod$	0	0	0	1	0	NONE	0
/nas3/data/axeyum/corpus/smtlib-2024/non-incremental/non-incremental/UFDT/20170428-Barrett/cdt-cade2015/data/distro/gram_lang/x2015_09_10_16_49_58_321_1226378.smt_in.smt2	N_T_N_sum_set_prod$	0	0	0	1	0	NONE	0
/nas3/data/axeyum/corpus/smtlib-2024/non-incremental/non-incremental/UFDT/20170428-Barrett/cdt-cade2015/data/distro/gram_lang/x2015_09_10_16_49_58_321_1226378.smt_in.smt2	T_N_sum$	0	0	0	1	0	NONE	0
/nas3/data/axeyum/corpus/smtlib-2024/non-incremental/non-incremental/UFDT/20170428-Barrett/cdt-cade2015/data/distro/gram_lang/x2015_09_10_16_49_58_321_1226378.smt_in.smt2	T_dtree_sum$	0	0	0	1	0	NONE	0
/nas3/data/axeyum/corpus/smtlib-2024/non-incremental/non-incremental/UFDT/20170428-Barrett/cdt-cade2015/data/distro/gram_lang/x2015_09_10_16_49_58_321_1226378.smt_in.smt2	N_dtree_sum$	0	0	0	1	0	NONE	0
/nas3/data/axeyum/corpus/smtlib-2024/non-incremental/non-incremental/UFDT/20170428-Barrett/cdt-cade2015/data/distro/gram_lang/x2015_09_10_16_49_58_321_1226378.smt_in.smt2	T_T_N_sum_sum$	1	0	1	0	0	NONE	1
/nas3/data/axeyum/corpus/smtlib-2024/non-incremental/non-incremental/UFDT/20170428-Barrett/cdt-cade2015/data/distro/gram_lang/x2015_09_10_16_49_58_321_1226378.smt_in.smt2	T_T_dtree_sum_sum$	1	0	1	0	0	NONE	1
/nas3/data/axeyum/corpus/smtlib-2024/non-incremental/non-incremental/UFDT/20170428-Barrett/cdt-cade2015/data/distro/gram_lang/x2015_09_10_16_49_58_321_1226378.smt_in.smt2	N_T_N_sum_sum$	1	0	1	0	0	NONE	1
/nas3/data/axeyum/corpus/smtlib-2024/non-incremental/non-incremental/UFDT/20170428-Barrett/cdt-cade2015/data/distro/gram_lang/x2015_09_10_16_49_58_321_1226378.smt_in.smt2	N_T_dtree_sum_sum$	1	0	1	0	0	NONE	1
/nas3/data/axeyum/corpus/smtlib-2024/non-incremental/non-incremental/UFDT/20170428-Barrett/cdt-cade2015/data/distro/gram_lang/x2015_09_10_16_49_58_321_1226378.smt_in.smt2	T_T_sum$	0	0	0	1	0	NONE	0
/nas3/data/axeyum/corpus/smtlib-2024/non-incremental/non-incremental/UFDT/20170428-Barrett/cdt-cade2015/data/distro/gram_lang/x2015_09_10_16_49_58_321_1226378.smt_in.smt2	N_T_sum$	0	0	0	1	0	NONE	0
/nas3/data/axeyum/corpus/smtlib-2024/non-incremental/non-incremental/UFDT/20170428-Barrett/cdt-cade2015/data/distro/gram_lang/x2015_09_10_16_49_58_321_1226378.smt_in.smt2	N_N_sum$	0	0	0	1	0	NONE	0
/nas3/data/axeyum/corpus/smtlib-2024/non-incremental/non-incremental/UFDT/20170428-Barrett/cdt-cade2015/data/distro/rbt_impl/x2015_09_10_16_53_44_447_1347169.smt_in.smt2	Color$	0	0	0	1	0	NONE	0
/nas3/data/axeyum/corpus/smtlib-2024/non-incremental/non-incremental/UFDT/20170428-Barrett/cdt-cade2015/data/distro/rbt_impl/x2015_09_10_16_53_44_447_1347169.smt_in.smt2	A_b_rbt$	RECURSIVE	1	1	0	0	NONE	0
/nas3/data/axeyum/corpus/smtlib-2024/non-incremental/non-incremental/UFDT/20170428-Barrett/cdt-cade2015/data/distro/rbt_impl/x2015_09_10_16_53_44_447_1347169.smt_in.smt2	A_list$	RECURSIVE	1	1	0	0	NONE	0
/nas3/data/axeyum/corpus/smtlib-2024/non-incremental/non-incremental/UFDT/20170428-Barrett/cdt-cade2015/data/distro/rbt_impl/x2015_09_10_16_53_44_447_1347169.smt_in.smt2	A_b_prod$	0	0	0	1	0	NONE	0
/nas3/data/axeyum/corpus/smtlib-2024/non-incremental/non-incremental/UFDT/20170428-Barrett/cdt-cade2015/data/distro/rbt_impl/x2015_09_10_16_53_44_447_1347169.smt_in.smt2	A_list_list$	RECURSIVE	1	1	0	0	NONE	0
/nas3/data/axeyum/corpus/smtlib-2024/non-incremental/non-incremental/UFDT/20170428-Barrett/cdt-cade2015/data/distro/rbt_impl/x2015_09_10_16_53_44_447_1347169.smt_in.smt2	A_list_list_list$	RECURSIVE	1	1	0	0	NONE	0
/nas3/data/axeyum/corpus/smtlib-2024/non-incremental/non-incremental/UFDT/20170428-Barrett/cdt-cade2015/data/distro/rbt_impl/x2015_09_10_16_53_44_447_1347169.smt_in.smt2	A_b_prod_list$	RECURSIVE	1	1	0	0	NONE	0
/nas3/data/axeyum/corpus/smtlib-2024/non-incremental/non-incremental/UFDT/20170428-Barrett/cdt-cade2015/data/distro/rbt_impl/x2015_09_10_16_53_44_447_1347169.smt_in.smt2	B_option$	0	0	0	1	0	NONE	0
/nas3/data/axeyum/corpus/smtlib-2024/non-incremental/non-incremental/UFDT/20170428-Barrett/cdt-cade2015/data/distro/rbt_impl/x2015_09_10_16_53_44_447_1347169.smt_in.smt2	A_list_list_list_list$	RECURSIVE	1	1	0	0	NONE	0
/nas3/data/axeyum/corpus/smtlib-2024/non-incremental/non-incremental/UFDT/20170428-Barrett/cdt-cade2015/data/distro/rbt_impl/x2015_09_10_16_53_44_447_1347169.smt_in.smt2	A_b_prod_list_list$	RECURSIVE	1	1	0	0	NONE	0
/nas3/data/axeyum/corpus/smtlib-2024/non-incremental/non-incremental/UFDT/20170428-Barrett/cdt-cade2015/data/distro/stream/x2015_09_10_16_48_00_940_1067211.smt_in.smt2	Nat_list$	RECURSIVE	1	1	0	0	NONE	0
/nas3/data/axeyum/corpus/smtlib-2024/non-incremental/non-incremental/UFDT/20170428-Barrett/cdt-cade2015/data/distro/stream/x2015_09_10_16_48_00_940_1067211.smt_in.smt2	A_list$	RECURSIVE	1	1	0	0	NONE	0
/nas3/data/axeyum/corpus/smtlib-2024/non-incremental/non-incremental/UFDT/20170428-Barrett/cdt-cade2015/data/distro/stream/x2015_09_10_16_48_00_940_1067211.smt_in.smt2	Nat_stream_list$	RECURSIVE	1	1	0	0	NONE	0
/nas3/data/axeyum/corpus/smtlib-2024/non-incremental/non-incremental/UFDT/20170428-Barrett/cdt-cade2015/data/distro/stream/x2015_09_10_16_48_00_940_1067211.smt_in.smt2	Nat_list_list$	RECURSIVE	1	1	0	0	NONE	0
/nas3/data/axeyum/corpus/smtlib-2024/non-incremental/non-incremental/UFDT/20170428-Barrett/rec-fun-ijcar2016/wo-wdf/isa_nun_bench_v4_enc/nunchaku1790815.nun.smt2	list__	RECURSIVE	1	1	0	0	NONE	0
/nas3/data/axeyum/corpus/smtlib-2024/non-incremental/non-incremental/UFDT/20170428-Barrett/rec-fun-ijcar2016/wo-wdf/isa_nun_bench_v4_enc/nunchaku1790815.nun.smt2	nat__	RECURSIVE	1	1	0	0	NONE	0
/nas3/data/axeyum/corpus/smtlib-2024/non-incremental/non-incremental/UFDT/20170428-Barrett/rec-fun-ijcar2016/wo-wdf/isa_nun_bench_v4_enc/nunchaku2995533.nun.smt2	nat__	RECURSIVE	1	1	0	0	NONE	0
/nas3/data/axeyum/corpus/smtlib-2024/non-incremental/non-incremental/UFDT/20170428-Barrett/rec-fun-ijcar2016/wo-wdf/isa_nun_bench_v4_enc/nunchaku2995533.nun.smt2	list__	RECURSIVE	1	1	0	0	NONE	0
/nas3/data/axeyum/corpus/smtlib-2024/non-incremental/non-incremental/UFDT/20170428-Barrett/cdt-cade2015/data/afp/coinductive_list/x2015_09_10_16_56_59_960_1476927.smt_in.smt2	Nat_option$	0	0	0	1	0	NONE	0
/nas3/data/axeyum/corpus/smtlib-2024/non-incremental/non-incremental/UFDT/20170428-Barrett/cdt-cade2015/data/afp/coinductive_list/x2015_09_10_16_56_59_960_1476927.smt_in.smt2	Enat$	1	0	1	0	0	NONE	1
/nas3/data/axeyum/corpus/smtlib-2024/non-incremental/non-incremental/UFDT/20170428-Barrett/cdt-cade2015/data/afp/coinductive_list/x2015_09_10_17_02_54_315_1863800.smt_in.smt2	A_llist_b_llist_prod$	0	0	0	1	0	NONE	0
/nas3/data/axeyum/corpus/smtlib-2024/non-incremental/non-incremental/UFDT/20170428-Barrett/cdt-cade2015/data/afp/coinductive_list/x2015_09_10_17_02_54_315_1863800.smt_in.smt2	A_b_prod$	0	0	0	1	0	NONE	0
/nas3/data/axeyum/corpus/smtlib-2024/non-incremental/non-incremental/UFDT/20170428-Barrett/cdt-cade2015/data/afp/coinductive_list/x2015_09_10_17_02_54_315_1863800.smt_in.smt2	B_a_b_prod_prod$	1	0	1	0	0	NONE	1
/nas3/data/axeyum/corpus/smtlib-2024/non-incremental/non-incremental/UFDT/20170428-Barrett/cdt-cade2015/data/afp/coinductive_list/x2015_09_10_17_02_54_315_1863800.smt_in.smt2	B_b_prod$	0	0	0	1	0	NONE	0
/nas3/data/axeyum/corpus/smtlib-2024/non-incremental/non-incremental/UFDT/20170428-Barrett/cdt-cade2015/data/afp/coinductive_list/x2015_09_10_17_02_54_315_1863800.smt_in.smt2	B_a_prod$	0	0	0	1	0	NONE	0
/nas3/data/axeyum/corpus/smtlib-2024/non-incremental/non-incremental/UFDT/20170428-Barrett/cdt-cade2015/data/afp/coinductive_list/x2015_09_10_17_02_54_315_1863800.smt_in.smt2	A_a_b_prod_prod$	1	0	1	0	0	NONE	1
/nas3/data/axeyum/corpus/smtlib-2024/non-incremental/non-incremental/UFDT/20170428-Barrett/cdt-cade2015/data/afp/coinductive_list/x2015_09_10_17_02_54_315_1863800.smt_in.smt2	A_a_prod$	0	0	0	1	0	NONE	0
/nas3/data/axeyum/corpus/smtlib-2024/non-incremental/non-incremental/UFDT/20170428-Barrett/cdt-cade2015/data/afp/coinductive_list/x2015_09_10_17_02_54_315_1863800.smt_in.smt2	A_llist_a_llist_prod$	0	0	0	1	0	NONE	0
/nas3/data/axeyum/corpus/smtlib-2024/non-incremental/non-incremental/UFDT/20170428-Barrett/cdt-cade2015/data/afp/coinductive_list/x2015_09_10_17_02_54_315_1863800.smt_in.smt2	B_llist_a_llist_prod$	0	0	0	1	0	NONE	0
/nas3/data/axeyum/corpus/smtlib-2024/non-incremental/non-incremental/UFDT/20170428-Barrett/cdt-cade2015/data/afp/coinductive_list/x2015_09_10_17_02_54_315_1863800.smt_in.smt2	B_llist_b_llist_prod$	0	0	0	1	0	NONE	0
/nas3/data/axeyum/corpus/smtlib-2024/non-incremental/non-incremental/UFDT/20170428-Barrett/cdt-cade2015/data/afp/coinductive_list/x2015_09_10_17_02_54_315_1863800.smt_in.smt2	A_llist_a_b_prod_llist_prod$	0	0	0	1	0	NONE	0
/nas3/data/axeyum/corpus/smtlib-2024/non-incremental/non-incremental/UFDT/20170428-Barrett/cdt-cade2015/data/afp/coinductive_list/x2015_09_10_17_02_54_315_1863800.smt_in.smt2	B_llist_a_b_prod_llist_prod$	0	0	0	1	0	NONE	0
/nas3/data/axeyum/corpus/smtlib-2024/non-incremental/non-incremental/UFDT/20170428-Barrett/cdt-cade2015/data/afp/coinductive_list/x2015_09_10_17_02_54_315_1863800.smt_in.smt2	A_b_prod_llist_a_llist_prod$	0	0	0	1	0	NONE	0
/nas3/data/axeyum/corpus/smtlib-2024/non-incremental/non-incremental/UFDT/20170428-Barrett/cdt-cade2015/data/afp/coinductive_list/x2015_09_10_17_02_54_315_1863800.smt_in.smt2	A_b_prod_a_prod$	1	0	1	0	0	NONE	1
/nas3/data/axeyum/corpus/smtlib-2024/non-incremental/non-incremental/UFDT/20170428-Barrett/cdt-cade2015/data/afp/coinductive_list/x2015_09_10_17_02_54_315_1863800.smt_in.smt2	A_b_prod_llist_b_llist_prod$	0	0	0	1	0	NONE	0
/nas3/data/axeyum/corpus/smtlib-2024/non-incremental/non-incremental/UFDT/20170428-Barrett/cdt-cade2015/data/afp/coinductive_list/x2015_09_10_17_02_54_315_1863800.smt_in.smt2	A_b_prod_b_prod$	1	0	1	0	0	NONE	1
/nas3/data/axeyum/corpus/smtlib-2024/non-incremental/non-incremental/UFDT/20170428-Barrett/cdt-cade2015/data/afp/coinductive_list/x2015_09_10_17_02_54_315_1863800.smt_in.smt2	A_b_prod_llist_a_b_prod_llist_prod$	0	0	0	1	0	NONE	0
/nas3/data/axeyum/corpus/smtlib-2024/non-incremental/non-incremental/UFDT/20170428-Barrett/cdt-cade2015/data/afp/coinductive_list/x2015_09_10_17_02_54_315_1863800.smt_in.smt2	A_b_prod_a_b_prod_prod$	1	0	1	0	0	NONE	1
/nas3/data/axeyum/corpus/smtlib-2024/non-incremental/non-incremental/UFDT/20170428-Barrett/cdt-cade2015/data/afp/coinductive_list/x2015_09_10_17_02_54_315_1863800.smt_in.smt2	A_llist_b_b_prod_llist_prod$	0	0	0	1	0	NONE	0
/nas3/data/axeyum/corpus/smtlib-2024/non-incremental/non-incremental/UFDT/20170428-Barrett/cdt-cade2015/data/afp/coinductive_list/x2015_09_10_17_02_54_315_1863800.smt_in.smt2	A_b_b_prod_prod$	1	0	1	0	0	NONE	1
/nas3/data/axeyum/corpus/smtlib-2024/non-incremental/non-incremental/UFDT/20170428-Barrett/cdt-cade2015/data/afp/coinductive_list/x2015_09_10_17_02_54_315_1863800.smt_in.smt2	A_a_prod_llist_a_a_prod_llist_prod$	0	0	0	1	0	NONE	0
/nas3/data/axeyum/corpus/smtlib-2024/non-incremental/non-incremental/UFDT/20170428-Barrett/cdt-cade2015/data/afp/coinductive_list/x2015_09_10_17_12_03_470_2601671.smt_in.smt2	Nat_option$	0	0	0	1	0	NONE	0
/nas3/data/axeyum/corpus/smtlib-2024/non-incremental/non-incremental/UFDT/20170428-Barrett/cdt-cade2015/data/afp/coinductive_list/x2015_09_10_17_12_03_470_2601671.smt_in.smt2	Enat$	1	0	1	0	0	NONE	1
/nas3/data/axeyum/corpus/smtlib-2024/non-incremental/non-incremental/UFDT/20170428-Barrett/cdt-cade2015/data/afp/coinductive_stream/x2015_09_10_17_22_40_406_1102174.smt_in.smt2	A_a_prod$	0	0	0	1	0	NONE	0
/nas3/data/axeyum/corpus/smtlib-2024/non-incremental/non-incremental/UFDT/20170428-Barrett/cdt-cade2015/data/afp/coinductive_stream/x2015_09_10_17_22_40_406_1102174.smt_in.smt2	A_a_a_prod_prod$	1	0	1	0	0	NONE	1
/nas3/data/axeyum/corpus/smtlib-2024/non-incremental/non-incremental/UFDT/20170428-Barrett/cdt-cade2015/data/afp/coinductive_stream/x2015_09_10_17_22_40_406_1102174.smt_in.smt2	A_a_prod_a_prod$	1	0	1	0	0	NONE	1
/nas3/data/axeyum/corpus/smtlib-2024/non-incremental/non-incremental/UFDT/20170428-Barrett/cdt-cade2015/data/afp/coinductive_stream/x2015_09_10_17_22_40_406_1102174.smt_in.smt2	A_a_prod_a_a_prod_prod$	1	0	1	0	0	NONE	1
/nas3/data/axeyum/corpus/smtlib-2024/non-incremental/non-incremental/UFDT/20170428-Barrett/cdt-cade2015/data/afp/coinductive_stream/x2015_09_10_17_22_40_406_1102174.smt_in.smt2	A_bool_fun_a_stream_prod$	0	0	0	1	0	NONE	0
/nas3/data/axeyum/corpus/smtlib-2024/non-incremental/non-incremental/UFDT/20170428-Barrett/cdt-cade2015/data/afp/coinductive_stream/x2015_09_10_17_22_40_406_1102174.smt_in.smt2	A_a_prod_bool_fun_a_a_prod_stream_prod$	0	0	0	1	0	NONE	0
/nas3/data/axeyum/corpus/smtlib-2024/non-incremental/non-incremental/UFDT/20170428-Barrett/cdt-cade2015/data/afp/coinductive_stream/x2015_09_10_17_22_40_406_1102174.smt_in.smt2	Nat_nat_prod$	0	0	0	1	0	NONE	0
/nas3/data/axeyum/corpus/smtlib-2024/non-incremental/non-incremental/UFDT/20170428-Barrett/cdt-cade2015/data/afp/huffman/x2015_09_10_16_48_17_898_1104086.smt_in.smt2	A_tree$	RECURSIVE	1	1	0	0	NONE	0
/nas3/data/axeyum/corpus/smtlib-2024/non-incremental/non-incremental/UFDT/20170428-Barrett/cdt-cade2015/data/distro/gram_lang/x2015_09_10_16_50_33_439_1257062.smt_in.smt2	T_dtree_sum$	0	0	0	1	0	NONE	0
/nas3/data/axeyum/corpus/smtlib-2024/non-incremental/non-incremental/UFDT/20170428-Barrett/cdt-cade2015/data/distro/koenig/x2015_09_10_16_44_58_114_998500.smt_in.smt2	A_treeFI_list$	RECURSIVE	1	1	0	0	NONE	0
/nas3/data/axeyum/corpus/smtlib-2024/non-incremental/non-incremental/UFDT/20170428-Barrett/cdt-cade2015/data/distro/koenig/x2015_09_10_16_44_58_114_998500.smt_in.smt2	A_treeFI_treeFI_list$	RECURSIVE	1	1	0	0	NONE	0
/nas3/data/axeyum/corpus/smtlib-2024/non-incremental/non-incremental/UFDT/20170428-Barrett/cdt-cade2015/data/distro/koenig/x2015_09_10_16_44_58_114_998500.smt_in.smt2	A_treeFI_treeFI_treeFI_list$	RECURSIVE	1	1	0	0	NONE	0
/nas3/data/axeyum/corpus/smtlib-2024/non-incremental/non-incremental/UFDT/20170428-Barrett/cdt-cade2015/data/distro/koenig/x2015_09_10_16_44_58_114_998500.smt_in.smt2	A_list$	RECURSIVE	1	1	0	0	NONE	0
/nas3/data/axeyum/corpus/smtlib-2024/non-incremental/non-incremental/UFDT/20170428-Barrett/cdt-cade2015/data/distro/koenig/x2015_09_10_16_44_58_114_998500.smt_in.smt2	A_option$	0	0	0	1	0	NONE	0
/nas3/data/axeyum/corpus/smtlib-2024/non-incremental/non-incremental/UFDT/20170428-Barrett/cdt-cade2015/data/distro/koenig/x2015_09_10_16_44_58_114_998500.smt_in.smt2	A_treeFI_treeFI_option$	0	0	0	1	0	NONE	0
/nas3/data/axeyum/corpus/smtlib-2024/non-incremental/non-incremental/UFDT/20170428-Barrett/cdt-cade2015/data/distro/koenig/x2015_09_10_16_44_58_114_998500.smt_in.smt2	A_treeFI_option$	0	0	0	1	0	NONE	0
/nas3/data/axeyum/corpus/smtlib-2024/non-incremental/non-incremental/UFDT/20170428-Barrett/cdt-cade2015/data/distro/koenig/x2015_09_10_16_44_58_114_998500.smt_in.smt2	A_treeFI_list_list$	RECURSIVE	1	1	0	0	NONE	0
/nas3/data/axeyum/corpus/smtlib-2024/non-incremental/non-incremental/UFDT/20170428-Barrett/cdt-cade2015/data/distro/rbt_impl/x2015_09_10_16_54_15_921_1411479.smt_in.smt2	A_b_prod$	0	0	0	1	0	NONE	0
/nas3/data/axeyum/corpus/smtlib-2024/non-incremental/non-incremental/UFDT/20170428-Barrett/cdt-cade2015/data/distro/rbt_impl/x2015_09_10_16_54_15_921_1411479.smt_in.smt2	A_b_prod_list$	RECURSIVE	1	1	0	0	NONE	0
/nas3/data/axeyum/corpus/smtlib-2024/non-incremental/non-incremental/UFDT/20170428-Barrett/cdt-cade2015/data/distro/rbt_impl/x2015_09_10_16_54_15_921_1411479.smt_in.smt2	Color$	0	0	0	1	0	NONE	0
/nas3/data/axeyum/corpus/smtlib-2024/non-incremental/non-incremental/UFDT/20170428-Barrett/cdt-cade2015/data/distro/rbt_impl/x2015_09_10_16_54_15_921_1411479.smt_in.smt2	A_b_rbt$	RECURSIVE	1	1	0	0	NONE	0
/nas3/data/axeyum/corpus/smtlib-2024/non-incremental/non-incremental/UFDT/20170428-Barrett/cdt-cade2015/data/distro/rbt_impl/x2015_09_10_16_54_15_921_1411479.smt_in.smt2	B_a_b_rbt_prod$	RECURSIVE	1	1	0	0	NONE	0
/nas3/data/axeyum/corpus/smtlib-2024/non-incremental/non-incremental/UFDT/20170428-Barrett/cdt-cade2015/data/distro/rbt_impl/x2015_09_10_16_54_15_921_1411479.smt_in.smt2	A_b_a_b_rbt_prod_prod$	RECURSIVE	1	1	0	0	NONE	0
/nas3/data/axeyum/corpus/smtlib-2024/non-incremental/non-incremental/UFDT/20170428-Barrett/cdt-cade2015/data/distro/rbt_impl/x2015_09_10_16_54_15_921_1411479.smt_in.smt2	A_b_b_b_fun_fun_fun_a_b_a_b_rbt_prod_prod_prod$	RECURSIVE	1	1	0	0	NONE	0
/nas3/data/axeyum/corpus/smtlib-2024/non-incremental/non-incremental/UFDT/20170428-Barrett/cdt-cade2015/data/distro/rbt_impl/x2015_09_10_16_54_15_921_1411479.smt_in.smt2	B_a_prod$	0	0	0	1	0	NONE	0
/nas3/data/axeyum/corpus/smtlib-2024/non-incremental/non-incremental/UFDT/20170428-Barrett/cdt-cade2015/data/distro/rbt_impl/x2015_09_10_16_54_15_921_1411479.smt_in.smt2	A_b_b_b_fun_fun_fun_a_b_a_b_rbt_prod_prod_rbt$	RECURSIVE	1	1	0	0	NONE	0
/nas3/data/axeyum/corpus/smtlib-2024/non-incremental/non-incremental/UFDT/20170428-Barrett/cdt-cade2015/data/distro/rbt_impl/x2015_09_10_16_54_15_921_1411479.smt_in.smt2	A_b_b_b_fun_fun_fun_list$	RECURSIVE	1	1	0	0	NONE	0
/nas3/data/axeyum/corpus/smtlib-2024/non-incremental/non-incremental/UFDT/20170428-Barrett/cdt-cade2015/data/distro/rbt_impl/x2015_09_10_16_54_15_921_1411479.smt_in.smt2	A_b_b_b_fun_fun_fun_a_b_a_b_rbt_prod_prod_prod_list$	RECURSIVE	1	1	0	0	NONE	0
/nas3/data/axeyum/corpus/smtlib-2024/non-incremental/non-incremental/UFDT/20170428-Barrett/cdt-cade2015/data/distro/rbt_impl/x2015_09_10_16_54_15_921_1411479.smt_in.smt2	A_b_a_b_rbt_prod_rbt$	RECURSIVE	1	1	0	0	NONE	0
/nas3/data/axeyum/corpus/smtlib-2024/non-incremental/non-incremental/UFDT/20170428-Barrett/cdt-cade2015/data/distro/rbt_impl/x2015_09_10_16_54_15_921_1411479.smt_in.smt2	A_list$	RECURSIVE	1	1	0	0	NONE	0
/nas3/data/axeyum/corpus/smtlib-2024/non-incremental/non-incremental/UFDT/20170428-Barrett/cdt-cade2015/data/distro/rbt_impl/x2015_09_10_16_54_15_921_1411479.smt_in.smt2	A_b_a_b_rbt_prod_prod_list$	RECURSIVE	1	1	0	0	NONE	0
/nas3/data/axeyum/corpus/smtlib-2024/non-incremental/non-incremental/UFDT/20170428-Barrett/cdt-cade2015/data/distro/rbt_impl/x2015_09_10_16_54_15_921_1411479.smt_in.smt2	B_a_b_rbt_rbt$	RECURSIVE	1	1	0	0	NONE	0
/nas3/data/axeyum/corpus/smtlib-2024/non-incremental/non-incremental/UFDT/20170428-Barrett/cdt-cade2015/data/distro/rbt_impl/x2015_09_10_16_54_15_921_1411479.smt_in.smt2	B_list$	RECURSIVE	1	1	0	0	NONE	0
/nas3/data/axeyum/corpus/smtlib-2024/non-incremental/non-incremental/UFDT/20170428-Barrett/cdt-cade2015/data/distro/rbt_impl/x2015_09_10_16_54_15_921_1411479.smt_in.smt2	B_a_b_rbt_prod_list$	RECURSIVE	1	1	0	0	NONE	0
/nas3/data/axeyum/corpus/smtlib-2024/non-incremental/non-incremental/UFDT/20170428-Barrett/cdt-cade2015/data/distro/rbt_impl/x2015_09_10_16_54_15_921_1411479.smt_in.smt2	B_a_rbt$	RECURSIVE	1	1	0	0	NONE	0
/nas3/data/axeyum/corpus/smtlib-2024/non-incremental/non-incremental/UFDT/20170428-Barrett/cdt-cade2015/data/distro/rbt_impl/x2015_09_10_16_54_15_921_1411479.smt_in.smt2	B_a_prod_list$	RECURSIVE	1	1	0	0	NONE	0
/nas3/data/axeyum/corpus/smtlib-2024/non-incremental/non-incremental/UFDT/20170428-Barrett/cdt-cade2015/data/distro/rbt_impl/x2015_09_10_16_54_15_921_1411479.smt_in.smt2	A_b_a_b_rbt_prod_prod_a_b_b_b_fun_fun_fun_prod$	RECURSIVE	1	1	0	0	NONE	0
/nas3/data/axeyum/corpus/smtlib-2024/non-incremental/non-incremental/UFDT/20170428-Barrett/cdt-cade2015/data/distro/rbt_impl/x2015_09_10_16_54_15_921_1411479.smt_in.smt2	B_a_b_rbt_prod_a_prod$	RECURSIVE	1	1	0	0	NONE	0
/nas3/data/axeyum/corpus/smtlib-2024/non-incremental/non-incremental/UFDT/20170428-Barrett/cdt-cade2015/data/distro/rbt_impl/x2015_09_10_16_54_15_921_1411479.smt_in.smt2	A_b_rbt_b_prod$	RECURSIVE	1	1	0	0	NONE	0
/nas3/data/axeyum/corpus/smtlib-2024/non-incremental/non-incremental/UFDT/20170428-Barrett/cdt-cade2015/data/distro/stream/x2015_09_10_16_48_34_475_1105236.smt_in.smt2	Nat_list$	RECURSIVE	1	1	0	0	NONE	0
/nas3/data/axeyum/corpus/smtlib-2024/non-incremental/non-incremental/UFDT/20170428-Barrett/rec-fun-ijcar2016/wo-wdf/isa_nun_bench_v4_enc/nunchaku1826202.nun.smt2	list__	RECURSIVE	1	1	0	0	NONE	0
/nas3/data/axeyum/corpus/smtlib-2024/non-incremental/non-incremental/UFDT/20170428-Barrett/rec-fun-ijcar2016/wo-wdf/isa_nun_bench_v4_enc/nunchaku1826202.nun.smt2	nat__	RECURSIVE	1	1	0	0	NONE	0
/nas3/data/axeyum/corpus/smtlib-2024/non-incremental/non-incremental/UFDT/20170428-Barrett/rec-fun-ijcar2016/wo-wdf/isa_nun_bench_v4_enc/nunchaku3084883.nun.smt2	nat__	RECURSIVE	1	1	0	0	NONE	0
/nas3/data/axeyum/corpus/smtlib-2024/non-incremental/non-incremental/UFDT/20170428-Barrett/rec-fun-ijcar2016/wo-wdf/isa_nun_bench_v4_enc/nunchaku3084883.nun.smt2	bdd__	RECURSIVE	1	1	0	0	NONE	0
