file	datatype	depth	cyclic	has_dt_field	today_exact	today_w1	w1_sort	lever_converts
/nas3/data/axeyum/corpus/smtlib-2024/non-incremental/non-incremental/UFDTLIRA/20200306-Kanig/spark2014bench/MA29-016__flow_refinement__levels.adb_127_61_overflow_check___00.smt2	tuple0	0	0	0	1	0	NONE	0
/nas3/data/axeyum/corpus/smtlib-2024/non-incremental/non-incremental/UFDTLIRA/20200306-Kanig/spark2014bench/MA29-016__flow_refinement__levels.adb_127_61_overflow_check___00.smt2	us_type_of_heap__ref	0	0	0	1	0	NONE	0
/nas3/data/axeyum/corpus/smtlib-2024/non-incremental/non-incremental/UFDTLIRA/20200306-Kanig/spark2014bench/MA29-016__flow_refinement__levels.adb_127_61_overflow_check___00.smt2	int__ref	0	0	0	1	0	NONE	0
/nas3/data/axeyum/corpus/smtlib-2024/non-incremental/non-incremental/UFDTLIRA/20200306-Kanig/spark2014bench/MA29-016__flow_refinement__levels.adb_127_61_overflow_check___00.smt2	bool__ref	0	0	0	1	0	NONE	0
/nas3/data/axeyum/corpus/smtlib-2024/non-incremental/non-incremental/UFDTLIRA/20200306-Kanig/spark2014bench/MA29-016__flow_refinement__levels.adb_127_61_overflow_check___00.smt2	us_fixed__ref	0	0	0	1	0	NONE	0
/nas3/data/axeyum/corpus/smtlib-2024/non-incremental/non-incremental/UFDTLIRA/20200306-Kanig/spark2014bench/MA29-016__flow_refinement__levels.adb_127_61_overflow_check___00.smt2	real__ref	0	0	0	1	0	NONE	0
/nas3/data/axeyum/corpus/smtlib-2024/non-incremental/non-incremental/UFDTLIRA/20200306-Kanig/spark2014bench/MA29-016__flow_refinement__levels.adb_127_61_overflow_check___00.smt2	us_private__ref	0	0	0	1	0	NONE	0
/nas3/data/axeyum/corpus/smtlib-2024/non-incremental/non-incremental/UFDTLIRA/20200306-Kanig/spark2014bench/MA29-016__flow_refinement__levels.adb_127_61_overflow_check___00.smt2	integer__ref	0	0	0	1	0	NONE	0
/nas3/data/axeyum/corpus/smtlib-2024/non-incremental/non-incremental/UFDTLIRA/20200306-Kanig/spark2014bench/N617-011__mutable_discr__discr.adb_58_7_precondition___00.smt2	tuple0	0	0	0	1	0	NONE	0
/nas3/data/axeyum/corpus/smtlib-2024/non-incremental/non-incremental/UFDTLIRA/20200306-Kanig/spark2014bench/N617-011__mutable_discr__discr.adb_58_7_precondition___00.smt2	us_type_of_heap__ref	0	0	0	1	0	NONE	0
/nas3/data/axeyum/corpus/smtlib-2024/non-incremental/non-incremental/UFDTLIRA/20200306-Kanig/spark2014bench/N617-011__mutable_discr__discr.adb_58_7_precondition___00.smt2	int__ref	0	0	0	1	0	NONE	0
/nas3/data/axeyum/corpus/smtlib-2024/non-incremental/non-incremental/UFDTLIRA/20200306-Kanig/spark2014bench/N617-011__mutable_discr__discr.adb_58_7_precondition___00.smt2	bool__ref	0	0	0	1	0	NONE	0
/nas3/data/axeyum/corpus/smtlib-2024/non-incremental/non-incremental/UFDTLIRA/20200306-Kanig/spark2014bench/N617-011__mutable_discr__discr.adb_58_7_precondition___00.smt2	us_fixed__ref	0	0	0	1	0	NONE	0
/nas3/data/axeyum/corpus/smtlib-2024/non-incremental/non-incremental/UFDTLIRA/20200306-Kanig/spark2014bench/N617-011__mutable_discr__discr.adb_58_7_precondition___00.smt2	real__ref	0	0	0	1	0	NONE	0
/nas3/data/axeyum/corpus/smtlib-2024/non-incremental/non-incremental/UFDTLIRA/20200306-Kanig/spark2014bench/N617-011__mutable_discr__discr.adb_58_7_precondition___00.smt2	us_private__ref	0	0	0	1	0	NONE	0
/nas3/data/axeyum/corpus/smtlib-2024/non-incremental/non-incremental/UFDTLIRA/20200306-Kanig/spark2014bench/N617-011__mutable_discr__discr.adb_58_7_precondition___00.smt2	natural__ref	0	0	0	1	0	NONE	0
/nas3/data/axeyum/corpus/smtlib-2024/non-incremental/non-incremental/UFDTLIRA/20200306-Kanig/spark2014bench/N617-011__mutable_discr__discr.adb_58_7_precondition___00.smt2	us_split_discrs	0	0	0	1	0	NONE	0
/nas3/data/axeyum/corpus/smtlib-2024/non-incremental/non-incremental/UFDTLIRA/20200306-Kanig/spark2014bench/N617-011__mutable_discr__discr.adb_58_7_precondition___00.smt2	us_split_discrs__ref	1	0	1	0	0	NONE	1
/nas3/data/axeyum/corpus/smtlib-2024/non-incremental/non-incremental/UFDTLIRA/20200306-Kanig/spark2014bench/N617-011__mutable_discr__discr.adb_58_7_precondition___00.smt2	us_rep	1	0	1	0	0	NONE	1
/nas3/data/axeyum/corpus/smtlib-2024/non-incremental/non-incremental/UFDTLIRA/20200306-Kanig/spark2014bench/N617-011__mutable_discr__discr.adb_58_7_precondition___00.smt2	with_default__ref	2	0	1	0	0	NONE	1
/nas3/data/axeyum/corpus/smtlib-2024/non-incremental/non-incremental/UFDTLIRA/20200306-Kanig/spark2014bench/N617-011__mutable_discr__discr.adb_58_7_precondition___00.smt2	t10b__ref	2	0	1	0	0	NONE	1
/nas3/data/axeyum/corpus/smtlib-2024/non-incremental/non-incremental/UFDTLIRA/20200306-Kanig/spark2014bench/N617-011__mutable_discr__discr.adb_58_7_precondition___00.smt2	td2S__ref	2	0	1	0	0	NONE	1
/nas3/data/axeyum/corpus/smtlib-2024/non-incremental/non-incremental/UFDTLIRA/20200306-Kanig/spark2014bench/N617-011__mutable_discr__discr.adb_58_7_precondition___00.smt2	t11b__ref	2	0	1	0	0	NONE	1
/nas3/data/axeyum/corpus/smtlib-2024/non-incremental/non-incremental/UFDTLIRA/20200306-Kanig/spark2014bench/P715-019__flow_subprogram_termination__a-cofuse.ads_272_16_formal_cont.ads_26_4_inconsistent_pre___00.smt2	tuple0	0	0	0	1	0	NONE	0
/nas3/data/axeyum/corpus/smtlib-2024/non-incremental/non-incremental/UFDTLIRA/20200306-Kanig/spark2014bench/P715-019__flow_subprogram_termination__a-cofuse.ads_272_16_formal_cont.ads_26_4_inconsistent_pre___00.smt2	us_type_of_heap__ref	0	0	0	1	0	NONE	0
/nas3/data/axeyum/corpus/smtlib-2024/non-incremental/non-incremental/UFDTLIRA/20200306-Kanig/spark2014bench/P715-019__flow_subprogram_termination__a-cofuse.ads_272_16_formal_cont.ads_26_4_inconsistent_pre___00.smt2	int__ref	0	0	0	1	0	NONE	0
/nas3/data/axeyum/corpus/smtlib-2024/non-incremental/non-incremental/UFDTLIRA/20200306-Kanig/spark2014bench/P715-019__flow_subprogram_termination__a-cofuse.ads_272_16_formal_cont.ads_26_4_inconsistent_pre___00.smt2	bool__ref	0	0	0	1	0	NONE	0
/nas3/data/axeyum/corpus/smtlib-2024/non-incremental/non-incremental/UFDTLIRA/20200306-Kanig/spark2014bench/P715-019__flow_subprogram_termination__a-cofuse.ads_272_16_formal_cont.ads_26_4_inconsistent_pre___00.smt2	us_fixed__ref	0	0	0	1	0	NONE	0
/nas3/data/axeyum/corpus/smtlib-2024/non-incremental/non-incremental/UFDTLIRA/20200306-Kanig/spark2014bench/P715-019__flow_subprogram_termination__a-cofuse.ads_272_16_formal_cont.ads_26_4_inconsistent_pre___00.smt2	real__ref	0	0	0	1	0	NONE	0
/nas3/data/axeyum/corpus/smtlib-2024/non-incremental/non-incremental/UFDTLIRA/20200306-Kanig/spark2014bench/P715-019__flow_subprogram_termination__a-cofuse.ads_272_16_formal_cont.ads_26_4_inconsistent_pre___00.smt2	us_private__ref	0	0	0	1	0	NONE	0
/nas3/data/axeyum/corpus/smtlib-2024/non-incremental/non-incremental/UFDTLIRA/20200306-Kanig/spark2014bench/P715-019__flow_subprogram_termination__a-cofuse.ads_272_16_formal_cont.ads_26_4_inconsistent_pre___00.smt2	private_key__ref	0	0	0	1	0	NONE	0
/nas3/data/axeyum/corpus/smtlib-2024/non-incremental/non-incremental/UFDTLIRA/20200306-Kanig/spark2014bench/P715-019__flow_subprogram_termination__a-cofuse.ads_272_16_formal_cont.ads_26_4_inconsistent_pre___00.smt2	set__ref	0	0	0	1	0	NONE	0
/nas3/data/axeyum/corpus/smtlib-2024/non-incremental/non-incremental/UFDTLIRA/20200306-Kanig/spark2014bench/P715-019__flow_subprogram_termination__a-cofuse.ads_272_16_formal_cont.ads_26_4_inconsistent_pre___00.smt2	integer__ref	0	0	0	1	0	NONE	0
/nas3/data/axeyum/corpus/smtlib-2024/non-incremental/non-incremental/UFDTLIRA/20200306-Kanig/spark2014bench/P715-019__flow_subprogram_termination__a-cofuse.ads_272_16_formal_cont.ads_26_4_inconsistent_pre___00.smt2	count_type__ref	0	0	0	1	0	NONE	0
/nas3/data/axeyum/corpus/smtlib-2024/non-incremental/non-incremental/UFDTLIRA/20200306-Kanig/spark2014bench/P715-019__flow_subprogram_termination__a-cofuse.ads_272_16_formal_cont.ads_26_4_inconsistent_pre___00.smt2	element_type__ref	0	0	0	1	0	NONE	0
/nas3/data/axeyum/corpus/smtlib-2024/non-incremental/non-incremental/UFDTLIRA/20200306-Kanig/spark2014bench/Q328-034__mut_discr__tokens.ads_24_18_inconsistent_pre___00.smt2	tuple0	0	0	0	1	0	NONE	0
/nas3/data/axeyum/corpus/smtlib-2024/non-incremental/non-incremental/UFDTLIRA/20200306-Kanig/spark2014bench/Q328-034__mut_discr__tokens.ads_24_18_inconsistent_pre___00.smt2	us_type_of_heap__ref	0	0	0	1	0	NONE	0
/nas3/data/axeyum/corpus/smtlib-2024/non-incremental/non-incremental/UFDTLIRA/20200306-Kanig/spark2014bench/Q328-034__mut_discr__tokens.ads_24_18_inconsistent_pre___00.smt2	int__ref	0	0	0	1	0	NONE	0
/nas3/data/axeyum/corpus/smtlib-2024/non-incremental/non-incremental/UFDTLIRA/20200306-Kanig/spark2014bench/Q328-034__mut_discr__tokens.ads_24_18_inconsistent_pre___00.smt2	bool__ref	0	0	0	1	0	NONE	0
/nas3/data/axeyum/corpus/smtlib-2024/non-incremental/non-incremental/UFDTLIRA/20200306-Kanig/spark2014bench/Q328-034__mut_discr__tokens.ads_24_18_inconsistent_pre___00.smt2	us_fixed__ref	0	0	0	1	0	NONE	0
/nas3/data/axeyum/corpus/smtlib-2024/non-incremental/non-incremental/UFDTLIRA/20200306-Kanig/spark2014bench/Q328-034__mut_discr__tokens.ads_24_18_inconsistent_pre___00.smt2	real__ref	0	0	0	1	0	NONE	0
/nas3/data/axeyum/corpus/smtlib-2024/non-incremental/non-incremental/UFDTLIRA/20200306-Kanig/spark2014bench/Q328-034__mut_discr__tokens.ads_24_18_inconsistent_pre___00.smt2	us_private__ref	0	0	0	1	0	NONE	0
/nas3/data/axeyum/corpus/smtlib-2024/non-incremental/non-incremental/UFDTLIRA/20200306-Kanig/spark2014bench/Q328-034__mut_discr__tokens.ads_24_18_inconsistent_pre___00.smt2	integer__ref	0	0	0	1	0	NONE	0
/nas3/data/axeyum/corpus/smtlib-2024/non-incremental/non-incremental/UFDTLIRA/20200306-Kanig/spark2014bench/Q328-034__mut_discr__tokens.ads_24_18_inconsistent_pre___00.smt2	us_split_fields	0	0	0	1	0	NONE	0
/nas3/data/axeyum/corpus/smtlib-2024/non-incremental/non-incremental/UFDTLIRA/20200306-Kanig/spark2014bench/Q328-034__mut_discr__tokens.ads_24_18_inconsistent_pre___00.smt2	us_split_fields__ref	1	0	1	0	0	NONE	1
/nas3/data/axeyum/corpus/smtlib-2024/non-incremental/non-incremental/UFDTLIRA/20200306-Kanig/spark2014bench/Q328-034__mut_discr__tokens.ads_24_18_inconsistent_pre___00.smt2	us_rep	1	0	1	0	0	NONE	1
/nas3/data/axeyum/corpus/smtlib-2024/non-incremental/non-incremental/UFDTLIRA/20200306-Kanig/spark2014bench/Q328-034__mut_discr__tokens.ads_24_18_inconsistent_pre___00.smt2	value__ref	2	0	1	0	0	NONE	1
/nas3/data/axeyum/corpus/smtlib-2024/non-incremental/non-incremental/UFDTLIRA/20200306-Kanig/spark2014bench/Q328-034__mut_discr__tokens.ads_24_18_inconsistent_pre___00.smt2	token_kind__ref	0	0	0	1	0	NONE	0
/nas3/data/axeyum/corpus/smtlib-2024/non-incremental/non-incremental/UFDTLIRA/20200306-Kanig/spark2014bench/Q328-034__mut_discr__tokens.ads_24_18_inconsistent_pre___00.smt2	operation__ref	0	0	0	1	0	NONE	0
/nas3/data/axeyum/corpus/smtlib-2024/non-incremental/non-incremental/UFDTLIRA/20200306-Kanig/spark2014bench/Q328-034__mut_discr__tokens.ads_24_18_inconsistent_pre___00.smt2	instruction__ref	0	0	0	1	0	NONE	0
/nas3/data/axeyum/corpus/smtlib-2024/non-incremental/non-incremental/UFDTLIRA/20200306-Kanig/spark2014bench/Q328-034__mut_discr__tokens.ads_24_18_inconsistent_pre___00.smt2	us_split_discrs	0	0	0	1	0	NONE	0
/nas3/data/axeyum/corpus/smtlib-2024/non-incremental/non-incremental/UFDTLIRA/20200306-Kanig/spark2014bench/Q328-034__mut_discr__tokens.ads_24_18_inconsistent_pre___00.smt2	us_split_discrs__ref	1	0	1	0	0	NONE	1
/nas3/data/axeyum/corpus/smtlib-2024/non-incremental/non-incremental/UFDTLIRA/20200306-Kanig/spark2014bench/Q328-034__mut_discr__tokens.ads_24_18_inconsistent_pre___00.smt2	us_split_fields2	2	0	1	0	0	NONE	1
/nas3/data/axeyum/corpus/smtlib-2024/non-incremental/non-incremental/UFDTLIRA/20200306-Kanig/spark2014bench/Q328-034__mut_discr__tokens.ads_24_18_inconsistent_pre___00.smt2	us_split_fields__ref1	3	0	1	0	0	NONE	1
/nas3/data/axeyum/corpus/smtlib-2024/non-incremental/non-incremental/UFDTLIRA/20200306-Kanig/spark2014bench/Q328-034__mut_discr__tokens.ads_24_18_inconsistent_pre___00.smt2	us_rep1	3	0	1	0	0	NONE	1
/nas3/data/axeyum/corpus/smtlib-2024/non-incremental/non-incremental/UFDTLIRA/20200306-Kanig/spark2014bench/Q328-034__mut_discr__tokens.ads_24_18_inconsistent_pre___00.smt2	token__ref	4	0	1	0	0	NONE	1
/nas3/data/axeyum/corpus/smtlib-2024/non-incremental/non-incremental/UFDTLIRA/20200306-Kanig/spark2014bench/Q328-034__mut_discr__tokens.ads_24_18_inconsistent_pre___00.smt2	tlastS__ref	0	0	0	1	0	NONE	0
/nas3/data/axeyum/corpus/smtlib-2024/non-incremental/non-incremental/UFDTLIRA/20200306-Kanig/spark2014bench/JC17-017__exit__p.adb_17_7_assert___00.smt2	tuple0	0	0	0	1	0	NONE	0
/nas3/data/axeyum/corpus/smtlib-2024/non-incremental/non-incremental/UFDTLIRA/20200306-Kanig/spark2014bench/JC17-017__exit__p.adb_17_7_assert___00.smt2	us_type_of_heap__ref	0	0	0	1	0	NONE	0
/nas3/data/axeyum/corpus/smtlib-2024/non-incremental/non-incremental/UFDTLIRA/20200306-Kanig/spark2014bench/JC17-017__exit__p.adb_17_7_assert___00.smt2	int__ref	0	0	0	1	0	NONE	0
/nas3/data/axeyum/corpus/smtlib-2024/non-incremental/non-incremental/UFDTLIRA/20200306-Kanig/spark2014bench/JC17-017__exit__p.adb_17_7_assert___00.smt2	bool__ref	0	0	0	1	0	NONE	0
/nas3/data/axeyum/corpus/smtlib-2024/non-incremental/non-incremental/UFDTLIRA/20200306-Kanig/spark2014bench/JC17-017__exit__p.adb_17_7_assert___00.smt2	us_fixed__ref	0	0	0	1	0	NONE	0
/nas3/data/axeyum/corpus/smtlib-2024/non-incremental/non-incremental/UFDTLIRA/20200306-Kanig/spark2014bench/JC17-017__exit__p.adb_17_7_assert___00.smt2	real__ref	0	0	0	1	0	NONE	0
/nas3/data/axeyum/corpus/smtlib-2024/non-incremental/non-incremental/UFDTLIRA/20200306-Kanig/spark2014bench/JC17-017__exit__p.adb_17_7_assert___00.smt2	us_private__ref	0	0	0	1	0	NONE	0
/nas3/data/axeyum/corpus/smtlib-2024/non-incremental/non-incremental/UFDTLIRA/20200306-Kanig/spark2014bench/JC17-017__exit__p.adb_17_7_assert___00.smt2	integer__ref	0	0	0	1	0	NONE	0
/nas3/data/axeyum/corpus/smtlib-2024/non-incremental/non-incremental/UFDTLIRA/20200306-Kanig/spark2014bench/JC17-017__exit__p.adb_17_7_assert___00.smt2	t3b__ref	0	0	0	1	0	NONE	0
/nas3/data/axeyum/corpus/smtlib-2024/non-incremental/non-incremental/UFDTLIRA/20200306-Kanig/spark2014bench/JC17-017__exit__p.adb_17_7_assert___00.smt2	t4b__ref	0	0	0	1	0	NONE	0
/nas3/data/axeyum/corpus/smtlib-2024/non-incremental/non-incremental/UFDTLIRA/20200306-Kanig/spark2014bench/JC17-017__exit__p.adb_17_7_assert___00.smt2	t6b__ref	0	0	0	1	0	NONE	0
/nas3/data/axeyum/corpus/smtlib-2024/non-incremental/non-incremental/UFDTLIRA/20200306-Kanig/spark2014bench/L926-036__loopinv__counters.adb_18_21_overflow_check___00.smt2	tuple0	0	0	0	1	0	NONE	0
/nas3/data/axeyum/corpus/smtlib-2024/non-incremental/non-incremental/UFDTLIRA/20200306-Kanig/spark2014bench/L926-036__loopinv__counters.adb_18_21_overflow_check___00.smt2	us_type_of_heap__ref	0	0	0	1	0	NONE	0
/nas3/data/axeyum/corpus/smtlib-2024/non-incremental/non-incremental/UFDTLIRA/20200306-Kanig/spark2014bench/L926-036__loopinv__counters.adb_18_21_overflow_check___00.smt2	int__ref	0	0	0	1	0	NONE	0
/nas3/data/axeyum/corpus/smtlib-2024/non-incremental/non-incremental/UFDTLIRA/20200306-Kanig/spark2014bench/L926-036__loopinv__counters.adb_18_21_overflow_check___00.smt2	bool__ref	0	0	0	1	0	NONE	0
/nas3/data/axeyum/corpus/smtlib-2024/non-incremental/non-incremental/UFDTLIRA/20200306-Kanig/spark2014bench/L926-036__loopinv__counters.adb_18_21_overflow_check___00.smt2	us_fixed__ref	0	0	0	1	0	NONE	0
/nas3/data/axeyum/corpus/smtlib-2024/non-incremental/non-incremental/UFDTLIRA/20200306-Kanig/spark2014bench/L926-036__loopinv__counters.adb_18_21_overflow_check___00.smt2	real__ref	0	0	0	1	0	NONE	0
/nas3/data/axeyum/corpus/smtlib-2024/non-incremental/non-incremental/UFDTLIRA/20200306-Kanig/spark2014bench/L926-036__loopinv__counters.adb_18_21_overflow_check___00.smt2	us_private__ref	0	0	0	1	0	NONE	0
/nas3/data/axeyum/corpus/smtlib-2024/non-incremental/non-incremental/UFDTLIRA/20200306-Kanig/spark2014bench/L926-036__loopinv__counters.adb_18_21_overflow_check___00.smt2	integer__ref	0	0	0	1	0	NONE	0
/nas3/data/axeyum/corpus/smtlib-2024/non-incremental/non-incremental/UFDTLIRA/20200306-Kanig/spark2014bench/L926-036__loopinv__counters.adb_18_21_overflow_check___00.smt2	natural__ref	0	0	0	1	0	NONE	0
/nas3/data/axeyum/corpus/smtlib-2024/non-incremental/non-incremental/UFDTLIRA/20200306-Kanig/spark2014bench/L926-036__loopinv__counters.adb_18_21_overflow_check___00.smt2	change_mode__ref	0	0	0	1	0	NONE	0
/nas3/data/axeyum/corpus/smtlib-2024/non-incremental/non-incremental/UFDTLIRA/20200306-Kanig/spark2014bench/L926-036__loopinv__counters.adb_18_21_overflow_check___00.smt2	us_split_discrs	0	0	0	1	0	NONE	0
/nas3/data/axeyum/corpus/smtlib-2024/non-incremental/non-incremental/UFDTLIRA/20200306-Kanig/spark2014bench/L926-036__loopinv__counters.adb_18_21_overflow_check___00.smt2	us_split_discrs__ref	1	0	1	0	0	NONE	1
/nas3/data/axeyum/corpus/smtlib-2024/non-incremental/non-incremental/UFDTLIRA/20200306-Kanig/spark2014bench/L926-036__loopinv__counters.adb_18_21_overflow_check___00.smt2	us_split_fields	0	0	0	1	0	NONE	0
/nas3/data/axeyum/corpus/smtlib-2024/non-incremental/non-incremental/UFDTLIRA/20200306-Kanig/spark2014bench/L926-036__loopinv__counters.adb_18_21_overflow_check___00.smt2	us_split_fields__ref	1	0	1	0	0	NONE	1
/nas3/data/axeyum/corpus/smtlib-2024/non-incremental/non-incremental/UFDTLIRA/20200306-Kanig/spark2014bench/L926-036__loopinv__counters.adb_18_21_overflow_check___00.smt2	us_rep	1	0	1	0	0	NONE	1
/nas3/data/axeyum/corpus/smtlib-2024/non-incremental/non-incremental/UFDTLIRA/20200306-Kanig/spark2014bench/L926-036__loopinv__counters.adb_18_21_overflow_check___00.smt2	counter__ref	2	0	1	0	0	NONE	1
/nas3/data/axeyum/corpus/smtlib-2024/non-incremental/non-incremental/UFDTLIRA/20200306-Kanig/spark2014bench/M318-017__flow_variant_records__test.adb_23_12_discriminant_check___00.smt2	tuple0	0	0	0	1	0	NONE	0
/nas3/data/axeyum/corpus/smtlib-2024/non-incremental/non-incremental/UFDTLIRA/20200306-Kanig/spark2014bench/M318-017__flow_variant_records__test.adb_23_12_discriminant_check___00.smt2	us_type_of_heap__ref	0	0	0	1	0	NONE	0
/nas3/data/axeyum/corpus/smtlib-2024/non-incremental/non-incremental/UFDTLIRA/20200306-Kanig/spark2014bench/M318-017__flow_variant_records__test.adb_23_12_discriminant_check___00.smt2	int__ref	0	0	0	1	0	NONE	0
/nas3/data/axeyum/corpus/smtlib-2024/non-incremental/non-incremental/UFDTLIRA/20200306-Kanig/spark2014bench/M318-017__flow_variant_records__test.adb_23_12_discriminant_check___00.smt2	bool__ref	0	0	0	1	0	NONE	0
/nas3/data/axeyum/corpus/smtlib-2024/non-incremental/non-incremental/UFDTLIRA/20200306-Kanig/spark2014bench/M318-017__flow_variant_records__test.adb_23_12_discriminant_check___00.smt2	us_fixed__ref	0	0	0	1	0	NONE	0
/nas3/data/axeyum/corpus/smtlib-2024/non-incremental/non-incremental/UFDTLIRA/20200306-Kanig/spark2014bench/M318-017__flow_variant_records__test.adb_23_12_discriminant_check___00.smt2	real__ref	0	0	0	1	0	NONE	0
/nas3/data/axeyum/corpus/smtlib-2024/non-incremental/non-incremental/UFDTLIRA/20200306-Kanig/spark2014bench/M318-017__flow_variant_records__test.adb_23_12_discriminant_check___00.smt2	us_private__ref	0	0	0	1	0	NONE	0
/nas3/data/axeyum/corpus/smtlib-2024/non-incremental/non-incremental/UFDTLIRA/20200306-Kanig/spark2014bench/M318-017__flow_variant_records__test.adb_23_12_discriminant_check___00.smt2	integer__ref	0	0	0	1	0	NONE	0
/nas3/data/axeyum/corpus/smtlib-2024/non-incremental/non-incremental/UFDTLIRA/20200306-Kanig/spark2014bench/M318-017__flow_variant_records__test.adb_23_12_discriminant_check___00.smt2	dt__ref	0	0	0	1	0	NONE	0
/nas3/data/axeyum/corpus/smtlib-2024/non-incremental/non-incremental/UFDTLIRA/20200306-Kanig/spark2014bench/M318-017__flow_variant_records__test.adb_23_12_discriminant_check___00.smt2	us_split_discrs	0	0	0	1	0	NONE	0
/nas3/data/axeyum/corpus/smtlib-2024/non-incremental/non-incremental/UFDTLIRA/20200306-Kanig/spark2014bench/M318-017__flow_variant_records__test.adb_23_12_discriminant_check___00.smt2	us_split_discrs__ref	1	0	1	0	0	NONE	1
/nas3/data/axeyum/corpus/smtlib-2024/non-incremental/non-incremental/UFDTLIRA/20200306-Kanig/spark2014bench/M318-017__flow_variant_records__test.adb_23_12_discriminant_check___00.smt2	us_split_fields	0	0	0	1	0	NONE	0
/nas3/data/axeyum/corpus/smtlib-2024/non-incremental/non-incremental/UFDTLIRA/20200306-Kanig/spark2014bench/M318-017__flow_variant_records__test.adb_23_12_discriminant_check___00.smt2	us_split_fields__ref	1	0	1	0	0	NONE	1
/nas3/data/axeyum/corpus/smtlib-2024/non-incremental/non-incremental/UFDTLIRA/20200306-Kanig/spark2014bench/M318-017__flow_variant_records__test.adb_23_12_discriminant_check___00.smt2	us_rep	1	0	1	0	0	NONE	1
/nas3/data/axeyum/corpus/smtlib-2024/non-incremental/non-incremental/UFDTLIRA/20200306-Kanig/spark2014bench/M318-017__flow_variant_records__test.adb_23_12_discriminant_check___00.smt2	wibble__ref	2	0	1	0	0	NONE	1
/nas3/data/axeyum/corpus/smtlib-2024/non-incremental/non-incremental/UFDTLIRA/20200306-Kanig/spark2014bench/M318-017__flow_variant_records__test.adb_23_12_discriminant_check___00.smt2	t7b__ref	2	0	1	0	0	NONE	1
/nas3/data/axeyum/corpus/smtlib-2024/non-incremental/non-incremental/UFDTLIRA/20200306-Kanig/spark2014bench/M318-017__flow_variant_records__test.adb_23_12_discriminant_check___00.smt2	t10b__ref	2	0	1	0	0	NONE	1
/nas3/data/axeyum/corpus/smtlib-2024/non-incremental/non-incremental/UFDTLIRA/20200306-Kanig/spark2014bench/P115-039__spark16demo__client_unit.adb_54_10_dead_code___00.smt2	tuple0	0	0	0	1	0	NONE	0
/nas3/data/axeyum/corpus/smtlib-2024/non-incremental/non-incremental/UFDTLIRA/20200306-Kanig/spark2014bench/P115-039__spark16demo__client_unit.adb_54_10_dead_code___00.smt2	us_type_of_heap__ref	0	0	0	1	0	NONE	0
/nas3/data/axeyum/corpus/smtlib-2024/non-incremental/non-incremental/UFDTLIRA/20200306-Kanig/spark2014bench/P115-039__spark16demo__client_unit.adb_54_10_dead_code___00.smt2	int__ref	0	0	0	1	0	NONE	0
/nas3/data/axeyum/corpus/smtlib-2024/non-incremental/non-incremental/UFDTLIRA/20200306-Kanig/spark2014bench/P115-039__spark16demo__client_unit.adb_54_10_dead_code___00.smt2	bool__ref	0	0	0	1	0	NONE	0
/nas3/data/axeyum/corpus/smtlib-2024/non-incremental/non-incremental/UFDTLIRA/20200306-Kanig/spark2014bench/P115-039__spark16demo__client_unit.adb_54_10_dead_code___00.smt2	us_fixed__ref	0	0	0	1	0	NONE	0
/nas3/data/axeyum/corpus/smtlib-2024/non-incremental/non-incremental/UFDTLIRA/20200306-Kanig/spark2014bench/P115-039__spark16demo__client_unit.adb_54_10_dead_code___00.smt2	real__ref	0	0	0	1	0	NONE	0
/nas3/data/axeyum/corpus/smtlib-2024/non-incremental/non-incremental/UFDTLIRA/20200306-Kanig/spark2014bench/P115-039__spark16demo__client_unit.adb_54_10_dead_code___00.smt2	us_private__ref	0	0	0	1	0	NONE	0
/nas3/data/axeyum/corpus/smtlib-2024/non-incremental/non-incremental/UFDTLIRA/20200306-Kanig/spark2014bench/P115-039__spark16demo__client_unit.adb_54_10_dead_code___00.smt2	state_t__ref	0	0	0	1	0	NONE	0
/nas3/data/axeyum/corpus/smtlib-2024/non-incremental/non-incremental/UFDTLIRA/20200306-Kanig/spark2014bench/P715-019__flow_subprogram_termination__r.adb_26_13_dead_code___00.smt2	tuple0	0	0	0	1	0	NONE	0
/nas3/data/axeyum/corpus/smtlib-2024/non-incremental/non-incremental/UFDTLIRA/20200306-Kanig/spark2014bench/P715-019__flow_subprogram_termination__r.adb_26_13_dead_code___00.smt2	us_type_of_heap__ref	0	0	0	1	0	NONE	0
/nas3/data/axeyum/corpus/smtlib-2024/non-incremental/non-incremental/UFDTLIRA/20200306-Kanig/spark2014bench/P715-019__flow_subprogram_termination__r.adb_26_13_dead_code___00.smt2	int__ref	0	0	0	1	0	NONE	0
/nas3/data/axeyum/corpus/smtlib-2024/non-incremental/non-incremental/UFDTLIRA/20200306-Kanig/spark2014bench/P715-019__flow_subprogram_termination__r.adb_26_13_dead_code___00.smt2	bool__ref	0	0	0	1	0	NONE	0
/nas3/data/axeyum/corpus/smtlib-2024/non-incremental/non-incremental/UFDTLIRA/20200306-Kanig/spark2014bench/P715-019__flow_subprogram_termination__r.adb_26_13_dead_code___00.smt2	us_fixed__ref	0	0	0	1	0	NONE	0
/nas3/data/axeyum/corpus/smtlib-2024/non-incremental/non-incremental/UFDTLIRA/20200306-Kanig/spark2014bench/P715-019__flow_subprogram_termination__r.adb_26_13_dead_code___00.smt2	real__ref	0	0	0	1	0	NONE	0
/nas3/data/axeyum/corpus/smtlib-2024/non-incremental/non-incremental/UFDTLIRA/20200306-Kanig/spark2014bench/P715-019__flow_subprogram_termination__r.adb_26_13_dead_code___00.smt2	us_private__ref	0	0	0	1	0	NONE	0
/nas3/data/axeyum/corpus/smtlib-2024/non-incremental/non-incremental/UFDTLIRA/20200306-Kanig/spark2014bench/P715-019__flow_subprogram_termination__r.adb_26_13_dead_code___00.smt2	my_integer__ref	0	0	0	1	0	NONE	0
/nas3/data/axeyum/corpus/smtlib-2024/non-incremental/non-incremental/UFDTLIRA/20200306-Kanig/spark2014bench/P715-019__flow_subprogram_termination__r.adb_26_13_dead_code___00.smt2	us_split_fields	0	0	0	1	0	NONE	0
/nas3/data/axeyum/corpus/smtlib-2024/non-incremental/non-incremental/UFDTLIRA/20200306-Kanig/spark2014bench/P715-019__flow_subprogram_termination__r.adb_26_13_dead_code___00.smt2	us_split_fields__ref	1	0	1	0	0	NONE	1
/nas3/data/axeyum/corpus/smtlib-2024/non-incremental/non-incremental/UFDTLIRA/20200306-Kanig/spark2014bench/P715-019__flow_subprogram_termination__r.adb_26_13_dead_code___00.smt2	us_rep	1	0	1	0	0	NONE	1
/nas3/data/axeyum/corpus/smtlib-2024/non-incremental/non-incremental/UFDTLIRA/20200306-Kanig/spark2014bench/P715-019__flow_subprogram_termination__r.adb_26_13_dead_code___00.smt2	pt__ref	2	0	1	0	0	NONE	1
/nas3/data/axeyum/corpus/smtlib-2024/non-incremental/non-incremental/UFDTLIRA/20200306-Kanig/spark2014bench/adacore_u__ints.adb_42_24_overflow_check___00.smt2	tuple0	0	0	0	1	0	NONE	0
/nas3/data/axeyum/corpus/smtlib-2024/non-incremental/non-incremental/UFDTLIRA/20200306-Kanig/spark2014bench/adacore_u__ints.adb_42_24_overflow_check___00.smt2	us_type_of_heap__ref	0	0	0	1	0	NONE	0
/nas3/data/axeyum/corpus/smtlib-2024/non-incremental/non-incremental/UFDTLIRA/20200306-Kanig/spark2014bench/adacore_u__ints.adb_42_24_overflow_check___00.smt2	int__ref	0	0	0	1	0	NONE	0
/nas3/data/axeyum/corpus/smtlib-2024/non-incremental/non-incremental/UFDTLIRA/20200306-Kanig/spark2014bench/adacore_u__ints.adb_42_24_overflow_check___00.smt2	bool__ref	0	0	0	1	0	NONE	0
/nas3/data/axeyum/corpus/smtlib-2024/non-incremental/non-incremental/UFDTLIRA/20200306-Kanig/spark2014bench/adacore_u__ints.adb_42_24_overflow_check___00.smt2	us_fixed__ref	0	0	0	1	0	NONE	0
/nas3/data/axeyum/corpus/smtlib-2024/non-incremental/non-incremental/UFDTLIRA/20200306-Kanig/spark2014bench/adacore_u__ints.adb_42_24_overflow_check___00.smt2	real__ref	0	0	0	1	0	NONE	0
/nas3/data/axeyum/corpus/smtlib-2024/non-incremental/non-incremental/UFDTLIRA/20200306-Kanig/spark2014bench/adacore_u__ints.adb_42_24_overflow_check___00.smt2	us_private__ref	0	0	0	1	0	NONE	0
/nas3/data/axeyum/corpus/smtlib-2024/non-incremental/non-incremental/UFDTLIRA/20200306-Kanig/spark2014bench/adacore_u__ints.adb_42_24_overflow_check___00.smt2	integer__ref	0	0	0	1	0	NONE	0
/nas3/data/axeyum/corpus/smtlib-2024/non-incremental/non-incremental/UFDTLIRA/20200306-Kanig/spark2014bench/adacore_u__ints.adb_42_24_overflow_check___00.smt2	natural__ref	0	0	0	1	0	NONE	0
/nas3/data/axeyum/corpus/smtlib-2024/non-incremental/non-incremental/UFDTLIRA/20200306-Kanig/spark2014bench/adacore_u__ints.adb_42_24_overflow_check___00.smt2	us_split_fields	0	0	0	1	0	NONE	0
/nas3/data/axeyum/corpus/smtlib-2024/non-incremental/non-incremental/UFDTLIRA/20200306-Kanig/spark2014bench/adacore_u__ints.adb_42_24_overflow_check___00.smt2	us_split_fields__ref	1	0	1	0	0	NONE	1
/nas3/data/axeyum/corpus/smtlib-2024/non-incremental/non-incremental/UFDTLIRA/20200306-Kanig/spark2014bench/adacore_u__ints.adb_42_24_overflow_check___00.smt2	us_rep	1	0	1	0	0	NONE	1
/nas3/data/axeyum/corpus/smtlib-2024/non-incremental/non-incremental/UFDTLIRA/20200306-Kanig/spark2014bench/adacore_u__ints.adb_42_24_overflow_check___00.smt2	int____ref	2	0	1	0	0	NONE	1
/nas3/data/axeyum/corpus/smtlib-2024/non-incremental/non-incremental/UFDTLIRA/20200306-Kanig/spark2014bench/adacore_u__ints.adb_42_24_overflow_check___00.smt2	us_split_fields2	0	0	0	1	0	NONE	0
/nas3/data/axeyum/corpus/smtlib-2024/non-incremental/non-incremental/UFDTLIRA/20200306-Kanig/spark2014bench/adacore_u__ints.adb_42_24_overflow_check___00.smt2	us_split_fields__ref1	1	0	1	0	0	NONE	1
/nas3/data/axeyum/corpus/smtlib-2024/non-incremental/non-incremental/UFDTLIRA/20200306-Kanig/spark2014bench/adacore_u__ints.adb_42_24_overflow_check___00.smt2	us_rep1	1	0	1	0	0	NONE	1
/nas3/data/axeyum/corpus/smtlib-2024/non-incremental/non-incremental/UFDTLIRA/20200306-Kanig/spark2014bench/adacore_u__ints.adb_42_24_overflow_check___00.smt2	approx_int__ref	2	0	1	0	0	NONE	1
/nas3/data/axeyum/corpus/smtlib-2024/non-incremental/non-incremental/UFDTLIRA/20200306-Kanig/spark2014bench/LC17-035__update_attribute_multidim__update_checks.adb_101_34_range_check___00.smt2	tuple0	0	0	0	1	0	NONE	0
/nas3/data/axeyum/corpus/smtlib-2024/non-incremental/non-incremental/UFDTLIRA/20200306-Kanig/spark2014bench/LC17-035__update_attribute_multidim__update_checks.adb_101_34_range_check___00.smt2	us_type_of_heap__ref	0	0	0	1	0	NONE	0
/nas3/data/axeyum/corpus/smtlib-2024/non-incremental/non-incremental/UFDTLIRA/20200306-Kanig/spark2014bench/LC17-035__update_attribute_multidim__update_checks.adb_101_34_range_check___00.smt2	int__ref	0	0	0	1	0	NONE	0
/nas3/data/axeyum/corpus/smtlib-2024/non-incremental/non-incremental/UFDTLIRA/20200306-Kanig/spark2014bench/LC17-035__update_attribute_multidim__update_checks.adb_101_34_range_check___00.smt2	bool__ref	0	0	0	1	0	NONE	0
/nas3/data/axeyum/corpus/smtlib-2024/non-incremental/non-incremental/UFDTLIRA/20200306-Kanig/spark2014bench/LC17-035__update_attribute_multidim__update_checks.adb_101_34_range_check___00.smt2	us_fixed__ref	0	0	0	1	0	NONE	0
/nas3/data/axeyum/corpus/smtlib-2024/non-incremental/non-incremental/UFDTLIRA/20200306-Kanig/spark2014bench/LC17-035__update_attribute_multidim__update_checks.adb_101_34_range_check___00.smt2	real__ref	0	0	0	1	0	NONE	0
/nas3/data/axeyum/corpus/smtlib-2024/non-incremental/non-incremental/UFDTLIRA/20200306-Kanig/spark2014bench/LC17-035__update_attribute_multidim__update_checks.adb_101_34_range_check___00.smt2	us_private__ref	0	0	0	1	0	NONE	0
/nas3/data/axeyum/corpus/smtlib-2024/non-incremental/non-incremental/UFDTLIRA/20200306-Kanig/spark2014bench/LC17-035__update_attribute_multidim__update_checks.adb_101_34_range_check___00.smt2	et1__ref	0	0	0	1	0	NONE	0
/nas3/data/axeyum/corpus/smtlib-2024/non-incremental/non-incremental/UFDTLIRA/20200306-Kanig/spark2014bench/LC17-035__update_attribute_multidim__update_checks.adb_101_34_range_check___00.smt2	map__ref	0	0	0	1	0	NONE	0
/nas3/data/axeyum/corpus/smtlib-2024/non-incremental/non-incremental/UFDTLIRA/20200306-Kanig/spark2014bench/LC17-035__update_attribute_multidim__update_checks.adb_101_34_range_check___00.smt2	it1__ref	0	0	0	1	0	NONE	0
/nas3/data/axeyum/corpus/smtlib-2024/non-incremental/non-incremental/UFDTLIRA/20200306-Kanig/spark2014bench/LC17-035__update_attribute_multidim__update_checks.adb_101_34_range_check___00.smt2	it2__ref	0	0	0	1	0	NONE	0
/nas3/data/axeyum/corpus/smtlib-2024/non-incremental/non-incremental/UFDTLIRA/20200306-Kanig/spark2014bench/LC17-035__update_attribute_multidim__update_checks.adb_101_34_range_check___00.smt2	it3__ref	0	0	0	1	0	NONE	0
/nas3/data/axeyum/corpus/smtlib-2024/non-incremental/non-incremental/UFDTLIRA/20200306-Kanig/spark2014bench/M409-046__subtype__main.adb_6_14_predicate_check___00.smt2	tuple0	0	0	0	1	0	NONE	0
/nas3/data/axeyum/corpus/smtlib-2024/non-incremental/non-incremental/UFDTLIRA/20200306-Kanig/spark2014bench/M409-046__subtype__main.adb_6_14_predicate_check___00.smt2	us_type_of_heap__ref	0	0	0	1	0	NONE	0
/nas3/data/axeyum/corpus/smtlib-2024/non-incremental/non-incremental/UFDTLIRA/20200306-Kanig/spark2014bench/M409-046__subtype__main.adb_6_14_predicate_check___00.smt2	int__ref	0	0	0	1	0	NONE	0
/nas3/data/axeyum/corpus/smtlib-2024/non-incremental/non-incremental/UFDTLIRA/20200306-Kanig/spark2014bench/M409-046__subtype__main.adb_6_14_predicate_check___00.smt2	bool__ref	0	0	0	1	0	NONE	0
/nas3/data/axeyum/corpus/smtlib-2024/non-incremental/non-incremental/UFDTLIRA/20200306-Kanig/spark2014bench/M409-046__subtype__main.adb_6_14_predicate_check___00.smt2	us_fixed__ref	0	0	0	1	0	NONE	0
/nas3/data/axeyum/corpus/smtlib-2024/non-incremental/non-incremental/UFDTLIRA/20200306-Kanig/spark2014bench/M409-046__subtype__main.adb_6_14_predicate_check___00.smt2	real__ref	0	0	0	1	0	NONE	0
/nas3/data/axeyum/corpus/smtlib-2024/non-incremental/non-incremental/UFDTLIRA/20200306-Kanig/spark2014bench/M409-046__subtype__main.adb_6_14_predicate_check___00.smt2	us_private__ref	0	0	0	1	0	NONE	0
/nas3/data/axeyum/corpus/smtlib-2024/non-incremental/non-incremental/UFDTLIRA/20200306-Kanig/spark2014bench/M409-046__subtype__main.adb_6_14_predicate_check___00.smt2	positive__ref	0	0	0	1	0	NONE	0
/nas3/data/axeyum/corpus/smtlib-2024/non-incremental/non-incremental/UFDTLIRA/20200306-Kanig/spark2014bench/M409-046__subtype__main.adb_6_14_predicate_check___00.smt2	positive_with_hole__ref	0	0	0	1	0	NONE	0
/nas3/data/axeyum/corpus/smtlib-2024/non-incremental/non-incremental/UFDTLIRA/20200306-Kanig/spark2014bench/P801-002__type_invariant_comp__use_types_with_invariants_no_spark.adb_12_22_assert___00.smt2	tuple0	0	0	0	1	0	NONE	0
/nas3/data/axeyum/corpus/smtlib-2024/non-incremental/non-incremental/UFDTLIRA/20200306-Kanig/spark2014bench/P801-002__type_invariant_comp__use_types_with_invariants_no_spark.adb_12_22_assert___00.smt2	us_type_of_heap__ref	0	0	0	1	0	NONE	0
/nas3/data/axeyum/corpus/smtlib-2024/non-incremental/non-incremental/UFDTLIRA/20200306-Kanig/spark2014bench/P801-002__type_invariant_comp__use_types_with_invariants_no_spark.adb_12_22_assert___00.smt2	int__ref	0	0	0	1	0	NONE	0
/nas3/data/axeyum/corpus/smtlib-2024/non-incremental/non-incremental/UFDTLIRA/20200306-Kanig/spark2014bench/P801-002__type_invariant_comp__use_types_with_invariants_no_spark.adb_12_22_assert___00.smt2	bool__ref	0	0	0	1	0	NONE	0
/nas3/data/axeyum/corpus/smtlib-2024/non-incremental/non-incremental/UFDTLIRA/20200306-Kanig/spark2014bench/P801-002__type_invariant_comp__use_types_with_invariants_no_spark.adb_12_22_assert___00.smt2	us_fixed__ref	0	0	0	1	0	NONE	0
/nas3/data/axeyum/corpus/smtlib-2024/non-incremental/non-incremental/UFDTLIRA/20200306-Kanig/spark2014bench/P801-002__type_invariant_comp__use_types_with_invariants_no_spark.adb_12_22_assert___00.smt2	real__ref	0	0	0	1	0	NONE	0
/nas3/data/axeyum/corpus/smtlib-2024/non-incremental/non-incremental/UFDTLIRA/20200306-Kanig/spark2014bench/P801-002__type_invariant_comp__use_types_with_invariants_no_spark.adb_12_22_assert___00.smt2	us_private__ref	0	0	0	1	0	NONE	0
/nas3/data/axeyum/corpus/smtlib-2024/non-incremental/non-incremental/UFDTLIRA/20200306-Kanig/spark2014bench/P801-002__type_invariant_comp__use_types_with_invariants_no_spark.adb_12_22_assert___00.smt2	positive__ref	0	0	0	1	0	NONE	0
/nas3/data/axeyum/corpus/smtlib-2024/non-incremental/non-incremental/UFDTLIRA/20200306-Kanig/spark2014bench/P801-002__type_invariant_comp__use_types_with_invariants_no_spark.adb_12_22_assert___00.smt2	my_integer__ref	0	0	0	1	0	NONE	0
/nas3/data/axeyum/corpus/smtlib-2024/non-incremental/non-incremental/UFDTLIRA/20200306-Kanig/spark2014bench/P801-002__type_invariant_comp__use_types_with_invariants_no_spark.adb_12_22_assert___00.smt2	integer__ref	0	0	0	1	0	NONE	0
/nas3/data/axeyum/corpus/smtlib-2024/non-incremental/non-incremental/UFDTLIRA/20200306-Kanig/spark2014bench/S730-045__dic_with_discrs__use_test.adb_4_4_default_initial_condition___00.smt2	tuple0	0	0	0	1	0	NONE	0
/nas3/data/axeyum/corpus/smtlib-2024/non-incremental/non-incremental/UFDTLIRA/20200306-Kanig/spark2014bench/S730-045__dic_with_discrs__use_test.adb_4_4_default_initial_condition___00.smt2	us_type_of_heap__ref	0	0	0	1	0	NONE	0
/nas3/data/axeyum/corpus/smtlib-2024/non-incremental/non-incremental/UFDTLIRA/20200306-Kanig/spark2014bench/S730-045__dic_with_discrs__use_test.adb_4_4_default_initial_condition___00.smt2	int__ref	0	0	0	1	0	NONE	0
/nas3/data/axeyum/corpus/smtlib-2024/non-incremental/non-incremental/UFDTLIRA/20200306-Kanig/spark2014bench/S730-045__dic_with_discrs__use_test.adb_4_4_default_initial_condition___00.smt2	bool__ref	0	0	0	1	0	NONE	0
/nas3/data/axeyum/corpus/smtlib-2024/non-incremental/non-incremental/UFDTLIRA/20200306-Kanig/spark2014bench/S730-045__dic_with_discrs__use_test.adb_4_4_default_initial_condition___00.smt2	us_fixed__ref	0	0	0	1	0	NONE	0
/nas3/data/axeyum/corpus/smtlib-2024/non-incremental/non-incremental/UFDTLIRA/20200306-Kanig/spark2014bench/S730-045__dic_with_discrs__use_test.adb_4_4_default_initial_condition___00.smt2	real__ref	0	0	0	1	0	NONE	0
/nas3/data/axeyum/corpus/smtlib-2024/non-incremental/non-incremental/UFDTLIRA/20200306-Kanig/spark2014bench/S730-045__dic_with_discrs__use_test.adb_4_4_default_initial_condition___00.smt2	us_private__ref	0	0	0	1	0	NONE	0
/nas3/data/axeyum/corpus/smtlib-2024/non-incremental/non-incremental/UFDTLIRA/20200306-Kanig/spark2014bench/S730-045__dic_with_discrs__use_test.adb_4_4_default_initial_condition___00.smt2	positive__ref	0	0	0	1	0	NONE	0
/nas3/data/axeyum/corpus/smtlib-2024/non-incremental/non-incremental/UFDTLIRA/20200306-Kanig/spark2014bench/S730-045__dic_with_discrs__use_test.adb_4_4_default_initial_condition___00.smt2	us_split_discrs	0	0	0	1	0	NONE	0
/nas3/data/axeyum/corpus/smtlib-2024/non-incremental/non-incremental/UFDTLIRA/20200306-Kanig/spark2014bench/S730-045__dic_with_discrs__use_test.adb_4_4_default_initial_condition___00.smt2	us_split_discrs__ref	1	0	1	0	0	NONE	1
/nas3/data/axeyum/corpus/smtlib-2024/non-incremental/non-incremental/UFDTLIRA/20200306-Kanig/spark2014bench/S730-045__dic_with_discrs__use_test.adb_4_4_default_initial_condition___00.smt2	us_split_fields	0	0	0	1	0	NONE	0
/nas3/data/axeyum/corpus/smtlib-2024/non-incremental/non-incremental/UFDTLIRA/20200306-Kanig/spark2014bench/S730-045__dic_with_discrs__use_test.adb_4_4_default_initial_condition___00.smt2	us_split_fields__ref	1	0	1	0	0	NONE	1
/nas3/data/axeyum/corpus/smtlib-2024/non-incremental/non-incremental/UFDTLIRA/20200306-Kanig/spark2014bench/S730-045__dic_with_discrs__use_test.adb_4_4_default_initial_condition___00.smt2	us_rep	1	0	1	0	0	NONE	1
/nas3/data/axeyum/corpus/smtlib-2024/non-incremental/non-incremental/UFDTLIRA/20200306-Kanig/spark2014bench/S730-045__dic_with_discrs__use_test.adb_4_4_default_initial_condition___00.smt2	context_type__ref	2	0	1	0	0	NONE	1
/nas3/data/axeyum/corpus/smtlib-2024/non-incremental/non-incremental/UFDTLIRA/20200306-Kanig/spark2014bench/S730-045__dic_with_discrs__use_test.adb_4_4_default_initial_condition___00.smt2	tyS__ref	2	0	1	0	0	NONE	1
/nas3/data/axeyum/corpus/smtlib-2024/non-incremental/non-incremental/UFDTLIRA/20200306-Kanig/spark2014bench/SC03-021__binary_search_trees__why_f0e6b6_binary_search-T-defqtvc__00.smt2	tuple0	0	0	0	1	0	NONE	0
/nas3/data/axeyum/corpus/smtlib-2024/non-incremental/non-incremental/UFDTLIRA/20200306-Kanig/spark2014bench/SC03-021__binary_search_trees__why_f0e6b6_binary_search-T-defqtvc__00.smt2	us_type_of_heap__ref	0	0	0	1	0	NONE	0
/nas3/data/axeyum/corpus/smtlib-2024/non-incremental/non-incremental/UFDTLIRA/20200306-Kanig/spark2014bench/SC03-021__binary_search_trees__why_f0e6b6_binary_search-T-defqtvc__00.smt2	int__ref	0	0	0	1	0	NONE	0
/nas3/data/axeyum/corpus/smtlib-2024/non-incremental/non-incremental/UFDTLIRA/20200306-Kanig/spark2014bench/SC03-021__binary_search_trees__why_f0e6b6_binary_search-T-defqtvc__00.smt2	bool__ref	0	0	0	1	0	NONE	0
/nas3/data/axeyum/corpus/smtlib-2024/non-incremental/non-incremental/UFDTLIRA/20200306-Kanig/spark2014bench/SC03-021__binary_search_trees__why_f0e6b6_binary_search-T-defqtvc__00.smt2	us_fixed__ref	0	0	0	1	0	NONE	0
/nas3/data/axeyum/corpus/smtlib-2024/non-incremental/non-incremental/UFDTLIRA/20200306-Kanig/spark2014bench/SC03-021__binary_search_trees__why_f0e6b6_binary_search-T-defqtvc__00.smt2	real__ref	0	0	0	1	0	NONE	0
/nas3/data/axeyum/corpus/smtlib-2024/non-incremental/non-incremental/UFDTLIRA/20200306-Kanig/spark2014bench/SC03-021__binary_search_trees__why_f0e6b6_binary_search-T-defqtvc__00.smt2	us_private__ref	0	0	0	1	0	NONE	0
/nas3/data/axeyum/corpus/smtlib-2024/non-incremental/non-incremental/UFDTLIRA/20200306-Kanig/spark2014bench/SC03-021__binary_search_trees__why_f0e6b6_binary_search-T-defqtvc__00.smt2	integer__ref	0	0	0	1	0	NONE	0
/nas3/data/axeyum/corpus/smtlib-2024/non-incremental/non-incremental/UFDTLIRA/20200306-Kanig/spark2014bench/SC03-021__binary_search_trees__why_f0e6b6_binary_search-T-defqtvc__00.smt2	us_rep	0	0	0	1	0	NONE	0
/nas3/data/axeyum/corpus/smtlib-2024/non-incremental/non-incremental/UFDTLIRA/20200306-Kanig/spark2014bench/SC03-021__binary_search_trees__why_f0e6b6_binary_search-T-defqtvc__00.smt2	us_rep__ref	1	0	1	0	0	NONE	1
/nas3/data/axeyum/corpus/smtlib-2024/non-incremental/non-incremental/UFDTLIRA/20200306-Kanig/spark2014bench/SC03-021__binary_search_trees__why_f0e6b6_binary_search-T-defqtvc__00.smt2	t2b__ref	1	0	1	0	0	NONE	1
/nas3/data/axeyum/corpus/smtlib-2024/non-incremental/non-incremental/UFDTLIRA/20200306-Kanig/spark2014bench/SC03-021__binary_search_trees__why_f0e6b6_binary_search-T-defqtvc__00.smt2	tree_acc__ref	1	0	1	0	0	NONE	1
/nas3/data/axeyum/corpus/smtlib-2024/non-incremental/non-incremental/UFDTLIRA/20200306-Kanig/spark2014bench/SC03-021__binary_search_trees__why_f0e6b6_binary_search-T-defqtvc__00.smt2	us_split_fields	1	0	1	0	0	NONE	1
/nas3/data/axeyum/corpus/smtlib-2024/non-incremental/non-incremental/UFDTLIRA/20200306-Kanig/spark2014bench/SC03-021__binary_search_trees__why_f0e6b6_binary_search-T-defqtvc__00.smt2	us_split_fields__ref	2	0	1	0	0	NONE	1
/nas3/data/axeyum/corpus/smtlib-2024/non-incremental/non-incremental/UFDTLIRA/20200306-Kanig/spark2014bench/SC03-021__binary_search_trees__why_f0e6b6_binary_search-T-defqtvc__00.smt2	us_rep1	2	0	1	0	0	NONE	1
/nas3/data/axeyum/corpus/smtlib-2024/non-incremental/non-incremental/UFDTLIRA/20200306-Kanig/spark2014bench/SC03-021__binary_search_trees__why_f0e6b6_binary_search-T-defqtvc__00.smt2	tree__ref	3	0	1	0	0	NONE	1
/nas3/data/axeyum/corpus/smtlib-2024/non-incremental/non-incremental/UFDTLIRA/20200306-Kanig/spark2014bench/SC03-021__binary_search_trees__why_f0e6b6_binary_search-T-defqtvc__00.smt2	t10b__ref	1	0	1	0	0	NONE	1
/nas3/data/axeyum/corpus/smtlib-2024/non-incremental/non-incremental/UFDTLIRA/20200306-Kanig/spark2014bench/K303-015__named_arguments__substract.adb_4_20_overflow_check___00.smt2	tuple0	0	0	0	1	0	NONE	0
/nas3/data/axeyum/corpus/smtlib-2024/non-incremental/non-incremental/UFDTLIRA/20200306-Kanig/spark2014bench/K303-015__named_arguments__substract.adb_4_20_overflow_check___00.smt2	us_type_of_heap__ref	0	0	0	1	0	NONE	0
/nas3/data/axeyum/corpus/smtlib-2024/non-incremental/non-incremental/UFDTLIRA/20200306-Kanig/spark2014bench/K303-015__named_arguments__substract.adb_4_20_overflow_check___00.smt2	int__ref	0	0	0	1	0	NONE	0
/nas3/data/axeyum/corpus/smtlib-2024/non-incremental/non-incremental/UFDTLIRA/20200306-Kanig/spark2014bench/K303-015__named_arguments__substract.adb_4_20_overflow_check___00.smt2	bool__ref	0	0	0	1	0	NONE	0
/nas3/data/axeyum/corpus/smtlib-2024/non-incremental/non-incremental/UFDTLIRA/20200306-Kanig/spark2014bench/K303-015__named_arguments__substract.adb_4_20_overflow_check___00.smt2	us_fixed__ref	0	0	0	1	0	NONE	0
/nas3/data/axeyum/corpus/smtlib-2024/non-incremental/non-incremental/UFDTLIRA/20200306-Kanig/spark2014bench/K303-015__named_arguments__substract.adb_4_20_overflow_check___00.smt2	real__ref	0	0	0	1	0	NONE	0
/nas3/data/axeyum/corpus/smtlib-2024/non-incremental/non-incremental/UFDTLIRA/20200306-Kanig/spark2014bench/K303-015__named_arguments__substract.adb_4_20_overflow_check___00.smt2	us_private__ref	0	0	0	1	0	NONE	0
/nas3/data/axeyum/corpus/smtlib-2024/non-incremental/non-incremental/UFDTLIRA/20200306-Kanig/spark2014bench/K303-015__named_arguments__substract.adb_4_20_overflow_check___00.smt2	integer__ref	0	0	0	1	0	NONE	0
/nas3/data/axeyum/corpus/smtlib-2024/non-incremental/non-incremental/UFDTLIRA/20200306-Kanig/spark2014bench/LC17-035__update_attribute_multidim__update_checks.adb_69_44_range_check___00.smt2	tuple0	0	0	0	1	0	NONE	0
/nas3/data/axeyum/corpus/smtlib-2024/non-incremental/non-incremental/UFDTLIRA/20200306-Kanig/spark2014bench/LC17-035__update_attribute_multidim__update_checks.adb_69_44_range_check___00.smt2	us_type_of_heap__ref	0	0	0	1	0	NONE	0
/nas3/data/axeyum/corpus/smtlib-2024/non-incremental/non-incremental/UFDTLIRA/20200306-Kanig/spark2014bench/LC17-035__update_attribute_multidim__update_checks.adb_69_44_range_check___00.smt2	int__ref	0	0	0	1	0	NONE	0
/nas3/data/axeyum/corpus/smtlib-2024/non-incremental/non-incremental/UFDTLIRA/20200306-Kanig/spark2014bench/LC17-035__update_attribute_multidim__update_checks.adb_69_44_range_check___00.smt2	bool__ref	0	0	0	1	0	NONE	0
/nas3/data/axeyum/corpus/smtlib-2024/non-incremental/non-incremental/UFDTLIRA/20200306-Kanig/spark2014bench/LC17-035__update_attribute_multidim__update_checks.adb_69_44_range_check___00.smt2	us_fixed__ref	0	0	0	1	0	NONE	0
/nas3/data/axeyum/corpus/smtlib-2024/non-incremental/non-incremental/UFDTLIRA/20200306-Kanig/spark2014bench/LC17-035__update_attribute_multidim__update_checks.adb_69_44_range_check___00.smt2	real__ref	0	0	0	1	0	NONE	0
/nas3/data/axeyum/corpus/smtlib-2024/non-incremental/non-incremental/UFDTLIRA/20200306-Kanig/spark2014bench/LC17-035__update_attribute_multidim__update_checks.adb_69_44_range_check___00.smt2	us_private__ref	0	0	0	1	0	NONE	0
/nas3/data/axeyum/corpus/smtlib-2024/non-incremental/non-incremental/UFDTLIRA/20200306-Kanig/spark2014bench/LC17-035__update_attribute_multidim__update_checks.adb_69_44_range_check___00.smt2	et1__ref	0	0	0	1	0	NONE	0
/nas3/data/axeyum/corpus/smtlib-2024/non-incremental/non-incremental/UFDTLIRA/20200306-Kanig/spark2014bench/LC17-035__update_attribute_multidim__update_checks.adb_69_44_range_check___00.smt2	map__ref	0	0	0	1	0	NONE	0
/nas3/data/axeyum/corpus/smtlib-2024/non-incremental/non-incremental/UFDTLIRA/20200306-Kanig/spark2014bench/LC17-035__update_attribute_multidim__update_checks.adb_69_44_range_check___00.smt2	it1__ref	0	0	0	1	0	NONE	0
/nas3/data/axeyum/corpus/smtlib-2024/non-incremental/non-incremental/UFDTLIRA/20200306-Kanig/spark2014bench/LC17-035__update_attribute_multidim__update_checks.adb_69_44_range_check___00.smt2	it2__ref	0	0	0	1	0	NONE	0
/nas3/data/axeyum/corpus/smtlib-2024/non-incremental/non-incremental/UFDTLIRA/20200306-Kanig/spark2014bench/LC17-035__update_attribute_multidim__update_checks.adb_69_44_range_check___00.smt2	it3__ref	0	0	0	1	0	NONE	0
/nas3/data/axeyum/corpus/smtlib-2024/non-incremental/non-incremental/UFDTLIRA/20200306-Kanig/spark2014bench/O522-028__loop_entry_update__a-cfdlli.ads_469_49_loop_types.ads_16_4_overflow_check___00.smt2	tuple0	0	0	0	1	0	NONE	0
/nas3/data/axeyum/corpus/smtlib-2024/non-incremental/non-incremental/UFDTLIRA/20200306-Kanig/spark2014bench/O522-028__loop_entry_update__a-cfdlli.ads_469_49_loop_types.ads_16_4_overflow_check___00.smt2	us_type_of_heap__ref	0	0	0	1	0	NONE	0
/nas3/data/axeyum/corpus/smtlib-2024/non-incremental/non-incremental/UFDTLIRA/20200306-Kanig/spark2014bench/O522-028__loop_entry_update__a-cfdlli.ads_469_49_loop_types.ads_16_4_overflow_check___00.smt2	int__ref	0	0	0	1	0	NONE	0
/nas3/data/axeyum/corpus/smtlib-2024/non-incremental/non-incremental/UFDTLIRA/20200306-Kanig/spark2014bench/O522-028__loop_entry_update__a-cfdlli.ads_469_49_loop_types.ads_16_4_overflow_check___00.smt2	bool__ref	0	0	0	1	0	NONE	0
/nas3/data/axeyum/corpus/smtlib-2024/non-incremental/non-incremental/UFDTLIRA/20200306-Kanig/spark2014bench/O522-028__loop_entry_update__a-cfdlli.ads_469_49_loop_types.ads_16_4_overflow_check___00.smt2	us_fixed__ref	0	0	0	1	0	NONE	0
/nas3/data/axeyum/corpus/smtlib-2024/non-incremental/non-incremental/UFDTLIRA/20200306-Kanig/spark2014bench/O522-028__loop_entry_update__a-cfdlli.ads_469_49_loop_types.ads_16_4_overflow_check___00.smt2	real__ref	0	0	0	1	0	NONE	0
/nas3/data/axeyum/corpus/smtlib-2024/non-incremental/non-incremental/UFDTLIRA/20200306-Kanig/spark2014bench/O522-028__loop_entry_update__a-cfdlli.ads_469_49_loop_types.ads_16_4_overflow_check___00.smt2	us_private__ref	0	0	0	1	0	NONE	0
/nas3/data/axeyum/corpus/smtlib-2024/non-incremental/non-incremental/UFDTLIRA/20200306-Kanig/spark2014bench/O522-028__loop_entry_update__a-cfdlli.ads_469_49_loop_types.ads_16_4_overflow_check___00.smt2	count_type__ref	0	0	0	1	0	NONE	0
/nas3/data/axeyum/corpus/smtlib-2024/non-incremental/non-incremental/UFDTLIRA/20200306-Kanig/spark2014bench/O522-028__loop_entry_update__a-cfdlli.ads_469_49_loop_types.ads_16_4_overflow_check___00.smt2	us_split_fields	0	0	0	1	0	NONE	0
/nas3/data/axeyum/corpus/smtlib-2024/non-incremental/non-incremental/UFDTLIRA/20200306-Kanig/spark2014bench/O522-028__loop_entry_update__a-cfdlli.ads_469_49_loop_types.ads_16_4_overflow_check___00.smt2	us_split_fields__ref	1	0	1	0	0	NONE	1
/nas3/data/axeyum/corpus/smtlib-2024/non-incremental/non-incremental/UFDTLIRA/20200306-Kanig/spark2014bench/O522-028__loop_entry_update__a-cfdlli.ads_469_49_loop_types.ads_16_4_overflow_check___00.smt2	us_rep	1	0	1	0	0	NONE	1
/nas3/data/axeyum/corpus/smtlib-2024/non-incremental/non-incremental/UFDTLIRA/20200306-Kanig/spark2014bench/O522-028__loop_entry_update__a-cfdlli.ads_469_49_loop_types.ads_16_4_overflow_check___00.smt2	cursor__ref	2	0	1	0	0	NONE	1
/nas3/data/axeyum/corpus/smtlib-2024/non-incremental/non-incremental/UFDTLIRA/20200306-Kanig/spark2014bench/O522-028__loop_entry_update__a-cfdlli.ads_469_49_loop_types.ads_16_4_overflow_check___00.smt2	us_split_discrs	0	0	0	1	0	NONE	0
/nas3/data/axeyum/corpus/smtlib-2024/non-incremental/non-incremental/UFDTLIRA/20200306-Kanig/spark2014bench/O522-028__loop_entry_update__a-cfdlli.ads_469_49_loop_types.ads_16_4_overflow_check___00.smt2	us_split_discrs__ref	1	0	1	0	0	NONE	1
/nas3/data/axeyum/corpus/smtlib-2024/non-incremental/non-incremental/UFDTLIRA/20200306-Kanig/spark2014bench/O522-028__loop_entry_update__a-cfdlli.ads_469_49_loop_types.ads_16_4_overflow_check___00.smt2	us_split_fields2	0	0	0	1	0	NONE	0
/nas3/data/axeyum/corpus/smtlib-2024/non-incremental/non-incremental/UFDTLIRA/20200306-Kanig/spark2014bench/O522-028__loop_entry_update__a-cfdlli.ads_469_49_loop_types.ads_16_4_overflow_check___00.smt2	us_split_fields__ref1	1	0	1	0	0	NONE	1
/nas3/data/axeyum/corpus/smtlib-2024/non-incremental/non-incremental/UFDTLIRA/20200306-Kanig/spark2014bench/O522-028__loop_entry_update__a-cfdlli.ads_469_49_loop_types.ads_16_4_overflow_check___00.smt2	us_rep1	1	0	1	0	0	NONE	1
/nas3/data/axeyum/corpus/smtlib-2024/non-incremental/non-incremental/UFDTLIRA/20200306-Kanig/spark2014bench/O522-028__loop_entry_update__a-cfdlli.ads_469_49_loop_types.ads_16_4_overflow_check___00.smt2	list__ref	2	0	1	0	0	NONE	1
/nas3/data/axeyum/corpus/smtlib-2024/non-incremental/non-incremental/UFDTLIRA/20200306-Kanig/spark2014bench/O522-028__loop_entry_update__a-cfdlli.ads_469_49_loop_types.ads_16_4_overflow_check___00.smt2	sequence__ref	0	0	0	1	0	NONE	0
/nas3/data/axeyum/corpus/smtlib-2024/non-incremental/non-incremental/UFDTLIRA/20200306-Kanig/spark2014bench/O522-028__loop_entry_update__a-cfdlli.ads_469_49_loop_types.ads_16_4_overflow_check___00.smt2	map__ref	0	0	0	1	0	NONE	0
/nas3/data/axeyum/corpus/smtlib-2024/non-incremental/non-incremental/UFDTLIRA/20200306-Kanig/spark2014bench/O522-028__loop_entry_update__a-cfdlli.ads_469_49_loop_types.ads_16_4_overflow_check___00.smt2	key_type__ref	2	0	1	0	0	NONE	1
/nas3/data/axeyum/corpus/smtlib-2024/non-incremental/non-incremental/UFDTLIRA/20200306-Kanig/spark2014bench/O522-028__loop_entry_update__a-cfdlli.ads_469_49_loop_types.ads_16_4_overflow_check___00.smt2	tcount_typeB__ref	0	0	0	1	0	NONE	0
/nas3/data/axeyum/corpus/smtlib-2024/non-incremental/non-incremental/UFDTLIRA/20200306-Kanig/spark2014bench/O522-028__loop_entry_update__a-cfdlli.ads_469_49_loop_types.ads_16_4_overflow_check___00.smt2	element_type__ref	0	0	0	1	0	NONE	0
/nas3/data/axeyum/corpus/smtlib-2024/non-incremental/non-incremental/UFDTLIRA/20200306-Kanig/spark2014bench/O522-028__loop_entry_update__a-cfdlli.ads_469_49_loop_types.ads_16_4_overflow_check___00.smt2	extended_index__ref	0	0	0	1	0	NONE	0
/nas3/data/axeyum/corpus/smtlib-2024/non-incremental/non-incremental/UFDTLIRA/20200306-Kanig/spark2014bench/O522-028__loop_entry_update__a-cfdlli.ads_469_49_loop_types.ads_16_4_overflow_check___00.smt2	element_type__ref1	0	0	0	1	0	NONE	0
/nas3/data/axeyum/corpus/smtlib-2024/non-incremental/non-incremental/UFDTLIRA/20200306-Kanig/spark2014bench/O522-028__loop_entry_update__a-cfdlli.ads_469_49_loop_types.ads_16_4_overflow_check___00.smt2	element_type__ref2	0	0	0	1	0	NONE	0
/nas3/data/axeyum/corpus/smtlib-2024/non-incremental/non-incremental/UFDTLIRA/20200306-Kanig/spark2014bench/P301-005__pred_rec_decl__preds.adb_22_7_predicate_check_on_default_value___00.smt2	tuple0	0	0	0	1	0	NONE	0
/nas3/data/axeyum/corpus/smtlib-2024/non-incremental/non-incremental/UFDTLIRA/20200306-Kanig/spark2014bench/P301-005__pred_rec_decl__preds.adb_22_7_predicate_check_on_default_value___00.smt2	us_type_of_heap__ref	0	0	0	1	0	NONE	0
/nas3/data/axeyum/corpus/smtlib-2024/non-incremental/non-incremental/UFDTLIRA/20200306-Kanig/spark2014bench/P301-005__pred_rec_decl__preds.adb_22_7_predicate_check_on_default_value___00.smt2	int__ref	0	0	0	1	0	NONE	0
/nas3/data/axeyum/corpus/smtlib-2024/non-incremental/non-incremental/UFDTLIRA/20200306-Kanig/spark2014bench/P301-005__pred_rec_decl__preds.adb_22_7_predicate_check_on_default_value___00.smt2	bool__ref	0	0	0	1	0	NONE	0
/nas3/data/axeyum/corpus/smtlib-2024/non-incremental/non-incremental/UFDTLIRA/20200306-Kanig/spark2014bench/P301-005__pred_rec_decl__preds.adb_22_7_predicate_check_on_default_value___00.smt2	us_fixed__ref	0	0	0	1	0	NONE	0
/nas3/data/axeyum/corpus/smtlib-2024/non-incremental/non-incremental/UFDTLIRA/20200306-Kanig/spark2014bench/P301-005__pred_rec_decl__preds.adb_22_7_predicate_check_on_default_value___00.smt2	real__ref	0	0	0	1	0	NONE	0
/nas3/data/axeyum/corpus/smtlib-2024/non-incremental/non-incremental/UFDTLIRA/20200306-Kanig/spark2014bench/P301-005__pred_rec_decl__preds.adb_22_7_predicate_check_on_default_value___00.smt2	us_private__ref	0	0	0	1	0	NONE	0
/nas3/data/axeyum/corpus/smtlib-2024/non-incremental/non-incremental/UFDTLIRA/20200306-Kanig/spark2014bench/P301-005__pred_rec_decl__preds.adb_22_7_predicate_check_on_default_value___00.smt2	sub_int_bad__ref	0	0	0	1	0	NONE	0
/nas3/data/axeyum/corpus/smtlib-2024/non-incremental/non-incremental/UFDTLIRA/20200306-Kanig/spark2014bench/R509-011__higher_order_proof__why_45f7a1_sparkmnhigher_ordermnfold-T-defqtvc__00.smt2	tuple0	0	0	0	1	0	NONE	0
/nas3/data/axeyum/corpus/smtlib-2024/non-incremental/non-incremental/UFDTLIRA/20200306-Kanig/spark2014bench/R509-011__higher_order_proof__why_45f7a1_sparkmnhigher_ordermnfold-T-defqtvc__00.smt2	us_type_of_heap__ref	0	0	0	1	0	NONE	0
/nas3/data/axeyum/corpus/smtlib-2024/non-incremental/non-incremental/UFDTLIRA/20200306-Kanig/spark2014bench/R509-011__higher_order_proof__why_45f7a1_sparkmnhigher_ordermnfold-T-defqtvc__00.smt2	int__ref	0	0	0	1	0	NONE	0
/nas3/data/axeyum/corpus/smtlib-2024/non-incremental/non-incremental/UFDTLIRA/20200306-Kanig/spark2014bench/R509-011__higher_order_proof__why_45f7a1_sparkmnhigher_ordermnfold-T-defqtvc__00.smt2	bool__ref	0	0	0	1	0	NONE	0
/nas3/data/axeyum/corpus/smtlib-2024/non-incremental/non-incremental/UFDTLIRA/20200306-Kanig/spark2014bench/R509-011__higher_order_proof__why_45f7a1_sparkmnhigher_ordermnfold-T-defqtvc__00.smt2	us_fixed__ref	0	0	0	1	0	NONE	0
/nas3/data/axeyum/corpus/smtlib-2024/non-incremental/non-incremental/UFDTLIRA/20200306-Kanig/spark2014bench/R509-011__higher_order_proof__why_45f7a1_sparkmnhigher_ordermnfold-T-defqtvc__00.smt2	real__ref	0	0	0	1	0	NONE	0
/nas3/data/axeyum/corpus/smtlib-2024/non-incremental/non-incremental/UFDTLIRA/20200306-Kanig/spark2014bench/R509-011__higher_order_proof__why_45f7a1_sparkmnhigher_ordermnfold-T-defqtvc__00.smt2	us_private__ref	0	0	0	1	0	NONE	0
/nas3/data/axeyum/corpus/smtlib-2024/non-incremental/non-incremental/UFDTLIRA/20200306-Kanig/spark2014bench/R509-011__higher_order_proof__why_45f7a1_sparkmnhigher_ordermnfold-T-defqtvc__00.smt2	integer__ref	0	0	0	1	0	NONE	0
/nas3/data/axeyum/corpus/smtlib-2024/non-incremental/non-incremental/UFDTLIRA/20200306-Kanig/spark2014bench/R509-011__higher_order_proof__why_45f7a1_sparkmnhigher_ordermnfold-T-defqtvc__00.smt2	my_index__ref	0	0	0	1	0	NONE	0
/nas3/data/axeyum/corpus/smtlib-2024/non-incremental/non-incremental/UFDTLIRA/20200306-Kanig/spark2014bench/R509-011__higher_order_proof__why_45f7a1_sparkmnhigher_ordermnfold-T-defqtvc__00.smt2	my_index_2__ref	0	0	0	1	0	NONE	0
/nas3/data/axeyum/corpus/smtlib-2024/non-incremental/non-incremental/UFDTLIRA/20200306-Kanig/spark2014bench/R509-011__higher_order_proof__why_45f7a1_sparkmnhigher_ordermnfold-T-defqtvc__00.smt2	map__ref	0	0	0	1	0	NONE	0
/nas3/data/axeyum/corpus/smtlib-2024/non-incremental/non-incremental/UFDTLIRA/20200306-Kanig/spark2014bench/R509-011__higher_order_proof__why_45f7a1_sparkmnhigher_ordermnfold-T-defqtvc__00.smt2	us_t	0	0	0	1	0	NONE	0
/nas3/data/axeyum/corpus/smtlib-2024/non-incremental/non-incremental/UFDTLIRA/20200306-Kanig/spark2014bench/R509-011__higher_order_proof__why_45f7a1_sparkmnhigher_ordermnfold-T-defqtvc__00.smt2	my_matrix__ref	1	0	1	0	0	NONE	1
/nas3/data/axeyum/corpus/smtlib-2024/non-incremental/non-incremental/UFDTLIRA/20200306-Kanig/spark2014bench/R509-011__higher_order_proof__why_45f7a1_sparkmnhigher_ordermnfold-T-defqtvc__00.smt2	array_type__ref	1	0	1	0	0	NONE	1
/nas3/data/axeyum/corpus/smtlib-2024/non-incremental/non-incremental/UFDTLIRA/20200306-Kanig/spark2014bench/R509-011__higher_order_proof__why_45f7a1_sparkmnhigher_ordermnfold-T-defqtvc__00.smt2	index_1__ref	0	0	0	1	0	NONE	0
/nas3/data/axeyum/corpus/smtlib-2024/non-incremental/non-incremental/UFDTLIRA/20200306-Kanig/spark2014bench/R509-011__higher_order_proof__why_45f7a1_sparkmnhigher_ordermnfold-T-defqtvc__00.smt2	index_2__ref	0	0	0	1	0	NONE	0
/nas3/data/axeyum/corpus/smtlib-2024/non-incremental/non-incremental/UFDTLIRA/20200306-Kanig/spark2014bench/R509-011__higher_order_proof__why_45f7a1_sparkmnhigher_ordermnfold-T-defqtvc__00.smt2	element_out__ref	0	0	0	1	0	NONE	0
/nas3/data/axeyum/corpus/smtlib-2024/non-incremental/non-incremental/UFDTLIRA/20200306-Kanig/spark2014bench/R509-011__higher_order_proof__why_45f7a1_sparkmnhigher_ordermnfold-T-defqtvc__00.smt2	map__ref1	0	0	0	1	0	NONE	0
/nas3/data/axeyum/corpus/smtlib-2024/non-incremental/non-incremental/UFDTLIRA/20200306-Kanig/spark2014bench/R509-011__higher_order_proof__why_45f7a1_sparkmnhigher_ordermnfold-T-defqtvc__00.smt2	us_t1	0	0	0	1	0	NONE	0
/nas3/data/axeyum/corpus/smtlib-2024/non-incremental/non-incremental/UFDTLIRA/20200306-Kanig/spark2014bench/R509-011__higher_order_proof__why_45f7a1_sparkmnhigher_ordermnfold-T-defqtvc__00.smt2	acc_array__ref	1	0	1	0	0	NONE	1
/nas3/data/axeyum/corpus/smtlib-2024/non-incremental/non-incremental/UFDTLIRA/20200306-Kanig/spark2014bench/R509-011__higher_order_proof__why_45f7a1_sparkmnhigher_ordermnfold-T-defqtvc__00.smt2	array_type__ref1	1	0	1	0	0	NONE	1
/nas3/data/axeyum/corpus/smtlib-2024/non-incremental/non-incremental/UFDTLIRA/20200306-Kanig/spark2014bench/R509-011__higher_order_proof__why_45f7a1_sparkmnhigher_ordermnfold-T-defqtvc__00.smt2	element_out__ref1	0	0	0	1	0	NONE	0
/nas3/data/axeyum/corpus/smtlib-2024/non-incremental/non-incremental/UFDTLIRA/20200306-Kanig/spark2014bench/R509-011__higher_order_proof__why_45f7a1_sparkmnhigher_ordermnfold-T-defqtvc__00.smt2	t21s__ref	0	0	0	1	0	NONE	0
/nas3/data/axeyum/corpus/smtlib-2024/non-incremental/non-incremental/UFDTLIRA/20200306-Kanig/spark2014bench/R509-011__higher_order_proof__why_45f7a1_sparkmnhigher_ordermnfold-T-defqtvc__00.smt2	t22s__ref	0	0	0	1	0	NONE	0
/nas3/data/axeyum/corpus/smtlib-2024/non-incremental/non-incremental/UFDTLIRA/20200306-Kanig/spark2014bench/MB27-015__record_default_init__fsb.adb_24_16_overflow_check___00.smt2	tuple0	0	0	0	1	0	NONE	0
/nas3/data/axeyum/corpus/smtlib-2024/non-incremental/non-incremental/UFDTLIRA/20200306-Kanig/spark2014bench/MB27-015__record_default_init__fsb.adb_24_16_overflow_check___00.smt2	us_type_of_heap__ref	0	0	0	1	0	NONE	0
/nas3/data/axeyum/corpus/smtlib-2024/non-incremental/non-incremental/UFDTLIRA/20200306-Kanig/spark2014bench/MB27-015__record_default_init__fsb.adb_24_16_overflow_check___00.smt2	int__ref	0	0	0	1	0	NONE	0
/nas3/data/axeyum/corpus/smtlib-2024/non-incremental/non-incremental/UFDTLIRA/20200306-Kanig/spark2014bench/MB27-015__record_default_init__fsb.adb_24_16_overflow_check___00.smt2	bool__ref	0	0	0	1	0	NONE	0
/nas3/data/axeyum/corpus/smtlib-2024/non-incremental/non-incremental/UFDTLIRA/20200306-Kanig/spark2014bench/MB27-015__record_default_init__fsb.adb_24_16_overflow_check___00.smt2	us_fixed__ref	0	0	0	1	0	NONE	0
/nas3/data/axeyum/corpus/smtlib-2024/non-incremental/non-incremental/UFDTLIRA/20200306-Kanig/spark2014bench/MB27-015__record_default_init__fsb.adb_24_16_overflow_check___00.smt2	real__ref	0	0	0	1	0	NONE	0
/nas3/data/axeyum/corpus/smtlib-2024/non-incremental/non-incremental/UFDTLIRA/20200306-Kanig/spark2014bench/MB27-015__record_default_init__fsb.adb_24_16_overflow_check___00.smt2	us_private__ref	0	0	0	1	0	NONE	0
/nas3/data/axeyum/corpus/smtlib-2024/non-incremental/non-incremental/UFDTLIRA/20200306-Kanig/spark2014bench/MB27-015__record_default_init__fsb.adb_24_16_overflow_check___00.smt2	integer__ref	0	0	0	1	0	NONE	0
/nas3/data/axeyum/corpus/smtlib-2024/non-incremental/non-incremental/UFDTLIRA/20200306-Kanig/spark2014bench/PA12-001__DIC__dic_pred.ads_4_9_predicate_check_on_default_value___00.smt2	tuple0	0	0	0	1	0	NONE	0
/nas3/data/axeyum/corpus/smtlib-2024/non-incremental/non-incremental/UFDTLIRA/20200306-Kanig/spark2014bench/PA12-001__DIC__dic_pred.ads_4_9_predicate_check_on_default_value___00.smt2	us_type_of_heap__ref	0	0	0	1	0	NONE	0
/nas3/data/axeyum/corpus/smtlib-2024/non-incremental/non-incremental/UFDTLIRA/20200306-Kanig/spark2014bench/PA12-001__DIC__dic_pred.ads_4_9_predicate_check_on_default_value___00.smt2	int__ref	0	0	0	1	0	NONE	0
/nas3/data/axeyum/corpus/smtlib-2024/non-incremental/non-incremental/UFDTLIRA/20200306-Kanig/spark2014bench/PA12-001__DIC__dic_pred.ads_4_9_predicate_check_on_default_value___00.smt2	bool__ref	0	0	0	1	0	NONE	0
/nas3/data/axeyum/corpus/smtlib-2024/non-incremental/non-incremental/UFDTLIRA/20200306-Kanig/spark2014bench/PA12-001__DIC__dic_pred.ads_4_9_predicate_check_on_default_value___00.smt2	us_fixed__ref	0	0	0	1	0	NONE	0
/nas3/data/axeyum/corpus/smtlib-2024/non-incremental/non-incremental/UFDTLIRA/20200306-Kanig/spark2014bench/PA12-001__DIC__dic_pred.ads_4_9_predicate_check_on_default_value___00.smt2	real__ref	0	0	0	1	0	NONE	0
/nas3/data/axeyum/corpus/smtlib-2024/non-incremental/non-incremental/UFDTLIRA/20200306-Kanig/spark2014bench/PA12-001__DIC__dic_pred.ads_4_9_predicate_check_on_default_value___00.smt2	us_private__ref	0	0	0	1	0	NONE	0
/nas3/data/axeyum/corpus/smtlib-2024/non-incremental/non-incremental/UFDTLIRA/20200306-Kanig/spark2014bench/PA12-001__DIC__dic_pred.ads_4_9_predicate_check_on_default_value___00.smt2	natural__ref	0	0	0	1	0	NONE	0
/nas3/data/axeyum/corpus/smtlib-2024/non-incremental/non-incremental/UFDTLIRA/20200306-Kanig/spark2014bench/PA12-001__DIC__dic_pred.ads_4_9_predicate_check_on_default_value___00.smt2	us_split_fields	0	0	0	1	0	NONE	0
/nas3/data/axeyum/corpus/smtlib-2024/non-incremental/non-incremental/UFDTLIRA/20200306-Kanig/spark2014bench/PA12-001__DIC__dic_pred.ads_4_9_predicate_check_on_default_value___00.smt2	us_split_fields__ref	1	0	1	0	0	NONE	1
/nas3/data/axeyum/corpus/smtlib-2024/non-incremental/non-incremental/UFDTLIRA/20200306-Kanig/spark2014bench/PA12-001__DIC__dic_pred.ads_4_9_predicate_check_on_default_value___00.smt2	us_rep	1	0	1	0	0	NONE	1
/nas3/data/axeyum/corpus/smtlib-2024/non-incremental/non-incremental/UFDTLIRA/20200306-Kanig/spark2014bench/PA12-001__DIC__dic_pred.ads_4_9_predicate_check_on_default_value___00.smt2	t__ref	2	0	1	0	0	NONE	1
/nas3/data/axeyum/corpus/smtlib-2024/non-incremental/non-incremental/UFDTLIRA/20200306-Kanig/spark2014bench/PA12-001__DIC__dic_pred.ads_4_9_predicate_check_on_default_value___00.smt2	integer__ref	0	0	0	1	0	NONE	0
/nas3/data/axeyum/corpus/smtlib-2024/non-incremental/non-incremental/UFDTLIRA/20200306-Kanig/spark2014bench/S909-022__traversal__traversals.adb_34_14_postcondition___00.smt2	tuple0	0	0	0	1	0	NONE	0
/nas3/data/axeyum/corpus/smtlib-2024/non-incremental/non-incremental/UFDTLIRA/20200306-Kanig/spark2014bench/S909-022__traversal__traversals.adb_34_14_postcondition___00.smt2	us_type_of_heap__ref	0	0	0	1	0	NONE	0
/nas3/data/axeyum/corpus/smtlib-2024/non-incremental/non-incremental/UFDTLIRA/20200306-Kanig/spark2014bench/S909-022__traversal__traversals.adb_34_14_postcondition___00.smt2	int__ref	0	0	0	1	0	NONE	0
/nas3/data/axeyum/corpus/smtlib-2024/non-incremental/non-incremental/UFDTLIRA/20200306-Kanig/spark2014bench/S909-022__traversal__traversals.adb_34_14_postcondition___00.smt2	bool__ref	0	0	0	1	0	NONE	0
/nas3/data/axeyum/corpus/smtlib-2024/non-incremental/non-incremental/UFDTLIRA/20200306-Kanig/spark2014bench/S909-022__traversal__traversals.adb_34_14_postcondition___00.smt2	us_fixed__ref	0	0	0	1	0	NONE	0
/nas3/data/axeyum/corpus/smtlib-2024/non-incremental/non-incremental/UFDTLIRA/20200306-Kanig/spark2014bench/S909-022__traversal__traversals.adb_34_14_postcondition___00.smt2	real__ref	0	0	0	1	0	NONE	0
/nas3/data/axeyum/corpus/smtlib-2024/non-incremental/non-incremental/UFDTLIRA/20200306-Kanig/spark2014bench/S909-022__traversal__traversals.adb_34_14_postcondition___00.smt2	us_private__ref	0	0	0	1	0	NONE	0
/nas3/data/axeyum/corpus/smtlib-2024/non-incremental/non-incremental/UFDTLIRA/20200306-Kanig/spark2014bench/S909-022__traversal__traversals.adb_34_14_postcondition___00.smt2	integer__ref	0	0	0	1	0	NONE	0
/nas3/data/axeyum/corpus/smtlib-2024/non-incremental/non-incremental/UFDTLIRA/20200306-Kanig/spark2014bench/S909-022__traversal__traversals.adb_34_14_postcondition___00.smt2	natural__ref	0	0	0	1	0	NONE	0
/nas3/data/axeyum/corpus/smtlib-2024/non-incremental/non-incremental/UFDTLIRA/20200306-Kanig/spark2014bench/S909-022__traversal__traversals.adb_34_14_postcondition___00.smt2	us_rep	0	0	0	1	0	NONE	0
/nas3/data/axeyum/corpus/smtlib-2024/non-incremental/non-incremental/UFDTLIRA/20200306-Kanig/spark2014bench/S909-022__traversal__traversals.adb_34_14_postcondition___00.smt2	us_rep__ref	1	0	1	0	0	NONE	1
/nas3/data/axeyum/corpus/smtlib-2024/non-incremental/non-incremental/UFDTLIRA/20200306-Kanig/spark2014bench/S909-022__traversal__traversals.adb_34_14_postcondition___00.smt2	t5b__ref	1	0	1	0	0	NONE	1
/nas3/data/axeyum/corpus/smtlib-2024/non-incremental/non-incremental/UFDTLIRA/20200306-Kanig/spark2014bench/S909-022__traversal__traversals.adb_34_14_postcondition___00.smt2	us_rep1	0	0	0	1	0	NONE	0
/nas3/data/axeyum/corpus/smtlib-2024/non-incremental/non-incremental/UFDTLIRA/20200306-Kanig/spark2014bench/S909-022__traversal__traversals.adb_34_14_postcondition___00.smt2	us_rep__ref1	1	0	1	0	0	NONE	1
/nas3/data/axeyum/corpus/smtlib-2024/non-incremental/non-incremental/UFDTLIRA/20200306-Kanig/spark2014bench/S909-022__traversal__traversals.adb_34_14_postcondition___00.smt2	t2b__ref	1	0	1	0	0	NONE	1
/nas3/data/axeyum/corpus/smtlib-2024/non-incremental/non-incremental/UFDTLIRA/20200306-Kanig/spark2014bench/S909-022__traversal__traversals.adb_34_14_postcondition___00.smt2	list2_acc__ref	1	0	1	0	0	NONE	1
/nas3/data/axeyum/corpus/smtlib-2024/non-incremental/non-incremental/UFDTLIRA/20200306-Kanig/spark2014bench/S909-022__traversal__traversals.adb_34_14_postcondition___00.smt2	us_split_fields	1	0	1	0	0	NONE	1
/nas3/data/axeyum/corpus/smtlib-2024/non-incremental/non-incremental/UFDTLIRA/20200306-Kanig/spark2014bench/S909-022__traversal__traversals.adb_34_14_postcondition___00.smt2	us_split_fields__ref	2	0	1	0	0	NONE	1
/nas3/data/axeyum/corpus/smtlib-2024/non-incremental/non-incremental/UFDTLIRA/20200306-Kanig/spark2014bench/S909-022__traversal__traversals.adb_34_14_postcondition___00.smt2	us_rep2	2	0	1	0	0	NONE	1
/nas3/data/axeyum/corpus/smtlib-2024/non-incremental/non-incremental/UFDTLIRA/20200306-Kanig/spark2014bench/S909-022__traversal__traversals.adb_34_14_postcondition___00.smt2	list1__ref	3	0	1	0	0	NONE	1
/nas3/data/axeyum/corpus/smtlib-2024/non-incremental/non-incremental/UFDTLIRA/20200306-Kanig/spark2014bench/S909-022__traversal__traversals.adb_34_14_postcondition___00.smt2	list1_acc__ref	1	0	1	0	0	NONE	1
/nas3/data/axeyum/corpus/smtlib-2024/non-incremental/non-incremental/UFDTLIRA/20200306-Kanig/spark2014bench/S909-022__traversal__traversals.adb_34_14_postcondition___00.smt2	us_split_fields2	1	0	1	0	0	NONE	1
/nas3/data/axeyum/corpus/smtlib-2024/non-incremental/non-incremental/UFDTLIRA/20200306-Kanig/spark2014bench/S909-022__traversal__traversals.adb_34_14_postcondition___00.smt2	us_split_fields__ref1	2	0	1	0	0	NONE	1
/nas3/data/axeyum/corpus/smtlib-2024/non-incremental/non-incremental/UFDTLIRA/20200306-Kanig/spark2014bench/S909-022__traversal__traversals.adb_34_14_postcondition___00.smt2	us_rep3	2	0	1	0	0	NONE	1
/nas3/data/axeyum/corpus/smtlib-2024/non-incremental/non-incremental/UFDTLIRA/20200306-Kanig/spark2014bench/S909-022__traversal__traversals.adb_34_14_postcondition___00.smt2	list2__ref	3	0	1	0	0	NONE	1
/nas3/data/axeyum/corpus/smtlib-2024/non-incremental/non-incremental/UFDTLIRA/20200306-Kanig/spark2014bench/SC03-021__linear_search__linear_search.adb_48_13_loop_invariant_init___00.smt2	tuple0	0	0	0	1	0	NONE	0
/nas3/data/axeyum/corpus/smtlib-2024/non-incremental/non-incremental/UFDTLIRA/20200306-Kanig/spark2014bench/SC03-021__linear_search__linear_search.adb_48_13_loop_invariant_init___00.smt2	us_type_of_heap__ref	0	0	0	1	0	NONE	0
/nas3/data/axeyum/corpus/smtlib-2024/non-incremental/non-incremental/UFDTLIRA/20200306-Kanig/spark2014bench/SC03-021__linear_search__linear_search.adb_48_13_loop_invariant_init___00.smt2	int__ref	0	0	0	1	0	NONE	0
/nas3/data/axeyum/corpus/smtlib-2024/non-incremental/non-incremental/UFDTLIRA/20200306-Kanig/spark2014bench/SC03-021__linear_search__linear_search.adb_48_13_loop_invariant_init___00.smt2	bool__ref	0	0	0	1	0	NONE	0
/nas3/data/axeyum/corpus/smtlib-2024/non-incremental/non-incremental/UFDTLIRA/20200306-Kanig/spark2014bench/SC03-021__linear_search__linear_search.adb_48_13_loop_invariant_init___00.smt2	us_fixed__ref	0	0	0	1	0	NONE	0
/nas3/data/axeyum/corpus/smtlib-2024/non-incremental/non-incremental/UFDTLIRA/20200306-Kanig/spark2014bench/SC03-021__linear_search__linear_search.adb_48_13_loop_invariant_init___00.smt2	real__ref	0	0	0	1	0	NONE	0
/nas3/data/axeyum/corpus/smtlib-2024/non-incremental/non-incremental/UFDTLIRA/20200306-Kanig/spark2014bench/SC03-021__linear_search__linear_search.adb_48_13_loop_invariant_init___00.smt2	us_private__ref	0	0	0	1	0	NONE	0
/nas3/data/axeyum/corpus/smtlib-2024/non-incremental/non-incremental/UFDTLIRA/20200306-Kanig/spark2014bench/SC03-021__linear_search__linear_search.adb_48_13_loop_invariant_init___00.smt2	integer__ref	0	0	0	1	0	NONE	0
/nas3/data/axeyum/corpus/smtlib-2024/non-incremental/non-incremental/UFDTLIRA/20200306-Kanig/spark2014bench/SC03-021__linear_search__linear_search.adb_48_13_loop_invariant_init___00.smt2	positive__ref	0	0	0	1	0	NONE	0
/nas3/data/axeyum/corpus/smtlib-2024/non-incremental/non-incremental/UFDTLIRA/20200306-Kanig/spark2014bench/SC03-021__linear_search__linear_search.adb_48_13_loop_invariant_init___00.smt2	us_rep	0	0	0	1	0	NONE	0
/nas3/data/axeyum/corpus/smtlib-2024/non-incremental/non-incremental/UFDTLIRA/20200306-Kanig/spark2014bench/SC03-021__linear_search__linear_search.adb_48_13_loop_invariant_init___00.smt2	us_rep__ref	1	0	1	0	0	NONE	1
/nas3/data/axeyum/corpus/smtlib-2024/non-incremental/non-incremental/UFDTLIRA/20200306-Kanig/spark2014bench/SC03-021__linear_search__linear_search.adb_48_13_loop_invariant_init___00.smt2	t2b__ref	1	0	1	0	0	NONE	1
/nas3/data/axeyum/corpus/smtlib-2024/non-incremental/non-incremental/UFDTLIRA/20200306-Kanig/spark2014bench/SC03-021__linear_search__linear_search.adb_48_13_loop_invariant_init___00.smt2	natural__ref	0	0	0	1	0	NONE	0
/nas3/data/axeyum/corpus/smtlib-2024/non-incremental/non-incremental/UFDTLIRA/20200306-Kanig/spark2014bench/SC03-021__linear_search__linear_search.adb_48_13_loop_invariant_init___00.smt2	list__ref	1	0	1	0	0	NONE	1
/nas3/data/axeyum/corpus/smtlib-2024/non-incremental/non-incremental/UFDTLIRA/20200306-Kanig/spark2014bench/SC03-021__linear_search__linear_search.adb_48_13_loop_invariant_init___00.smt2	us_rep1	0	0	0	1	0	NONE	0
/nas3/data/axeyum/corpus/smtlib-2024/non-incremental/non-incremental/UFDTLIRA/20200306-Kanig/spark2014bench/SC03-021__linear_search__linear_search.adb_48_13_loop_invariant_init___00.smt2	us_rep__ref1	1	0	1	0	0	NONE	1
/nas3/data/axeyum/corpus/smtlib-2024/non-incremental/non-incremental/UFDTLIRA/20200306-Kanig/spark2014bench/SC03-021__linear_search__linear_search.adb_48_13_loop_invariant_init___00.smt2	t1b__ref	1	0	1	0	0	NONE	1
/nas3/data/axeyum/corpus/smtlib-2024/non-incremental/non-incremental/UFDTLIRA/20200306-Kanig/spark2014bench/SC03-021__linear_search__linear_search.adb_48_13_loop_invariant_init___00.smt2	us_split_fields	1	0	1	0	0	NONE	1
/nas3/data/axeyum/corpus/smtlib-2024/non-incremental/non-incremental/UFDTLIRA/20200306-Kanig/spark2014bench/SC03-021__linear_search__linear_search.adb_48_13_loop_invariant_init___00.smt2	us_split_fields__ref	2	0	1	0	0	NONE	1
/nas3/data/axeyum/corpus/smtlib-2024/non-incremental/non-incremental/UFDTLIRA/20200306-Kanig/spark2014bench/SC03-021__linear_search__linear_search.adb_48_13_loop_invariant_init___00.smt2	us_rep2	2	0	1	0	0	NONE	1
/nas3/data/axeyum/corpus/smtlib-2024/non-incremental/non-incremental/UFDTLIRA/20200306-Kanig/spark2014bench/SC03-021__linear_search__linear_search.adb_48_13_loop_invariant_init___00.smt2	list_cell__ref	3	0	1	0	0	NONE	1
/nas3/data/axeyum/corpus/smtlib-2024/non-incremental/non-incremental/UFDTLIRA/20200306-Kanig/spark2014bench/SC03-021__linear_search__linear_search.adb_48_13_loop_invariant_init___00.smt2	t3b__ref	1	0	1	0	0	NONE	1
/nas3/data/axeyum/corpus/smtlib-2024/non-incremental/non-incremental/UFDTLIRA/20200306-Kanig/spark2014bench/SC03-021__linear_search__linear_search.adb_48_13_loop_invariant_init___00.smt2	t8b__ref	1	0	1	0	0	NONE	1
/nas3/data/axeyum/corpus/smtlib-2024/non-incremental/non-incremental/UFDTLIRA/20200306-Kanig/spark2014bench/SC03-021__linear_search__linear_search.adb_48_13_loop_invariant_init___00.smt2	t12b__ref	1	0	1	0	0	NONE	1
/nas3/data/axeyum/corpus/smtlib-2024/non-incremental/non-incremental/UFDTLIRA/20200306-Kanig/spark2014bench/K519-031__subarray__subar.adb_51_10_dead_code___00.smt2	tuple0	0	0	0	1	0	NONE	0
/nas3/data/axeyum/corpus/smtlib-2024/non-incremental/non-incremental/UFDTLIRA/20200306-Kanig/spark2014bench/K519-031__subarray__subar.adb_51_10_dead_code___00.smt2	us_type_of_heap__ref	0	0	0	1	0	NONE	0
/nas3/data/axeyum/corpus/smtlib-2024/non-incremental/non-incremental/UFDTLIRA/20200306-Kanig/spark2014bench/K519-031__subarray__subar.adb_51_10_dead_code___00.smt2	int__ref	0	0	0	1	0	NONE	0
/nas3/data/axeyum/corpus/smtlib-2024/non-incremental/non-incremental/UFDTLIRA/20200306-Kanig/spark2014bench/K519-031__subarray__subar.adb_51_10_dead_code___00.smt2	bool__ref	0	0	0	1	0	NONE	0
/nas3/data/axeyum/corpus/smtlib-2024/non-incremental/non-incremental/UFDTLIRA/20200306-Kanig/spark2014bench/K519-031__subarray__subar.adb_51_10_dead_code___00.smt2	us_fixed__ref	0	0	0	1	0	NONE	0
/nas3/data/axeyum/corpus/smtlib-2024/non-incremental/non-incremental/UFDTLIRA/20200306-Kanig/spark2014bench/K519-031__subarray__subar.adb_51_10_dead_code___00.smt2	real__ref	0	0	0	1	0	NONE	0
/nas3/data/axeyum/corpus/smtlib-2024/non-incremental/non-incremental/UFDTLIRA/20200306-Kanig/spark2014bench/K519-031__subarray__subar.adb_51_10_dead_code___00.smt2	us_private__ref	0	0	0	1	0	NONE	0
/nas3/data/axeyum/corpus/smtlib-2024/non-incremental/non-incremental/UFDTLIRA/20200306-Kanig/spark2014bench/K519-031__subarray__subar.adb_51_10_dead_code___00.smt2	integer__ref	0	0	0	1	0	NONE	0
/nas3/data/axeyum/corpus/smtlib-2024/non-incremental/non-incremental/UFDTLIRA/20200306-Kanig/spark2014bench/K519-031__subarray__subar.adb_51_10_dead_code___00.smt2	k__ref	0	0	0	1	0	NONE	0
/nas3/data/axeyum/corpus/smtlib-2024/non-incremental/non-incremental/UFDTLIRA/20200306-Kanig/spark2014bench/L503-008__iterators__p.adb_28_19_precondition___00.smt2	tuple0	0	0	0	1	0	NONE	0
/nas3/data/axeyum/corpus/smtlib-2024/non-incremental/non-incremental/UFDTLIRA/20200306-Kanig/spark2014bench/L503-008__iterators__p.adb_28_19_precondition___00.smt2	us_type_of_heap__ref	0	0	0	1	0	NONE	0
/nas3/data/axeyum/corpus/smtlib-2024/non-incremental/non-incremental/UFDTLIRA/20200306-Kanig/spark2014bench/L503-008__iterators__p.adb_28_19_precondition___00.smt2	int__ref	0	0	0	1	0	NONE	0
/nas3/data/axeyum/corpus/smtlib-2024/non-incremental/non-incremental/UFDTLIRA/20200306-Kanig/spark2014bench/L503-008__iterators__p.adb_28_19_precondition___00.smt2	bool__ref	0	0	0	1	0	NONE	0
/nas3/data/axeyum/corpus/smtlib-2024/non-incremental/non-incremental/UFDTLIRA/20200306-Kanig/spark2014bench/L503-008__iterators__p.adb_28_19_precondition___00.smt2	us_fixed__ref	0	0	0	1	0	NONE	0
/nas3/data/axeyum/corpus/smtlib-2024/non-incremental/non-incremental/UFDTLIRA/20200306-Kanig/spark2014bench/L503-008__iterators__p.adb_28_19_precondition___00.smt2	real__ref	0	0	0	1	0	NONE	0
/nas3/data/axeyum/corpus/smtlib-2024/non-incremental/non-incremental/UFDTLIRA/20200306-Kanig/spark2014bench/L503-008__iterators__p.adb_28_19_precondition___00.smt2	us_private__ref	0	0	0	1	0	NONE	0
/nas3/data/axeyum/corpus/smtlib-2024/non-incremental/non-incremental/UFDTLIRA/20200306-Kanig/spark2014bench/L503-008__iterators__p.adb_28_19_precondition___00.smt2	integer__ref	0	0	0	1	0	NONE	0
/nas3/data/axeyum/corpus/smtlib-2024/non-incremental/non-incremental/UFDTLIRA/20200306-Kanig/spark2014bench/L503-008__iterators__p.adb_28_19_precondition___00.smt2	count_type__ref	0	0	0	1	0	NONE	0
/nas3/data/axeyum/corpus/smtlib-2024/non-incremental/non-incremental/UFDTLIRA/20200306-Kanig/spark2014bench/L503-008__iterators__p.adb_28_19_precondition___00.smt2	us_split_fields	0	0	0	1	0	NONE	0
/nas3/data/axeyum/corpus/smtlib-2024/non-incremental/non-incremental/UFDTLIRA/20200306-Kanig/spark2014bench/L503-008__iterators__p.adb_28_19_precondition___00.smt2	us_split_fields__ref	1	0	1	0	0	NONE	1
/nas3/data/axeyum/corpus/smtlib-2024/non-incremental/non-incremental/UFDTLIRA/20200306-Kanig/spark2014bench/L503-008__iterators__p.adb_28_19_precondition___00.smt2	us_rep	1	0	1	0	0	NONE	1
/nas3/data/axeyum/corpus/smtlib-2024/non-incremental/non-incremental/UFDTLIRA/20200306-Kanig/spark2014bench/L503-008__iterators__p.adb_28_19_precondition___00.smt2	cursor__ref	2	0	1	0	0	NONE	1
/nas3/data/axeyum/corpus/smtlib-2024/non-incremental/non-incremental/UFDTLIRA/20200306-Kanig/spark2014bench/L503-008__iterators__p.adb_28_19_precondition___00.smt2	us_split_discrs	0	0	0	1	0	NONE	0
/nas3/data/axeyum/corpus/smtlib-2024/non-incremental/non-incremental/UFDTLIRA/20200306-Kanig/spark2014bench/L503-008__iterators__p.adb_28_19_precondition___00.smt2	us_split_discrs__ref	1	0	1	0	0	NONE	1
/nas3/data/axeyum/corpus/smtlib-2024/non-incremental/non-incremental/UFDTLIRA/20200306-Kanig/spark2014bench/L503-008__iterators__p.adb_28_19_precondition___00.smt2	us_split_fields2	0	0	0	1	0	NONE	0
/nas3/data/axeyum/corpus/smtlib-2024/non-incremental/non-incremental/UFDTLIRA/20200306-Kanig/spark2014bench/L503-008__iterators__p.adb_28_19_precondition___00.smt2	us_split_fields__ref1	1	0	1	0	0	NONE	1
/nas3/data/axeyum/corpus/smtlib-2024/non-incremental/non-incremental/UFDTLIRA/20200306-Kanig/spark2014bench/L503-008__iterators__p.adb_28_19_precondition___00.smt2	us_rep1	1	0	1	0	0	NONE	1
/nas3/data/axeyum/corpus/smtlib-2024/non-incremental/non-incremental/UFDTLIRA/20200306-Kanig/spark2014bench/L503-008__iterators__p.adb_28_19_precondition___00.smt2	list__ref	2	0	1	0	0	NONE	1
/nas3/data/axeyum/corpus/smtlib-2024/non-incremental/non-incremental/UFDTLIRA/20200306-Kanig/spark2014bench/L503-008__iterators__p.adb_28_19_precondition___00.smt2	sequence__ref	0	0	0	1	0	NONE	0
/nas3/data/axeyum/corpus/smtlib-2024/non-incremental/non-incremental/UFDTLIRA/20200306-Kanig/spark2014bench/L503-008__iterators__p.adb_28_19_precondition___00.smt2	map__ref	0	0	0	1	0	NONE	0
/nas3/data/axeyum/corpus/smtlib-2024/non-incremental/non-incremental/UFDTLIRA/20200306-Kanig/spark2014bench/L503-008__iterators__p.adb_28_19_precondition___00.smt2	key_type__ref	2	0	1	0	0	NONE	1
/nas3/data/axeyum/corpus/smtlib-2024/non-incremental/non-incremental/UFDTLIRA/20200306-Kanig/spark2014bench/L503-008__iterators__p.adb_28_19_precondition___00.smt2	element_type__ref	0	0	0	1	0	NONE	0
/nas3/data/axeyum/corpus/smtlib-2024/non-incremental/non-incremental/UFDTLIRA/20200306-Kanig/spark2014bench/L503-008__iterators__p.adb_28_19_precondition___00.smt2	extended_index__ref	0	0	0	1	0	NONE	0
/nas3/data/axeyum/corpus/smtlib-2024/non-incremental/non-incremental/UFDTLIRA/20200306-Kanig/spark2014bench/L503-008__iterators__p.adb_28_19_precondition___00.smt2	element_type__ref1	0	0	0	1	0	NONE	0
/nas3/data/axeyum/corpus/smtlib-2024/non-incremental/non-incremental/UFDTLIRA/20200306-Kanig/spark2014bench/L503-008__iterators__p.adb_28_19_precondition___00.smt2	element_type__ref2	0	0	0	1	0	NONE	0
/nas3/data/axeyum/corpus/smtlib-2024/non-incremental/non-incremental/UFDTLIRA/20200306-Kanig/spark2014bench/PA12-001__default_checks_on_private__tagged_component_check.ads_262_25_range_check___00.smt2	tuple0	0	0	0	1	0	NONE	0
/nas3/data/axeyum/corpus/smtlib-2024/non-incremental/non-incremental/UFDTLIRA/20200306-Kanig/spark2014bench/PA12-001__default_checks_on_private__tagged_component_check.ads_262_25_range_check___00.smt2	us_type_of_heap__ref	0	0	0	1	0	NONE	0
/nas3/data/axeyum/corpus/smtlib-2024/non-incremental/non-incremental/UFDTLIRA/20200306-Kanig/spark2014bench/PA12-001__default_checks_on_private__tagged_component_check.ads_262_25_range_check___00.smt2	int__ref	0	0	0	1	0	NONE	0
/nas3/data/axeyum/corpus/smtlib-2024/non-incremental/non-incremental/UFDTLIRA/20200306-Kanig/spark2014bench/PA12-001__default_checks_on_private__tagged_component_check.ads_262_25_range_check___00.smt2	bool__ref	0	0	0	1	0	NONE	0
/nas3/data/axeyum/corpus/smtlib-2024/non-incremental/non-incremental/UFDTLIRA/20200306-Kanig/spark2014bench/PA12-001__default_checks_on_private__tagged_component_check.ads_262_25_range_check___00.smt2	us_fixed__ref	0	0	0	1	0	NONE	0
/nas3/data/axeyum/corpus/smtlib-2024/non-incremental/non-incremental/UFDTLIRA/20200306-Kanig/spark2014bench/PA12-001__default_checks_on_private__tagged_component_check.ads_262_25_range_check___00.smt2	real__ref	0	0	0	1	0	NONE	0
/nas3/data/axeyum/corpus/smtlib-2024/non-incremental/non-incremental/UFDTLIRA/20200306-Kanig/spark2014bench/PA12-001__default_checks_on_private__tagged_component_check.ads_262_25_range_check___00.smt2	us_private__ref	0	0	0	1	0	NONE	0
/nas3/data/axeyum/corpus/smtlib-2024/non-incremental/non-incremental/UFDTLIRA/20200306-Kanig/spark2014bench/PA12-001__default_checks_on_private__tagged_component_check.ads_262_25_range_check___00.smt2	natural__ref	0	0	0	1	0	NONE	0
/nas3/data/axeyum/corpus/smtlib-2024/non-incremental/non-incremental/UFDTLIRA/20200306-Kanig/spark2014bench/PA12-001__default_checks_on_private__tagged_component_check.ads_262_25_range_check___00.smt2	integer__ref	0	0	0	1	0	NONE	0
/nas3/data/axeyum/corpus/smtlib-2024/non-incremental/non-incremental/UFDTLIRA/20200306-Kanig/spark2014bench/PA12-001__default_checks_on_private__tagged_component_check.ads_262_25_range_check___00.smt2	us_split_fields	0	0	0	1	0	NONE	0
/nas3/data/axeyum/corpus/smtlib-2024/non-incremental/non-incremental/UFDTLIRA/20200306-Kanig/spark2014bench/PA12-001__default_checks_on_private__tagged_component_check.ads_262_25_range_check___00.smt2	us_split_fields__ref	1	0	1	0	0	NONE	1
/nas3/data/axeyum/corpus/smtlib-2024/non-incremental/non-incremental/UFDTLIRA/20200306-Kanig/spark2014bench/PA12-001__default_checks_on_private__tagged_component_check.ads_262_25_range_check___00.smt2	us_rep	1	0	1	0	0	NONE	1
/nas3/data/axeyum/corpus/smtlib-2024/non-incremental/non-incremental/UFDTLIRA/20200306-Kanig/spark2014bench/PA12-001__default_checks_on_private__tagged_component_check.ads_262_25_range_check___00.smt2	c__ref	2	0	1	0	0	NONE	1
/nas3/data/axeyum/corpus/smtlib-2024/non-incremental/non-incremental/UFDTLIRA/20200306-Kanig/spark2014bench/PA12-001__default_checks_on_private__tagged_component_check.ads_262_25_range_check___00.smt2	us_split_fields2	0	0	0	1	0	NONE	0
/nas3/data/axeyum/corpus/smtlib-2024/non-incremental/non-incremental/UFDTLIRA/20200306-Kanig/spark2014bench/PA12-001__default_checks_on_private__tagged_component_check.ads_262_25_range_check___00.smt2	us_split_fields__ref1	1	0	1	0	0	NONE	1
/nas3/data/axeyum/corpus/smtlib-2024/non-incremental/non-incremental/UFDTLIRA/20200306-Kanig/spark2014bench/PA12-001__default_checks_on_private__tagged_component_check.ads_262_25_range_check___00.smt2	us_rep1	1	0	1	0	0	NONE	1
/nas3/data/axeyum/corpus/smtlib-2024/non-incremental/non-incremental/UFDTLIRA/20200306-Kanig/spark2014bench/PA12-001__default_checks_on_private__tagged_component_check.ads_262_25_range_check___00.smt2	d5__ref	2	0	1	0	0	NONE	1
/nas3/data/axeyum/corpus/smtlib-2024/non-incremental/non-incremental/UFDTLIRA/20200306-Kanig/spark2014bench/QA11-057__counterexamples__absolute_values.adb_11_14_overflow_check___00.smt2	tuple0	0	0	0	1	0	NONE	0
/nas3/data/axeyum/corpus/smtlib-2024/non-incremental/non-incremental/UFDTLIRA/20200306-Kanig/spark2014bench/QA11-057__counterexamples__absolute_values.adb_11_14_overflow_check___00.smt2	us_type_of_heap__ref	0	0	0	1	0	NONE	0
/nas3/data/axeyum/corpus/smtlib-2024/non-incremental/non-incremental/UFDTLIRA/20200306-Kanig/spark2014bench/QA11-057__counterexamples__absolute_values.adb_11_14_overflow_check___00.smt2	int__ref	0	0	0	1	0	NONE	0
/nas3/data/axeyum/corpus/smtlib-2024/non-incremental/non-incremental/UFDTLIRA/20200306-Kanig/spark2014bench/QA11-057__counterexamples__absolute_values.adb_11_14_overflow_check___00.smt2	bool__ref	0	0	0	1	0	NONE	0
/nas3/data/axeyum/corpus/smtlib-2024/non-incremental/non-incremental/UFDTLIRA/20200306-Kanig/spark2014bench/QA11-057__counterexamples__absolute_values.adb_11_14_overflow_check___00.smt2	us_fixed__ref	0	0	0	1	0	NONE	0
/nas3/data/axeyum/corpus/smtlib-2024/non-incremental/non-incremental/UFDTLIRA/20200306-Kanig/spark2014bench/QA11-057__counterexamples__absolute_values.adb_11_14_overflow_check___00.smt2	real__ref	0	0	0	1	0	NONE	0
/nas3/data/axeyum/corpus/smtlib-2024/non-incremental/non-incremental/UFDTLIRA/20200306-Kanig/spark2014bench/QA11-057__counterexamples__absolute_values.adb_11_14_overflow_check___00.smt2	us_private__ref	0	0	0	1	0	NONE	0
/nas3/data/axeyum/corpus/smtlib-2024/non-incremental/non-incremental/UFDTLIRA/20200306-Kanig/spark2014bench/QA11-057__counterexamples__absolute_values.adb_11_14_overflow_check___00.smt2	integer__ref	0	0	0	1	0	NONE	0
/nas3/data/axeyum/corpus/smtlib-2024/non-incremental/non-incremental/UFDTLIRA/20200306-Kanig/spark2014bench/S415-012__early_exit__early_exits.adb_10_64_null_pointer_dereference___00.smt2	tuple0	0	0	0	1	0	NONE	0
/nas3/data/axeyum/corpus/smtlib-2024/non-incremental/non-incremental/UFDTLIRA/20200306-Kanig/spark2014bench/S415-012__early_exit__early_exits.adb_10_64_null_pointer_dereference___00.smt2	us_type_of_heap__ref	0	0	0	1	0	NONE	0
/nas3/data/axeyum/corpus/smtlib-2024/non-incremental/non-incremental/UFDTLIRA/20200306-Kanig/spark2014bench/S415-012__early_exit__early_exits.adb_10_64_null_pointer_dereference___00.smt2	int__ref	0	0	0	1	0	NONE	0
/nas3/data/axeyum/corpus/smtlib-2024/non-incremental/non-incremental/UFDTLIRA/20200306-Kanig/spark2014bench/S415-012__early_exit__early_exits.adb_10_64_null_pointer_dereference___00.smt2	bool__ref	0	0	0	1	0	NONE	0
/nas3/data/axeyum/corpus/smtlib-2024/non-incremental/non-incremental/UFDTLIRA/20200306-Kanig/spark2014bench/S415-012__early_exit__early_exits.adb_10_64_null_pointer_dereference___00.smt2	us_fixed__ref	0	0	0	1	0	NONE	0
/nas3/data/axeyum/corpus/smtlib-2024/non-incremental/non-incremental/UFDTLIRA/20200306-Kanig/spark2014bench/S415-012__early_exit__early_exits.adb_10_64_null_pointer_dereference___00.smt2	real__ref	0	0	0	1	0	NONE	0
/nas3/data/axeyum/corpus/smtlib-2024/non-incremental/non-incremental/UFDTLIRA/20200306-Kanig/spark2014bench/S415-012__early_exit__early_exits.adb_10_64_null_pointer_dereference___00.smt2	us_private__ref	0	0	0	1	0	NONE	0
/nas3/data/axeyum/corpus/smtlib-2024/non-incremental/non-incremental/UFDTLIRA/20200306-Kanig/spark2014bench/S415-012__early_exit__early_exits.adb_10_64_null_pointer_dereference___00.smt2	integer__ref	0	0	0	1	0	NONE	0
/nas3/data/axeyum/corpus/smtlib-2024/non-incremental/non-incremental/UFDTLIRA/20200306-Kanig/spark2014bench/S415-012__early_exit__early_exits.adb_10_64_null_pointer_dereference___00.smt2	us_rep	0	0	0	1	0	NONE	0
/nas3/data/axeyum/corpus/smtlib-2024/non-incremental/non-incremental/UFDTLIRA/20200306-Kanig/spark2014bench/S415-012__early_exit__early_exits.adb_10_64_null_pointer_dereference___00.smt2	us_rep__ref	1	0	1	0	0	NONE	1
/nas3/data/axeyum/corpus/smtlib-2024/non-incremental/non-incremental/UFDTLIRA/20200306-Kanig/spark2014bench/S415-012__early_exit__early_exits.adb_10_64_null_pointer_dereference___00.smt2	int_acc__ref	1	0	1	0	0	NONE	1
/nas3/data/axeyum/corpus/smtlib-2024/non-incremental/non-incremental/UFDTLIRA/20200306-Kanig/spark2014bench/S415-012__early_exit__early_exits.adb_10_64_null_pointer_dereference___00.smt2	us_split_fields	1	0	1	0	0	NONE	1
/nas3/data/axeyum/corpus/smtlib-2024/non-incremental/non-incremental/UFDTLIRA/20200306-Kanig/spark2014bench/S415-012__early_exit__early_exits.adb_10_64_null_pointer_dereference___00.smt2	us_split_fields__ref	2	0	1	0	0	NONE	1
/nas3/data/axeyum/corpus/smtlib-2024/non-incremental/non-incremental/UFDTLIRA/20200306-Kanig/spark2014bench/S415-012__early_exit__early_exits.adb_10_64_null_pointer_dereference___00.smt2	us_rep1	2	0	1	0	0	NONE	1
/nas3/data/axeyum/corpus/smtlib-2024/non-incremental/non-incremental/UFDTLIRA/20200306-Kanig/spark2014bench/S415-012__early_exit__early_exits.adb_10_64_null_pointer_dereference___00.smt2	two_acc__ref	3	0	1	0	0	NONE	1
/nas3/data/axeyum/corpus/smtlib-2024/non-incremental/non-incremental/UFDTLIRA/20200306-Kanig/spark2014bench/S415-012__early_exit__early_exits.adb_10_64_null_pointer_dereference___00.smt2	t3b__ref	1	0	1	0	0	NONE	1
/nas3/data/axeyum/corpus/smtlib-2024/non-incremental/non-incremental/UFDTLIRA/20200306-Kanig/spark2014bench/S415-012__early_exit__early_exits.adb_10_64_null_pointer_dereference___00.smt2	us_pledge_ty__ref	0	0	0	1	0	NONE	0
/nas3/data/axeyum/corpus/smtlib-2024/non-incremental/non-incremental/UFDTLIRA/20200306-Kanig/spark2014bench/S415-012__early_exit__early_exits.adb_10_64_null_pointer_dereference___00.smt2	t5b__ref	1	0	1	0	0	NONE	1
/nas3/data/axeyum/corpus/smtlib-2024/non-incremental/non-incremental/UFDTLIRA/20200306-Kanig/spark2014bench/S415-012__early_exit__early_exits.adb_10_64_null_pointer_dereference___00.smt2	us_pledge_ty__ref1	0	0	0	1	0	NONE	0
/nas3/data/axeyum/corpus/smtlib-2024/non-incremental/non-incremental/UFDTLIRA/20200306-Kanig/spark2014bench/S918-060__binary_search__binary_search_trees.adb_26_15_predicate_check___00.smt2	tuple0	0	0	0	1	0	NONE	0
/nas3/data/axeyum/corpus/smtlib-2024/non-incremental/non-incremental/UFDTLIRA/20200306-Kanig/spark2014bench/S918-060__binary_search__binary_search_trees.adb_26_15_predicate_check___00.smt2	us_type_of_heap__ref	0	0	0	1	0	NONE	0
/nas3/data/axeyum/corpus/smtlib-2024/non-incremental/non-incremental/UFDTLIRA/20200306-Kanig/spark2014bench/S918-060__binary_search__binary_search_trees.adb_26_15_predicate_check___00.smt2	int__ref	0	0	0	1	0	NONE	0
/nas3/data/axeyum/corpus/smtlib-2024/non-incremental/non-incremental/UFDTLIRA/20200306-Kanig/spark2014bench/S918-060__binary_search__binary_search_trees.adb_26_15_predicate_check___00.smt2	bool__ref	0	0	0	1	0	NONE	0
/nas3/data/axeyum/corpus/smtlib-2024/non-incremental/non-incremental/UFDTLIRA/20200306-Kanig/spark2014bench/S918-060__binary_search__binary_search_trees.adb_26_15_predicate_check___00.smt2	us_fixed__ref	0	0	0	1	0	NONE	0
/nas3/data/axeyum/corpus/smtlib-2024/non-incremental/non-incremental/UFDTLIRA/20200306-Kanig/spark2014bench/S918-060__binary_search__binary_search_trees.adb_26_15_predicate_check___00.smt2	real__ref	0	0	0	1	0	NONE	0
/nas3/data/axeyum/corpus/smtlib-2024/non-incremental/non-incremental/UFDTLIRA/20200306-Kanig/spark2014bench/S918-060__binary_search__binary_search_trees.adb_26_15_predicate_check___00.smt2	us_private__ref	0	0	0	1	0	NONE	0
/nas3/data/axeyum/corpus/smtlib-2024/non-incremental/non-incremental/UFDTLIRA/20200306-Kanig/spark2014bench/S918-060__binary_search__binary_search_trees.adb_26_15_predicate_check___00.smt2	natural__ref	0	0	0	1	0	NONE	0
/nas3/data/axeyum/corpus/smtlib-2024/non-incremental/non-incremental/UFDTLIRA/20200306-Kanig/spark2014bench/S918-060__binary_search__binary_search_trees.adb_26_15_predicate_check___00.smt2	us_rep	0	0	0	1	0	NONE	0
/nas3/data/axeyum/corpus/smtlib-2024/non-incremental/non-incremental/UFDTLIRA/20200306-Kanig/spark2014bench/S918-060__binary_search__binary_search_trees.adb_26_15_predicate_check___00.smt2	us_rep__ref	1	0	1	0	0	NONE	1
/nas3/data/axeyum/corpus/smtlib-2024/non-incremental/non-incremental/UFDTLIRA/20200306-Kanig/spark2014bench/S918-060__binary_search__binary_search_trees.adb_26_15_predicate_check___00.smt2	node_access__ref	1	0	1	0	0	NONE	1
/nas3/data/axeyum/corpus/smtlib-2024/non-incremental/non-incremental/UFDTLIRA/20200306-Kanig/spark2014bench/S918-060__binary_search__binary_search_trees.adb_26_15_predicate_check___00.smt2	us_split_fields	1	0	1	0	0	NONE	1
/nas3/data/axeyum/corpus/smtlib-2024/non-incremental/non-incremental/UFDTLIRA/20200306-Kanig/spark2014bench/S918-060__binary_search__binary_search_trees.adb_26_15_predicate_check___00.smt2	us_split_fields__ref	2	0	1	0	0	NONE	1
/nas3/data/axeyum/corpus/smtlib-2024/non-incremental/non-incremental/UFDTLIRA/20200306-Kanig/spark2014bench/S918-060__binary_search__binary_search_trees.adb_26_15_predicate_check___00.smt2	us_rep1	2	0	1	0	0	NONE	1
/nas3/data/axeyum/corpus/smtlib-2024/non-incremental/non-incremental/UFDTLIRA/20200306-Kanig/spark2014bench/S918-060__binary_search__binary_search_trees.adb_26_15_predicate_check___00.smt2	binary_search_tree__ref	3	0	1	0	0	NONE	1
/nas3/data/axeyum/corpus/smtlib-2024/non-incremental/non-incremental/UFDTLIRA/20200306-Kanig/spark2014bench/S918-060__binary_search__binary_search_trees.adb_26_15_predicate_check___00.smt2	integer__ref	0	0	0	1	0	NONE	0
/nas3/data/axeyum/corpus/smtlib-2024/non-incremental/non-incremental/UFDTLIRA/20200306-Kanig/spark2014bench/S918-060__binary_search__binary_search_trees.adb_26_15_predicate_check___00.smt2	us_split_fields2	1	0	1	0	0	NONE	1
/nas3/data/axeyum/corpus/smtlib-2024/non-incremental/non-incremental/UFDTLIRA/20200306-Kanig/spark2014bench/S918-060__binary_search__binary_search_trees.adb_26_15_predicate_check___00.smt2	us_split_fields__ref1	2	0	1	0	0	NONE	1
/nas3/data/axeyum/corpus/smtlib-2024/non-incremental/non-incremental/UFDTLIRA/20200306-Kanig/spark2014bench/S918-060__binary_search__binary_search_trees.adb_26_15_predicate_check___00.smt2	us_rep2	2	0	1	0	0	NONE	1
/nas3/data/axeyum/corpus/smtlib-2024/non-incremental/non-incremental/UFDTLIRA/20200306-Kanig/spark2014bench/S918-060__binary_search__binary_search_trees.adb_26_15_predicate_check___00.smt2	tree_node__ref	3	0	1	0	0	NONE	1
/nas3/data/axeyum/corpus/smtlib-2024/non-incremental/non-incremental/UFDTLIRA/20200306-Kanig/spark2014bench/riposte__arrays_multidim__arrays_multidim.adb_171_22_postcondition___00.smt2	tuple0	0	0	0	1	0	NONE	0
/nas3/data/axeyum/corpus/smtlib-2024/non-incremental/non-incremental/UFDTLIRA/20200306-Kanig/spark2014bench/riposte__arrays_multidim__arrays_multidim.adb_171_22_postcondition___00.smt2	us_type_of_heap__ref	0	0	0	1	0	NONE	0
/nas3/data/axeyum/corpus/smtlib-2024/non-incremental/non-incremental/UFDTLIRA/20200306-Kanig/spark2014bench/riposte__arrays_multidim__arrays_multidim.adb_171_22_postcondition___00.smt2	int__ref	0	0	0	1	0	NONE	0
/nas3/data/axeyum/corpus/smtlib-2024/non-incremental/non-incremental/UFDTLIRA/20200306-Kanig/spark2014bench/riposte__arrays_multidim__arrays_multidim.adb_171_22_postcondition___00.smt2	bool__ref	0	0	0	1	0	NONE	0
/nas3/data/axeyum/corpus/smtlib-2024/non-incremental/non-incremental/UFDTLIRA/20200306-Kanig/spark2014bench/riposte__arrays_multidim__arrays_multidim.adb_171_22_postcondition___00.smt2	us_fixed__ref	0	0	0	1	0	NONE	0
/nas3/data/axeyum/corpus/smtlib-2024/non-incremental/non-incremental/UFDTLIRA/20200306-Kanig/spark2014bench/riposte__arrays_multidim__arrays_multidim.adb_171_22_postcondition___00.smt2	real__ref	0	0	0	1	0	NONE	0
/nas3/data/axeyum/corpus/smtlib-2024/non-incremental/non-incremental/UFDTLIRA/20200306-Kanig/spark2014bench/riposte__arrays_multidim__arrays_multidim.adb_171_22_postcondition___00.smt2	us_private__ref	0	0	0	1	0	NONE	0
/nas3/data/axeyum/corpus/smtlib-2024/non-incremental/non-incremental/UFDTLIRA/20200306-Kanig/spark2014bench/riposte__arrays_multidim__arrays_multidim.adb_171_22_postcondition___00.smt2	value__ref	0	0	0	1	0	NONE	0
/nas3/data/axeyum/corpus/smtlib-2024/non-incremental/non-incremental/UFDTLIRA/20200306-Kanig/spark2014bench/riposte__arrays_multidim__arrays_multidim.adb_171_22_postcondition___00.smt2	map__ref	0	0	0	1	0	NONE	0
/nas3/data/axeyum/corpus/smtlib-2024/non-incremental/non-incremental/UFDTLIRA/20200306-Kanig/spark2014bench/riposte__arrays_multidim__arrays_multidim.adb_171_22_postcondition___00.smt2	index__ref	0	0	0	1	0	NONE	0
/nas3/data/axeyum/corpus/smtlib-2024/non-incremental/non-incremental/UFDTLIRA/20200306-Kanig/spark2014bench/K624-029__amortize_queue__amortized_queue.adb_104_41_precondition___00.smt2	tuple0	0	0	0	1	0	NONE	0
/nas3/data/axeyum/corpus/smtlib-2024/non-incremental/non-incremental/UFDTLIRA/20200306-Kanig/spark2014bench/K624-029__amortize_queue__amortized_queue.adb_104_41_precondition___00.smt2	us_type_of_heap__ref	0	0	0	1	0	NONE	0
/nas3/data/axeyum/corpus/smtlib-2024/non-incremental/non-incremental/UFDTLIRA/20200306-Kanig/spark2014bench/K624-029__amortize_queue__amortized_queue.adb_104_41_precondition___00.smt2	int__ref	0	0	0	1	0	NONE	0
/nas3/data/axeyum/corpus/smtlib-2024/non-incremental/non-incremental/UFDTLIRA/20200306-Kanig/spark2014bench/K624-029__amortize_queue__amortized_queue.adb_104_41_precondition___00.smt2	bool__ref	0	0	0	1	0	NONE	0
/nas3/data/axeyum/corpus/smtlib-2024/non-incremental/non-incremental/UFDTLIRA/20200306-Kanig/spark2014bench/K624-029__amortize_queue__amortized_queue.adb_104_41_precondition___00.smt2	us_fixed__ref	0	0	0	1	0	NONE	0
/nas3/data/axeyum/corpus/smtlib-2024/non-incremental/non-incremental/UFDTLIRA/20200306-Kanig/spark2014bench/K624-029__amortize_queue__amortized_queue.adb_104_41_precondition___00.smt2	real__ref	0	0	0	1	0	NONE	0
/nas3/data/axeyum/corpus/smtlib-2024/non-incremental/non-incremental/UFDTLIRA/20200306-Kanig/spark2014bench/K624-029__amortize_queue__amortized_queue.adb_104_41_precondition___00.smt2	us_private__ref	0	0	0	1	0	NONE	0
/nas3/data/axeyum/corpus/smtlib-2024/non-incremental/non-incremental/UFDTLIRA/20200306-Kanig/spark2014bench/K624-029__amortize_queue__amortized_queue.adb_104_41_precondition___00.smt2	capacity_range__ref	0	0	0	1	0	NONE	0
/nas3/data/axeyum/corpus/smtlib-2024/non-incremental/non-incremental/UFDTLIRA/20200306-Kanig/spark2014bench/K624-029__amortize_queue__amortized_queue.adb_104_41_precondition___00.smt2	us_split_discrs	0	0	0	1	0	NONE	0
/nas3/data/axeyum/corpus/smtlib-2024/non-incremental/non-incremental/UFDTLIRA/20200306-Kanig/spark2014bench/K624-029__amortize_queue__amortized_queue.adb_104_41_precondition___00.smt2	us_split_discrs__ref	1	0	1	0	0	NONE	1
/nas3/data/axeyum/corpus/smtlib-2024/non-incremental/non-incremental/UFDTLIRA/20200306-Kanig/spark2014bench/K624-029__amortize_queue__amortized_queue.adb_104_41_precondition___00.smt2	us_split_fields	0	0	0	1	0	NONE	0
/nas3/data/axeyum/corpus/smtlib-2024/non-incremental/non-incremental/UFDTLIRA/20200306-Kanig/spark2014bench/K624-029__amortize_queue__amortized_queue.adb_104_41_precondition___00.smt2	us_split_fields__ref	1	0	1	0	0	NONE	1
/nas3/data/axeyum/corpus/smtlib-2024/non-incremental/non-incremental/UFDTLIRA/20200306-Kanig/spark2014bench/K624-029__amortize_queue__amortized_queue.adb_104_41_precondition___00.smt2	us_rep	1	0	1	0	0	NONE	1
/nas3/data/axeyum/corpus/smtlib-2024/non-incremental/non-incremental/UFDTLIRA/20200306-Kanig/spark2014bench/K624-029__amortize_queue__amortized_queue.adb_104_41_precondition___00.smt2	vector__ref	2	0	1	0	0	NONE	1
/nas3/data/axeyum/corpus/smtlib-2024/non-incremental/non-incremental/UFDTLIRA/20200306-Kanig/spark2014bench/K624-029__amortize_queue__amortized_queue.adb_104_41_precondition___00.smt2	sequence__ref	0	0	0	1	0	NONE	0
/nas3/data/axeyum/corpus/smtlib-2024/non-incremental/non-incremental/UFDTLIRA/20200306-Kanig/spark2014bench/K624-029__amortize_queue__amortized_queue.adb_104_41_precondition___00.smt2	val____ref	0	0	0	1	0	NONE	0
/nas3/data/axeyum/corpus/smtlib-2024/non-incremental/non-incremental/UFDTLIRA/20200306-Kanig/spark2014bench/K624-029__amortize_queue__amortized_queue.adb_104_41_precondition___00.smt2	constrained_vector__ref	2	0	1	0	0	NONE	1
/nas3/data/axeyum/corpus/smtlib-2024/non-incremental/non-incremental/UFDTLIRA/20200306-Kanig/spark2014bench/K624-029__amortize_queue__amortized_queue.adb_104_41_precondition___00.smt2	us_split_fields2	2	0	1	0	0	NONE	1
/nas3/data/axeyum/corpus/smtlib-2024/non-incremental/non-incremental/UFDTLIRA/20200306-Kanig/spark2014bench/K624-029__amortize_queue__amortized_queue.adb_104_41_precondition___00.smt2	us_split_fields__ref1	3	0	1	0	0	NONE	1
/nas3/data/axeyum/corpus/smtlib-2024/non-incremental/non-incremental/UFDTLIRA/20200306-Kanig/spark2014bench/K624-029__amortize_queue__amortized_queue.adb_104_41_precondition___00.smt2	us_rep2	3	0	1	0	0	NONE	1
/nas3/data/axeyum/corpus/smtlib-2024/non-incremental/non-incremental/UFDTLIRA/20200306-Kanig/spark2014bench/K624-029__amortize_queue__amortized_queue.adb_104_41_precondition___00.smt2	queue__ref	4	0	1	0	0	NONE	1
/nas3/data/axeyum/corpus/smtlib-2024/non-incremental/non-incremental/UFDTLIRA/20200306-Kanig/spark2014bench/K624-029__amortize_queue__amortized_queue.adb_104_41_precondition___00.smt2	count_type__ref	0	0	0	1	0	NONE	0
/nas3/data/axeyum/corpus/smtlib-2024/non-incremental/non-incremental/UFDTLIRA/20200306-Kanig/spark2014bench/K624-029__amortize_queue__amortized_queue.adb_104_41_precondition___00.smt2	extended_index__ref	0	0	0	1	0	NONE	0
/nas3/data/axeyum/corpus/smtlib-2024/non-incremental/non-incremental/UFDTLIRA/20200306-Kanig/spark2014bench/K624-029__amortize_queue__amortized_queue.adb_104_41_precondition___00.smt2	element_type__ref	0	0	0	1	0	NONE	0
/nas3/data/axeyum/corpus/smtlib-2024/non-incremental/non-incremental/UFDTLIRA/20200306-Kanig/spark2014bench/K624-029__amortize_queue__amortized_queue.adb_104_41_precondition___00.smt2	index_type__ref	0	0	0	1	0	NONE	0
/nas3/data/axeyum/corpus/smtlib-2024/non-incremental/non-incremental/UFDTLIRA/20200306-Kanig/spark2014bench/K624-029__amortize_queue__amortized_queue.adb_104_41_precondition___00.smt2	extended_index__ref1	0	0	0	1	0	NONE	0
/nas3/data/axeyum/corpus/smtlib-2024/non-incremental/non-incremental/UFDTLIRA/20200306-Kanig/spark2014bench/K624-029__amortize_queue__amortized_queue.adb_104_41_precondition___00.smt2	element_type__ref1	0	0	0	1	0	NONE	0
/nas3/data/axeyum/corpus/smtlib-2024/non-incremental/non-incremental/UFDTLIRA/20200306-Kanig/spark2014bench/O414-015__flow_constants_in_contracts__const.adb_3_22_overflow_check___00.smt2	tuple0	0	0	0	1	0	NONE	0
/nas3/data/axeyum/corpus/smtlib-2024/non-incremental/non-incremental/UFDTLIRA/20200306-Kanig/spark2014bench/O414-015__flow_constants_in_contracts__const.adb_3_22_overflow_check___00.smt2	us_type_of_heap__ref	0	0	0	1	0	NONE	0
/nas3/data/axeyum/corpus/smtlib-2024/non-incremental/non-incremental/UFDTLIRA/20200306-Kanig/spark2014bench/O414-015__flow_constants_in_contracts__const.adb_3_22_overflow_check___00.smt2	int__ref	0	0	0	1	0	NONE	0
/nas3/data/axeyum/corpus/smtlib-2024/non-incremental/non-incremental/UFDTLIRA/20200306-Kanig/spark2014bench/O414-015__flow_constants_in_contracts__const.adb_3_22_overflow_check___00.smt2	bool__ref	0	0	0	1	0	NONE	0
/nas3/data/axeyum/corpus/smtlib-2024/non-incremental/non-incremental/UFDTLIRA/20200306-Kanig/spark2014bench/O414-015__flow_constants_in_contracts__const.adb_3_22_overflow_check___00.smt2	us_fixed__ref	0	0	0	1	0	NONE	0
/nas3/data/axeyum/corpus/smtlib-2024/non-incremental/non-incremental/UFDTLIRA/20200306-Kanig/spark2014bench/O414-015__flow_constants_in_contracts__const.adb_3_22_overflow_check___00.smt2	real__ref	0	0	0	1	0	NONE	0
/nas3/data/axeyum/corpus/smtlib-2024/non-incremental/non-incremental/UFDTLIRA/20200306-Kanig/spark2014bench/O414-015__flow_constants_in_contracts__const.adb_3_22_overflow_check___00.smt2	us_private__ref	0	0	0	1	0	NONE	0
/nas3/data/axeyum/corpus/smtlib-2024/non-incremental/non-incremental/UFDTLIRA/20200306-Kanig/spark2014bench/O414-015__flow_constants_in_contracts__const.adb_3_22_overflow_check___00.smt2	integer__ref	0	0	0	1	0	NONE	0
/nas3/data/axeyum/corpus/smtlib-2024/non-incremental/non-incremental/UFDTLIRA/20200306-Kanig/spark2014bench/PB21-057__formal_containers__a-cfdlli.ads_1029_43_instances.ads_13_4_overflow_check___00.smt2	tuple0	0	0	0	1	0	NONE	0
/nas3/data/axeyum/corpus/smtlib-2024/non-incremental/non-incremental/UFDTLIRA/20200306-Kanig/spark2014bench/PB21-057__formal_containers__a-cfdlli.ads_1029_43_instances.ads_13_4_overflow_check___00.smt2	us_type_of_heap__ref	0	0	0	1	0	NONE	0
/nas3/data/axeyum/corpus/smtlib-2024/non-incremental/non-incremental/UFDTLIRA/20200306-Kanig/spark2014bench/PB21-057__formal_containers__a-cfdlli.ads_1029_43_instances.ads_13_4_overflow_check___00.smt2	int__ref	0	0	0	1	0	NONE	0
/nas3/data/axeyum/corpus/smtlib-2024/non-incremental/non-incremental/UFDTLIRA/20200306-Kanig/spark2014bench/PB21-057__formal_containers__a-cfdlli.ads_1029_43_instances.ads_13_4_overflow_check___00.smt2	bool__ref	0	0	0	1	0	NONE	0
/nas3/data/axeyum/corpus/smtlib-2024/non-incremental/non-incremental/UFDTLIRA/20200306-Kanig/spark2014bench/PB21-057__formal_containers__a-cfdlli.ads_1029_43_instances.ads_13_4_overflow_check___00.smt2	us_fixed__ref	0	0	0	1	0	NONE	0
/nas3/data/axeyum/corpus/smtlib-2024/non-incremental/non-incremental/UFDTLIRA/20200306-Kanig/spark2014bench/PB21-057__formal_containers__a-cfdlli.ads_1029_43_instances.ads_13_4_overflow_check___00.smt2	real__ref	0	0	0	1	0	NONE	0
/nas3/data/axeyum/corpus/smtlib-2024/non-incremental/non-incremental/UFDTLIRA/20200306-Kanig/spark2014bench/PB21-057__formal_containers__a-cfdlli.ads_1029_43_instances.ads_13_4_overflow_check___00.smt2	us_private__ref	0	0	0	1	0	NONE	0
/nas3/data/axeyum/corpus/smtlib-2024/non-incremental/non-incremental/UFDTLIRA/20200306-Kanig/spark2014bench/PB21-057__formal_containers__a-cfdlli.ads_1029_43_instances.ads_13_4_overflow_check___00.smt2	count_type__ref	0	0	0	1	0	NONE	0
/nas3/data/axeyum/corpus/smtlib-2024/non-incremental/non-incremental/UFDTLIRA/20200306-Kanig/spark2014bench/PB21-057__formal_containers__a-cfdlli.ads_1029_43_instances.ads_13_4_overflow_check___00.smt2	us_split_fields	0	0	0	1	0	NONE	0
/nas3/data/axeyum/corpus/smtlib-2024/non-incremental/non-incremental/UFDTLIRA/20200306-Kanig/spark2014bench/PB21-057__formal_containers__a-cfdlli.ads_1029_43_instances.ads_13_4_overflow_check___00.smt2	us_split_fields__ref	1	0	1	0	0	NONE	1
/nas3/data/axeyum/corpus/smtlib-2024/non-incremental/non-incremental/UFDTLIRA/20200306-Kanig/spark2014bench/PB21-057__formal_containers__a-cfdlli.ads_1029_43_instances.ads_13_4_overflow_check___00.smt2	us_rep	1	0	1	0	0	NONE	1
/nas3/data/axeyum/corpus/smtlib-2024/non-incremental/non-incremental/UFDTLIRA/20200306-Kanig/spark2014bench/PB21-057__formal_containers__a-cfdlli.ads_1029_43_instances.ads_13_4_overflow_check___00.smt2	cursor__ref	2	0	1	0	0	NONE	1
/nas3/data/axeyum/corpus/smtlib-2024/non-incremental/non-incremental/UFDTLIRA/20200306-Kanig/spark2014bench/PB21-057__formal_containers__a-cfdlli.ads_1029_43_instances.ads_13_4_overflow_check___00.smt2	us_split_discrs	0	0	0	1	0	NONE	0
/nas3/data/axeyum/corpus/smtlib-2024/non-incremental/non-incremental/UFDTLIRA/20200306-Kanig/spark2014bench/PB21-057__formal_containers__a-cfdlli.ads_1029_43_instances.ads_13_4_overflow_check___00.smt2	us_split_discrs__ref	1	0	1	0	0	NONE	1
/nas3/data/axeyum/corpus/smtlib-2024/non-incremental/non-incremental/UFDTLIRA/20200306-Kanig/spark2014bench/PB21-057__formal_containers__a-cfdlli.ads_1029_43_instances.ads_13_4_overflow_check___00.smt2	us_split_fields2	0	0	0	1	0	NONE	0
/nas3/data/axeyum/corpus/smtlib-2024/non-incremental/non-incremental/UFDTLIRA/20200306-Kanig/spark2014bench/PB21-057__formal_containers__a-cfdlli.ads_1029_43_instances.ads_13_4_overflow_check___00.smt2	us_split_fields__ref1	1	0	1	0	0	NONE	1
/nas3/data/axeyum/corpus/smtlib-2024/non-incremental/non-incremental/UFDTLIRA/20200306-Kanig/spark2014bench/PB21-057__formal_containers__a-cfdlli.ads_1029_43_instances.ads_13_4_overflow_check___00.smt2	us_rep1	1	0	1	0	0	NONE	1
/nas3/data/axeyum/corpus/smtlib-2024/non-incremental/non-incremental/UFDTLIRA/20200306-Kanig/spark2014bench/PB21-057__formal_containers__a-cfdlli.ads_1029_43_instances.ads_13_4_overflow_check___00.smt2	list__ref	2	0	1	0	0	NONE	1
/nas3/data/axeyum/corpus/smtlib-2024/non-incremental/non-incremental/UFDTLIRA/20200306-Kanig/spark2014bench/PB21-057__formal_containers__a-cfdlli.ads_1029_43_instances.ads_13_4_overflow_check___00.smt2	sequence__ref	0	0	0	1	0	NONE	0
/nas3/data/axeyum/corpus/smtlib-2024/non-incremental/non-incremental/UFDTLIRA/20200306-Kanig/spark2014bench/PB21-057__formal_containers__a-cfdlli.ads_1029_43_instances.ads_13_4_overflow_check___00.smt2	map__ref	0	0	0	1	0	NONE	0
/nas3/data/axeyum/corpus/smtlib-2024/non-incremental/non-incremental/UFDTLIRA/20200306-Kanig/spark2014bench/PB21-057__formal_containers__a-cfdlli.ads_1029_43_instances.ads_13_4_overflow_check___00.smt2	key_type__ref	2	0	1	0	0	NONE	1
/nas3/data/axeyum/corpus/smtlib-2024/non-incremental/non-incremental/UFDTLIRA/20200306-Kanig/spark2014bench/PB21-057__formal_containers__a-cfdlli.ads_1029_43_instances.ads_13_4_overflow_check___00.smt2	tcount_typeB__ref	0	0	0	1	0	NONE	0
/nas3/data/axeyum/corpus/smtlib-2024/non-incremental/non-incremental/UFDTLIRA/20200306-Kanig/spark2014bench/PB21-057__formal_containers__a-cfdlli.ads_1029_43_instances.ads_13_4_overflow_check___00.smt2	extended_index__ref	0	0	0	1	0	NONE	0
/nas3/data/axeyum/corpus/smtlib-2024/non-incremental/non-incremental/UFDTLIRA/20200306-Kanig/spark2014bench/PB21-057__formal_containers__a-cfdlli.ads_1029_43_instances.ads_13_4_overflow_check___00.smt2	element_type__ref	0	0	0	1	0	NONE	0
/nas3/data/axeyum/corpus/smtlib-2024/non-incremental/non-incremental/UFDTLIRA/20200306-Kanig/spark2014bench/PB21-057__formal_containers__a-cfdlli.ads_1029_43_instances.ads_13_4_overflow_check___00.smt2	element_type__ref1	0	0	0	1	0	NONE	0
/nas3/data/axeyum/corpus/smtlib-2024/non-incremental/non-incremental/UFDTLIRA/20200306-Kanig/spark2014bench/QB03-022__exit_status__incr.adb_3_11_overflow_check___00.smt2	tuple0	0	0	0	1	0	NONE	0
/nas3/data/axeyum/corpus/smtlib-2024/non-incremental/non-incremental/UFDTLIRA/20200306-Kanig/spark2014bench/QB03-022__exit_status__incr.adb_3_11_overflow_check___00.smt2	us_type_of_heap__ref	0	0	0	1	0	NONE	0
/nas3/data/axeyum/corpus/smtlib-2024/non-incremental/non-incremental/UFDTLIRA/20200306-Kanig/spark2014bench/QB03-022__exit_status__incr.adb_3_11_overflow_check___00.smt2	int__ref	0	0	0	1	0	NONE	0
/nas3/data/axeyum/corpus/smtlib-2024/non-incremental/non-incremental/UFDTLIRA/20200306-Kanig/spark2014bench/QB03-022__exit_status__incr.adb_3_11_overflow_check___00.smt2	bool__ref	0	0	0	1	0	NONE	0
/nas3/data/axeyum/corpus/smtlib-2024/non-incremental/non-incremental/UFDTLIRA/20200306-Kanig/spark2014bench/QB03-022__exit_status__incr.adb_3_11_overflow_check___00.smt2	us_fixed__ref	0	0	0	1	0	NONE	0
/nas3/data/axeyum/corpus/smtlib-2024/non-incremental/non-incremental/UFDTLIRA/20200306-Kanig/spark2014bench/QB03-022__exit_status__incr.adb_3_11_overflow_check___00.smt2	real__ref	0	0	0	1	0	NONE	0
/nas3/data/axeyum/corpus/smtlib-2024/non-incremental/non-incremental/UFDTLIRA/20200306-Kanig/spark2014bench/QB03-022__exit_status__incr.adb_3_11_overflow_check___00.smt2	us_private__ref	0	0	0	1	0	NONE	0
/nas3/data/axeyum/corpus/smtlib-2024/non-incremental/non-incremental/UFDTLIRA/20200306-Kanig/spark2014bench/QB03-022__exit_status__incr.adb_3_11_overflow_check___00.smt2	integer__ref	0	0	0	1	0	NONE	0
/nas3/data/axeyum/corpus/smtlib-2024/non-incremental/non-incremental/UFDTLIRA/20200306-Kanig/spark2014bench/S415-012__iterate_list__list_ex_pledge.ads_19_35_precondition___00.smt2	tuple0	0	0	0	1	0	NONE	0
/nas3/data/axeyum/corpus/smtlib-2024/non-incremental/non-incremental/UFDTLIRA/20200306-Kanig/spark2014bench/S415-012__iterate_list__list_ex_pledge.ads_19_35_precondition___00.smt2	us_type_of_heap__ref	0	0	0	1	0	NONE	0
/nas3/data/axeyum/corpus/smtlib-2024/non-incremental/non-incremental/UFDTLIRA/20200306-Kanig/spark2014bench/S415-012__iterate_list__list_ex_pledge.ads_19_35_precondition___00.smt2	int__ref	0	0	0	1	0	NONE	0
/nas3/data/axeyum/corpus/smtlib-2024/non-incremental/non-incremental/UFDTLIRA/20200306-Kanig/spark2014bench/S415-012__iterate_list__list_ex_pledge.ads_19_35_precondition___00.smt2	bool__ref	0	0	0	1	0	NONE	0
/nas3/data/axeyum/corpus/smtlib-2024/non-incremental/non-incremental/UFDTLIRA/20200306-Kanig/spark2014bench/S415-012__iterate_list__list_ex_pledge.ads_19_35_precondition___00.smt2	us_fixed__ref	0	0	0	1	0	NONE	0
/nas3/data/axeyum/corpus/smtlib-2024/non-incremental/non-incremental/UFDTLIRA/20200306-Kanig/spark2014bench/S415-012__iterate_list__list_ex_pledge.ads_19_35_precondition___00.smt2	real__ref	0	0	0	1	0	NONE	0
/nas3/data/axeyum/corpus/smtlib-2024/non-incremental/non-incremental/UFDTLIRA/20200306-Kanig/spark2014bench/S415-012__iterate_list__list_ex_pledge.ads_19_35_precondition___00.smt2	us_private__ref	0	0	0	1	0	NONE	0
/nas3/data/axeyum/corpus/smtlib-2024/non-incremental/non-incremental/UFDTLIRA/20200306-Kanig/spark2014bench/S415-012__iterate_list__list_ex_pledge.ads_19_35_precondition___00.smt2	integer__ref	0	0	0	1	0	NONE	0
/nas3/data/axeyum/corpus/smtlib-2024/non-incremental/non-incremental/UFDTLIRA/20200306-Kanig/spark2014bench/S415-012__iterate_list__list_ex_pledge.ads_19_35_precondition___00.smt2	positive__ref	0	0	0	1	0	NONE	0
/nas3/data/axeyum/corpus/smtlib-2024/non-incremental/non-incremental/UFDTLIRA/20200306-Kanig/spark2014bench/S415-012__iterate_list__list_ex_pledge.ads_19_35_precondition___00.smt2	us_rep	0	0	0	1	0	NONE	0
/nas3/data/axeyum/corpus/smtlib-2024/non-incremental/non-incremental/UFDTLIRA/20200306-Kanig/spark2014bench/S415-012__iterate_list__list_ex_pledge.ads_19_35_precondition___00.smt2	us_rep__ref	1	0	1	0	0	NONE	1
/nas3/data/axeyum/corpus/smtlib-2024/non-incremental/non-incremental/UFDTLIRA/20200306-Kanig/spark2014bench/S415-012__iterate_list__list_ex_pledge.ads_19_35_precondition___00.smt2	t2s__ref	1	0	1	0	0	NONE	1
/nas3/data/axeyum/corpus/smtlib-2024/non-incremental/non-incremental/UFDTLIRA/20200306-Kanig/spark2014bench/S415-012__iterate_list__list_ex_pledge.ads_19_35_precondition___00.smt2	natural__ref	0	0	0	1	0	NONE	0
/nas3/data/axeyum/corpus/smtlib-2024/non-incremental/non-incremental/UFDTLIRA/20200306-Kanig/spark2014bench/S415-012__iterate_list__list_ex_pledge.ads_19_35_precondition___00.smt2	t1s__ref	1	0	1	0	0	NONE	1
/nas3/data/axeyum/corpus/smtlib-2024/non-incremental/non-incremental/UFDTLIRA/20200306-Kanig/spark2014bench/S415-012__iterate_list__list_ex_pledge.ads_19_35_precondition___00.smt2	t3s__ref	1	0	1	0	0	NONE	1
/nas3/data/axeyum/corpus/smtlib-2024/non-incremental/non-incremental/UFDTLIRA/20200306-Kanig/spark2014bench/S415-012__iterate_list__list_ex_pledge.ads_19_35_precondition___00.smt2	list__ref	1	0	1	0	0	NONE	1
/nas3/data/axeyum/corpus/smtlib-2024/non-incremental/non-incremental/UFDTLIRA/20200306-Kanig/spark2014bench/S415-012__iterate_list__list_ex_pledge.ads_19_35_precondition___00.smt2	us_split_fields	1	0	1	0	0	NONE	1
/nas3/data/axeyum/corpus/smtlib-2024/non-incremental/non-incremental/UFDTLIRA/20200306-Kanig/spark2014bench/S415-012__iterate_list__list_ex_pledge.ads_19_35_precondition___00.smt2	us_split_fields__ref	2	0	1	0	0	NONE	1
/nas3/data/axeyum/corpus/smtlib-2024/non-incremental/non-incremental/UFDTLIRA/20200306-Kanig/spark2014bench/S415-012__iterate_list__list_ex_pledge.ads_19_35_precondition___00.smt2	us_rep1	2	0	1	0	0	NONE	1
/nas3/data/axeyum/corpus/smtlib-2024/non-incremental/non-incremental/UFDTLIRA/20200306-Kanig/spark2014bench/S415-012__iterate_list__list_ex_pledge.ads_19_35_precondition___00.smt2	list_cell__ref	3	0	1	0	0	NONE	1
/nas3/data/axeyum/corpus/smtlib-2024/non-incremental/non-incremental/UFDTLIRA/20200306-Kanig/spark2014bench/SA10-028__old_in_pledge__traverse_list.adb_19_18_contract_case___00.smt2	tuple0	0	0	0	1	0	NONE	0
/nas3/data/axeyum/corpus/smtlib-2024/non-incremental/non-incremental/UFDTLIRA/20200306-Kanig/spark2014bench/SA10-028__old_in_pledge__traverse_list.adb_19_18_contract_case___00.smt2	us_type_of_heap__ref	0	0	0	1	0	NONE	0
/nas3/data/axeyum/corpus/smtlib-2024/non-incremental/non-incremental/UFDTLIRA/20200306-Kanig/spark2014bench/SA10-028__old_in_pledge__traverse_list.adb_19_18_contract_case___00.smt2	int__ref	0	0	0	1	0	NONE	0
/nas3/data/axeyum/corpus/smtlib-2024/non-incremental/non-incremental/UFDTLIRA/20200306-Kanig/spark2014bench/SA10-028__old_in_pledge__traverse_list.adb_19_18_contract_case___00.smt2	bool__ref	0	0	0	1	0	NONE	0
/nas3/data/axeyum/corpus/smtlib-2024/non-incremental/non-incremental/UFDTLIRA/20200306-Kanig/spark2014bench/SA10-028__old_in_pledge__traverse_list.adb_19_18_contract_case___00.smt2	us_fixed__ref	0	0	0	1	0	NONE	0
/nas3/data/axeyum/corpus/smtlib-2024/non-incremental/non-incremental/UFDTLIRA/20200306-Kanig/spark2014bench/SA10-028__old_in_pledge__traverse_list.adb_19_18_contract_case___00.smt2	real__ref	0	0	0	1	0	NONE	0
/nas3/data/axeyum/corpus/smtlib-2024/non-incremental/non-incremental/UFDTLIRA/20200306-Kanig/spark2014bench/SA10-028__old_in_pledge__traverse_list.adb_19_18_contract_case___00.smt2	us_private__ref	0	0	0	1	0	NONE	0
/nas3/data/axeyum/corpus/smtlib-2024/non-incremental/non-incremental/UFDTLIRA/20200306-Kanig/spark2014bench/SA10-028__old_in_pledge__traverse_list.adb_19_18_contract_case___00.smt2	integer__ref	0	0	0	1	0	NONE	0
/nas3/data/axeyum/corpus/smtlib-2024/non-incremental/non-incremental/UFDTLIRA/20200306-Kanig/spark2014bench/SA10-028__old_in_pledge__traverse_list.adb_19_18_contract_case___00.smt2	us_rep	0	0	0	1	0	NONE	0
/nas3/data/axeyum/corpus/smtlib-2024/non-incremental/non-incremental/UFDTLIRA/20200306-Kanig/spark2014bench/SA10-028__old_in_pledge__traverse_list.adb_19_18_contract_case___00.smt2	us_rep__ref	1	0	1	0	0	NONE	1
/nas3/data/axeyum/corpus/smtlib-2024/non-incremental/non-incremental/UFDTLIRA/20200306-Kanig/spark2014bench/SA10-028__old_in_pledge__traverse_list.adb_19_18_contract_case___00.smt2	t2b__ref	1	0	1	0	0	NONE	1
/nas3/data/axeyum/corpus/smtlib-2024/non-incremental/non-incremental/UFDTLIRA/20200306-Kanig/spark2014bench/SA10-028__old_in_pledge__traverse_list.adb_19_18_contract_case___00.smt2	t3b__ref	1	0	1	0	0	NONE	1
/nas3/data/axeyum/corpus/smtlib-2024/non-incremental/non-incremental/UFDTLIRA/20200306-Kanig/spark2014bench/SA10-028__old_in_pledge__traverse_list.adb_19_18_contract_case___00.smt2	us_pledge_ty__ref	0	0	0	1	0	NONE	0
/nas3/data/axeyum/corpus/smtlib-2024/non-incremental/non-incremental/UFDTLIRA/20200306-Kanig/spark2014bench/SA10-028__old_in_pledge__traverse_list.adb_19_18_contract_case___00.smt2	list_acc__ref	1	0	1	0	0	NONE	1
/nas3/data/axeyum/corpus/smtlib-2024/non-incremental/non-incremental/UFDTLIRA/20200306-Kanig/spark2014bench/SA10-028__old_in_pledge__traverse_list.adb_19_18_contract_case___00.smt2	us_split_fields	1	0	1	0	0	NONE	1
/nas3/data/axeyum/corpus/smtlib-2024/non-incremental/non-incremental/UFDTLIRA/20200306-Kanig/spark2014bench/SA10-028__old_in_pledge__traverse_list.adb_19_18_contract_case___00.smt2	us_split_fields__ref	2	0	1	0	0	NONE	1
/nas3/data/axeyum/corpus/smtlib-2024/non-incremental/non-incremental/UFDTLIRA/20200306-Kanig/spark2014bench/SA10-028__old_in_pledge__traverse_list.adb_19_18_contract_case___00.smt2	us_rep1	2	0	1	0	0	NONE	1
/nas3/data/axeyum/corpus/smtlib-2024/non-incremental/non-incremental/UFDTLIRA/20200306-Kanig/spark2014bench/SA10-028__old_in_pledge__traverse_list.adb_19_18_contract_case___00.smt2	list__ref	3	0	1	0	0	NONE	1
/nas3/data/axeyum/corpus/smtlib-2024/non-incremental/non-incremental/UFDTLIRA/20200306-Kanig/spark2014bench/K624-029__amortize_queue__amortized_queue.adb_36_16_loop_invariant_init___00.smt2	tuple0	0	0	0	1	0	NONE	0
/nas3/data/axeyum/corpus/smtlib-2024/non-incremental/non-incremental/UFDTLIRA/20200306-Kanig/spark2014bench/K624-029__amortize_queue__amortized_queue.adb_36_16_loop_invariant_init___00.smt2	us_type_of_heap__ref	0	0	0	1	0	NONE	0
/nas3/data/axeyum/corpus/smtlib-2024/non-incremental/non-incremental/UFDTLIRA/20200306-Kanig/spark2014bench/K624-029__amortize_queue__amortized_queue.adb_36_16_loop_invariant_init___00.smt2	int__ref	0	0	0	1	0	NONE	0
/nas3/data/axeyum/corpus/smtlib-2024/non-incremental/non-incremental/UFDTLIRA/20200306-Kanig/spark2014bench/K624-029__amortize_queue__amortized_queue.adb_36_16_loop_invariant_init___00.smt2	bool__ref	0	0	0	1	0	NONE	0
/nas3/data/axeyum/corpus/smtlib-2024/non-incremental/non-incremental/UFDTLIRA/20200306-Kanig/spark2014bench/K624-029__amortize_queue__amortized_queue.adb_36_16_loop_invariant_init___00.smt2	us_fixed__ref	0	0	0	1	0	NONE	0
/nas3/data/axeyum/corpus/smtlib-2024/non-incremental/non-incremental/UFDTLIRA/20200306-Kanig/spark2014bench/K624-029__amortize_queue__amortized_queue.adb_36_16_loop_invariant_init___00.smt2	real__ref	0	0	0	1	0	NONE	0
/nas3/data/axeyum/corpus/smtlib-2024/non-incremental/non-incremental/UFDTLIRA/20200306-Kanig/spark2014bench/K624-029__amortize_queue__amortized_queue.adb_36_16_loop_invariant_init___00.smt2	us_private__ref	0	0	0	1	0	NONE	0
/nas3/data/axeyum/corpus/smtlib-2024/non-incremental/non-incremental/UFDTLIRA/20200306-Kanig/spark2014bench/K624-029__amortize_queue__amortized_queue.adb_36_16_loop_invariant_init___00.smt2	integer__ref	0	0	0	1	0	NONE	0
/nas3/data/axeyum/corpus/smtlib-2024/non-incremental/non-incremental/UFDTLIRA/20200306-Kanig/spark2014bench/K624-029__amortize_queue__amortized_queue.adb_36_16_loop_invariant_init___00.smt2	capacity_range__ref	0	0	0	1	0	NONE	0
/nas3/data/axeyum/corpus/smtlib-2024/non-incremental/non-incremental/UFDTLIRA/20200306-Kanig/spark2014bench/K624-029__amortize_queue__amortized_queue.adb_36_16_loop_invariant_init___00.smt2	us_split_discrs	0	0	0	1	0	NONE	0
/nas3/data/axeyum/corpus/smtlib-2024/non-incremental/non-incremental/UFDTLIRA/20200306-Kanig/spark2014bench/K624-029__amortize_queue__amortized_queue.adb_36_16_loop_invariant_init___00.smt2	us_split_discrs__ref	1	0	1	0	0	NONE	1
/nas3/data/axeyum/corpus/smtlib-2024/non-incremental/non-incremental/UFDTLIRA/20200306-Kanig/spark2014bench/K624-029__amortize_queue__amortized_queue.adb_36_16_loop_invariant_init___00.smt2	us_split_fields	0	0	0	1	0	NONE	0
/nas3/data/axeyum/corpus/smtlib-2024/non-incremental/non-incremental/UFDTLIRA/20200306-Kanig/spark2014bench/K624-029__amortize_queue__amortized_queue.adb_36_16_loop_invariant_init___00.smt2	us_split_fields__ref	1	0	1	0	0	NONE	1
/nas3/data/axeyum/corpus/smtlib-2024/non-incremental/non-incremental/UFDTLIRA/20200306-Kanig/spark2014bench/K624-029__amortize_queue__amortized_queue.adb_36_16_loop_invariant_init___00.smt2	us_rep	1	0	1	0	0	NONE	1
/nas3/data/axeyum/corpus/smtlib-2024/non-incremental/non-incremental/UFDTLIRA/20200306-Kanig/spark2014bench/K624-029__amortize_queue__amortized_queue.adb_36_16_loop_invariant_init___00.smt2	vector__ref	2	0	1	0	0	NONE	1
/nas3/data/axeyum/corpus/smtlib-2024/non-incremental/non-incremental/UFDTLIRA/20200306-Kanig/spark2014bench/K624-029__amortize_queue__amortized_queue.adb_36_16_loop_invariant_init___00.smt2	sequence__ref	0	0	0	1	0	NONE	0
/nas3/data/axeyum/corpus/smtlib-2024/non-incremental/non-incremental/UFDTLIRA/20200306-Kanig/spark2014bench/K624-029__amortize_queue__amortized_queue.adb_36_16_loop_invariant_init___00.smt2	extended_index__ref	0	0	0	1	0	NONE	0
/nas3/data/axeyum/corpus/smtlib-2024/non-incremental/non-incremental/UFDTLIRA/20200306-Kanig/spark2014bench/K624-029__amortize_queue__amortized_queue.adb_36_16_loop_invariant_init___00.smt2	index_type__ref	0	0	0	1	0	NONE	0
/nas3/data/axeyum/corpus/smtlib-2024/non-incremental/non-incremental/UFDTLIRA/20200306-Kanig/spark2014bench/K624-029__amortize_queue__amortized_queue.adb_36_16_loop_invariant_init___00.smt2	element_type__ref	0	0	0	1	0	NONE	0
/nas3/data/axeyum/corpus/smtlib-2024/non-incremental/non-incremental/UFDTLIRA/20200306-Kanig/spark2014bench/K624-029__amortize_queue__amortized_queue.adb_36_16_loop_invariant_init___00.smt2	tresultS__ref	2	0	1	0	0	NONE	1
/nas3/data/axeyum/corpus/smtlib-2024/non-incremental/non-incremental/UFDTLIRA/20200306-Kanig/spark2014bench/K624-029__amortize_queue__amortized_queue.adb_36_16_loop_invariant_init___00.smt2	val____ref	0	0	0	1	0	NONE	0
/nas3/data/axeyum/corpus/smtlib-2024/non-incremental/non-incremental/UFDTLIRA/20200306-Kanig/spark2014bench/K624-029__amortize_queue__amortized_queue.adb_36_16_loop_invariant_init___00.smt2	tcount_typeB__ref	0	0	0	1	0	NONE	0
/nas3/data/axeyum/corpus/smtlib-2024/non-incremental/non-incremental/UFDTLIRA/20200306-Kanig/spark2014bench/K624-029__amortize_queue__amortized_queue.adb_36_16_loop_invariant_init___00.smt2	t25b__ref	0	0	0	1	0	NONE	0
/nas3/data/axeyum/corpus/smtlib-2024/non-incremental/non-incremental/UFDTLIRA/20200306-Kanig/spark2014bench/K624-029__amortize_queue__amortized_queue.adb_36_16_loop_invariant_init___00.smt2	count_type__ref	0	0	0	1	0	NONE	0
/nas3/data/axeyum/corpus/smtlib-2024/non-incremental/non-incremental/UFDTLIRA/20200306-Kanig/spark2014bench/K624-029__amortize_queue__amortized_queue.adb_36_16_loop_invariant_init___00.smt2	extended_index__ref1	0	0	0	1	0	NONE	0
/nas3/data/axeyum/corpus/smtlib-2024/non-incremental/non-incremental/UFDTLIRA/20200306-Kanig/spark2014bench/K624-029__amortize_queue__amortized_queue.adb_36_16_loop_invariant_init___00.smt2	element_type__ref1	0	0	0	1	0	NONE	0
/nas3/data/axeyum/corpus/smtlib-2024/non-incremental/non-incremental/UFDTLIRA/20200306-Kanig/spark2014bench/M801-016__flow_contract_cases__contract_cases.adb_19_38_contract_case___00.smt2	tuple0	0	0	0	1	0	NONE	0
/nas3/data/axeyum/corpus/smtlib-2024/non-incremental/non-incremental/UFDTLIRA/20200306-Kanig/spark2014bench/M801-016__flow_contract_cases__contract_cases.adb_19_38_contract_case___00.smt2	us_type_of_heap__ref	0	0	0	1	0	NONE	0
/nas3/data/axeyum/corpus/smtlib-2024/non-incremental/non-incremental/UFDTLIRA/20200306-Kanig/spark2014bench/M801-016__flow_contract_cases__contract_cases.adb_19_38_contract_case___00.smt2	int__ref	0	0	0	1	0	NONE	0
/nas3/data/axeyum/corpus/smtlib-2024/non-incremental/non-incremental/UFDTLIRA/20200306-Kanig/spark2014bench/M801-016__flow_contract_cases__contract_cases.adb_19_38_contract_case___00.smt2	bool__ref	0	0	0	1	0	NONE	0
/nas3/data/axeyum/corpus/smtlib-2024/non-incremental/non-incremental/UFDTLIRA/20200306-Kanig/spark2014bench/M801-016__flow_contract_cases__contract_cases.adb_19_38_contract_case___00.smt2	us_fixed__ref	0	0	0	1	0	NONE	0
/nas3/data/axeyum/corpus/smtlib-2024/non-incremental/non-incremental/UFDTLIRA/20200306-Kanig/spark2014bench/M801-016__flow_contract_cases__contract_cases.adb_19_38_contract_case___00.smt2	real__ref	0	0	0	1	0	NONE	0
/nas3/data/axeyum/corpus/smtlib-2024/non-incremental/non-incremental/UFDTLIRA/20200306-Kanig/spark2014bench/M801-016__flow_contract_cases__contract_cases.adb_19_38_contract_case___00.smt2	us_private__ref	0	0	0	1	0	NONE	0
/nas3/data/axeyum/corpus/smtlib-2024/non-incremental/non-incremental/UFDTLIRA/20200306-Kanig/spark2014bench/M801-016__flow_contract_cases__contract_cases.adb_19_38_contract_case___00.smt2	integer__ref	0	0	0	1	0	NONE	0
/nas3/data/axeyum/corpus/smtlib-2024/non-incremental/non-incremental/UFDTLIRA/20200306-Kanig/spark2014bench/M801-016__flow_contract_cases__contract_cases.adb_19_38_contract_case___00.smt2	natural__ref	0	0	0	1	0	NONE	0
/nas3/data/axeyum/corpus/smtlib-2024/non-incremental/non-incremental/UFDTLIRA/20200306-Kanig/spark2014bench/L719-025__lists_equal__p.adb_25_7_precondition___00.smt2	tuple0	0	0	0	1	0	NONE	0
/nas3/data/axeyum/corpus/smtlib-2024/non-incremental/non-incremental/UFDTLIRA/20200306-Kanig/spark2014bench/L719-025__lists_equal__p.adb_25_7_precondition___00.smt2	us_type_of_heap__ref	0	0	0	1	0	NONE	0
/nas3/data/axeyum/corpus/smtlib-2024/non-incremental/non-incremental/UFDTLIRA/20200306-Kanig/spark2014bench/L719-025__lists_equal__p.adb_25_7_precondition___00.smt2	int__ref	0	0	0	1	0	NONE	0
/nas3/data/axeyum/corpus/smtlib-2024/non-incremental/non-incremental/UFDTLIRA/20200306-Kanig/spark2014bench/L719-025__lists_equal__p.adb_25_7_precondition___00.smt2	bool__ref	0	0	0	1	0	NONE	0
/nas3/data/axeyum/corpus/smtlib-2024/non-incremental/non-incremental/UFDTLIRA/20200306-Kanig/spark2014bench/L719-025__lists_equal__p.adb_25_7_precondition___00.smt2	us_fixed__ref	0	0	0	1	0	NONE	0
/nas3/data/axeyum/corpus/smtlib-2024/non-incremental/non-incremental/UFDTLIRA/20200306-Kanig/spark2014bench/L719-025__lists_equal__p.adb_25_7_precondition___00.smt2	real__ref	0	0	0	1	0	NONE	0
/nas3/data/axeyum/corpus/smtlib-2024/non-incremental/non-incremental/UFDTLIRA/20200306-Kanig/spark2014bench/L719-025__lists_equal__p.adb_25_7_precondition___00.smt2	us_private__ref	0	0	0	1	0	NONE	0
/nas3/data/axeyum/corpus/smtlib-2024/non-incremental/non-incremental/UFDTLIRA/20200306-Kanig/spark2014bench/L719-025__lists_equal__p.adb_25_7_precondition___00.smt2	count_type__ref	0	0	0	1	0	NONE	0
/nas3/data/axeyum/corpus/smtlib-2024/non-incremental/non-incremental/UFDTLIRA/20200306-Kanig/spark2014bench/L719-025__lists_equal__p.adb_25_7_precondition___00.smt2	us_split_discrs	0	0	0	1	0	NONE	0
/nas3/data/axeyum/corpus/smtlib-2024/non-incremental/non-incremental/UFDTLIRA/20200306-Kanig/spark2014bench/L719-025__lists_equal__p.adb_25_7_precondition___00.smt2	us_split_discrs__ref	1	0	1	0	0	NONE	1
/nas3/data/axeyum/corpus/smtlib-2024/non-incremental/non-incremental/UFDTLIRA/20200306-Kanig/spark2014bench/L719-025__lists_equal__p.adb_25_7_precondition___00.smt2	us_split_fields	0	0	0	1	0	NONE	0
/nas3/data/axeyum/corpus/smtlib-2024/non-incremental/non-incremental/UFDTLIRA/20200306-Kanig/spark2014bench/L719-025__lists_equal__p.adb_25_7_precondition___00.smt2	us_split_fields__ref	1	0	1	0	0	NONE	1
/nas3/data/axeyum/corpus/smtlib-2024/non-incremental/non-incremental/UFDTLIRA/20200306-Kanig/spark2014bench/L719-025__lists_equal__p.adb_25_7_precondition___00.smt2	us_rep	1	0	1	0	0	NONE	1
/nas3/data/axeyum/corpus/smtlib-2024/non-incremental/non-incremental/UFDTLIRA/20200306-Kanig/spark2014bench/L719-025__lists_equal__p.adb_25_7_precondition___00.smt2	list__ref	2	0	1	0	0	NONE	1
/nas3/data/axeyum/corpus/smtlib-2024/non-incremental/non-incremental/UFDTLIRA/20200306-Kanig/spark2014bench/L719-025__lists_equal__p.adb_25_7_precondition___00.smt2	sequence__ref	0	0	0	1	0	NONE	0
/nas3/data/axeyum/corpus/smtlib-2024/non-incremental/non-incremental/UFDTLIRA/20200306-Kanig/spark2014bench/L719-025__lists_equal__p.adb_25_7_precondition___00.smt2	map__ref	0	0	0	1	0	NONE	0
/nas3/data/axeyum/corpus/smtlib-2024/non-incremental/non-incremental/UFDTLIRA/20200306-Kanig/spark2014bench/L719-025__lists_equal__p.adb_25_7_precondition___00.smt2	us_split_fields2	0	0	0	1	0	NONE	0
/nas3/data/axeyum/corpus/smtlib-2024/non-incremental/non-incremental/UFDTLIRA/20200306-Kanig/spark2014bench/L719-025__lists_equal__p.adb_25_7_precondition___00.smt2	us_split_fields__ref1	1	0	1	0	0	NONE	1
/nas3/data/axeyum/corpus/smtlib-2024/non-incremental/non-incremental/UFDTLIRA/20200306-Kanig/spark2014bench/L719-025__lists_equal__p.adb_25_7_precondition___00.smt2	us_rep3	1	0	1	0	0	NONE	1
/nas3/data/axeyum/corpus/smtlib-2024/non-incremental/non-incremental/UFDTLIRA/20200306-Kanig/spark2014bench/L719-025__lists_equal__p.adb_25_7_precondition___00.smt2	cursor__ref	2	0	1	0	0	NONE	1
/nas3/data/axeyum/corpus/smtlib-2024/non-incremental/non-incremental/UFDTLIRA/20200306-Kanig/spark2014bench/L719-025__lists_equal__p.adb_25_7_precondition___00.smt2	key_type__ref	2	0	1	0	0	NONE	1
/nas3/data/axeyum/corpus/smtlib-2024/non-incremental/non-incremental/UFDTLIRA/20200306-Kanig/spark2014bench/L719-025__lists_equal__p.adb_25_7_precondition___00.smt2	element_type__ref	0	0	0	1	0	NONE	0
/nas3/data/axeyum/corpus/smtlib-2024/non-incremental/non-incremental/UFDTLIRA/20200306-Kanig/spark2014bench/L719-025__lists_equal__p.adb_25_7_precondition___00.smt2	extended_index__ref	0	0	0	1	0	NONE	0
/nas3/data/axeyum/corpus/smtlib-2024/non-incremental/non-incremental/UFDTLIRA/20200306-Kanig/spark2014bench/L719-025__lists_equal__p.adb_25_7_precondition___00.smt2	element_type__ref1	0	0	0	1	0	NONE	0
/nas3/data/axeyum/corpus/smtlib-2024/non-incremental/non-incremental/UFDTLIRA/20200306-Kanig/spark2014bench/L719-025__lists_equal__p.adb_25_7_precondition___00.smt2	element_type__ref2	0	0	0	1	0	NONE	0
/nas3/data/axeyum/corpus/smtlib-2024/non-incremental/non-incremental/UFDTLIRA/20200306-Kanig/spark2014bench/M213-022__flow_loops__test.adb_134_17_range_check___00.smt2	tuple0	0	0	0	1	0	NONE	0
/nas3/data/axeyum/corpus/smtlib-2024/non-incremental/non-incremental/UFDTLIRA/20200306-Kanig/spark2014bench/M213-022__flow_loops__test.adb_134_17_range_check___00.smt2	us_type_of_heap__ref	0	0	0	1	0	NONE	0
/nas3/data/axeyum/corpus/smtlib-2024/non-incremental/non-incremental/UFDTLIRA/20200306-Kanig/spark2014bench/M213-022__flow_loops__test.adb_134_17_range_check___00.smt2	int__ref	0	0	0	1	0	NONE	0
/nas3/data/axeyum/corpus/smtlib-2024/non-incremental/non-incremental/UFDTLIRA/20200306-Kanig/spark2014bench/M213-022__flow_loops__test.adb_134_17_range_check___00.smt2	bool__ref	0	0	0	1	0	NONE	0
/nas3/data/axeyum/corpus/smtlib-2024/non-incremental/non-incremental/UFDTLIRA/20200306-Kanig/spark2014bench/M213-022__flow_loops__test.adb_134_17_range_check___00.smt2	us_fixed__ref	0	0	0	1	0	NONE	0
/nas3/data/axeyum/corpus/smtlib-2024/non-incremental/non-incremental/UFDTLIRA/20200306-Kanig/spark2014bench/M213-022__flow_loops__test.adb_134_17_range_check___00.smt2	real__ref	0	0	0	1	0	NONE	0
/nas3/data/axeyum/corpus/smtlib-2024/non-incremental/non-incremental/UFDTLIRA/20200306-Kanig/spark2014bench/M213-022__flow_loops__test.adb_134_17_range_check___00.smt2	us_private__ref	0	0	0	1	0	NONE	0
/nas3/data/axeyum/corpus/smtlib-2024/non-incremental/non-incremental/UFDTLIRA/20200306-Kanig/spark2014bench/M213-022__flow_loops__test.adb_134_17_range_check___00.smt2	integer__ref	0	0	0	1	0	NONE	0
/nas3/data/axeyum/corpus/smtlib-2024/non-incremental/non-incremental/UFDTLIRA/20200306-Kanig/spark2014bench/M213-022__flow_loops__test.adb_134_17_range_check___00.smt2	natural__ref	0	0	0	1	0	NONE	0
/nas3/data/axeyum/corpus/smtlib-2024/non-incremental/non-incremental/UFDTLIRA/20200306-Kanig/spark2014bench/NB04-027__classwide_prepost__dispatcher.adb_6_8_precondition___00.smt2	tuple0	0	0	0	1	0	NONE	0
/nas3/data/axeyum/corpus/smtlib-2024/non-incremental/non-incremental/UFDTLIRA/20200306-Kanig/spark2014bench/NB04-027__classwide_prepost__dispatcher.adb_6_8_precondition___00.smt2	us_type_of_heap__ref	0	0	0	1	0	NONE	0
/nas3/data/axeyum/corpus/smtlib-2024/non-incremental/non-incremental/UFDTLIRA/20200306-Kanig/spark2014bench/NB04-027__classwide_prepost__dispatcher.adb_6_8_precondition___00.smt2	int__ref	0	0	0	1	0	NONE	0
/nas3/data/axeyum/corpus/smtlib-2024/non-incremental/non-incremental/UFDTLIRA/20200306-Kanig/spark2014bench/NB04-027__classwide_prepost__dispatcher.adb_6_8_precondition___00.smt2	bool__ref	0	0	0	1	0	NONE	0
/nas3/data/axeyum/corpus/smtlib-2024/non-incremental/non-incremental/UFDTLIRA/20200306-Kanig/spark2014bench/NB04-027__classwide_prepost__dispatcher.adb_6_8_precondition___00.smt2	us_fixed__ref	0	0	0	1	0	NONE	0
/nas3/data/axeyum/corpus/smtlib-2024/non-incremental/non-incremental/UFDTLIRA/20200306-Kanig/spark2014bench/NB04-027__classwide_prepost__dispatcher.adb_6_8_precondition___00.smt2	real__ref	0	0	0	1	0	NONE	0
/nas3/data/axeyum/corpus/smtlib-2024/non-incremental/non-incremental/UFDTLIRA/20200306-Kanig/spark2014bench/NB04-027__classwide_prepost__dispatcher.adb_6_8_precondition___00.smt2	us_private__ref	0	0	0	1	0	NONE	0
/nas3/data/axeyum/corpus/smtlib-2024/non-incremental/non-incremental/UFDTLIRA/20200306-Kanig/spark2014bench/NB04-027__classwide_prepost__dispatcher.adb_6_8_precondition___00.smt2	us_split_fields	0	0	0	1	0	NONE	0
/nas3/data/axeyum/corpus/smtlib-2024/non-incremental/non-incremental/UFDTLIRA/20200306-Kanig/spark2014bench/NB04-027__classwide_prepost__dispatcher.adb_6_8_precondition___00.smt2	us_split_fields__ref	1	0	1	0	0	NONE	1
/nas3/data/axeyum/corpus/smtlib-2024/non-incremental/non-incremental/UFDTLIRA/20200306-Kanig/spark2014bench/NB04-027__classwide_prepost__dispatcher.adb_6_8_precondition___00.smt2	us_rep	1	0	1	0	0	NONE	1
/nas3/data/axeyum/corpus/smtlib-2024/non-incremental/non-incremental/UFDTLIRA/20200306-Kanig/spark2014bench/NB04-027__classwide_prepost__dispatcher.adb_6_8_precondition___00.smt2	t__ref	2	0	1	0	0	NONE	1
/nas3/data/axeyum/corpus/smtlib-2024/non-incremental/non-incremental/UFDTLIRA/20200306-Kanig/spark2014bench/PC09-010__lsp_inherited__check_lsp.ads_29_23_check_lsp.ads_39_7_postcondition___00.smt2	tuple0	0	0	0	1	0	NONE	0
/nas3/data/axeyum/corpus/smtlib-2024/non-incremental/non-incremental/UFDTLIRA/20200306-Kanig/spark2014bench/PC09-010__lsp_inherited__check_lsp.ads_29_23_check_lsp.ads_39_7_postcondition___00.smt2	us_type_of_heap__ref	0	0	0	1	0	NONE	0
/nas3/data/axeyum/corpus/smtlib-2024/non-incremental/non-incremental/UFDTLIRA/20200306-Kanig/spark2014bench/PC09-010__lsp_inherited__check_lsp.ads_29_23_check_lsp.ads_39_7_postcondition___00.smt2	int__ref	0	0	0	1	0	NONE	0
/nas3/data/axeyum/corpus/smtlib-2024/non-incremental/non-incremental/UFDTLIRA/20200306-Kanig/spark2014bench/PC09-010__lsp_inherited__check_lsp.ads_29_23_check_lsp.ads_39_7_postcondition___00.smt2	bool__ref	0	0	0	1	0	NONE	0
/nas3/data/axeyum/corpus/smtlib-2024/non-incremental/non-incremental/UFDTLIRA/20200306-Kanig/spark2014bench/PC09-010__lsp_inherited__check_lsp.ads_29_23_check_lsp.ads_39_7_postcondition___00.smt2	us_fixed__ref	0	0	0	1	0	NONE	0
/nas3/data/axeyum/corpus/smtlib-2024/non-incremental/non-incremental/UFDTLIRA/20200306-Kanig/spark2014bench/PC09-010__lsp_inherited__check_lsp.ads_29_23_check_lsp.ads_39_7_postcondition___00.smt2	real__ref	0	0	0	1	0	NONE	0
/nas3/data/axeyum/corpus/smtlib-2024/non-incremental/non-incremental/UFDTLIRA/20200306-Kanig/spark2014bench/PC09-010__lsp_inherited__check_lsp.ads_29_23_check_lsp.ads_39_7_postcondition___00.smt2	us_private__ref	0	0	0	1	0	NONE	0
/nas3/data/axeyum/corpus/smtlib-2024/non-incremental/non-incremental/UFDTLIRA/20200306-Kanig/spark2014bench/PC09-010__lsp_inherited__check_lsp.ads_29_23_check_lsp.ads_39_7_postcondition___00.smt2	integer__ref	0	0	0	1	0	NONE	0
/nas3/data/axeyum/corpus/smtlib-2024/non-incremental/non-incremental/UFDTLIRA/20200306-Kanig/spark2014bench/PC09-010__lsp_inherited__check_lsp.ads_29_23_check_lsp.ads_39_7_postcondition___00.smt2	us_split_fields	0	0	0	1	0	NONE	0
/nas3/data/axeyum/corpus/smtlib-2024/non-incremental/non-incremental/UFDTLIRA/20200306-Kanig/spark2014bench/PC09-010__lsp_inherited__check_lsp.ads_29_23_check_lsp.ads_39_7_postcondition___00.smt2	us_split_fields__ref	1	0	1	0	0	NONE	1
/nas3/data/axeyum/corpus/smtlib-2024/non-incremental/non-incremental/UFDTLIRA/20200306-Kanig/spark2014bench/PC09-010__lsp_inherited__check_lsp.ads_29_23_check_lsp.ads_39_7_postcondition___00.smt2	us_rep	1	0	1	0	0	NONE	1
/nas3/data/axeyum/corpus/smtlib-2024/non-incremental/non-incremental/UFDTLIRA/20200306-Kanig/spark2014bench/PC09-010__lsp_inherited__check_lsp.ads_29_23_check_lsp.ads_39_7_postcondition___00.smt2	root__ref	2	0	1	0	0	NONE	1
/nas3/data/axeyum/corpus/smtlib-2024/non-incremental/non-incremental/UFDTLIRA/20200306-Kanig/spark2014bench/PC09-010__lsp_inherited__check_lsp.ads_29_23_check_lsp.ads_39_7_postcondition___00.smt2	us_split_fields2	0	0	0	1	0	NONE	0
/nas3/data/axeyum/corpus/smtlib-2024/non-incremental/non-incremental/UFDTLIRA/20200306-Kanig/spark2014bench/PC09-010__lsp_inherited__check_lsp.ads_29_23_check_lsp.ads_39_7_postcondition___00.smt2	us_split_fields__ref1	1	0	1	0	0	NONE	1
/nas3/data/axeyum/corpus/smtlib-2024/non-incremental/non-incremental/UFDTLIRA/20200306-Kanig/spark2014bench/PC09-010__lsp_inherited__check_lsp.ads_29_23_check_lsp.ads_39_7_postcondition___00.smt2	us_rep1	1	0	1	0	0	NONE	1
/nas3/data/axeyum/corpus/smtlib-2024/non-incremental/non-incremental/UFDTLIRA/20200306-Kanig/spark2014bench/PC09-010__lsp_inherited__check_lsp.ads_29_23_check_lsp.ads_39_7_postcondition___00.smt2	child__ref	2	0	1	0	0	NONE	1
/nas3/data/axeyum/corpus/smtlib-2024/non-incremental/non-incremental/UFDTLIRA/20200306-Kanig/spark2014bench/PC09-010__lsp_inherited__check_lsp.ads_29_23_check_lsp.ads_39_7_postcondition___00.smt2	us_split_fields4	0	0	0	1	0	NONE	0
/nas3/data/axeyum/corpus/smtlib-2024/non-incremental/non-incremental/UFDTLIRA/20200306-Kanig/spark2014bench/PC09-010__lsp_inherited__check_lsp.ads_29_23_check_lsp.ads_39_7_postcondition___00.smt2	us_split_fields__ref2	1	0	1	0	0	NONE	1
/nas3/data/axeyum/corpus/smtlib-2024/non-incremental/non-incremental/UFDTLIRA/20200306-Kanig/spark2014bench/PC09-010__lsp_inherited__check_lsp.ads_29_23_check_lsp.ads_39_7_postcondition___00.smt2	us_rep2	1	0	1	0	0	NONE	1
/nas3/data/axeyum/corpus/smtlib-2024/non-incremental/non-incremental/UFDTLIRA/20200306-Kanig/spark2014bench/PC09-010__lsp_inherited__check_lsp.ads_29_23_check_lsp.ads_39_7_postcondition___00.smt2	grand_child__ref	2	0	1	0	0	NONE	1
/nas3/data/axeyum/corpus/smtlib-2024/non-incremental/non-incremental/UFDTLIRA/20200306-Kanig/spark2014bench/QC21-016__flow_race__p.adb_7_28_assert___00.smt2	tuple0	0	0	0	1	0	NONE	0
/nas3/data/axeyum/corpus/smtlib-2024/non-incremental/non-incremental/UFDTLIRA/20200306-Kanig/spark2014bench/QC21-016__flow_race__p.adb_7_28_assert___00.smt2	us_type_of_heap__ref	0	0	0	1	0	NONE	0
/nas3/data/axeyum/corpus/smtlib-2024/non-incremental/non-incremental/UFDTLIRA/20200306-Kanig/spark2014bench/QC21-016__flow_race__p.adb_7_28_assert___00.smt2	int__ref	0	0	0	1	0	NONE	0
/nas3/data/axeyum/corpus/smtlib-2024/non-incremental/non-incremental/UFDTLIRA/20200306-Kanig/spark2014bench/QC21-016__flow_race__p.adb_7_28_assert___00.smt2	bool__ref	0	0	0	1	0	NONE	0
/nas3/data/axeyum/corpus/smtlib-2024/non-incremental/non-incremental/UFDTLIRA/20200306-Kanig/spark2014bench/QC21-016__flow_race__p.adb_7_28_assert___00.smt2	us_fixed__ref	0	0	0	1	0	NONE	0
/nas3/data/axeyum/corpus/smtlib-2024/non-incremental/non-incremental/UFDTLIRA/20200306-Kanig/spark2014bench/QC21-016__flow_race__p.adb_7_28_assert___00.smt2	real__ref	0	0	0	1	0	NONE	0
/nas3/data/axeyum/corpus/smtlib-2024/non-incremental/non-incremental/UFDTLIRA/20200306-Kanig/spark2014bench/QC21-016__flow_race__p.adb_7_28_assert___00.smt2	us_private__ref	0	0	0	1	0	NONE	0
/nas3/data/axeyum/corpus/smtlib-2024/non-incremental/non-incremental/UFDTLIRA/20200306-Kanig/spark2014bench/QC21-016__flow_race__p.adb_7_28_assert___00.smt2	integer__ref	0	0	0	1	0	NONE	0
/nas3/data/axeyum/corpus/smtlib-2024/non-incremental/non-incremental/UFDTLIRA/20200306-Kanig/spark2014bench/QC21-016__flow_race__p.adb_7_28_assert___00.smt2	poT__ref	0	0	0	1	0	NONE	0
/nas3/data/axeyum/corpus/smtlib-2024/non-incremental/non-incremental/UFDTLIRA/20200306-Kanig/spark2014bench/Q105-001__hidden_comp_default_check__tagged_component_check.ads_23_28_range_check___00.smt2	tuple0	0	0	0	1	0	NONE	0
/nas3/data/axeyum/corpus/smtlib-2024/non-incremental/non-incremental/UFDTLIRA/20200306-Kanig/spark2014bench/Q105-001__hidden_comp_default_check__tagged_component_check.ads_23_28_range_check___00.smt2	us_type_of_heap__ref	0	0	0	1	0	NONE	0
/nas3/data/axeyum/corpus/smtlib-2024/non-incremental/non-incremental/UFDTLIRA/20200306-Kanig/spark2014bench/Q105-001__hidden_comp_default_check__tagged_component_check.ads_23_28_range_check___00.smt2	int__ref	0	0	0	1	0	NONE	0
/nas3/data/axeyum/corpus/smtlib-2024/non-incremental/non-incremental/UFDTLIRA/20200306-Kanig/spark2014bench/Q105-001__hidden_comp_default_check__tagged_component_check.ads_23_28_range_check___00.smt2	bool__ref	0	0	0	1	0	NONE	0
/nas3/data/axeyum/corpus/smtlib-2024/non-incremental/non-incremental/UFDTLIRA/20200306-Kanig/spark2014bench/Q105-001__hidden_comp_default_check__tagged_component_check.ads_23_28_range_check___00.smt2	us_fixed__ref	0	0	0	1	0	NONE	0
/nas3/data/axeyum/corpus/smtlib-2024/non-incremental/non-incremental/UFDTLIRA/20200306-Kanig/spark2014bench/Q105-001__hidden_comp_default_check__tagged_component_check.ads_23_28_range_check___00.smt2	real__ref	0	0	0	1	0	NONE	0
/nas3/data/axeyum/corpus/smtlib-2024/non-incremental/non-incremental/UFDTLIRA/20200306-Kanig/spark2014bench/Q105-001__hidden_comp_default_check__tagged_component_check.ads_23_28_range_check___00.smt2	us_private__ref	0	0	0	1	0	NONE	0
/nas3/data/axeyum/corpus/smtlib-2024/non-incremental/non-incremental/UFDTLIRA/20200306-Kanig/spark2014bench/Q105-001__hidden_comp_default_check__tagged_component_check.ads_23_28_range_check___00.smt2	natural__ref	0	0	0	1	0	NONE	0
/nas3/data/axeyum/corpus/smtlib-2024/non-incremental/non-incremental/UFDTLIRA/20200306-Kanig/spark2014bench/Q105-001__hidden_comp_default_check__tagged_component_check.ads_23_28_range_check___00.smt2	integer__ref	0	0	0	1	0	NONE	0
/nas3/data/axeyum/corpus/smtlib-2024/non-incremental/non-incremental/UFDTLIRA/20200306-Kanig/spark2014bench/Q105-001__hidden_comp_default_check__tagged_component_check.ads_23_28_range_check___00.smt2	us_split_fields	0	0	0	1	0	NONE	0
/nas3/data/axeyum/corpus/smtlib-2024/non-incremental/non-incremental/UFDTLIRA/20200306-Kanig/spark2014bench/Q105-001__hidden_comp_default_check__tagged_component_check.ads_23_28_range_check___00.smt2	us_split_fields__ref	1	0	1	0	0	NONE	1
/nas3/data/axeyum/corpus/smtlib-2024/non-incremental/non-incremental/UFDTLIRA/20200306-Kanig/spark2014bench/Q105-001__hidden_comp_default_check__tagged_component_check.ads_23_28_range_check___00.smt2	us_rep	1	0	1	0	0	NONE	1
/nas3/data/axeyum/corpus/smtlib-2024/non-incremental/non-incremental/UFDTLIRA/20200306-Kanig/spark2014bench/Q105-001__hidden_comp_default_check__tagged_component_check.ads_23_28_range_check___00.smt2	root__ref	2	0	1	0	0	NONE	1
/nas3/data/axeyum/corpus/smtlib-2024/non-incremental/non-incremental/UFDTLIRA/20200306-Kanig/spark2014bench/Q105-001__hidden_comp_default_check__tagged_component_check.ads_23_28_range_check___00.smt2	us_split_fields2	0	0	0	1	0	NONE	0
/nas3/data/axeyum/corpus/smtlib-2024/non-incremental/non-incremental/UFDTLIRA/20200306-Kanig/spark2014bench/Q105-001__hidden_comp_default_check__tagged_component_check.ads_23_28_range_check___00.smt2	us_split_fields__ref1	1	0	1	0	0	NONE	1
/nas3/data/axeyum/corpus/smtlib-2024/non-incremental/non-incremental/UFDTLIRA/20200306-Kanig/spark2014bench/Q105-001__hidden_comp_default_check__tagged_component_check.ads_23_28_range_check___00.smt2	us_rep1	1	0	1	0	0	NONE	1
/nas3/data/axeyum/corpus/smtlib-2024/non-incremental/non-incremental/UFDTLIRA/20200306-Kanig/spark2014bench/Q105-001__hidden_comp_default_check__tagged_component_check.ads_23_28_range_check___00.smt2	c__ref	2	0	1	0	0	NONE	1
/nas3/data/axeyum/corpus/smtlib-2024/non-incremental/non-incremental/UFDTLIRA/20200306-Kanig/spark2014bench/Q105-001__hidden_comp_default_check__tagged_component_check.ads_23_28_range_check___00.smt2	us_split_fields4	0	0	0	1	0	NONE	0
/nas3/data/axeyum/corpus/smtlib-2024/non-incremental/non-incremental/UFDTLIRA/20200306-Kanig/spark2014bench/Q105-001__hidden_comp_default_check__tagged_component_check.ads_23_28_range_check___00.smt2	us_split_fields__ref2	1	0	1	0	0	NONE	1
/nas3/data/axeyum/corpus/smtlib-2024/non-incremental/non-incremental/UFDTLIRA/20200306-Kanig/spark2014bench/Q105-001__hidden_comp_default_check__tagged_component_check.ads_23_28_range_check___00.smt2	us_rep2	1	0	1	0	0	NONE	1
/nas3/data/axeyum/corpus/smtlib-2024/non-incremental/non-incremental/UFDTLIRA/20200306-Kanig/spark2014bench/Q105-001__hidden_comp_default_check__tagged_component_check.ads_23_28_range_check___00.smt2	d1__ref	2	0	1	0	0	NONE	1
/nas3/data/axeyum/corpus/smtlib-2024/non-incremental/non-incremental/UFDTLIRA/20200306-Kanig/spark2014bench/Q105-001__hidden_comp_default_check__tagged_component_check.ads_23_28_range_check___00.smt2	us_split_fields6	0	0	0	1	0	NONE	0
/nas3/data/axeyum/corpus/smtlib-2024/non-incremental/non-incremental/UFDTLIRA/20200306-Kanig/spark2014bench/Q105-001__hidden_comp_default_check__tagged_component_check.ads_23_28_range_check___00.smt2	us_split_fields__ref3	1	0	1	0	0	NONE	1
/nas3/data/axeyum/corpus/smtlib-2024/non-incremental/non-incremental/UFDTLIRA/20200306-Kanig/spark2014bench/Q105-001__hidden_comp_default_check__tagged_component_check.ads_23_28_range_check___00.smt2	us_rep3	1	0	1	0	0	NONE	1
/nas3/data/axeyum/corpus/smtlib-2024/non-incremental/non-incremental/UFDTLIRA/20200306-Kanig/spark2014bench/Q105-001__hidden_comp_default_check__tagged_component_check.ads_23_28_range_check___00.smt2	root__ref1	2	0	1	0	0	NONE	1
/nas3/data/axeyum/corpus/smtlib-2024/non-incremental/non-incremental/UFDTLIRA/20200306-Kanig/spark2014bench/Q105-001__hidden_comp_default_check__tagged_component_check.ads_23_28_range_check___00.smt2	us_split_fields8	0	0	0	1	0	NONE	0
/nas3/data/axeyum/corpus/smtlib-2024/non-incremental/non-incremental/UFDTLIRA/20200306-Kanig/spark2014bench/Q105-001__hidden_comp_default_check__tagged_component_check.ads_23_28_range_check___00.smt2	us_split_fields__ref4	1	0	1	0	0	NONE	1
/nas3/data/axeyum/corpus/smtlib-2024/non-incremental/non-incremental/UFDTLIRA/20200306-Kanig/spark2014bench/Q105-001__hidden_comp_default_check__tagged_component_check.ads_23_28_range_check___00.smt2	us_rep4	1	0	1	0	0	NONE	1
/nas3/data/axeyum/corpus/smtlib-2024/non-incremental/non-incremental/UFDTLIRA/20200306-Kanig/spark2014bench/Q105-001__hidden_comp_default_check__tagged_component_check.ads_23_28_range_check___00.smt2	c__ref1	2	0	1	0	0	NONE	1
/nas3/data/axeyum/corpus/smtlib-2024/non-incremental/non-incremental/UFDTLIRA/20200306-Kanig/spark2014bench/Q105-001__hidden_comp_default_check__tagged_component_check.ads_23_28_range_check___00.smt2	us_split_fields10	0	0	0	1	0	NONE	0
/nas3/data/axeyum/corpus/smtlib-2024/non-incremental/non-incremental/UFDTLIRA/20200306-Kanig/spark2014bench/Q105-001__hidden_comp_default_check__tagged_component_check.ads_23_28_range_check___00.smt2	us_split_fields__ref5	1	0	1	0	0	NONE	1
/nas3/data/axeyum/corpus/smtlib-2024/non-incremental/non-incremental/UFDTLIRA/20200306-Kanig/spark2014bench/Q105-001__hidden_comp_default_check__tagged_component_check.ads_23_28_range_check___00.smt2	us_rep5	1	0	1	0	0	NONE	1
/nas3/data/axeyum/corpus/smtlib-2024/non-incremental/non-incremental/UFDTLIRA/20200306-Kanig/spark2014bench/Q105-001__hidden_comp_default_check__tagged_component_check.ads_23_28_range_check___00.smt2	d2__ref	2	0	1	0	0	NONE	1
/nas3/data/axeyum/corpus/smtlib-2024/non-incremental/non-incremental/UFDTLIRA/20200306-Kanig/spark2014bench/Q105-001__hidden_comp_default_check__tagged_component_check.ads_23_28_range_check___00.smt2	us_split_fields12	0	0	0	1	0	NONE	0
/nas3/data/axeyum/corpus/smtlib-2024/non-incremental/non-incremental/UFDTLIRA/20200306-Kanig/spark2014bench/Q105-001__hidden_comp_default_check__tagged_component_check.ads_23_28_range_check___00.smt2	us_split_fields__ref6	1	0	1	0	0	NONE	1
/nas3/data/axeyum/corpus/smtlib-2024/non-incremental/non-incremental/UFDTLIRA/20200306-Kanig/spark2014bench/Q105-001__hidden_comp_default_check__tagged_component_check.ads_23_28_range_check___00.smt2	us_rep6	1	0	1	0	0	NONE	1
/nas3/data/axeyum/corpus/smtlib-2024/non-incremental/non-incremental/UFDTLIRA/20200306-Kanig/spark2014bench/Q105-001__hidden_comp_default_check__tagged_component_check.ads_23_28_range_check___00.smt2	root__ref2	2	0	1	0	0	NONE	1
/nas3/data/axeyum/corpus/smtlib-2024/non-incremental/non-incremental/UFDTLIRA/20200306-Kanig/spark2014bench/Q105-001__hidden_comp_default_check__tagged_component_check.ads_23_28_range_check___00.smt2	us_split_fields14	0	0	0	1	0	NONE	0
/nas3/data/axeyum/corpus/smtlib-2024/non-incremental/non-incremental/UFDTLIRA/20200306-Kanig/spark2014bench/Q105-001__hidden_comp_default_check__tagged_component_check.ads_23_28_range_check___00.smt2	us_split_fields__ref7	1	0	1	0	0	NONE	1
/nas3/data/axeyum/corpus/smtlib-2024/non-incremental/non-incremental/UFDTLIRA/20200306-Kanig/spark2014bench/Q105-001__hidden_comp_default_check__tagged_component_check.ads_23_28_range_check___00.smt2	us_rep7	1	0	1	0	0	NONE	1
/nas3/data/axeyum/corpus/smtlib-2024/non-incremental/non-incremental/UFDTLIRA/20200306-Kanig/spark2014bench/Q105-001__hidden_comp_default_check__tagged_component_check.ads_23_28_range_check___00.smt2	c__ref2	2	0	1	0	0	NONE	1
/nas3/data/axeyum/corpus/smtlib-2024/non-incremental/non-incremental/UFDTLIRA/20200306-Kanig/spark2014bench/Q105-001__hidden_comp_default_check__tagged_component_check.ads_23_28_range_check___00.smt2	us_split_fields16	0	0	0	1	0	NONE	0
/nas3/data/axeyum/corpus/smtlib-2024/non-incremental/non-incremental/UFDTLIRA/20200306-Kanig/spark2014bench/Q105-001__hidden_comp_default_check__tagged_component_check.ads_23_28_range_check___00.smt2	us_split_fields__ref8	1	0	1	0	0	NONE	1
/nas3/data/axeyum/corpus/smtlib-2024/non-incremental/non-incremental/UFDTLIRA/20200306-Kanig/spark2014bench/Q105-001__hidden_comp_default_check__tagged_component_check.ads_23_28_range_check___00.smt2	us_rep8	1	0	1	0	0	NONE	1
/nas3/data/axeyum/corpus/smtlib-2024/non-incremental/non-incremental/UFDTLIRA/20200306-Kanig/spark2014bench/Q105-001__hidden_comp_default_check__tagged_component_check.ads_23_28_range_check___00.smt2	d3__ref	2	0	1	0	0	NONE	1
/nas3/data/axeyum/corpus/smtlib-2024/non-incremental/non-incremental/UFDTLIRA/20200306-Kanig/spark2014bench/Q105-001__hidden_comp_default_check__tagged_component_check.ads_23_28_range_check___00.smt2	us_split_fields18	0	0	0	1	0	NONE	0
/nas3/data/axeyum/corpus/smtlib-2024/non-incremental/non-incremental/UFDTLIRA/20200306-Kanig/spark2014bench/Q105-001__hidden_comp_default_check__tagged_component_check.ads_23_28_range_check___00.smt2	us_split_fields__ref9	1	0	1	0	0	NONE	1
/nas3/data/axeyum/corpus/smtlib-2024/non-incremental/non-incremental/UFDTLIRA/20200306-Kanig/spark2014bench/Q105-001__hidden_comp_default_check__tagged_component_check.ads_23_28_range_check___00.smt2	us_rep9	1	0	1	0	0	NONE	1
/nas3/data/axeyum/corpus/smtlib-2024/non-incremental/non-incremental/UFDTLIRA/20200306-Kanig/spark2014bench/Q105-001__hidden_comp_default_check__tagged_component_check.ads_23_28_range_check___00.smt2	root__ref3	2	0	1	0	0	NONE	1
/nas3/data/axeyum/corpus/smtlib-2024/non-incremental/non-incremental/UFDTLIRA/20200306-Kanig/spark2014bench/Q105-001__hidden_comp_default_check__tagged_component_check.ads_23_28_range_check___00.smt2	us_split_fields20	0	0	0	1	0	NONE	0
/nas3/data/axeyum/corpus/smtlib-2024/non-incremental/non-incremental/UFDTLIRA/20200306-Kanig/spark2014bench/Q105-001__hidden_comp_default_check__tagged_component_check.ads_23_28_range_check___00.smt2	us_split_fields__ref10	1	0	1	0	0	NONE	1
/nas3/data/axeyum/corpus/smtlib-2024/non-incremental/non-incremental/UFDTLIRA/20200306-Kanig/spark2014bench/Q105-001__hidden_comp_default_check__tagged_component_check.ads_23_28_range_check___00.smt2	us_rep10	1	0	1	0	0	NONE	1
/nas3/data/axeyum/corpus/smtlib-2024/non-incremental/non-incremental/UFDTLIRA/20200306-Kanig/spark2014bench/Q105-001__hidden_comp_default_check__tagged_component_check.ads_23_28_range_check___00.smt2	c__ref3	2	0	1	0	0	NONE	1
/nas3/data/axeyum/corpus/smtlib-2024/non-incremental/non-incremental/UFDTLIRA/20200306-Kanig/spark2014bench/Q105-001__hidden_comp_default_check__tagged_component_check.ads_23_28_range_check___00.smt2	us_split_fields22	0	0	0	1	0	NONE	0
/nas3/data/axeyum/corpus/smtlib-2024/non-incremental/non-incremental/UFDTLIRA/20200306-Kanig/spark2014bench/Q105-001__hidden_comp_default_check__tagged_component_check.ads_23_28_range_check___00.smt2	us_split_fields__ref11	1	0	1	0	0	NONE	1
/nas3/data/axeyum/corpus/smtlib-2024/non-incremental/non-incremental/UFDTLIRA/20200306-Kanig/spark2014bench/Q105-001__hidden_comp_default_check__tagged_component_check.ads_23_28_range_check___00.smt2	us_rep11	1	0	1	0	0	NONE	1
/nas3/data/axeyum/corpus/smtlib-2024/non-incremental/non-incremental/UFDTLIRA/20200306-Kanig/spark2014bench/Q105-001__hidden_comp_default_check__tagged_component_check.ads_23_28_range_check___00.smt2	d4__ref	2	0	1	0	0	NONE	1
/nas3/data/axeyum/corpus/smtlib-2024/non-incremental/non-incremental/UFDTLIRA/20200306-Kanig/spark2014bench/Q105-001__hidden_comp_default_check__tagged_component_check.ads_23_28_range_check___00.smt2	us_split_fields24	0	0	0	1	0	NONE	0
/nas3/data/axeyum/corpus/smtlib-2024/non-incremental/non-incremental/UFDTLIRA/20200306-Kanig/spark2014bench/Q105-001__hidden_comp_default_check__tagged_component_check.ads_23_28_range_check___00.smt2	us_split_fields__ref12	1	0	1	0	0	NONE	1
/nas3/data/axeyum/corpus/smtlib-2024/non-incremental/non-incremental/UFDTLIRA/20200306-Kanig/spark2014bench/Q105-001__hidden_comp_default_check__tagged_component_check.ads_23_28_range_check___00.smt2	us_rep12	1	0	1	0	0	NONE	1
/nas3/data/axeyum/corpus/smtlib-2024/non-incremental/non-incremental/UFDTLIRA/20200306-Kanig/spark2014bench/Q105-001__hidden_comp_default_check__tagged_component_check.ads_23_28_range_check___00.smt2	c__ref4	2	0	1	0	0	NONE	1
/nas3/data/axeyum/corpus/smtlib-2024/non-incremental/non-incremental/UFDTLIRA/20200306-Kanig/spark2014bench/Q105-001__hidden_comp_default_check__tagged_component_check.ads_23_28_range_check___00.smt2	us_split_fields26	0	0	0	1	0	NONE	0
/nas3/data/axeyum/corpus/smtlib-2024/non-incremental/non-incremental/UFDTLIRA/20200306-Kanig/spark2014bench/Q105-001__hidden_comp_default_check__tagged_component_check.ads_23_28_range_check___00.smt2	us_split_fields__ref13	1	0	1	0	0	NONE	1
/nas3/data/axeyum/corpus/smtlib-2024/non-incremental/non-incremental/UFDTLIRA/20200306-Kanig/spark2014bench/Q105-001__hidden_comp_default_check__tagged_component_check.ads_23_28_range_check___00.smt2	us_rep13	1	0	1	0	0	NONE	1
/nas3/data/axeyum/corpus/smtlib-2024/non-incremental/non-incremental/UFDTLIRA/20200306-Kanig/spark2014bench/Q105-001__hidden_comp_default_check__tagged_component_check.ads_23_28_range_check___00.smt2	d5__ref	2	0	1	0	0	NONE	1
/nas3/data/axeyum/corpus/smtlib-2024/non-incremental/non-incremental/UFDTLIRA/20200306-Kanig/spark2014bench/Q105-001__hidden_comp_default_check__tagged_component_check.ads_23_28_range_check___00.smt2	us_split_fields28	0	0	0	1	0	NONE	0
/nas3/data/axeyum/corpus/smtlib-2024/non-incremental/non-incremental/UFDTLIRA/20200306-Kanig/spark2014bench/Q105-001__hidden_comp_default_check__tagged_component_check.ads_23_28_range_check___00.smt2	us_split_fields__ref14	1	0	1	0	0	NONE	1
/nas3/data/axeyum/corpus/smtlib-2024/non-incremental/non-incremental/UFDTLIRA/20200306-Kanig/spark2014bench/Q105-001__hidden_comp_default_check__tagged_component_check.ads_23_28_range_check___00.smt2	us_rep14	1	0	1	0	0	NONE	1
/nas3/data/axeyum/corpus/smtlib-2024/non-incremental/non-incremental/UFDTLIRA/20200306-Kanig/spark2014bench/Q105-001__hidden_comp_default_check__tagged_component_check.ads_23_28_range_check___00.smt2	root__ref4	2	0	1	0	0	NONE	1
/nas3/data/axeyum/corpus/smtlib-2024/non-incremental/non-incremental/UFDTLIRA/20200306-Kanig/spark2014bench/Q105-001__hidden_comp_default_check__tagged_component_check.ads_23_28_range_check___00.smt2	us_split_fields30	0	0	0	1	0	NONE	0
/nas3/data/axeyum/corpus/smtlib-2024/non-incremental/non-incremental/UFDTLIRA/20200306-Kanig/spark2014bench/Q105-001__hidden_comp_default_check__tagged_component_check.ads_23_28_range_check___00.smt2	us_split_fields__ref15	1	0	1	0	0	NONE	1
/nas3/data/axeyum/corpus/smtlib-2024/non-incremental/non-incremental/UFDTLIRA/20200306-Kanig/spark2014bench/Q105-001__hidden_comp_default_check__tagged_component_check.ads_23_28_range_check___00.smt2	us_rep15	1	0	1	0	0	NONE	1
/nas3/data/axeyum/corpus/smtlib-2024/non-incremental/non-incremental/UFDTLIRA/20200306-Kanig/spark2014bench/Q105-001__hidden_comp_default_check__tagged_component_check.ads_23_28_range_check___00.smt2	c__ref5	2	0	1	0	0	NONE	1
/nas3/data/axeyum/corpus/smtlib-2024/non-incremental/non-incremental/UFDTLIRA/20200306-Kanig/spark2014bench/Q105-001__hidden_comp_default_check__tagged_component_check.ads_23_28_range_check___00.smt2	us_split_fields32	0	0	0	1	0	NONE	0
/nas3/data/axeyum/corpus/smtlib-2024/non-incremental/non-incremental/UFDTLIRA/20200306-Kanig/spark2014bench/Q105-001__hidden_comp_default_check__tagged_component_check.ads_23_28_range_check___00.smt2	us_split_fields__ref16	1	0	1	0	0	NONE	1
/nas3/data/axeyum/corpus/smtlib-2024/non-incremental/non-incremental/UFDTLIRA/20200306-Kanig/spark2014bench/Q105-001__hidden_comp_default_check__tagged_component_check.ads_23_28_range_check___00.smt2	us_rep16	1	0	1	0	0	NONE	1
/nas3/data/axeyum/corpus/smtlib-2024/non-incremental/non-incremental/UFDTLIRA/20200306-Kanig/spark2014bench/Q105-001__hidden_comp_default_check__tagged_component_check.ads_23_28_range_check___00.smt2	d1__ref1	2	0	1	0	0	NONE	1
/nas3/data/axeyum/corpus/smtlib-2024/non-incremental/non-incremental/UFDTLIRA/20200306-Kanig/spark2014bench/Q105-001__hidden_comp_default_check__tagged_component_check.ads_23_28_range_check___00.smt2	us_split_fields34	0	0	0	1	0	NONE	0
/nas3/data/axeyum/corpus/smtlib-2024/non-incremental/non-incremental/UFDTLIRA/20200306-Kanig/spark2014bench/Q105-001__hidden_comp_default_check__tagged_component_check.ads_23_28_range_check___00.smt2	us_split_fields__ref17	1	0	1	0	0	NONE	1
/nas3/data/axeyum/corpus/smtlib-2024/non-incremental/non-incremental/UFDTLIRA/20200306-Kanig/spark2014bench/Q105-001__hidden_comp_default_check__tagged_component_check.ads_23_28_range_check___00.smt2	us_rep17	1	0	1	0	0	NONE	1
/nas3/data/axeyum/corpus/smtlib-2024/non-incremental/non-incremental/UFDTLIRA/20200306-Kanig/spark2014bench/Q105-001__hidden_comp_default_check__tagged_component_check.ads_23_28_range_check___00.smt2	root__ref5	2	0	1	0	0	NONE	1
/nas3/data/axeyum/corpus/smtlib-2024/non-incremental/non-incremental/UFDTLIRA/20200306-Kanig/spark2014bench/Q105-001__hidden_comp_default_check__tagged_component_check.ads_23_28_range_check___00.smt2	us_split_fields36	0	0	0	1	0	NONE	0
/nas3/data/axeyum/corpus/smtlib-2024/non-incremental/non-incremental/UFDTLIRA/20200306-Kanig/spark2014bench/Q105-001__hidden_comp_default_check__tagged_component_check.ads_23_28_range_check___00.smt2	us_split_fields__ref18	1	0	1	0	0	NONE	1
/nas3/data/axeyum/corpus/smtlib-2024/non-incremental/non-incremental/UFDTLIRA/20200306-Kanig/spark2014bench/Q105-001__hidden_comp_default_check__tagged_component_check.ads_23_28_range_check___00.smt2	us_rep18	1	0	1	0	0	NONE	1
/nas3/data/axeyum/corpus/smtlib-2024/non-incremental/non-incremental/UFDTLIRA/20200306-Kanig/spark2014bench/Q105-001__hidden_comp_default_check__tagged_component_check.ads_23_28_range_check___00.smt2	c__ref6	2	0	1	0	0	NONE	1
/nas3/data/axeyum/corpus/smtlib-2024/non-incremental/non-incremental/UFDTLIRA/20200306-Kanig/spark2014bench/Q105-001__hidden_comp_default_check__tagged_component_check.ads_23_28_range_check___00.smt2	us_split_fields38	0	0	0	1	0	NONE	0
/nas3/data/axeyum/corpus/smtlib-2024/non-incremental/non-incremental/UFDTLIRA/20200306-Kanig/spark2014bench/Q105-001__hidden_comp_default_check__tagged_component_check.ads_23_28_range_check___00.smt2	us_split_fields__ref19	1	0	1	0	0	NONE	1
/nas3/data/axeyum/corpus/smtlib-2024/non-incremental/non-incremental/UFDTLIRA/20200306-Kanig/spark2014bench/Q105-001__hidden_comp_default_check__tagged_component_check.ads_23_28_range_check___00.smt2	us_rep19	1	0	1	0	0	NONE	1
/nas3/data/axeyum/corpus/smtlib-2024/non-incremental/non-incremental/UFDTLIRA/20200306-Kanig/spark2014bench/Q105-001__hidden_comp_default_check__tagged_component_check.ads_23_28_range_check___00.smt2	d2__ref1	2	0	1	0	0	NONE	1
/nas3/data/axeyum/corpus/smtlib-2024/non-incremental/non-incremental/UFDTLIRA/20200306-Kanig/spark2014bench/Q105-001__hidden_comp_default_check__tagged_component_check.ads_23_28_range_check___00.smt2	us_split_fields40	0	0	0	1	0	NONE	0
/nas3/data/axeyum/corpus/smtlib-2024/non-incremental/non-incremental/UFDTLIRA/20200306-Kanig/spark2014bench/Q105-001__hidden_comp_default_check__tagged_component_check.ads_23_28_range_check___00.smt2	us_split_fields__ref20	1	0	1	0	0	NONE	1
/nas3/data/axeyum/corpus/smtlib-2024/non-incremental/non-incremental/UFDTLIRA/20200306-Kanig/spark2014bench/Q105-001__hidden_comp_default_check__tagged_component_check.ads_23_28_range_check___00.smt2	us_rep20	1	0	1	0	0	NONE	1
/nas3/data/axeyum/corpus/smtlib-2024/non-incremental/non-incremental/UFDTLIRA/20200306-Kanig/spark2014bench/Q105-001__hidden_comp_default_check__tagged_component_check.ads_23_28_range_check___00.smt2	root__ref6	2	0	1	0	0	NONE	1
/nas3/data/axeyum/corpus/smtlib-2024/non-incremental/non-incremental/UFDTLIRA/20200306-Kanig/spark2014bench/Q105-001__hidden_comp_default_check__tagged_component_check.ads_23_28_range_check___00.smt2	us_split_fields42	0	0	0	1	0	NONE	0
/nas3/data/axeyum/corpus/smtlib-2024/non-incremental/non-incremental/UFDTLIRA/20200306-Kanig/spark2014bench/Q105-001__hidden_comp_default_check__tagged_component_check.ads_23_28_range_check___00.smt2	us_split_fields__ref21	1	0	1	0	0	NONE	1
/nas3/data/axeyum/corpus/smtlib-2024/non-incremental/non-incremental/UFDTLIRA/20200306-Kanig/spark2014bench/Q105-001__hidden_comp_default_check__tagged_component_check.ads_23_28_range_check___00.smt2	us_rep21	1	0	1	0	0	NONE	1
/nas3/data/axeyum/corpus/smtlib-2024/non-incremental/non-incremental/UFDTLIRA/20200306-Kanig/spark2014bench/Q105-001__hidden_comp_default_check__tagged_component_check.ads_23_28_range_check___00.smt2	c__ref7	2	0	1	0	0	NONE	1
/nas3/data/axeyum/corpus/smtlib-2024/non-incremental/non-incremental/UFDTLIRA/20200306-Kanig/spark2014bench/Q105-001__hidden_comp_default_check__tagged_component_check.ads_23_28_range_check___00.smt2	us_split_fields44	0	0	0	1	0	NONE	0
/nas3/data/axeyum/corpus/smtlib-2024/non-incremental/non-incremental/UFDTLIRA/20200306-Kanig/spark2014bench/Q105-001__hidden_comp_default_check__tagged_component_check.ads_23_28_range_check___00.smt2	us_split_fields__ref22	1	0	1	0	0	NONE	1
/nas3/data/axeyum/corpus/smtlib-2024/non-incremental/non-incremental/UFDTLIRA/20200306-Kanig/spark2014bench/Q105-001__hidden_comp_default_check__tagged_component_check.ads_23_28_range_check___00.smt2	us_rep22	1	0	1	0	0	NONE	1
/nas3/data/axeyum/corpus/smtlib-2024/non-incremental/non-incremental/UFDTLIRA/20200306-Kanig/spark2014bench/Q105-001__hidden_comp_default_check__tagged_component_check.ads_23_28_range_check___00.smt2	d3__ref1	2	0	1	0	0	NONE	1
/nas3/data/axeyum/corpus/smtlib-2024/non-incremental/non-incremental/UFDTLIRA/20200306-Kanig/spark2014bench/Q105-001__hidden_comp_default_check__tagged_component_check.ads_23_28_range_check___00.smt2	us_split_fields46	0	0	0	1	0	NONE	0
/nas3/data/axeyum/corpus/smtlib-2024/non-incremental/non-incremental/UFDTLIRA/20200306-Kanig/spark2014bench/Q105-001__hidden_comp_default_check__tagged_component_check.ads_23_28_range_check___00.smt2	us_split_fields__ref23	1	0	1	0	0	NONE	1
/nas3/data/axeyum/corpus/smtlib-2024/non-incremental/non-incremental/UFDTLIRA/20200306-Kanig/spark2014bench/Q105-001__hidden_comp_default_check__tagged_component_check.ads_23_28_range_check___00.smt2	us_rep23	1	0	1	0	0	NONE	1
/nas3/data/axeyum/corpus/smtlib-2024/non-incremental/non-incremental/UFDTLIRA/20200306-Kanig/spark2014bench/Q105-001__hidden_comp_default_check__tagged_component_check.ads_23_28_range_check___00.smt2	root__ref7	2	0	1	0	0	NONE	1
/nas3/data/axeyum/corpus/smtlib-2024/non-incremental/non-incremental/UFDTLIRA/20200306-Kanig/spark2014bench/Q105-001__hidden_comp_default_check__tagged_component_check.ads_23_28_range_check___00.smt2	us_split_fields48	0	0	0	1	0	NONE	0
/nas3/data/axeyum/corpus/smtlib-2024/non-incremental/non-incremental/UFDTLIRA/20200306-Kanig/spark2014bench/Q105-001__hidden_comp_default_check__tagged_component_check.ads_23_28_range_check___00.smt2	us_split_fields__ref24	1	0	1	0	0	NONE	1
/nas3/data/axeyum/corpus/smtlib-2024/non-incremental/non-incremental/UFDTLIRA/20200306-Kanig/spark2014bench/Q105-001__hidden_comp_default_check__tagged_component_check.ads_23_28_range_check___00.smt2	us_rep24	1	0	1	0	0	NONE	1
/nas3/data/axeyum/corpus/smtlib-2024/non-incremental/non-incremental/UFDTLIRA/20200306-Kanig/spark2014bench/Q105-001__hidden_comp_default_check__tagged_component_check.ads_23_28_range_check___00.smt2	c__ref8	2	0	1	0	0	NONE	1
/nas3/data/axeyum/corpus/smtlib-2024/non-incremental/non-incremental/UFDTLIRA/20200306-Kanig/spark2014bench/Q105-001__hidden_comp_default_check__tagged_component_check.ads_23_28_range_check___00.smt2	us_split_fields50	0	0	0	1	0	NONE	0
/nas3/data/axeyum/corpus/smtlib-2024/non-incremental/non-incremental/UFDTLIRA/20200306-Kanig/spark2014bench/Q105-001__hidden_comp_default_check__tagged_component_check.ads_23_28_range_check___00.smt2	us_split_fields__ref25	1	0	1	0	0	NONE	1
/nas3/data/axeyum/corpus/smtlib-2024/non-incremental/non-incremental/UFDTLIRA/20200306-Kanig/spark2014bench/Q105-001__hidden_comp_default_check__tagged_component_check.ads_23_28_range_check___00.smt2	us_rep25	1	0	1	0	0	NONE	1
/nas3/data/axeyum/corpus/smtlib-2024/non-incremental/non-incremental/UFDTLIRA/20200306-Kanig/spark2014bench/Q105-001__hidden_comp_default_check__tagged_component_check.ads_23_28_range_check___00.smt2	d4__ref1	2	0	1	0	0	NONE	1
/nas3/data/axeyum/corpus/smtlib-2024/non-incremental/non-incremental/UFDTLIRA/20200306-Kanig/spark2014bench/Q105-001__hidden_comp_default_check__tagged_component_check.ads_23_28_range_check___00.smt2	us_split_fields52	0	0	0	1	0	NONE	0
/nas3/data/axeyum/corpus/smtlib-2024/non-incremental/non-incremental/UFDTLIRA/20200306-Kanig/spark2014bench/Q105-001__hidden_comp_default_check__tagged_component_check.ads_23_28_range_check___00.smt2	us_split_fields__ref26	1	0	1	0	0	NONE	1
/nas3/data/axeyum/corpus/smtlib-2024/non-incremental/non-incremental/UFDTLIRA/20200306-Kanig/spark2014bench/Q105-001__hidden_comp_default_check__tagged_component_check.ads_23_28_range_check___00.smt2	us_rep26	1	0	1	0	0	NONE	1
/nas3/data/axeyum/corpus/smtlib-2024/non-incremental/non-incremental/UFDTLIRA/20200306-Kanig/spark2014bench/Q105-001__hidden_comp_default_check__tagged_component_check.ads_23_28_range_check___00.smt2	c__ref9	2	0	1	0	0	NONE	1
/nas3/data/axeyum/corpus/smtlib-2024/non-incremental/non-incremental/UFDTLIRA/20200306-Kanig/spark2014bench/Q105-001__hidden_comp_default_check__tagged_component_check.ads_23_28_range_check___00.smt2	us_split_fields54	0	0	0	1	0	NONE	0
/nas3/data/axeyum/corpus/smtlib-2024/non-incremental/non-incremental/UFDTLIRA/20200306-Kanig/spark2014bench/Q105-001__hidden_comp_default_check__tagged_component_check.ads_23_28_range_check___00.smt2	us_split_fields__ref27	1	0	1	0	0	NONE	1
/nas3/data/axeyum/corpus/smtlib-2024/non-incremental/non-incremental/UFDTLIRA/20200306-Kanig/spark2014bench/Q105-001__hidden_comp_default_check__tagged_component_check.ads_23_28_range_check___00.smt2	us_rep27	1	0	1	0	0	NONE	1
/nas3/data/axeyum/corpus/smtlib-2024/non-incremental/non-incremental/UFDTLIRA/20200306-Kanig/spark2014bench/Q105-001__hidden_comp_default_check__tagged_component_check.ads_23_28_range_check___00.smt2	d5__ref1	2	0	1	0	0	NONE	1
/nas3/data/axeyum/corpus/smtlib-2024/non-incremental/non-incremental/UFDTLIRA/20200306-Kanig/spark2014bench/Q105-001__hidden_comp_default_check__tagged_component_check.ads_23_28_range_check___00.smt2	us_split_fields56	0	0	0	1	0	NONE	0
/nas3/data/axeyum/corpus/smtlib-2024/non-incremental/non-incremental/UFDTLIRA/20200306-Kanig/spark2014bench/Q105-001__hidden_comp_default_check__tagged_component_check.ads_23_28_range_check___00.smt2	us_split_fields__ref28	1	0	1	0	0	NONE	1
/nas3/data/axeyum/corpus/smtlib-2024/non-incremental/non-incremental/UFDTLIRA/20200306-Kanig/spark2014bench/Q105-001__hidden_comp_default_check__tagged_component_check.ads_23_28_range_check___00.smt2	us_rep28	1	0	1	0	0	NONE	1
/nas3/data/axeyum/corpus/smtlib-2024/non-incremental/non-incremental/UFDTLIRA/20200306-Kanig/spark2014bench/Q105-001__hidden_comp_default_check__tagged_component_check.ads_23_28_range_check___00.smt2	root__ref8	2	0	1	0	0	NONE	1
/nas3/data/axeyum/corpus/smtlib-2024/non-incremental/non-incremental/UFDTLIRA/20200306-Kanig/spark2014bench/Q105-001__hidden_comp_default_check__tagged_component_check.ads_23_28_range_check___00.smt2	us_split_fields58	0	0	0	1	0	NONE	0
/nas3/data/axeyum/corpus/smtlib-2024/non-incremental/non-incremental/UFDTLIRA/20200306-Kanig/spark2014bench/Q105-001__hidden_comp_default_check__tagged_component_check.ads_23_28_range_check___00.smt2	us_split_fields__ref29	1	0	1	0	0	NONE	1
/nas3/data/axeyum/corpus/smtlib-2024/non-incremental/non-incremental/UFDTLIRA/20200306-Kanig/spark2014bench/Q105-001__hidden_comp_default_check__tagged_component_check.ads_23_28_range_check___00.smt2	us_rep29	1	0	1	0	0	NONE	1
/nas3/data/axeyum/corpus/smtlib-2024/non-incremental/non-incremental/UFDTLIRA/20200306-Kanig/spark2014bench/Q105-001__hidden_comp_default_check__tagged_component_check.ads_23_28_range_check___00.smt2	c__ref10	2	0	1	0	0	NONE	1
/nas3/data/axeyum/corpus/smtlib-2024/non-incremental/non-incremental/UFDTLIRA/20200306-Kanig/spark2014bench/Q105-001__hidden_comp_default_check__tagged_component_check.ads_23_28_range_check___00.smt2	us_split_fields60	0	0	0	1	0	NONE	0
/nas3/data/axeyum/corpus/smtlib-2024/non-incremental/non-incremental/UFDTLIRA/20200306-Kanig/spark2014bench/Q105-001__hidden_comp_default_check__tagged_component_check.ads_23_28_range_check___00.smt2	us_split_fields__ref30	1	0	1	0	0	NONE	1
/nas3/data/axeyum/corpus/smtlib-2024/non-incremental/non-incremental/UFDTLIRA/20200306-Kanig/spark2014bench/Q105-001__hidden_comp_default_check__tagged_component_check.ads_23_28_range_check___00.smt2	us_rep30	1	0	1	0	0	NONE	1
/nas3/data/axeyum/corpus/smtlib-2024/non-incremental/non-incremental/UFDTLIRA/20200306-Kanig/spark2014bench/Q105-001__hidden_comp_default_check__tagged_component_check.ads_23_28_range_check___00.smt2	d1__ref2	2	0	1	0	0	NONE	1
/nas3/data/axeyum/corpus/smtlib-2024/non-incremental/non-incremental/UFDTLIRA/20200306-Kanig/spark2014bench/Q105-001__hidden_comp_default_check__tagged_component_check.ads_23_28_range_check___00.smt2	us_split_fields62	0	0	0	1	0	NONE	0
/nas3/data/axeyum/corpus/smtlib-2024/non-incremental/non-incremental/UFDTLIRA/20200306-Kanig/spark2014bench/Q105-001__hidden_comp_default_check__tagged_component_check.ads_23_28_range_check___00.smt2	us_split_fields__ref31	1	0	1	0	0	NONE	1
/nas3/data/axeyum/corpus/smtlib-2024/non-incremental/non-incremental/UFDTLIRA/20200306-Kanig/spark2014bench/Q105-001__hidden_comp_default_check__tagged_component_check.ads_23_28_range_check___00.smt2	us_rep31	1	0	1	0	0	NONE	1
/nas3/data/axeyum/corpus/smtlib-2024/non-incremental/non-incremental/UFDTLIRA/20200306-Kanig/spark2014bench/Q105-001__hidden_comp_default_check__tagged_component_check.ads_23_28_range_check___00.smt2	root__ref9	2	0	1	0	0	NONE	1
/nas3/data/axeyum/corpus/smtlib-2024/non-incremental/non-incremental/UFDTLIRA/20200306-Kanig/spark2014bench/Q105-001__hidden_comp_default_check__tagged_component_check.ads_23_28_range_check___00.smt2	us_split_fields64	0	0	0	1	0	NONE	0
/nas3/data/axeyum/corpus/smtlib-2024/non-incremental/non-incremental/UFDTLIRA/20200306-Kanig/spark2014bench/Q105-001__hidden_comp_default_check__tagged_component_check.ads_23_28_range_check___00.smt2	us_split_fields__ref32	1	0	1	0	0	NONE	1
/nas3/data/axeyum/corpus/smtlib-2024/non-incremental/non-incremental/UFDTLIRA/20200306-Kanig/spark2014bench/Q105-001__hidden_comp_default_check__tagged_component_check.ads_23_28_range_check___00.smt2	us_rep32	1	0	1	0	0	NONE	1
/nas3/data/axeyum/corpus/smtlib-2024/non-incremental/non-incremental/UFDTLIRA/20200306-Kanig/spark2014bench/Q105-001__hidden_comp_default_check__tagged_component_check.ads_23_28_range_check___00.smt2	c__ref11	2	0	1	0	0	NONE	1
/nas3/data/axeyum/corpus/smtlib-2024/non-incremental/non-incremental/UFDTLIRA/20200306-Kanig/spark2014bench/Q105-001__hidden_comp_default_check__tagged_component_check.ads_23_28_range_check___00.smt2	us_split_fields66	0	0	0	1	0	NONE	0
/nas3/data/axeyum/corpus/smtlib-2024/non-incremental/non-incremental/UFDTLIRA/20200306-Kanig/spark2014bench/Q105-001__hidden_comp_default_check__tagged_component_check.ads_23_28_range_check___00.smt2	us_split_fields__ref33	1	0	1	0	0	NONE	1
/nas3/data/axeyum/corpus/smtlib-2024/non-incremental/non-incremental/UFDTLIRA/20200306-Kanig/spark2014bench/Q105-001__hidden_comp_default_check__tagged_component_check.ads_23_28_range_check___00.smt2	us_rep33	1	0	1	0	0	NONE	1
/nas3/data/axeyum/corpus/smtlib-2024/non-incremental/non-incremental/UFDTLIRA/20200306-Kanig/spark2014bench/Q105-001__hidden_comp_default_check__tagged_component_check.ads_23_28_range_check___00.smt2	d2__ref2	2	0	1	0	0	NONE	1
/nas3/data/axeyum/corpus/smtlib-2024/non-incremental/non-incremental/UFDTLIRA/20200306-Kanig/spark2014bench/Q105-001__hidden_comp_default_check__tagged_component_check.ads_23_28_range_check___00.smt2	us_split_fields68	0	0	0	1	0	NONE	0
/nas3/data/axeyum/corpus/smtlib-2024/non-incremental/non-incremental/UFDTLIRA/20200306-Kanig/spark2014bench/Q105-001__hidden_comp_default_check__tagged_component_check.ads_23_28_range_check___00.smt2	us_split_fields__ref34	1	0	1	0	0	NONE	1
/nas3/data/axeyum/corpus/smtlib-2024/non-incremental/non-incremental/UFDTLIRA/20200306-Kanig/spark2014bench/Q105-001__hidden_comp_default_check__tagged_component_check.ads_23_28_range_check___00.smt2	us_rep34	1	0	1	0	0	NONE	1
/nas3/data/axeyum/corpus/smtlib-2024/non-incremental/non-incremental/UFDTLIRA/20200306-Kanig/spark2014bench/Q105-001__hidden_comp_default_check__tagged_component_check.ads_23_28_range_check___00.smt2	root__ref10	2	0	1	0	0	NONE	1
/nas3/data/axeyum/corpus/smtlib-2024/non-incremental/non-incremental/UFDTLIRA/20200306-Kanig/spark2014bench/Q105-001__hidden_comp_default_check__tagged_component_check.ads_23_28_range_check___00.smt2	us_split_fields70	0	0	0	1	0	NONE	0
/nas3/data/axeyum/corpus/smtlib-2024/non-incremental/non-incremental/UFDTLIRA/20200306-Kanig/spark2014bench/Q105-001__hidden_comp_default_check__tagged_component_check.ads_23_28_range_check___00.smt2	us_split_fields__ref35	1	0	1	0	0	NONE	1
/nas3/data/axeyum/corpus/smtlib-2024/non-incremental/non-incremental/UFDTLIRA/20200306-Kanig/spark2014bench/Q105-001__hidden_comp_default_check__tagged_component_check.ads_23_28_range_check___00.smt2	us_rep35	1	0	1	0	0	NONE	1
/nas3/data/axeyum/corpus/smtlib-2024/non-incremental/non-incremental/UFDTLIRA/20200306-Kanig/spark2014bench/Q105-001__hidden_comp_default_check__tagged_component_check.ads_23_28_range_check___00.smt2	c__ref12	2	0	1	0	0	NONE	1
/nas3/data/axeyum/corpus/smtlib-2024/non-incremental/non-incremental/UFDTLIRA/20200306-Kanig/spark2014bench/Q105-001__hidden_comp_default_check__tagged_component_check.ads_23_28_range_check___00.smt2	us_split_fields72	0	0	0	1	0	NONE	0
/nas3/data/axeyum/corpus/smtlib-2024/non-incremental/non-incremental/UFDTLIRA/20200306-Kanig/spark2014bench/Q105-001__hidden_comp_default_check__tagged_component_check.ads_23_28_range_check___00.smt2	us_split_fields__ref36	1	0	1	0	0	NONE	1
/nas3/data/axeyum/corpus/smtlib-2024/non-incremental/non-incremental/UFDTLIRA/20200306-Kanig/spark2014bench/Q105-001__hidden_comp_default_check__tagged_component_check.ads_23_28_range_check___00.smt2	us_rep36	1	0	1	0	0	NONE	1
/nas3/data/axeyum/corpus/smtlib-2024/non-incremental/non-incremental/UFDTLIRA/20200306-Kanig/spark2014bench/Q105-001__hidden_comp_default_check__tagged_component_check.ads_23_28_range_check___00.smt2	d3__ref2	2	0	1	0	0	NONE	1
/nas3/data/axeyum/corpus/smtlib-2024/non-incremental/non-incremental/UFDTLIRA/20200306-Kanig/spark2014bench/Q105-001__hidden_comp_default_check__tagged_component_check.ads_23_28_range_check___00.smt2	us_split_fields74	0	0	0	1	0	NONE	0
/nas3/data/axeyum/corpus/smtlib-2024/non-incremental/non-incremental/UFDTLIRA/20200306-Kanig/spark2014bench/Q105-001__hidden_comp_default_check__tagged_component_check.ads_23_28_range_check___00.smt2	us_split_fields__ref37	1	0	1	0	0	NONE	1
/nas3/data/axeyum/corpus/smtlib-2024/non-incremental/non-incremental/UFDTLIRA/20200306-Kanig/spark2014bench/Q105-001__hidden_comp_default_check__tagged_component_check.ads_23_28_range_check___00.smt2	us_rep37	1	0	1	0	0	NONE	1
/nas3/data/axeyum/corpus/smtlib-2024/non-incremental/non-incremental/UFDTLIRA/20200306-Kanig/spark2014bench/Q105-001__hidden_comp_default_check__tagged_component_check.ads_23_28_range_check___00.smt2	root__ref11	2	0	1	0	0	NONE	1
/nas3/data/axeyum/corpus/smtlib-2024/non-incremental/non-incremental/UFDTLIRA/20200306-Kanig/spark2014bench/Q105-001__hidden_comp_default_check__tagged_component_check.ads_23_28_range_check___00.smt2	us_split_fields76	0	0	0	1	0	NONE	0
/nas3/data/axeyum/corpus/smtlib-2024/non-incremental/non-incremental/UFDTLIRA/20200306-Kanig/spark2014bench/Q105-001__hidden_comp_default_check__tagged_component_check.ads_23_28_range_check___00.smt2	us_split_fields__ref38	1	0	1	0	0	NONE	1
/nas3/data/axeyum/corpus/smtlib-2024/non-incremental/non-incremental/UFDTLIRA/20200306-Kanig/spark2014bench/Q105-001__hidden_comp_default_check__tagged_component_check.ads_23_28_range_check___00.smt2	us_rep38	1	0	1	0	0	NONE	1
/nas3/data/axeyum/corpus/smtlib-2024/non-incremental/non-incremental/UFDTLIRA/20200306-Kanig/spark2014bench/Q105-001__hidden_comp_default_check__tagged_component_check.ads_23_28_range_check___00.smt2	c__ref13	2	0	1	0	0	NONE	1
/nas3/data/axeyum/corpus/smtlib-2024/non-incremental/non-incremental/UFDTLIRA/20200306-Kanig/spark2014bench/Q105-001__hidden_comp_default_check__tagged_component_check.ads_23_28_range_check___00.smt2	us_split_fields78	0	0	0	1	0	NONE	0
/nas3/data/axeyum/corpus/smtlib-2024/non-incremental/non-incremental/UFDTLIRA/20200306-Kanig/spark2014bench/Q105-001__hidden_comp_default_check__tagged_component_check.ads_23_28_range_check___00.smt2	us_split_fields__ref39	1	0	1	0	0	NONE	1
/nas3/data/axeyum/corpus/smtlib-2024/non-incremental/non-incremental/UFDTLIRA/20200306-Kanig/spark2014bench/Q105-001__hidden_comp_default_check__tagged_component_check.ads_23_28_range_check___00.smt2	us_rep39	1	0	1	0	0	NONE	1
/nas3/data/axeyum/corpus/smtlib-2024/non-incremental/non-incremental/UFDTLIRA/20200306-Kanig/spark2014bench/Q105-001__hidden_comp_default_check__tagged_component_check.ads_23_28_range_check___00.smt2	d4__ref2	2	0	1	0	0	NONE	1
/nas3/data/axeyum/corpus/smtlib-2024/non-incremental/non-incremental/UFDTLIRA/20200306-Kanig/spark2014bench/Q105-001__hidden_comp_default_check__tagged_component_check.ads_23_28_range_check___00.smt2	us_split_fields80	0	0	0	1	0	NONE	0
/nas3/data/axeyum/corpus/smtlib-2024/non-incremental/non-incremental/UFDTLIRA/20200306-Kanig/spark2014bench/Q105-001__hidden_comp_default_check__tagged_component_check.ads_23_28_range_check___00.smt2	us_split_fields__ref40	1	0	1	0	0	NONE	1
/nas3/data/axeyum/corpus/smtlib-2024/non-incremental/non-incremental/UFDTLIRA/20200306-Kanig/spark2014bench/Q105-001__hidden_comp_default_check__tagged_component_check.ads_23_28_range_check___00.smt2	us_rep40	1	0	1	0	0	NONE	1
/nas3/data/axeyum/corpus/smtlib-2024/non-incremental/non-incremental/UFDTLIRA/20200306-Kanig/spark2014bench/Q105-001__hidden_comp_default_check__tagged_component_check.ads_23_28_range_check___00.smt2	c__ref14	2	0	1	0	0	NONE	1
/nas3/data/axeyum/corpus/smtlib-2024/non-incremental/non-incremental/UFDTLIRA/20200306-Kanig/spark2014bench/Q105-001__hidden_comp_default_check__tagged_component_check.ads_23_28_range_check___00.smt2	us_split_fields82	0	0	0	1	0	NONE	0
/nas3/data/axeyum/corpus/smtlib-2024/non-incremental/non-incremental/UFDTLIRA/20200306-Kanig/spark2014bench/Q105-001__hidden_comp_default_check__tagged_component_check.ads_23_28_range_check___00.smt2	us_split_fields__ref41	1	0	1	0	0	NONE	1
/nas3/data/axeyum/corpus/smtlib-2024/non-incremental/non-incremental/UFDTLIRA/20200306-Kanig/spark2014bench/Q105-001__hidden_comp_default_check__tagged_component_check.ads_23_28_range_check___00.smt2	us_rep41	1	0	1	0	0	NONE	1
/nas3/data/axeyum/corpus/smtlib-2024/non-incremental/non-incremental/UFDTLIRA/20200306-Kanig/spark2014bench/Q105-001__hidden_comp_default_check__tagged_component_check.ads_23_28_range_check___00.smt2	d5__ref2	2	0	1	0	0	NONE	1
/nas3/data/axeyum/corpus/smtlib-2024/non-incremental/non-incremental/UFDTLIRA/20200306-Kanig/spark2014bench/R322-036__external__c.adb_7_22_assert___00.smt2	tuple0	0	0	0	1	0	NONE	0
/nas3/data/axeyum/corpus/smtlib-2024/non-incremental/non-incremental/UFDTLIRA/20200306-Kanig/spark2014bench/R322-036__external__c.adb_7_22_assert___00.smt2	us_type_of_heap__ref	0	0	0	1	0	NONE	0
/nas3/data/axeyum/corpus/smtlib-2024/non-incremental/non-incremental/UFDTLIRA/20200306-Kanig/spark2014bench/R322-036__external__c.adb_7_22_assert___00.smt2	int__ref	0	0	0	1	0	NONE	0
/nas3/data/axeyum/corpus/smtlib-2024/non-incremental/non-incremental/UFDTLIRA/20200306-Kanig/spark2014bench/R322-036__external__c.adb_7_22_assert___00.smt2	bool__ref	0	0	0	1	0	NONE	0
/nas3/data/axeyum/corpus/smtlib-2024/non-incremental/non-incremental/UFDTLIRA/20200306-Kanig/spark2014bench/R322-036__external__c.adb_7_22_assert___00.smt2	us_fixed__ref	0	0	0	1	0	NONE	0
/nas3/data/axeyum/corpus/smtlib-2024/non-incremental/non-incremental/UFDTLIRA/20200306-Kanig/spark2014bench/R322-036__external__c.adb_7_22_assert___00.smt2	real__ref	0	0	0	1	0	NONE	0
/nas3/data/axeyum/corpus/smtlib-2024/non-incremental/non-incremental/UFDTLIRA/20200306-Kanig/spark2014bench/R322-036__external__c.adb_7_22_assert___00.smt2	us_private__ref	0	0	0	1	0	NONE	0
/nas3/data/axeyum/corpus/smtlib-2024/non-incremental/non-incremental/UFDTLIRA/20200306-Kanig/spark2014bench/R322-036__external__c.adb_7_22_assert___00.smt2	integer__ref	0	0	0	1	0	NONE	0
/nas3/data/axeyum/corpus/smtlib-2024/non-incremental/non-incremental/UFDTLIRA/20200306-Kanig/spark2014bench/R509-011__higher_order_proof__why_9c81cc_sparkmnhigher_ordermnfold-T-defqtvc__00.smt2	tuple0	0	0	0	1	0	NONE	0
/nas3/data/axeyum/corpus/smtlib-2024/non-incremental/non-incremental/UFDTLIRA/20200306-Kanig/spark2014bench/R509-011__higher_order_proof__why_9c81cc_sparkmnhigher_ordermnfold-T-defqtvc__00.smt2	us_type_of_heap__ref	0	0	0	1	0	NONE	0
/nas3/data/axeyum/corpus/smtlib-2024/non-incremental/non-incremental/UFDTLIRA/20200306-Kanig/spark2014bench/R509-011__higher_order_proof__why_9c81cc_sparkmnhigher_ordermnfold-T-defqtvc__00.smt2	int__ref	0	0	0	1	0	NONE	0
/nas3/data/axeyum/corpus/smtlib-2024/non-incremental/non-incremental/UFDTLIRA/20200306-Kanig/spark2014bench/R509-011__higher_order_proof__why_9c81cc_sparkmnhigher_ordermnfold-T-defqtvc__00.smt2	bool__ref	0	0	0	1	0	NONE	0
/nas3/data/axeyum/corpus/smtlib-2024/non-incremental/non-incremental/UFDTLIRA/20200306-Kanig/spark2014bench/R509-011__higher_order_proof__why_9c81cc_sparkmnhigher_ordermnfold-T-defqtvc__00.smt2	us_fixed__ref	0	0	0	1	0	NONE	0
/nas3/data/axeyum/corpus/smtlib-2024/non-incremental/non-incremental/UFDTLIRA/20200306-Kanig/spark2014bench/R509-011__higher_order_proof__why_9c81cc_sparkmnhigher_ordermnfold-T-defqtvc__00.smt2	real__ref	0	0	0	1	0	NONE	0
/nas3/data/axeyum/corpus/smtlib-2024/non-incremental/non-incremental/UFDTLIRA/20200306-Kanig/spark2014bench/R509-011__higher_order_proof__why_9c81cc_sparkmnhigher_ordermnfold-T-defqtvc__00.smt2	us_private__ref	0	0	0	1	0	NONE	0
/nas3/data/axeyum/corpus/smtlib-2024/non-incremental/non-incremental/UFDTLIRA/20200306-Kanig/spark2014bench/R509-011__higher_order_proof__why_9c81cc_sparkmnhigher_ordermnfold-T-defqtvc__00.smt2	integer__ref	0	0	0	1	0	NONE	0
/nas3/data/axeyum/corpus/smtlib-2024/non-incremental/non-incremental/UFDTLIRA/20200306-Kanig/spark2014bench/R509-011__higher_order_proof__why_9c81cc_sparkmnhigher_ordermnfold-T-defqtvc__00.smt2	my_index__ref	0	0	0	1	0	NONE	0
/nas3/data/axeyum/corpus/smtlib-2024/non-incremental/non-incremental/UFDTLIRA/20200306-Kanig/spark2014bench/R509-011__higher_order_proof__why_9c81cc_sparkmnhigher_ordermnfold-T-defqtvc__00.smt2	my_index_2__ref	0	0	0	1	0	NONE	0
/nas3/data/axeyum/corpus/smtlib-2024/non-incremental/non-incremental/UFDTLIRA/20200306-Kanig/spark2014bench/R509-011__higher_order_proof__why_9c81cc_sparkmnhigher_ordermnfold-T-defqtvc__00.smt2	map__ref	0	0	0	1	0	NONE	0
/nas3/data/axeyum/corpus/smtlib-2024/non-incremental/non-incremental/UFDTLIRA/20200306-Kanig/spark2014bench/R509-011__higher_order_proof__why_9c81cc_sparkmnhigher_ordermnfold-T-defqtvc__00.smt2	us_t	0	0	0	1	0	NONE	0
/nas3/data/axeyum/corpus/smtlib-2024/non-incremental/non-incremental/UFDTLIRA/20200306-Kanig/spark2014bench/R509-011__higher_order_proof__why_9c81cc_sparkmnhigher_ordermnfold-T-defqtvc__00.smt2	my_matrix__ref	1	0	1	0	0	NONE	1
/nas3/data/axeyum/corpus/smtlib-2024/non-incremental/non-incremental/UFDTLIRA/20200306-Kanig/spark2014bench/R509-011__higher_order_proof__why_9c81cc_sparkmnhigher_ordermnfold-T-defqtvc__00.smt2	array_type__ref	1	0	1	0	0	NONE	1
/nas3/data/axeyum/corpus/smtlib-2024/non-incremental/non-incremental/UFDTLIRA/20200306-Kanig/spark2014bench/R509-011__higher_order_proof__why_9c81cc_sparkmnhigher_ordermnfold-T-defqtvc__00.smt2	index_1__ref	0	0	0	1	0	NONE	0
/nas3/data/axeyum/corpus/smtlib-2024/non-incremental/non-incremental/UFDTLIRA/20200306-Kanig/spark2014bench/R509-011__higher_order_proof__why_9c81cc_sparkmnhigher_ordermnfold-T-defqtvc__00.smt2	index_2__ref	0	0	0	1	0	NONE	0
/nas3/data/axeyum/corpus/smtlib-2024/non-incremental/non-incremental/UFDTLIRA/20200306-Kanig/spark2014bench/R509-011__higher_order_proof__why_9c81cc_sparkmnhigher_ordermnfold-T-defqtvc__00.smt2	element_out__ref	0	0	0	1	0	NONE	0
/nas3/data/axeyum/corpus/smtlib-2024/non-incremental/non-incremental/UFDTLIRA/20200306-Kanig/spark2014bench/R509-011__higher_order_proof__why_9c81cc_sparkmnhigher_ordermnfold-T-defqtvc__00.smt2	map__ref1	0	0	0	1	0	NONE	0
/nas3/data/axeyum/corpus/smtlib-2024/non-incremental/non-incremental/UFDTLIRA/20200306-Kanig/spark2014bench/R509-011__higher_order_proof__why_9c81cc_sparkmnhigher_ordermnfold-T-defqtvc__00.smt2	us_t1	0	0	0	1	0	NONE	0
/nas3/data/axeyum/corpus/smtlib-2024/non-incremental/non-incremental/UFDTLIRA/20200306-Kanig/spark2014bench/R509-011__higher_order_proof__why_9c81cc_sparkmnhigher_ordermnfold-T-defqtvc__00.smt2	acc_array__ref	1	0	1	0	0	NONE	1
/nas3/data/axeyum/corpus/smtlib-2024/non-incremental/non-incremental/UFDTLIRA/20200306-Kanig/spark2014bench/R509-011__higher_order_proof__why_9c81cc_sparkmnhigher_ordermnfold-T-defqtvc__00.smt2	trS__ref	1	0	1	0	0	NONE	1
/nas3/data/axeyum/corpus/smtlib-2024/non-incremental/non-incremental/UFDTLIRA/20200306-Kanig/spark2014bench/R509-011__higher_order_proof__why_9c81cc_sparkmnhigher_ordermnfold-T-defqtvc__00.smt2	t27s__ref	1	0	1	0	0	NONE	1
/nas3/data/axeyum/corpus/smtlib-2024/non-incremental/non-incremental/UFDTLIRA/20200306-Kanig/spark2014bench/R509-011__higher_order_proof__why_9c81cc_sparkmnhigher_ordermnfold-T-defqtvc__00.smt2	t28s__ref	0	0	0	1	0	NONE	0
/nas3/data/axeyum/corpus/smtlib-2024/non-incremental/non-incremental/UFDTLIRA/20200306-Kanig/spark2014bench/R509-011__higher_order_proof__why_9c81cc_sparkmnhigher_ordermnfold-T-defqtvc__00.smt2	t41s__ref	0	0	0	1	0	NONE	0
/nas3/data/axeyum/corpus/smtlib-2024/non-incremental/non-incremental/UFDTLIRA/20200306-Kanig/spark2014bench/S606-038__flow_loop_return__p.adb_15_13_dead_code___00.smt2	tuple0	0	0	0	1	0	NONE	0
/nas3/data/axeyum/corpus/smtlib-2024/non-incremental/non-incremental/UFDTLIRA/20200306-Kanig/spark2014bench/S606-038__flow_loop_return__p.adb_15_13_dead_code___00.smt2	us_type_of_heap__ref	0	0	0	1	0	NONE	0
/nas3/data/axeyum/corpus/smtlib-2024/non-incremental/non-incremental/UFDTLIRA/20200306-Kanig/spark2014bench/S606-038__flow_loop_return__p.adb_15_13_dead_code___00.smt2	int__ref	0	0	0	1	0	NONE	0
/nas3/data/axeyum/corpus/smtlib-2024/non-incremental/non-incremental/UFDTLIRA/20200306-Kanig/spark2014bench/S606-038__flow_loop_return__p.adb_15_13_dead_code___00.smt2	bool__ref	0	0	0	1	0	NONE	0
/nas3/data/axeyum/corpus/smtlib-2024/non-incremental/non-incremental/UFDTLIRA/20200306-Kanig/spark2014bench/S606-038__flow_loop_return__p.adb_15_13_dead_code___00.smt2	us_fixed__ref	0	0	0	1	0	NONE	0
/nas3/data/axeyum/corpus/smtlib-2024/non-incremental/non-incremental/UFDTLIRA/20200306-Kanig/spark2014bench/S606-038__flow_loop_return__p.adb_15_13_dead_code___00.smt2	real__ref	0	0	0	1	0	NONE	0
/nas3/data/axeyum/corpus/smtlib-2024/non-incremental/non-incremental/UFDTLIRA/20200306-Kanig/spark2014bench/S606-038__flow_loop_return__p.adb_15_13_dead_code___00.smt2	us_private__ref	0	0	0	1	0	NONE	0
/nas3/data/axeyum/corpus/smtlib-2024/non-incremental/non-incremental/UFDTLIRA/20200306-Kanig/spark2014bench/S606-038__flow_loop_return__p.adb_15_13_dead_code___00.smt2	integer__ref	0	0	0	1	0	NONE	0
/nas3/data/axeyum/corpus/smtlib-2024/non-incremental/non-incremental/UFDTLIRA/20200306-Kanig/spark2014bench/S606-038__flow_loop_return__p.adb_15_13_dead_code___00.smt2	natural__ref	0	0	0	1	0	NONE	0
/nas3/data/axeyum/corpus/smtlib-2024/non-incremental/non-incremental/UFDTLIRA/20200306-Kanig/spark2014bench/N519-003__flow_warning__warn.adb_4_11_overflow_check___00.smt2	tuple0	0	0	0	1	0	NONE	0
/nas3/data/axeyum/corpus/smtlib-2024/non-incremental/non-incremental/UFDTLIRA/20200306-Kanig/spark2014bench/N519-003__flow_warning__warn.adb_4_11_overflow_check___00.smt2	us_type_of_heap__ref	0	0	0	1	0	NONE	0
/nas3/data/axeyum/corpus/smtlib-2024/non-incremental/non-incremental/UFDTLIRA/20200306-Kanig/spark2014bench/N519-003__flow_warning__warn.adb_4_11_overflow_check___00.smt2	int__ref	0	0	0	1	0	NONE	0
/nas3/data/axeyum/corpus/smtlib-2024/non-incremental/non-incremental/UFDTLIRA/20200306-Kanig/spark2014bench/N519-003__flow_warning__warn.adb_4_11_overflow_check___00.smt2	bool__ref	0	0	0	1	0	NONE	0
/nas3/data/axeyum/corpus/smtlib-2024/non-incremental/non-incremental/UFDTLIRA/20200306-Kanig/spark2014bench/N519-003__flow_warning__warn.adb_4_11_overflow_check___00.smt2	us_fixed__ref	0	0	0	1	0	NONE	0
/nas3/data/axeyum/corpus/smtlib-2024/non-incremental/non-incremental/UFDTLIRA/20200306-Kanig/spark2014bench/N519-003__flow_warning__warn.adb_4_11_overflow_check___00.smt2	real__ref	0	0	0	1	0	NONE	0
/nas3/data/axeyum/corpus/smtlib-2024/non-incremental/non-incremental/UFDTLIRA/20200306-Kanig/spark2014bench/N519-003__flow_warning__warn.adb_4_11_overflow_check___00.smt2	us_private__ref	0	0	0	1	0	NONE	0
/nas3/data/axeyum/corpus/smtlib-2024/non-incremental/non-incremental/UFDTLIRA/20200306-Kanig/spark2014bench/N519-003__flow_warning__warn.adb_4_11_overflow_check___00.smt2	integer__ref	0	0	0	1	0	NONE	0
/nas3/data/axeyum/corpus/smtlib-2024/non-incremental/non-incremental/UFDTLIRA/20200306-Kanig/spark2014bench/O429-046__flow_prot_subpr_contracts__prot.adb_25_29_overflow_check___00.smt2	tuple0	0	0	0	1	0	NONE	0
/nas3/data/axeyum/corpus/smtlib-2024/non-incremental/non-incremental/UFDTLIRA/20200306-Kanig/spark2014bench/O429-046__flow_prot_subpr_contracts__prot.adb_25_29_overflow_check___00.smt2	us_type_of_heap__ref	0	0	0	1	0	NONE	0
/nas3/data/axeyum/corpus/smtlib-2024/non-incremental/non-incremental/UFDTLIRA/20200306-Kanig/spark2014bench/O429-046__flow_prot_subpr_contracts__prot.adb_25_29_overflow_check___00.smt2	int__ref	0	0	0	1	0	NONE	0
/nas3/data/axeyum/corpus/smtlib-2024/non-incremental/non-incremental/UFDTLIRA/20200306-Kanig/spark2014bench/O429-046__flow_prot_subpr_contracts__prot.adb_25_29_overflow_check___00.smt2	bool__ref	0	0	0	1	0	NONE	0
/nas3/data/axeyum/corpus/smtlib-2024/non-incremental/non-incremental/UFDTLIRA/20200306-Kanig/spark2014bench/O429-046__flow_prot_subpr_contracts__prot.adb_25_29_overflow_check___00.smt2	us_fixed__ref	0	0	0	1	0	NONE	0
/nas3/data/axeyum/corpus/smtlib-2024/non-incremental/non-incremental/UFDTLIRA/20200306-Kanig/spark2014bench/O429-046__flow_prot_subpr_contracts__prot.adb_25_29_overflow_check___00.smt2	real__ref	0	0	0	1	0	NONE	0
/nas3/data/axeyum/corpus/smtlib-2024/non-incremental/non-incremental/UFDTLIRA/20200306-Kanig/spark2014bench/O429-046__flow_prot_subpr_contracts__prot.adb_25_29_overflow_check___00.smt2	us_private__ref	0	0	0	1	0	NONE	0
/nas3/data/axeyum/corpus/smtlib-2024/non-incremental/non-incremental/UFDTLIRA/20200306-Kanig/spark2014bench/O429-046__flow_prot_subpr_contracts__prot.adb_25_29_overflow_check___00.smt2	integer__ref	0	0	0	1	0	NONE	0
/nas3/data/axeyum/corpus/smtlib-2024/non-incremental/non-incremental/UFDTLIRA/20200306-Kanig/spark2014bench/R423-012__dead_code__dead_code.adb_9_7_dead_code___00.smt2	tuple0	0	0	0	1	0	NONE	0
/nas3/data/axeyum/corpus/smtlib-2024/non-incremental/non-incremental/UFDTLIRA/20200306-Kanig/spark2014bench/R423-012__dead_code__dead_code.adb_9_7_dead_code___00.smt2	us_type_of_heap__ref	0	0	0	1	0	NONE	0
/nas3/data/axeyum/corpus/smtlib-2024/non-incremental/non-incremental/UFDTLIRA/20200306-Kanig/spark2014bench/R423-012__dead_code__dead_code.adb_9_7_dead_code___00.smt2	int__ref	0	0	0	1	0	NONE	0
/nas3/data/axeyum/corpus/smtlib-2024/non-incremental/non-incremental/UFDTLIRA/20200306-Kanig/spark2014bench/R423-012__dead_code__dead_code.adb_9_7_dead_code___00.smt2	bool__ref	0	0	0	1	0	NONE	0
/nas3/data/axeyum/corpus/smtlib-2024/non-incremental/non-incremental/UFDTLIRA/20200306-Kanig/spark2014bench/R423-012__dead_code__dead_code.adb_9_7_dead_code___00.smt2	us_fixed__ref	0	0	0	1	0	NONE	0
/nas3/data/axeyum/corpus/smtlib-2024/non-incremental/non-incremental/UFDTLIRA/20200306-Kanig/spark2014bench/R423-012__dead_code__dead_code.adb_9_7_dead_code___00.smt2	real__ref	0	0	0	1	0	NONE	0
/nas3/data/axeyum/corpus/smtlib-2024/non-incremental/non-incremental/UFDTLIRA/20200306-Kanig/spark2014bench/R423-012__dead_code__dead_code.adb_9_7_dead_code___00.smt2	us_private__ref	0	0	0	1	0	NONE	0
/nas3/data/axeyum/corpus/smtlib-2024/non-incremental/non-incremental/UFDTLIRA/20200306-Kanig/spark2014bench/R423-012__dead_code__dead_code.adb_9_7_dead_code___00.smt2	integer__ref	0	0	0	1	0	NONE	0
/nas3/data/axeyum/corpus/smtlib-2024/non-incremental/non-incremental/UFDTLIRA/20200306-Kanig/spark2014bench/K912-024__effects__using.ads_6_43_unreachable_branch___00.smt2	tuple0	0	0	0	1	0	NONE	0
/nas3/data/axeyum/corpus/smtlib-2024/non-incremental/non-incremental/UFDTLIRA/20200306-Kanig/spark2014bench/K912-024__effects__using.ads_6_43_unreachable_branch___00.smt2	us_type_of_heap__ref	0	0	0	1	0	NONE	0
/nas3/data/axeyum/corpus/smtlib-2024/non-incremental/non-incremental/UFDTLIRA/20200306-Kanig/spark2014bench/K912-024__effects__using.ads_6_43_unreachable_branch___00.smt2	int__ref	0	0	0	1	0	NONE	0
/nas3/data/axeyum/corpus/smtlib-2024/non-incremental/non-incremental/UFDTLIRA/20200306-Kanig/spark2014bench/K912-024__effects__using.ads_6_43_unreachable_branch___00.smt2	bool__ref	0	0	0	1	0	NONE	0
/nas3/data/axeyum/corpus/smtlib-2024/non-incremental/non-incremental/UFDTLIRA/20200306-Kanig/spark2014bench/K912-024__effects__using.ads_6_43_unreachable_branch___00.smt2	us_fixed__ref	0	0	0	1	0	NONE	0
/nas3/data/axeyum/corpus/smtlib-2024/non-incremental/non-incremental/UFDTLIRA/20200306-Kanig/spark2014bench/K912-024__effects__using.ads_6_43_unreachable_branch___00.smt2	real__ref	0	0	0	1	0	NONE	0
/nas3/data/axeyum/corpus/smtlib-2024/non-incremental/non-incremental/UFDTLIRA/20200306-Kanig/spark2014bench/K912-024__effects__using.ads_6_43_unreachable_branch___00.smt2	us_private__ref	0	0	0	1	0	NONE	0
/nas3/data/axeyum/corpus/smtlib-2024/non-incremental/non-incremental/UFDTLIRA/20200306-Kanig/spark2014bench/K912-024__effects__using.ads_6_43_unreachable_branch___00.smt2	integer__ref	0	0	0	1	0	NONE	0
/nas3/data/axeyum/corpus/smtlib-2024/non-incremental/non-incremental/UFDTLIRA/20200306-Kanig/spark2014bench/M301-035__flow__interprocedural_analysis_tests__single_compilation_unit.adb_94_17_overflow_check___00.smt2	tuple0	0	0	0	1	0	NONE	0
/nas3/data/axeyum/corpus/smtlib-2024/non-incremental/non-incremental/UFDTLIRA/20200306-Kanig/spark2014bench/M301-035__flow__interprocedural_analysis_tests__single_compilation_unit.adb_94_17_overflow_check___00.smt2	us_type_of_heap__ref	0	0	0	1	0	NONE	0
/nas3/data/axeyum/corpus/smtlib-2024/non-incremental/non-incremental/UFDTLIRA/20200306-Kanig/spark2014bench/M301-035__flow__interprocedural_analysis_tests__single_compilation_unit.adb_94_17_overflow_check___00.smt2	int__ref	0	0	0	1	0	NONE	0
/nas3/data/axeyum/corpus/smtlib-2024/non-incremental/non-incremental/UFDTLIRA/20200306-Kanig/spark2014bench/M301-035__flow__interprocedural_analysis_tests__single_compilation_unit.adb_94_17_overflow_check___00.smt2	bool__ref	0	0	0	1	0	NONE	0
/nas3/data/axeyum/corpus/smtlib-2024/non-incremental/non-incremental/UFDTLIRA/20200306-Kanig/spark2014bench/M301-035__flow__interprocedural_analysis_tests__single_compilation_unit.adb_94_17_overflow_check___00.smt2	us_fixed__ref	0	0	0	1	0	NONE	0
/nas3/data/axeyum/corpus/smtlib-2024/non-incremental/non-incremental/UFDTLIRA/20200306-Kanig/spark2014bench/M301-035__flow__interprocedural_analysis_tests__single_compilation_unit.adb_94_17_overflow_check___00.smt2	real__ref	0	0	0	1	0	NONE	0
/nas3/data/axeyum/corpus/smtlib-2024/non-incremental/non-incremental/UFDTLIRA/20200306-Kanig/spark2014bench/M301-035__flow__interprocedural_analysis_tests__single_compilation_unit.adb_94_17_overflow_check___00.smt2	us_private__ref	0	0	0	1	0	NONE	0
/nas3/data/axeyum/corpus/smtlib-2024/non-incremental/non-incremental/UFDTLIRA/20200306-Kanig/spark2014bench/M301-035__flow__interprocedural_analysis_tests__single_compilation_unit.adb_94_17_overflow_check___00.smt2	integer__ref	0	0	0	1	0	NONE	0
/nas3/data/axeyum/corpus/smtlib-2024/non-incremental/non-incremental/UFDTLIRA/20200306-Kanig/spark2014bench/MA28-033__flow_null_calls_ineffective__p.adb_117_32_overflow_check___00.smt2	tuple0	0	0	0	1	0	NONE	0
/nas3/data/axeyum/corpus/smtlib-2024/non-incremental/non-incremental/UFDTLIRA/20200306-Kanig/spark2014bench/MA28-033__flow_null_calls_ineffective__p.adb_117_32_overflow_check___00.smt2	us_type_of_heap__ref	0	0	0	1	0	NONE	0
/nas3/data/axeyum/corpus/smtlib-2024/non-incremental/non-incremental/UFDTLIRA/20200306-Kanig/spark2014bench/MA28-033__flow_null_calls_ineffective__p.adb_117_32_overflow_check___00.smt2	int__ref	0	0	0	1	0	NONE	0
/nas3/data/axeyum/corpus/smtlib-2024/non-incremental/non-incremental/UFDTLIRA/20200306-Kanig/spark2014bench/MA28-033__flow_null_calls_ineffective__p.adb_117_32_overflow_check___00.smt2	bool__ref	0	0	0	1	0	NONE	0
/nas3/data/axeyum/corpus/smtlib-2024/non-incremental/non-incremental/UFDTLIRA/20200306-Kanig/spark2014bench/MA28-033__flow_null_calls_ineffective__p.adb_117_32_overflow_check___00.smt2	us_fixed__ref	0	0	0	1	0	NONE	0
/nas3/data/axeyum/corpus/smtlib-2024/non-incremental/non-incremental/UFDTLIRA/20200306-Kanig/spark2014bench/MA28-033__flow_null_calls_ineffective__p.adb_117_32_overflow_check___00.smt2	real__ref	0	0	0	1	0	NONE	0
/nas3/data/axeyum/corpus/smtlib-2024/non-incremental/non-incremental/UFDTLIRA/20200306-Kanig/spark2014bench/MA28-033__flow_null_calls_ineffective__p.adb_117_32_overflow_check___00.smt2	us_private__ref	0	0	0	1	0	NONE	0
/nas3/data/axeyum/corpus/smtlib-2024/non-incremental/non-incremental/UFDTLIRA/20200306-Kanig/spark2014bench/MA28-033__flow_null_calls_ineffective__p.adb_117_32_overflow_check___00.smt2	integer__ref	0	0	0	1	0	NONE	0
/nas3/data/axeyum/corpus/smtlib-2024/non-incremental/non-incremental/UFDTLIRA/20200306-Kanig/spark2014bench/MA28-033__flow_null_calls_ineffective__p.adb_117_32_overflow_check___00.smt2	character__ref	0	0	0	1	0	NONE	0
/nas3/data/axeyum/corpus/smtlib-2024/non-incremental/non-incremental/UFDTLIRA/20200306-Kanig/spark2014bench/O429-055__active_priority__active_prio.adb_27_17_overflow_check___00.smt2	tuple0	0	0	0	1	0	NONE	0
/nas3/data/axeyum/corpus/smtlib-2024/non-incremental/non-incremental/UFDTLIRA/20200306-Kanig/spark2014bench/O429-055__active_priority__active_prio.adb_27_17_overflow_check___00.smt2	us_type_of_heap__ref	0	0	0	1	0	NONE	0
/nas3/data/axeyum/corpus/smtlib-2024/non-incremental/non-incremental/UFDTLIRA/20200306-Kanig/spark2014bench/O429-055__active_priority__active_prio.adb_27_17_overflow_check___00.smt2	int__ref	0	0	0	1	0	NONE	0
/nas3/data/axeyum/corpus/smtlib-2024/non-incremental/non-incremental/UFDTLIRA/20200306-Kanig/spark2014bench/O429-055__active_priority__active_prio.adb_27_17_overflow_check___00.smt2	bool__ref	0	0	0	1	0	NONE	0
/nas3/data/axeyum/corpus/smtlib-2024/non-incremental/non-incremental/UFDTLIRA/20200306-Kanig/spark2014bench/O429-055__active_priority__active_prio.adb_27_17_overflow_check___00.smt2	us_fixed__ref	0	0	0	1	0	NONE	0
/nas3/data/axeyum/corpus/smtlib-2024/non-incremental/non-incremental/UFDTLIRA/20200306-Kanig/spark2014bench/O429-055__active_priority__active_prio.adb_27_17_overflow_check___00.smt2	real__ref	0	0	0	1	0	NONE	0
/nas3/data/axeyum/corpus/smtlib-2024/non-incremental/non-incremental/UFDTLIRA/20200306-Kanig/spark2014bench/O429-055__active_priority__active_prio.adb_27_17_overflow_check___00.smt2	us_private__ref	0	0	0	1	0	NONE	0
/nas3/data/axeyum/corpus/smtlib-2024/non-incremental/non-incremental/UFDTLIRA/20200306-Kanig/spark2014bench/O429-055__active_priority__active_prio.adb_27_17_overflow_check___00.smt2	integer__ref	0	0	0	1	0	NONE	0
/nas3/data/axeyum/corpus/smtlib-2024/non-incremental/non-incremental/UFDTLIRA/20200306-Kanig/spark2014bench/O429-055__active_priority__active_prio.adb_27_17_overflow_check___00.smt2	us_split_fields	0	0	0	1	0	NONE	0
/nas3/data/axeyum/corpus/smtlib-2024/non-incremental/non-incremental/UFDTLIRA/20200306-Kanig/spark2014bench/O429-055__active_priority__active_prio.adb_27_17_overflow_check___00.smt2	us_split_fields__ref	1	0	1	0	0	NONE	1
/nas3/data/axeyum/corpus/smtlib-2024/non-incremental/non-incremental/UFDTLIRA/20200306-Kanig/spark2014bench/O429-055__active_priority__active_prio.adb_27_17_overflow_check___00.smt2	us_rep	1	0	1	0	0	NONE	1
/nas3/data/axeyum/corpus/smtlib-2024/non-incremental/non-incremental/UFDTLIRA/20200306-Kanig/spark2014bench/O429-055__active_priority__active_prio.adb_27_17_overflow_check___00.smt2	q_type__ref	2	0	1	0	0	NONE	1
/nas3/data/axeyum/corpus/smtlib-2024/non-incremental/non-incremental/UFDTLIRA/20200306-Kanig/spark2014bench/P715-007__termination__term.ads_7_14_postcondition___00.smt2	tuple0	0	0	0	1	0	NONE	0
/nas3/data/axeyum/corpus/smtlib-2024/non-incremental/non-incremental/UFDTLIRA/20200306-Kanig/spark2014bench/P715-007__termination__term.ads_7_14_postcondition___00.smt2	us_type_of_heap__ref	0	0	0	1	0	NONE	0
/nas3/data/axeyum/corpus/smtlib-2024/non-incremental/non-incremental/UFDTLIRA/20200306-Kanig/spark2014bench/P715-007__termination__term.ads_7_14_postcondition___00.smt2	int__ref	0	0	0	1	0	NONE	0
/nas3/data/axeyum/corpus/smtlib-2024/non-incremental/non-incremental/UFDTLIRA/20200306-Kanig/spark2014bench/P715-007__termination__term.ads_7_14_postcondition___00.smt2	bool__ref	0	0	0	1	0	NONE	0
/nas3/data/axeyum/corpus/smtlib-2024/non-incremental/non-incremental/UFDTLIRA/20200306-Kanig/spark2014bench/P715-007__termination__term.ads_7_14_postcondition___00.smt2	us_fixed__ref	0	0	0	1	0	NONE	0
/nas3/data/axeyum/corpus/smtlib-2024/non-incremental/non-incremental/UFDTLIRA/20200306-Kanig/spark2014bench/P715-007__termination__term.ads_7_14_postcondition___00.smt2	real__ref	0	0	0	1	0	NONE	0
/nas3/data/axeyum/corpus/smtlib-2024/non-incremental/non-incremental/UFDTLIRA/20200306-Kanig/spark2014bench/P715-007__termination__term.ads_7_14_postcondition___00.smt2	us_private__ref	0	0	0	1	0	NONE	0
/nas3/data/axeyum/corpus/smtlib-2024/non-incremental/non-incremental/UFDTLIRA/20200306-Kanig/spark2014bench/P715-007__termination__term.ads_7_14_postcondition___00.smt2	natural__ref	0	0	0	1	0	NONE	0
/nas3/data/axeyum/corpus/smtlib-2024/non-incremental/non-incremental/UFDTLIRA/20200306-Kanig/spark2014bench/Q327-014__no_pre__dispatch.adb_24_24_overflow_check___00.smt2	tuple0	0	0	0	1	0	NONE	0
/nas3/data/axeyum/corpus/smtlib-2024/non-incremental/non-incremental/UFDTLIRA/20200306-Kanig/spark2014bench/Q327-014__no_pre__dispatch.adb_24_24_overflow_check___00.smt2	us_type_of_heap__ref	0	0	0	1	0	NONE	0
/nas3/data/axeyum/corpus/smtlib-2024/non-incremental/non-incremental/UFDTLIRA/20200306-Kanig/spark2014bench/Q327-014__no_pre__dispatch.adb_24_24_overflow_check___00.smt2	int__ref	0	0	0	1	0	NONE	0
/nas3/data/axeyum/corpus/smtlib-2024/non-incremental/non-incremental/UFDTLIRA/20200306-Kanig/spark2014bench/Q327-014__no_pre__dispatch.adb_24_24_overflow_check___00.smt2	bool__ref	0	0	0	1	0	NONE	0
/nas3/data/axeyum/corpus/smtlib-2024/non-incremental/non-incremental/UFDTLIRA/20200306-Kanig/spark2014bench/Q327-014__no_pre__dispatch.adb_24_24_overflow_check___00.smt2	us_fixed__ref	0	0	0	1	0	NONE	0
/nas3/data/axeyum/corpus/smtlib-2024/non-incremental/non-incremental/UFDTLIRA/20200306-Kanig/spark2014bench/Q327-014__no_pre__dispatch.adb_24_24_overflow_check___00.smt2	real__ref	0	0	0	1	0	NONE	0
/nas3/data/axeyum/corpus/smtlib-2024/non-incremental/non-incremental/UFDTLIRA/20200306-Kanig/spark2014bench/Q327-014__no_pre__dispatch.adb_24_24_overflow_check___00.smt2	us_private__ref	0	0	0	1	0	NONE	0
/nas3/data/axeyum/corpus/smtlib-2024/non-incremental/non-incremental/UFDTLIRA/20200306-Kanig/spark2014bench/Q327-014__no_pre__dispatch.adb_24_24_overflow_check___00.smt2	integer__ref	0	0	0	1	0	NONE	0
/nas3/data/axeyum/corpus/smtlib-2024/non-incremental/non-incremental/UFDTLIRA/20200306-Kanig/spark2014bench/Q327-014__no_pre__dispatch.adb_24_24_overflow_check___00.smt2	us_split_fields	0	0	0	1	0	NONE	0
/nas3/data/axeyum/corpus/smtlib-2024/non-incremental/non-incremental/UFDTLIRA/20200306-Kanig/spark2014bench/Q327-014__no_pre__dispatch.adb_24_24_overflow_check___00.smt2	us_split_fields__ref	1	0	1	0	0	NONE	1
/nas3/data/axeyum/corpus/smtlib-2024/non-incremental/non-incremental/UFDTLIRA/20200306-Kanig/spark2014bench/Q327-014__no_pre__dispatch.adb_24_24_overflow_check___00.smt2	us_rep	1	0	1	0	0	NONE	1
/nas3/data/axeyum/corpus/smtlib-2024/non-incremental/non-incremental/UFDTLIRA/20200306-Kanig/spark2014bench/Q327-014__no_pre__dispatch.adb_24_24_overflow_check___00.smt2	root__ref	2	0	1	0	0	NONE	1
