{
  "axeyum_execution_counts_per_repetition": {
    "warm-created": 7,
    "warm-retained": 554
  },
  "by_axeyum_execution": {
    "warm-created": {
      "axeyum_median_per_occurrence_latency_nanos": {
        "p50": 7534,
        "p90": 315345,
        "p95": 315345,
        "p99": 315345
      },
      "bootstrap_95_percent_ci": [
        18.94660294788632,
        25.738347485573886
      ],
      "bootstrap_samples": 10000,
      "occurrences": 7,
      "per_occurrence_geomean_speedup": 21.9915537389289,
      "per_run_geomean_speedup": {
        "coefficient_of_variation": 0.09486730933771427,
        "mean": 22.07088950644632,
        "sample_standard_deviation": 2.093805902166555,
        "values": [
          23.99010288839572,
          20.082242345897782,
          24.400746022482373,
          21.91919952939542,
          19.962156746060305
        ]
      },
      "speedup_direction": "z3_nanos/axeyum_nanos; greater than 1 favors Axeyum",
      "z3_median_per_occurrence_latency_nanos": {
        "p50": 177055,
        "p90": 7174888,
        "p95": 7174888,
        "p99": 7174888
      }
    },
    "warm-retained": {
      "axeyum_median_per_occurrence_latency_nanos": {
        "p50": 98006,
        "p90": 831093,
        "p95": 1299175,
        "p99": 1837854
      },
      "bootstrap_95_percent_ci": [
        5.2793441864567425,
        6.6494970464229395
      ],
      "bootstrap_samples": 10000,
      "occurrences": 554,
      "per_occurrence_geomean_speedup": 5.915117132016667,
      "per_run_geomean_speedup": {
        "coefficient_of_variation": 0.015017990348446031,
        "mean": 5.915649817518481,
        "sample_standard_deviation": 0.08884117186427906,
        "values": [
          5.969673076928837,
          5.857695990667438,
          6.035421625578133,
          5.903767084589535,
          5.811691309828463
        ]
      },
      "speedup_direction": "z3_nanos/axeyum_nanos; greater than 1 favors Axeyum",
      "z3_median_per_occurrence_latency_nanos": {
        "p50": 593461,
        "p90": 1904805,
        "p95": 2040935,
        "p99": 3124706
      }
    }
  },
  "configuration_identity": {
    "analysis_command": [
      "target/release/examples/ioctlance",
      "samples/binaries/platforms/windows/vendor/realworld/sqfs-intel-DptfDevGen.sys"
    ],
    "analysis_configuration": {
      "GLAURUNG_AXEYUM_DIRECT_DELTA": "0",
      "GLAURUNG_AXEYUM_REPLAY_SAT_CACHE": "1",
      "GLAURUNG_AXEYUM_WARM_MAX_ASSERTIONS_PER_PATH": "512",
      "GLAURUNG_AXEYUM_WARM_MAX_LIVE_PATHS": "9",
      "GLAURUNG_AXEYUM_WARM_OWNER_TRANSFER": "1",
      "GLAURUNG_AXEYUM_WARM_REUSE": "adaptive",
      "GLAURUNG_AXEYUM_WARM_SERIAL_SIBLING_REUSE": "1",
      "GLAURUNG_SHADOW_DIFF": "1",
      "IOCTLANCE_DEADLINE_SECS": "300",
      "IOCTLANCE_MAX_ANALYZED_FUNCTIONS": "100000",
      "IOCTLANCE_SOLVE_BUDGET": "20000",
      "IOCTLANCE_SOLVE_SECS": "60"
    },
    "check_measurement_schema": "glaurung-ordered-check-measurement-v1",
    "driver_sha256": "074be1b90deb21897538a6b093af9826e62610ffd878c92289af31c5ca3f724b",
    "host_identity": {
      "architecture": "x86_64",
      "hostname": "server0",
      "kernel": "Linux 7.0.0-27-generic x86_64 GNU/Linux",
      "operating_system": "linux"
    },
    "schema": "glaurung-ordered-trace-v1",
    "solver_features": [
      "symbolic",
      "solver-z3",
      "solver-axeyum"
    ],
    "source": {
      "dirty": false,
      "repository": "/tmp/glaurung-paired-clean-20260717",
      "revision": "eb624c087baf4d8409e2b9a2c009dd93cb15981c",
      "status_sha256": "e3b0c44298fc1c149afbf4c8996fb92427ae41e4649b934ca495991b7852b855"
    },
    "toolchain": "rustc 1.97.0-nightly (f53b654a8 2026-04-30)",
    "trusted_oracle": {
      "authoritative_in_shadow_mode": true,
      "backend": "z3",
      "crate": "z3 0.12.1",
      "runtime_version": "linked-runtime-unreported"
    },
    "version": 1,
    "worker_count": 1
  },
  "driver": {
    "label": "sqfs-intel-DptfDevGen.sys",
    "sha256": "074be1b90deb21897538a6b093af9826e62610ffd878c92289af31c5ca3f724b"
  },
  "excluded_from_primary_for_any_nondecision": 0,
  "fixed_work_checks_per_repetition": 561,
  "input_measurement_schema": "glaurung-ordered-check-measurement-v1",
  "methodology": {
    "bootstrap_seed": 0,
    "latency_distribution_unit": "per-occurrence median across fixed-work repetitions",
    "operational_errors_allowed": false,
    "pairing_unit": "stable ordered check occurrence",
    "primary_population": "occurrences decided by both backends in every repetition",
    "quantiles": "nearest-rank",
    "ratio_of_sums_reported": false
  },
  "outcome_buckets_per_repetition": [
    {
      "axeyum_only": 0,
      "both_decided": 561,
      "neither": 0,
      "z3_only": 0
    },
    {
      "axeyum_only": 0,
      "both_decided": 561,
      "neither": 0,
      "z3_only": 0
    },
    {
      "axeyum_only": 0,
      "both_decided": 561,
      "neither": 0,
      "z3_only": 0
    },
    {
      "axeyum_only": 0,
      "both_decided": 561,
      "neither": 0,
      "z3_only": 0
    },
    {
      "axeyum_only": 0,
      "both_decided": 561,
      "neither": 0,
      "z3_only": 0
    }
  ],
  "primary_both_decided": {
    "axeyum_median_per_occurrence_latency_nanos": {
      "p50": 97234,
      "p90": 806520,
      "p95": 1275497,
      "p99": 1837854
    },
    "bootstrap_95_percent_ci": [
      5.366233230137881,
      6.754815015542092
    ],
    "bootstrap_samples": 10000,
    "occurrences": 561,
    "per_occurrence_geomean_speedup": 6.012835174683663,
    "per_run_geomean_speedup": {
      "coefficient_of_variation": 0.015977285823413533,
      "mean": 6.013448060271929,
      "sample_standard_deviation": 0.0960785784432163,
      "values": [
        6.074186296554323,
        5.948445309978528,
        6.141547146359955,
        6.001194672454049,
        5.90186687601279
      ]
    },
    "speedup_direction": "z3_nanos/axeyum_nanos; greater than 1 favors Axeyum",
    "z3_median_per_occurrence_latency_nanos": {
      "p50": 591492,
      "p90": 1904805,
      "p95": 2040935,
      "p99": 3486287
    }
  },
  "pure_warm_execution_rate": 1.0,
  "repetitions": 5,
  "retained_warm_execution_rate": 0.9875222816399287,
  "schema": "axeyum-glaurung-paired-analysis-v1",
  "stable_both_decided_occurrences": 561,
  "trace_paths": [
    "60s/rep-1/glaurung-ordered-trace-4028923-28c54f0296314e35b726ff6cdb2ffb7b",
    "60s/rep-2/glaurung-ordered-trace-4028984-5e3c331e22394684b38e8ab8e2af6db4",
    "60s/rep-3/glaurung-ordered-trace-4029043-c5f522dfd7cd48768e3c4f1bbf85ca6d",
    "60s/rep-4/glaurung-ordered-trace-4029069-99f24739b8324851be11c4455c7eab9d",
    "60s/rep-5/glaurung-ordered-trace-4029101-5ed153744c8548cfb858791ae69db5b7"
  ]
}
