sweep_id	arm	corpus_path	binary_sha	features	verdict	exit_status	decided_by	bound_by	attempts	attempt_trail	elapsed_ms	elapsed_ms_per_attempt	partial	decline_reasons	decline_details	decline_names	host	core	load
nia-groebner-gate-crossdiv-QF_NRA	shipped	QF_NRA/20161105-Sturm-MBO/mbo_E1.smt2	3c3ba0eb2	Real	unknown	0	none	nra	16	fd:parse:probe\pprobe:probe\pdl-online:declined\pnra-real-root:declined\pnra:declined\pq:skolem-qf:declined\pq:nat-induction:declined\pfd:string-gate:declined\pfd:source-string-semantic-unsat:declined\pfd:word-route:declined\pfd:online-string:declined\pfd:membership:declined\pfd:lex-order:declined\pfd:length-lia:declined\pfd:source-string-sat-probe:declined\pfd:bounded-completeness-unsat:declined	2509	3\p1\p4\p135\p2006\p0\p0\p0\p0\p0\p0\p0\p0\p0\p0\p0	no	dl-online=not-applicable\pnra-real-root=incomplete\pnra=budget\pq:skolem-qf=unsupported\pq:nat-induction=not-applicable\pfd:string-gate=budget\pfd:source-string-semantic-unsat=budget\pfd:word-route=budget\pfd:online-string=budget\pfd:membership=budget\pfd:lex-order=budget\pfd:length-lia=budget\pfd:source-string-sat-probe=budget\pfd:bounded-completeness-unsat=budget	\pexact real-polynomial decider declined: projection (cad-arm=default)\pnonlinear abstraction: 771 cross-products project to 36945 linear-real atoms, past the consuming engine's capacity of 1024 (this needs a nlsat/CAD engine)\pquant-route ownership (ADR-2103): `q:skolem-qf` owns {Real, Int, BvOrFloat, Datatype, Function, UninterpretedSort, Array, NonBvArray, NonBoolBvArray} and does not own {NestedArray, WideInt}, which this quantified query carries, so its non-decision is a decline and the ladder continues. Its own reason was: nonlinear abstraction: 771 cross-products project to 36945 linear-real atoms, past the consuming engine's capacity of 1024 (this needs a nlsat/CAD engine)\p\pnonlinear abstraction: 771 cross-products project to 36945 linear-real atoms, past the consuming engine's capacity of 1024 (this needs a nlsat/CAD engine)\pnonlinear abstraction: 771 cross-products project to 36945 linear-real atoms, past the consuming engine's capacity of 1024 (this needs a nlsat/CAD engine)\pnonlinear abstraction: 771 cross-products project to 36945 linear-real atoms, past the consuming engine's capacity of 1024 (this needs a nlsat/CAD engine)\pnonlinear abstraction: 771 cross-products project to 36945 linear-real atoms, past the consuming engine's capacity of 1024 (this needs a nlsat/CAD engine)\pnonlinear abstraction: 771 cross-products project to 36945 linear-real atoms, past the consuming engine's capacity of 1024 (this needs a nlsat/CAD engine)\pnonlinear abstraction: 771 cross-products project to 36945 linear-real atoms, past the consuming engine's capacity of 1024 (this needs a nlsat/CAD engine)\pnonlinear abstraction: 771 cross-products project to 36945 linear-real atoms, past the consuming engine's capacity of 1024 (this needs a nlsat/CAD engine)\pnonlinear abstraction: 771 cross-products project to 36945 linear-real atoms, past the consuming engine's capacity of 1024 (this needs a nlsat/CAD engine)\pnonlinear abstraction: 771 cross-products project to 36945 linear-real atoms, past the consuming engine's capacity of 1024 (this needs a nlsat/CAD engine)	\p\pother\pquant-ownership-decline\p\pother\pother\pother\pother\pother\pother\pother\pother\pother	server7	1,9	0.22
nia-groebner-gate-crossdiv-QF_NRA	gateunbounded	QF_NRA/20161105-Sturm-MBO/mbo_E1.smt2	3c3ba0eb2	Real	unknown	0	none	nra	16	fd:parse:probe\pprobe:probe\pdl-online:declined\pnra-real-root:declined\pnra:declined\pq:skolem-qf:declined\pq:nat-induction:declined\pfd:string-gate:declined\pfd:source-string-semantic-unsat:declined\pfd:word-route:declined\pfd:online-string:declined\pfd:membership:declined\pfd:lex-order:declined\pfd:length-lia:declined\pfd:source-string-sat-probe:declined\pfd:bounded-completeness-unsat:declined	2508	2\p0\p4\p135\p2033\p0\p0\p0\p0\p0\p0\p0\p0\p0\p0\p0	no	dl-online=not-applicable\pnra-real-root=incomplete\pnra=budget\pq:skolem-qf=unsupported\pq:nat-induction=not-applicable\pfd:string-gate=budget\pfd:source-string-semantic-unsat=budget\pfd:word-route=budget\pfd:online-string=budget\pfd:membership=budget\pfd:lex-order=budget\pfd:length-lia=budget\pfd:source-string-sat-probe=budget\pfd:bounded-completeness-unsat=budget	\pexact real-polynomial decider declined: projection (cad-arm=default)\pnonlinear abstraction: 771 cross-products project to 36945 linear-real atoms, past the consuming engine's capacity of 1024 (this needs a nlsat/CAD engine)\pquant-route ownership (ADR-2103): `q:skolem-qf` owns {Real, Int, BvOrFloat, Datatype, Function, UninterpretedSort, Array, NonBvArray, NonBoolBvArray} and does not own {NestedArray, WideInt}, which this quantified query carries, so its non-decision is a decline and the ladder continues. Its own reason was: nonlinear abstraction: 771 cross-products project to 36945 linear-real atoms, past the consuming engine's capacity of 1024 (this needs a nlsat/CAD engine)\p\pnonlinear abstraction: 771 cross-products project to 36945 linear-real atoms, past the consuming engine's capacity of 1024 (this needs a nlsat/CAD engine)\pnonlinear abstraction: 771 cross-products project to 36945 linear-real atoms, past the consuming engine's capacity of 1024 (this needs a nlsat/CAD engine)\pnonlinear abstraction: 771 cross-products project to 36945 linear-real atoms, past the consuming engine's capacity of 1024 (this needs a nlsat/CAD engine)\pnonlinear abstraction: 771 cross-products project to 36945 linear-real atoms, past the consuming engine's capacity of 1024 (this needs a nlsat/CAD engine)\pnonlinear abstraction: 771 cross-products project to 36945 linear-real atoms, past the consuming engine's capacity of 1024 (this needs a nlsat/CAD engine)\pnonlinear abstraction: 771 cross-products project to 36945 linear-real atoms, past the consuming engine's capacity of 1024 (this needs a nlsat/CAD engine)\pnonlinear abstraction: 771 cross-products project to 36945 linear-real atoms, past the consuming engine's capacity of 1024 (this needs a nlsat/CAD engine)\pnonlinear abstraction: 771 cross-products project to 36945 linear-real atoms, past the consuming engine's capacity of 1024 (this needs a nlsat/CAD engine)\pnonlinear abstraction: 771 cross-products project to 36945 linear-real atoms, past the consuming engine's capacity of 1024 (this needs a nlsat/CAD engine)	\p\pother\pquant-ownership-decline\p\pother\pother\pother\pother\pother\pother\pother\pother\pother	server7	1,9	0.22
nia-groebner-gate-crossdiv-QF_NRA	gateunbounded	QF_NRA/20161105-Sturm-MBO/mbo_E13E18.smt2	3c3ba0eb2	Real	unknown	0	none	nra-real-root	4	fd:parse:probe\pprobe:probe\pdl-online:declined\pnra-real-root:declined	25326	44\p11\p70\p16228	yes	dl-online=not-applicable\pnra-real-root=incomplete	\pexact real-polynomial decider declined: projection (cad-arm=default)	\p	server7	1,9	0.37
nia-groebner-gate-crossdiv-QF_NRA	shipped	QF_NRA/20161105-Sturm-MBO/mbo_E13E18.smt2	3c3ba0eb2	Real	unknown	0	none	nra-real-root	4	fd:parse:probe\pprobe:probe\pdl-online:declined\pnra-real-root:declined	25323	48\p11\p78\p16965	yes	dl-online=not-applicable\pnra-real-root=incomplete	\pexact real-polynomial decider declined: projection (cad-arm=default)	\p	server7	1,9	0.92
nia-groebner-gate-crossdiv-QF_NRA	shipped	QF_NRA/20161105-Sturm-MBO/mbo_E17E24.smt2	3c3ba0eb2	Real	unknown	0	none	nra-real-root	4	fd:parse:probe\pprobe:probe\pdl-online:declined\pnra-real-root:declined	25220	39\p10\p70\p15834	yes	dl-online=not-applicable\pnra-real-root=incomplete	\pexact real-polynomial decider declined: projection (cad-arm=default)	\p	server7	1,9	1.29
nia-groebner-gate-crossdiv-QF_NRA	gateunbounded	QF_NRA/20161105-Sturm-MBO/mbo_E17E24.smt2	3c3ba0eb2	Real	unknown	0	none	nra-real-root	4	fd:parse:probe\pprobe:probe\pdl-online:declined\pnra-real-root:declined	25223	38\p9\p64\p15706	yes	dl-online=not-applicable\pnra-real-root=incomplete	\pexact real-polynomial decider declined: projection (cad-arm=default)	\p	server7	1,9	1.54
nia-groebner-gate-crossdiv-QF_NRA	gateunbounded	QF_NRA/20161105-Sturm-MBO/mbo_E20E26.smt2	3c3ba0eb2	Real	unknown	0	none	nra	16	fd:parse:probe\pprobe:probe\pdl-online:declined\pnra-real-root:declined\pnra:declined\pq:skolem-qf:declined\pq:nat-induction:declined\pfd:string-gate:declined\pfd:source-string-semantic-unsat:declined\pfd:word-route:declined\pfd:online-string:declined\pfd:membership:declined\pfd:lex-order:declined\pfd:length-lia:declined\pfd:source-string-sat-probe:declined\pfd:bounded-completeness-unsat:declined	1608	1\p0\p2\p40\p1440\p0\p0\p0\p0\p0\p0\p0\p0\p0\p0\p0	no	dl-online=not-applicable\pnra-real-root=incomplete\pnra=budget\pq:skolem-qf=unsupported\pq:nat-induction=not-applicable\pfd:string-gate=budget\pfd:source-string-semantic-unsat=budget\pfd:word-route=budget\pfd:online-string=budget\pfd:membership=budget\pfd:lex-order=budget\pfd:length-lia=budget\pfd:source-string-sat-probe=budget\pfd:bounded-completeness-unsat=budget	\pexact real-polynomial decider declined: projection (cad-arm=default)\pnonlinear abstraction: 396 cross-products project to 16976 linear-real atoms, past the consuming engine's capacity of 1024 (this needs a nlsat/CAD engine)\pquant-route ownership (ADR-2103): `q:skolem-qf` owns {Real, Int, BvOrFloat, Datatype, Function, UninterpretedSort, Array, NonBvArray, NonBoolBvArray} and does not own {NestedArray, WideInt}, which this quantified query carries, so its non-decision is a decline and the ladder continues. Its own reason was: nonlinear abstraction: 396 cross-products project to 16976 linear-real atoms, past the consuming engine's capacity of 1024 (this needs a nlsat/CAD engine)\p\pnonlinear abstraction: 396 cross-products project to 16976 linear-real atoms, past the consuming engine's capacity of 1024 (this needs a nlsat/CAD engine)\pnonlinear abstraction: 396 cross-products project to 16976 linear-real atoms, past the consuming engine's capacity of 1024 (this needs a nlsat/CAD engine)\pnonlinear abstraction: 396 cross-products project to 16976 linear-real atoms, past the consuming engine's capacity of 1024 (this needs a nlsat/CAD engine)\pnonlinear abstraction: 396 cross-products project to 16976 linear-real atoms, past the consuming engine's capacity of 1024 (this needs a nlsat/CAD engine)\pnonlinear abstraction: 396 cross-products project to 16976 linear-real atoms, past the consuming engine's capacity of 1024 (this needs a nlsat/CAD engine)\pnonlinear abstraction: 396 cross-products project to 16976 linear-real atoms, past the consuming engine's capacity of 1024 (this needs a nlsat/CAD engine)\pnonlinear abstraction: 396 cross-products project to 16976 linear-real atoms, past the consuming engine's capacity of 1024 (this needs a nlsat/CAD engine)\pnonlinear abstraction: 396 cross-products project to 16976 linear-real atoms, past the consuming engine's capacity of 1024 (this needs a nlsat/CAD engine)\pnonlinear abstraction: 396 cross-products project to 16976 linear-real atoms, past the consuming engine's capacity of 1024 (this needs a nlsat/CAD engine)	\p\pother\pquant-ownership-decline\p\pother\pother\pother\pother\pother\pother\pother\pother\pother	server7	1,9	1.70
nia-groebner-gate-crossdiv-QF_NRA	shipped	QF_NRA/20161105-Sturm-MBO/mbo_E20E26.smt2	3c3ba0eb2	Real	unknown	0	none	nra	16	fd:parse:probe\pprobe:probe\pdl-online:declined\pnra-real-root:declined\pnra:declined\pq:skolem-qf:declined\pq:nat-induction:declined\pfd:string-gate:declined\pfd:source-string-semantic-unsat:declined\pfd:word-route:declined\pfd:online-string:declined\pfd:membership:declined\pfd:lex-order:declined\pfd:length-lia:declined\pfd:source-string-sat-probe:declined\pfd:bounded-completeness-unsat:declined	1608	1\p0\p2\p43\p1419\p0\p0\p0\p0\p0\p0\p0\p0\p0\p0\p0	no	dl-online=not-applicable\pnra-real-root=incomplete\pnra=budget\pq:skolem-qf=unsupported\pq:nat-induction=not-applicable\pfd:string-gate=budget\pfd:source-string-semantic-unsat=budget\pfd:word-route=budget\pfd:online-string=budget\pfd:membership=budget\pfd:lex-order=budget\pfd:length-lia=budget\pfd:source-string-sat-probe=budget\pfd:bounded-completeness-unsat=budget	\pexact real-polynomial decider declined: projection (cad-arm=default)\pnonlinear abstraction: 396 cross-products project to 16976 linear-real atoms, past the consuming engine's capacity of 1024 (this needs a nlsat/CAD engine)\pquant-route ownership (ADR-2103): `q:skolem-qf` owns {Real, Int, BvOrFloat, Datatype, Function, UninterpretedSort, Array, NonBvArray, NonBoolBvArray} and does not own {NestedArray, WideInt}, which this quantified query carries, so its non-decision is a decline and the ladder continues. Its own reason was: nonlinear abstraction: 396 cross-products project to 16976 linear-real atoms, past the consuming engine's capacity of 1024 (this needs a nlsat/CAD engine)\p\pnonlinear abstraction: 396 cross-products project to 16976 linear-real atoms, past the consuming engine's capacity of 1024 (this needs a nlsat/CAD engine)\pnonlinear abstraction: 396 cross-products project to 16976 linear-real atoms, past the consuming engine's capacity of 1024 (this needs a nlsat/CAD engine)\pnonlinear abstraction: 396 cross-products project to 16976 linear-real atoms, past the consuming engine's capacity of 1024 (this needs a nlsat/CAD engine)\pnonlinear abstraction: 396 cross-products project to 16976 linear-real atoms, past the consuming engine's capacity of 1024 (this needs a nlsat/CAD engine)\pnonlinear abstraction: 396 cross-products project to 16976 linear-real atoms, past the consuming engine's capacity of 1024 (this needs a nlsat/CAD engine)\pnonlinear abstraction: 396 cross-products project to 16976 linear-real atoms, past the consuming engine's capacity of 1024 (this needs a nlsat/CAD engine)\pnonlinear abstraction: 396 cross-products project to 16976 linear-real atoms, past the consuming engine's capacity of 1024 (this needs a nlsat/CAD engine)\pnonlinear abstraction: 396 cross-products project to 16976 linear-real atoms, past the consuming engine's capacity of 1024 (this needs a nlsat/CAD engine)\pnonlinear abstraction: 396 cross-products project to 16976 linear-real atoms, past the consuming engine's capacity of 1024 (this needs a nlsat/CAD engine)	\p\pother\pquant-ownership-decline\p\pother\pother\pother\pother\pother\pother\pother\pother\pother	server7	1,9	1.70
nia-groebner-gate-crossdiv-QF_NRA	shipped	QF_NRA/20161105-Sturm-MBO/mbo_E2E5.smt2	3c3ba0eb2	Real	unknown	0	none	nra-real-root	14	fd:parse:probe\pprobe:probe\pdl-online:declined\pnra-real-root:declined\pq:skolem-qf:declined\pfd:string-gate:declined\pfd:source-string-semantic-unsat:declined\pfd:word-route:declined\pfd:online-string:declined\pfd:membership:declined\pfd:lex-order:declined\pfd:length-lia:declined\pfd:source-string-sat-probe:declined\pfd:bounded-completeness-unsat:declined	24520	59\p14\p102\p23914\p0\p0\p0\p0\p0\p0\p0\p0\p0\p0	no	dl-online=not-applicable\pnra-real-root=incomplete\pq:skolem-qf=unsupported\pfd:string-gate=budget\pfd:source-string-semantic-unsat=budget\pfd:word-route=budget\pfd:online-string=budget\pfd:membership=budget\pfd:lex-order=budget\pfd:length-lia=budget\pfd:source-string-sat-probe=budget\pfd:bounded-completeness-unsat=budget	\pexact real-polynomial decider declined: projection (cad-arm=default)\pquant-route ownership (ADR-2103): `q:skolem-qf` owns {Real, Int, BvOrFloat, Datatype, Function, UninterpretedSort, Array, NonBvArray, NonBoolBvArray} and does not own {NestedArray, WideInt}, which this quantified query carries, so its non-decision is a decline and the ladder continues. Its own reason was: preprocessed dispatch timeout after reduced solve; the reduced solve's own reason was [Timeout] auto-dispatch timeout after exact real-polynomial route\ppreprocessed dispatch timeout after reduced solve; the reduced solve's own reason was [Timeout] auto-dispatch timeout after exact real-polynomial route\ppreprocessed dispatch timeout after reduced solve; the reduced solve's own reason was [Timeout] auto-dispatch timeout after exact real-polynomial route\ppreprocessed dispatch timeout after reduced solve; the reduced solve's own reason was [Timeout] auto-dispatch timeout after exact real-polynomial route\ppreprocessed dispatch timeout after reduced solve; the reduced solve's own reason was [Timeout] auto-dispatch timeout after exact real-polynomial route\ppreprocessed dispatch timeout after reduced solve; the reduced solve's own reason was [Timeout] auto-dispatch timeout after exact real-polynomial route\ppreprocessed dispatch timeout after reduced solve; the reduced solve's own reason was [Timeout] auto-dispatch timeout after exact real-polynomial route\ppreprocessed dispatch timeout after reduced solve; the reduced solve's own reason was [Timeout] auto-dispatch timeout after exact real-polynomial route\ppreprocessed dispatch timeout after reduced solve; the reduced solve's own reason was [Timeout] auto-dispatch timeout after exact real-polynomial route\ppreprocessed dispatch timeout after reduced solve; the reduced solve's own reason was [Timeout] auto-dispatch timeout after exact real-polynomial route	\p\pquant-ownership-decline\pother\pother\pother\pother\pother\pother\pother\pother\pother	server7	1,9	1.72
nia-groebner-gate-crossdiv-QF_NRA	gateunbounded	QF_NRA/20161105-Sturm-MBO/mbo_E2E5.smt2	3c3ba0eb2	Real	unknown	0	none	nra-real-root	4	fd:parse:probe\pprobe:probe\pdl-online:declined\pnra-real-root:declined	25421	55\p14\p102\p22523	yes	dl-online=not-applicable\pnra-real-root=incomplete	\pexact real-polynomial decider declined: projection (cad-arm=default)	\p	server7	1,9	1.80
nia-groebner-gate-crossdiv-QF_NRA	gateunbounded	QF_NRA/20161105-Sturm-MBO/mbo_E5E13.smt2	3c3ba0eb2	Real	unknown	0	none	nra-real-root	14	fd:parse:probe\pprobe:probe\pdl-online:declined\pnra-real-root:declined\pq:skolem-qf:declined\pfd:string-gate:declined\pfd:source-string-semantic-unsat:declined\pfd:word-route:declined\pfd:online-string:declined\pfd:membership:declined\pfd:lex-order:declined\pfd:length-lia:declined\pfd:source-string-sat-probe:declined\pfd:bounded-completeness-unsat:declined	24520	60\p13\p96\p23966\p0\p0\p0\p0\p0\p0\p0\p0\p0\p0	no	dl-online=not-applicable\pnra-real-root=incomplete\pq:skolem-qf=unsupported\pfd:string-gate=budget\pfd:source-string-semantic-unsat=budget\pfd:word-route=budget\pfd:online-string=budget\pfd:membership=budget\pfd:lex-order=budget\pfd:length-lia=budget\pfd:source-string-sat-probe=budget\pfd:bounded-completeness-unsat=budget	\pexact real-polynomial decider declined: projection (cad-arm=default)\pquant-route ownership (ADR-2103): `q:skolem-qf` owns {Real, Int, BvOrFloat, Datatype, Function, UninterpretedSort, Array, NonBvArray, NonBoolBvArray} and does not own {NestedArray, WideInt}, which this quantified query carries, so its non-decision is a decline and the ladder continues. Its own reason was: preprocessed dispatch timeout after reduced solve; the reduced solve's own reason was [Timeout] auto-dispatch timeout after exact real-polynomial route\ppreprocessed dispatch timeout after reduced solve; the reduced solve's own reason was [Timeout] auto-dispatch timeout after exact real-polynomial route\ppreprocessed dispatch timeout after reduced solve; the reduced solve's own reason was [Timeout] auto-dispatch timeout after exact real-polynomial route\ppreprocessed dispatch timeout after reduced solve; the reduced solve's own reason was [Timeout] auto-dispatch timeout after exact real-polynomial route\ppreprocessed dispatch timeout after reduced solve; the reduced solve's own reason was [Timeout] auto-dispatch timeout after exact real-polynomial route\ppreprocessed dispatch timeout after reduced solve; the reduced solve's own reason was [Timeout] auto-dispatch timeout after exact real-polynomial route\ppreprocessed dispatch timeout after reduced solve; the reduced solve's own reason was [Timeout] auto-dispatch timeout after exact real-polynomial route\ppreprocessed dispatch timeout after reduced solve; the reduced solve's own reason was [Timeout] auto-dispatch timeout after exact real-polynomial route\ppreprocessed dispatch timeout after reduced solve; the reduced solve's own reason was [Timeout] auto-dispatch timeout after exact real-polynomial route\ppreprocessed dispatch timeout after reduced solve; the reduced solve's own reason was [Timeout] auto-dispatch timeout after exact real-polynomial route	\p\pquant-ownership-decline\pother\pother\pother\pother\pother\pother\pother\pother\pother	server7	1,9	1.88
nia-groebner-gate-crossdiv-QF_NRA	shipped	QF_NRA/20161105-Sturm-MBO/mbo_E5E13.smt2	3c3ba0eb2	Real	unknown	0	none	nra-real-root	14	fd:parse:probe\pprobe:probe\pdl-online:declined\pnra-real-root:declined\pq:skolem-qf:declined\pfd:string-gate:declined\pfd:source-string-semantic-unsat:declined\pfd:word-route:declined\pfd:online-string:declined\pfd:membership:declined\pfd:lex-order:declined\pfd:length-lia:declined\pfd:source-string-sat-probe:declined\pfd:bounded-completeness-unsat:declined	24427	61\p13\p99\p23884\p0\p0\p0\p0\p0\p0\p0\p0\p0\p0	no	dl-online=not-applicable\pnra-real-root=incomplete\pq:skolem-qf=unsupported\pfd:string-gate=budget\pfd:source-string-semantic-unsat=budget\pfd:word-route=budget\pfd:online-string=budget\pfd:membership=budget\pfd:lex-order=budget\pfd:length-lia=budget\pfd:source-string-sat-probe=budget\pfd:bounded-completeness-unsat=budget	\pexact real-polynomial decider declined: projection (cad-arm=default)\pquant-route ownership (ADR-2103): `q:skolem-qf` owns {Real, Int, BvOrFloat, Datatype, Function, UninterpretedSort, Array, NonBvArray, NonBoolBvArray} and does not own {NestedArray, WideInt}, which this quantified query carries, so its non-decision is a decline and the ladder continues. Its own reason was: preprocessed dispatch timeout after reduced solve; the reduced solve's own reason was [Timeout] auto-dispatch timeout after exact real-polynomial route\ppreprocessed dispatch timeout after reduced solve; the reduced solve's own reason was [Timeout] auto-dispatch timeout after exact real-polynomial route\ppreprocessed dispatch timeout after reduced solve; the reduced solve's own reason was [Timeout] auto-dispatch timeout after exact real-polynomial route\ppreprocessed dispatch timeout after reduced solve; the reduced solve's own reason was [Timeout] auto-dispatch timeout after exact real-polynomial route\ppreprocessed dispatch timeout after reduced solve; the reduced solve's own reason was [Timeout] auto-dispatch timeout after exact real-polynomial route\ppreprocessed dispatch timeout after reduced solve; the reduced solve's own reason was [Timeout] auto-dispatch timeout after exact real-polynomial route\ppreprocessed dispatch timeout after reduced solve; the reduced solve's own reason was [Timeout] auto-dispatch timeout after exact real-polynomial route\ppreprocessed dispatch timeout after reduced solve; the reduced solve's own reason was [Timeout] auto-dispatch timeout after exact real-polynomial route\ppreprocessed dispatch timeout after reduced solve; the reduced solve's own reason was [Timeout] auto-dispatch timeout after exact real-polynomial route\ppreprocessed dispatch timeout after reduced solve; the reduced solve's own reason was [Timeout] auto-dispatch timeout after exact real-polynomial route	\p\pquant-ownership-decline\pother\pother\pother\pother\pother\pother\pother\pother\pother	server7	1,9	1.91
nia-groebner-gate-crossdiv-QF_NRA	shipped	QF_NRA/20161105-Sturm-MBO/mbo_E7E27.smt2	3c3ba0eb2	Real	unsat	0	nra	nra	6	fd:parse:probe\pprobe:probe\pdl-online:declined\pnra-real-root:declined\pcas-ideal-refuter:declined\pnra:decided	107	0\p0\p0\p0\p1\p43	no	dl-online=not-applicable\pnra-real-root=incomplete\pcas-ideal-refuter=incomplete	\pexact real-polynomial decider declined: nullified-residual (cad-arm=default)\pno combination of the asserted equations collapsed to a constant of the refuting sign	\p\p	server7	1,9	1.94
nia-groebner-gate-crossdiv-QF_NRA	gateunbounded	QF_NRA/20161105-Sturm-MBO/mbo_E7E27.smt2	3c3ba0eb2	Real	unsat	0	nra	nra	6	fd:parse:probe\pprobe:probe\pdl-online:declined\pnra-real-root:declined\pcas-ideal-refuter:declined\pnra:decided	107	0\p0\p0\p0\p1\p44	no	dl-online=not-applicable\pnra-real-root=incomplete\pcas-ideal-refuter=incomplete	\pexact real-polynomial decider declined: nullified-residual (cad-arm=default)\pno combination of the asserted equations collapsed to a constant of the refuting sign	\p\p	server7	1,9	1.94
nia-groebner-gate-crossdiv-QF_NRA	gateunbounded	QF_NRA/20170501-Heizmann-UltimateInvariantSynthesis/avg60.i_5_5_4.bpl_3.smt2	3c3ba0eb2	Real	unknown	0	none	nra	16	fd:parse:probe\pprobe:probe\pdl-online:declined\pnra-real-root:declined\pcas-ideal-refuter:declined\pnra:declined\pq:skolem-qf:declined\pfd:string-gate:declined\pfd:source-string-semantic-unsat:declined\pfd:word-route:declined\pfd:online-string:declined\pfd:membership:declined\pfd:lex-order:declined\pfd:length-lia:declined\pfd:source-string-sat-probe:declined\pfd:bounded-completeness-unsat:declined	24119	3\p1\p11\p0\p2\p24013\p0\p0\p0\p0\p0\p0\p0\p0\p0\p0	no	dl-online=not-applicable\pnra-real-root=incomplete\pcas-ideal-refuter=incomplete\pnra=budget\pq:skolem-qf=unsupported\pfd:string-gate=budget\pfd:source-string-semantic-unsat=budget\pfd:word-route=budget\pfd:online-string=budget\pfd:membership=budget\pfd:lex-order=budget\pfd:length-lia=budget\pfd:source-string-sat-probe=budget\pfd:bounded-completeness-unsat=budget	\pexact real-polynomial decider declined: non-conjunctive (cad-arm=default)\pcofactor-tracked Gröbner reduction hit the basis-size ceiling\pnonlinear abstraction: 500 cross-products project to 9559 linear-real atoms, past the consuming engine's capacity of 1024 (this needs a nlsat/CAD engine)\pquant-route ownership (ADR-2103): `q:skolem-qf` owns {Real, Int, BvOrFloat, Datatype, Function, UninterpretedSort, Array, NonBvArray, NonBoolBvArray} and does not own {NestedArray, WideInt}, which this quantified query carries, so its non-decision is a decline and the ladder continues. Its own reason was: preprocessed dispatch timeout after reduced solve; the reduced solve's own reason was [ResourceLimit] nonlinear abstraction: 500 cross-products project to 9559 linear-real atoms, past the consuming engine's capacity of 1024 (this needs a nlsat/CAD engine)\ppreprocessed dispatch timeout after reduced solve; the reduced solve's own reason was [ResourceLimit] nonlinear abstraction: 500 cross-products project to 9559 linear-real atoms, past the consuming engine's capacity of 1024 (this needs a nlsat/CAD engine)\ppreprocessed dispatch timeout after reduced solve; the reduced solve's own reason was [ResourceLimit] nonlinear abstraction: 500 cross-products project to 9559 linear-real atoms, past the consuming engine's capacity of 1024 (this needs a nlsat/CAD engine)\ppreprocessed dispatch timeout after reduced solve; the reduced solve's own reason was [ResourceLimit] nonlinear abstraction: 500 cross-products project to 9559 linear-real atoms, past the consuming engine's capacity of 1024 (this needs a nlsat/CAD engine)\ppreprocessed dispatch timeout after reduced solve; the reduced solve's own reason was [ResourceLimit] nonlinear abstraction: 500 cross-products project to 9559 linear-real atoms, past the consuming engine's capacity of 1024 (this needs a nlsat/CAD engine)\ppreprocessed dispatch timeout after reduced solve; the reduced solve's own reason was [ResourceLimit] nonlinear abstraction: 500 cross-products project to 9559 linear-real atoms, past the consuming engine's capacity of 1024 (this needs a nlsat/CAD engine)\ppreprocessed dispatch timeout after reduced solve; the reduced solve's own reason was [ResourceLimit] nonlinear abstraction: 500 cross-products project to 9559 linear-real atoms, past the consuming engine's capacity of 1024 (this needs a nlsat/CAD engine)\ppreprocessed dispatch timeout after reduced solve; the reduced solve's own reason was [ResourceLimit] nonlinear abstraction: 500 cross-products project to 9559 linear-real atoms, past the consuming engine's capacity of 1024 (this needs a nlsat/CAD engine)\ppreprocessed dispatch timeout after reduced solve; the reduced solve's own reason was [ResourceLimit] nonlinear abstraction: 500 cross-products project to 9559 linear-real atoms, past the consuming engine's capacity of 1024 (this needs a nlsat/CAD engine)\ppreprocessed dispatch timeout after reduced solve; the reduced solve's own reason was [ResourceLimit] nonlinear abstraction: 500 cross-products project to 9559 linear-real atoms, past the consuming engine's capacity of 1024 (this needs a nlsat/CAD engine)	\p\p\pother\pquant-ownership-decline\pother\pother\pother\pother\pother\pother\pother\pother\pother	server7	1,9	1.94
nia-groebner-gate-crossdiv-QF_NRA	shipped	QF_NRA/20170501-Heizmann-UltimateInvariantSynthesis/avg60.i_5_5_4.bpl_3.smt2	3c3ba0eb2	Real	unknown	0	none	nra	16	fd:parse:probe\pprobe:probe\pdl-online:declined\pnra-real-root:declined\pcas-ideal-refuter:declined\pnra:declined\pq:skolem-qf:declined\pfd:string-gate:declined\pfd:source-string-semantic-unsat:declined\pfd:word-route:declined\pfd:online-string:declined\pfd:membership:declined\pfd:lex-order:declined\pfd:length-lia:declined\pfd:source-string-sat-probe:declined\pfd:bounded-completeness-unsat:declined	24124	3\p1\p11\p0\p1\p24012\p0\p0\p0\p0\p0\p0\p0\p0\p0\p0	no	dl-online=not-applicable\pnra-real-root=incomplete\pcas-ideal-refuter=incomplete\pnra=budget\pq:skolem-qf=unsupported\pfd:string-gate=budget\pfd:source-string-semantic-unsat=budget\pfd:word-route=budget\pfd:online-string=budget\pfd:membership=budget\pfd:lex-order=budget\pfd:length-lia=budget\pfd:source-string-sat-probe=budget\pfd:bounded-completeness-unsat=budget	\pexact real-polynomial decider declined: non-conjunctive (cad-arm=default)\pnonlinear system exceeds the deterministic generator/atom/inequality ceilings\pnonlinear abstraction: 500 cross-products project to 9559 linear-real atoms, past the consuming engine's capacity of 1024 (this needs a nlsat/CAD engine)\pquant-route ownership (ADR-2103): `q:skolem-qf` owns {Real, Int, BvOrFloat, Datatype, Function, UninterpretedSort, Array, NonBvArray, NonBoolBvArray} and does not own {NestedArray, WideInt}, which this quantified query carries, so its non-decision is a decline and the ladder continues. Its own reason was: preprocessed dispatch timeout after reduced solve; the reduced solve's own reason was [ResourceLimit] nonlinear abstraction: 500 cross-products project to 9559 linear-real atoms, past the consuming engine's capacity of 1024 (this needs a nlsat/CAD engine)\ppreprocessed dispatch timeout after reduced solve; the reduced solve's own reason was [ResourceLimit] nonlinear abstraction: 500 cross-products project to 9559 linear-real atoms, past the consuming engine's capacity of 1024 (this needs a nlsat/CAD engine)\ppreprocessed dispatch timeout after reduced solve; the reduced solve's own reason was [ResourceLimit] nonlinear abstraction: 500 cross-products project to 9559 linear-real atoms, past the consuming engine's capacity of 1024 (this needs a nlsat/CAD engine)\ppreprocessed dispatch timeout after reduced solve; the reduced solve's own reason was [ResourceLimit] nonlinear abstraction: 500 cross-products project to 9559 linear-real atoms, past the consuming engine's capacity of 1024 (this needs a nlsat/CAD engine)\ppreprocessed dispatch timeout after reduced solve; the reduced solve's own reason was [ResourceLimit] nonlinear abstraction: 500 cross-products project to 9559 linear-real atoms, past the consuming engine's capacity of 1024 (this needs a nlsat/CAD engine)\ppreprocessed dispatch timeout after reduced solve; the reduced solve's own reason was [ResourceLimit] nonlinear abstraction: 500 cross-products project to 9559 linear-real atoms, past the consuming engine's capacity of 1024 (this needs a nlsat/CAD engine)\ppreprocessed dispatch timeout after reduced solve; the reduced solve's own reason was [ResourceLimit] nonlinear abstraction: 500 cross-products project to 9559 linear-real atoms, past the consuming engine's capacity of 1024 (this needs a nlsat/CAD engine)\ppreprocessed dispatch timeout after reduced solve; the reduced solve's own reason was [ResourceLimit] nonlinear abstraction: 500 cross-products project to 9559 linear-real atoms, past the consuming engine's capacity of 1024 (this needs a nlsat/CAD engine)\ppreprocessed dispatch timeout after reduced solve; the reduced solve's own reason was [ResourceLimit] nonlinear abstraction: 500 cross-products project to 9559 linear-real atoms, past the consuming engine's capacity of 1024 (this needs a nlsat/CAD engine)\ppreprocessed dispatch timeout after reduced solve; the reduced solve's own reason was [ResourceLimit] nonlinear abstraction: 500 cross-products project to 9559 linear-real atoms, past the consuming engine's capacity of 1024 (this needs a nlsat/CAD engine)	\p\p\pother\pquant-ownership-decline\pother\pother\pother\pother\pother\pother\pother\pother\pother	server7	1,9	1.96
nia-groebner-gate-crossdiv-QF_NRA	shipped	QF_NRA/20170501-Heizmann-UltimateInvariantSynthesis/standard_two_index_06.i_3_2_2.bpl_5.smt2	3c3ba0eb2	Real	unknown	0	none	nra	17	fd:parse:probe\pprobe:probe\pdl-online:declined\pnra-real-root:declined\pcas-ideal-refuter:declined\pnra:declined\pq:skolem-qf:declined\pq:nat-induction:declined\pfd:string-gate:declined\pfd:source-string-semantic-unsat:declined\pfd:word-route:declined\pfd:online-string:declined\pfd:membership:declined\pfd:lex-order:declined\pfd:length-lia:declined\pfd:source-string-sat-probe:declined\pfd:bounded-completeness-unsat:declined	9311	0\p0\p1\p0\p0\p9241\p0\p0\p0\p0\p0\p0\p0\p0\p0\p0\p0	no	dl-online=not-applicable\pnra-real-root=incomplete\pcas-ideal-refuter=incomplete\pnra=budget\pq:skolem-qf=unsupported\pq:nat-induction=not-applicable\pfd:string-gate=budget\pfd:source-string-semantic-unsat=budget\pfd:word-route=budget\pfd:online-string=budget\pfd:membership=budget\pfd:lex-order=budget\pfd:length-lia=budget\pfd:source-string-sat-probe=budget\pfd:bounded-completeness-unsat=budget	\pexact real-polynomial decider declined: non-conjunctive (cad-arm=default)\pnonlinear system exceeds the deterministic generator/atom/inequality ceilings\pnonlinear abstraction: 63 cross-products project to 1244 linear-real atoms, past the consuming engine's capacity of 1024 (this needs a nlsat/CAD engine)\pquant-route ownership (ADR-2103): `q:skolem-qf` owns {Real, Int, BvOrFloat, Datatype, Function, UninterpretedSort, Array, NonBvArray, NonBoolBvArray} and does not own {NestedArray, WideInt}, which this quantified query carries, so its non-decision is a decline and the ladder continues. Its own reason was: nonlinear abstraction: 63 cross-products project to 1244 linear-real atoms, past the consuming engine's capacity of 1024 (this needs a nlsat/CAD engine)\p\pnonlinear abstraction: 63 cross-products project to 1244 linear-real atoms, past the consuming engine's capacity of 1024 (this needs a nlsat/CAD engine)\pnonlinear abstraction: 63 cross-products project to 1244 linear-real atoms, past the consuming engine's capacity of 1024 (this needs a nlsat/CAD engine)\pnonlinear abstraction: 63 cross-products project to 1244 linear-real atoms, past the consuming engine's capacity of 1024 (this needs a nlsat/CAD engine)\pnonlinear abstraction: 63 cross-products project to 1244 linear-real atoms, past the consuming engine's capacity of 1024 (this needs a nlsat/CAD engine)\pnonlinear abstraction: 63 cross-products project to 1244 linear-real atoms, past the consuming engine's capacity of 1024 (this needs a nlsat/CAD engine)\pnonlinear abstraction: 63 cross-products project to 1244 linear-real atoms, past the consuming engine's capacity of 1024 (this needs a nlsat/CAD engine)\pnonlinear abstraction: 63 cross-products project to 1244 linear-real atoms, past the consuming engine's capacity of 1024 (this needs a nlsat/CAD engine)\pnonlinear abstraction: 63 cross-products project to 1244 linear-real atoms, past the consuming engine's capacity of 1024 (this needs a nlsat/CAD engine)\pnonlinear abstraction: 63 cross-products project to 1244 linear-real atoms, past the consuming engine's capacity of 1024 (this needs a nlsat/CAD engine)	\p\p\pother\pquant-ownership-decline\p\pother\pother\pother\pother\pother\pother\pother\pother\pother	server7	1,9	1.98
nia-groebner-gate-crossdiv-QF_NRA	gateunbounded	QF_NRA/20170501-Heizmann-UltimateInvariantSynthesis/standard_two_index_06.i_3_2_2.bpl_5.smt2	3c3ba0eb2	Real	unknown	0	none	nra	17	fd:parse:probe\pprobe:probe\pdl-online:declined\pnra-real-root:declined\pcas-ideal-refuter:declined\pnra:declined\pq:skolem-qf:declined\pq:nat-induction:declined\pfd:string-gate:declined\pfd:source-string-semantic-unsat:declined\pfd:word-route:declined\pfd:online-string:declined\pfd:membership:declined\pfd:lex-order:declined\pfd:length-lia:declined\pfd:source-string-sat-probe:declined\pfd:bounded-completeness-unsat:declined	9311	0\p0\p1\p0\p0\p9245\p0\p0\p0\p0\p0\p0\p0\p0\p0\p0\p0	no	dl-online=not-applicable\pnra-real-root=incomplete\pcas-ideal-refuter=incomplete\pnra=budget\pq:skolem-qf=unsupported\pq:nat-induction=not-applicable\pfd:string-gate=budget\pfd:source-string-semantic-unsat=budget\pfd:word-route=budget\pfd:online-string=budget\pfd:membership=budget\pfd:lex-order=budget\pfd:length-lia=budget\pfd:source-string-sat-probe=budget\pfd:bounded-completeness-unsat=budget	\pexact real-polynomial decider declined: non-conjunctive (cad-arm=default)\pcofactor-tracked Gröbner reduction hit the basis-size ceiling\pnonlinear abstraction: 63 cross-products project to 1244 linear-real atoms, past the consuming engine's capacity of 1024 (this needs a nlsat/CAD engine)\pquant-route ownership (ADR-2103): `q:skolem-qf` owns {Real, Int, BvOrFloat, Datatype, Function, UninterpretedSort, Array, NonBvArray, NonBoolBvArray} and does not own {NestedArray, WideInt}, which this quantified query carries, so its non-decision is a decline and the ladder continues. Its own reason was: nonlinear abstraction: 63 cross-products project to 1244 linear-real atoms, past the consuming engine's capacity of 1024 (this needs a nlsat/CAD engine)\p\pnonlinear abstraction: 63 cross-products project to 1244 linear-real atoms, past the consuming engine's capacity of 1024 (this needs a nlsat/CAD engine)\pnonlinear abstraction: 63 cross-products project to 1244 linear-real atoms, past the consuming engine's capacity of 1024 (this needs a nlsat/CAD engine)\pnonlinear abstraction: 63 cross-products project to 1244 linear-real atoms, past the consuming engine's capacity of 1024 (this needs a nlsat/CAD engine)\pnonlinear abstraction: 63 cross-products project to 1244 linear-real atoms, past the consuming engine's capacity of 1024 (this needs a nlsat/CAD engine)\pnonlinear abstraction: 63 cross-products project to 1244 linear-real atoms, past the consuming engine's capacity of 1024 (this needs a nlsat/CAD engine)\pnonlinear abstraction: 63 cross-products project to 1244 linear-real atoms, past the consuming engine's capacity of 1024 (this needs a nlsat/CAD engine)\pnonlinear abstraction: 63 cross-products project to 1244 linear-real atoms, past the consuming engine's capacity of 1024 (this needs a nlsat/CAD engine)\pnonlinear abstraction: 63 cross-products project to 1244 linear-real atoms, past the consuming engine's capacity of 1024 (this needs a nlsat/CAD engine)\pnonlinear abstraction: 63 cross-products project to 1244 linear-real atoms, past the consuming engine's capacity of 1024 (this needs a nlsat/CAD engine)	\p\p\pother\pquant-ownership-decline\p\pother\pother\pother\pother\pother\pother\pother\pother\pother	server7	1,9	1.98
nia-groebner-gate-crossdiv-QF_NRA	gateunbounded	QF_NRA/20180501-Economics-Mulligan/MulliganEconomicsModel0051a.smt2	3c3ba0eb2	Real	unknown	0	none	nra	17	fd:parse:probe\pprobe:probe\pdl-online:declined\pnra-real-root:declined\pcas-ideal-refuter:declined\pnra:declined\pq:skolem-qf:declined\pq:nat-induction:declined\pfd:string-gate:declined\pfd:source-string-semantic-unsat:declined\pfd:word-route:declined\pfd:online-string:declined\pfd:membership:declined\pfd:lex-order:declined\pfd:length-lia:declined\pfd:source-string-sat-probe:declined\pfd:bounded-completeness-unsat:declined	6310	0\p0\p0\p118\p1028\p5123\p0\p0\p0\p0\p0\p0\p0\p0\p0\p0\p0	no	dl-online=not-applicable\pnra-real-root=incomplete\pcas-ideal-refuter=incomplete\pnra=incomplete\pq:skolem-qf=unsupported\pq:nat-induction=not-applicable\pfd:string-gate=incomplete\pfd:source-string-semantic-unsat=incomplete\pfd:word-route=incomplete\pfd:online-string=incomplete\pfd:membership=incomplete\pfd:lex-order=incomplete\pfd:length-lia=incomplete\pfd:source-string-sat-probe=incomplete\pfd:bounded-completeness-unsat=incomplete	\pexact real-polynomial decider declined: projection (cad-arm=default)\pcofactor-tracked Gröbner reduction hit the basis-size ceiling\pnonlinear abstraction: refinement reached a fixpoint without deciding\pquant-route ownership (ADR-2103): `q:skolem-qf` owns {Real, Int, BvOrFloat, Datatype, Function, UninterpretedSort, Array, NonBvArray, NonBoolBvArray} and does not own {NestedArray, WideInt}, which this quantified query carries, so its non-decision is a decline and the ladder continues. Its own reason was: nonlinear abstraction: refinement reached a fixpoint without deciding\p\pnonlinear abstraction: refinement reached a fixpoint without deciding\pnonlinear abstraction: refinement reached a fixpoint without deciding\pnonlinear abstraction: refinement reached a fixpoint without deciding\pnonlinear abstraction: refinement reached a fixpoint without deciding\pnonlinear abstraction: refinement reached a fixpoint without deciding\pnonlinear abstraction: refinement reached a fixpoint without deciding\pnonlinear abstraction: refinement reached a fixpoint without deciding\pnonlinear abstraction: refinement reached a fixpoint without deciding\pnonlinear abstraction: refinement reached a fixpoint without deciding	\p\p\p\pquant-ownership-decline\p\p\p\p\p\p\p\p\p\p	server7	1,9	1.98
nia-groebner-gate-crossdiv-QF_NRA	shipped	QF_NRA/20180501-Economics-Mulligan/MulliganEconomicsModel0051a.smt2	3c3ba0eb2	Real	unknown	0	none	nra	17	fd:parse:probe\pprobe:probe\pdl-online:declined\pnra-real-root:declined\pcas-ideal-refuter:declined\pnra:declined\pq:skolem-qf:declined\pq:nat-induction:declined\pfd:string-gate:declined\pfd:source-string-semantic-unsat:declined\pfd:word-route:declined\pfd:online-string:declined\pfd:membership:declined\pfd:lex-order:declined\pfd:length-lia:declined\pfd:source-string-sat-probe:declined\pfd:bounded-completeness-unsat:declined	5310	0\p0\p0\p120\p0\p5123\p0\p0\p0\p0\p0\p0\p0\p0\p0\p0\p0	no	dl-online=not-applicable\pnra-real-root=incomplete\pcas-ideal-refuter=incomplete\pnra=incomplete\pq:skolem-qf=unsupported\pq:nat-induction=not-applicable\pfd:string-gate=incomplete\pfd:source-string-semantic-unsat=incomplete\pfd:word-route=incomplete\pfd:online-string=incomplete\pfd:membership=incomplete\pfd:lex-order=incomplete\pfd:length-lia=incomplete\pfd:source-string-sat-probe=incomplete\pfd:bounded-completeness-unsat=incomplete	\pexact real-polynomial decider declined: projection (cad-arm=default)\pnonlinear system exceeds the deterministic generator/atom/inequality ceilings\pnonlinear abstraction: refinement reached a fixpoint without deciding\pquant-route ownership (ADR-2103): `q:skolem-qf` owns {Real, Int, BvOrFloat, Datatype, Function, UninterpretedSort, Array, NonBvArray, NonBoolBvArray} and does not own {NestedArray, WideInt}, which this quantified query carries, so its non-decision is a decline and the ladder continues. Its own reason was: nonlinear abstraction: refinement reached a fixpoint without deciding\p\pnonlinear abstraction: refinement reached a fixpoint without deciding\pnonlinear abstraction: refinement reached a fixpoint without deciding\pnonlinear abstraction: refinement reached a fixpoint without deciding\pnonlinear abstraction: refinement reached a fixpoint without deciding\pnonlinear abstraction: refinement reached a fixpoint without deciding\pnonlinear abstraction: refinement reached a fixpoint without deciding\pnonlinear abstraction: refinement reached a fixpoint without deciding\pnonlinear abstraction: refinement reached a fixpoint without deciding\pnonlinear abstraction: refinement reached a fixpoint without deciding	\p\p\p\pquant-ownership-decline\p\p\p\p\p\p\p\p\p\p	server7	1,9	1.99
nia-groebner-gate-crossdiv-QF_NRA	shipped	QF_NRA/20180501-Economics-Mulligan/MulliganEconomicsModel0082a.smt2	3c3ba0eb2	Real	unknown	0	none	nra	17	fd:parse:probe\pprobe:probe\pdl-online:declined\pnra-real-root:declined\pcas-ideal-refuter:declined\pnra:declined\pq:skolem-qf:declined\pq:nat-induction:declined\pfd:string-gate:declined\pfd:source-string-semantic-unsat:declined\pfd:word-route:declined\pfd:online-string:declined\pfd:membership:declined\pfd:lex-order:declined\pfd:length-lia:declined\pfd:source-string-sat-probe:declined\pfd:bounded-completeness-unsat:declined	12415	0\p0\p0\p0\p0\p12280\p0\p0\p0\p0\p0\p0\p0\p0\p0\p0\p0	no	dl-online=not-applicable\pnra-real-root=incomplete\pcas-ideal-refuter=incomplete\pnra=budget\pq:skolem-qf=unsupported\pq:nat-induction=not-applicable\pfd:string-gate=budget\pfd:source-string-semantic-unsat=budget\pfd:word-route=budget\pfd:online-string=budget\pfd:membership=budget\pfd:lex-order=budget\pfd:length-lia=budget\pfd:source-string-sat-probe=budget\pfd:bounded-completeness-unsat=budget	\pexact real-polynomial decider declined: projection (cad-arm=default)\pnonlinear system exceeds the deterministic generator/atom/inequality ceilings\plra: both engines declined — Fourier–Motzkin stopped on the deadline inside a variable's cross product, then the exact-rational simplex fallback stopped on the deadline building its dense tableau rows\pquant-route ownership (ADR-2103): `q:skolem-qf` owns {Real, Int, BvOrFloat, Datatype, Function, UninterpretedSort, Array, NonBvArray, NonBoolBvArray} and does not own {NestedArray, WideInt}, which this quantified query carries, so its non-decision is a decline and the ladder continues. Its own reason was: lra: both engines declined — Fourier–Motzkin stopped on the deadline inside a variable's cross product, then the exact-rational simplex fallback stopped on the deadline building its dense tableau rows\p\plra: both engines declined — Fourier–Motzkin stopped on the deadline inside a variable's cross product, then the exact-rational simplex fallback stopped on the deadline building its dense tableau rows\plra: both engines declined — Fourier–Motzkin stopped on the deadline inside a variable's cross product, then the exact-rational simplex fallback stopped on the deadline building its dense tableau rows\plra: both engines declined — Fourier–Motzkin stopped on the deadline inside a variable's cross product, then the exact-rational simplex fallback stopped on the deadline building its dense tableau rows\plra: both engines declined — Fourier–Motzkin stopped on the deadline inside a variable's cross product, then the exact-rational simplex fallback stopped on the deadline building its dense tableau rows\plra: both engines declined — Fourier–Motzkin stopped on the deadline inside a variable's cross product, then the exact-rational simplex fallback stopped on the deadline building its dense tableau rows\plra: both engines declined — Fourier–Motzkin stopped on the deadline inside a variable's cross product, then the exact-rational simplex fallback stopped on the deadline building its dense tableau rows\plra: both engines declined — Fourier–Motzkin stopped on the deadline inside a variable's cross product, then the exact-rational simplex fallback stopped on the deadline building its dense tableau rows\plra: both engines declined — Fourier–Motzkin stopped on the deadline inside a variable's cross product, then the exact-rational simplex fallback stopped on the deadline building its dense tableau rows\plra: both engines declined — Fourier–Motzkin stopped on the deadline inside a variable's cross product, then the exact-rational simplex fallback stopped on the deadline building its dense tableau rows	\p\p\pother\pquant-ownership-decline\p\pother\pother\pother\pother\pother\pother\pother\pother\pother	server7	1,9	1.99
nia-groebner-gate-crossdiv-QF_NRA	gateunbounded	QF_NRA/20180501-Economics-Mulligan/MulliganEconomicsModel0082a.smt2	3c3ba0eb2	Real	unknown	0	none	nra	17	fd:parse:probe\pprobe:probe\pdl-online:declined\pnra-real-root:declined\pcas-ideal-refuter:declined\pnra:declined\pq:skolem-qf:declined\pq:nat-induction:declined\pfd:string-gate:declined\pfd:source-string-semantic-unsat:declined\pfd:word-route:declined\pfd:online-string:declined\pfd:membership:declined\pfd:lex-order:declined\pfd:length-lia:declined\pfd:source-string-sat-probe:declined\pfd:bounded-completeness-unsat:declined	12414	0\p0\p0\p0\p7\p12320\p0\p0\p0\p0\p0\p0\p0\p0\p0\p0\p0	no	dl-online=not-applicable\pnra-real-root=incomplete\pcas-ideal-refuter=incomplete\pnra=budget\pq:skolem-qf=unsupported\pq:nat-induction=not-applicable\pfd:string-gate=budget\pfd:source-string-semantic-unsat=budget\pfd:word-route=budget\pfd:online-string=budget\pfd:membership=budget\pfd:lex-order=budget\pfd:length-lia=budget\pfd:source-string-sat-probe=budget\pfd:bounded-completeness-unsat=budget	\pexact real-polynomial decider declined: projection (cad-arm=default)\pno combination of the asserted equations collapsed to a constant of the refuting sign\plra: both engines declined — Fourier–Motzkin hit its deterministic MAX_FM_CONSTRAINTS size guard (a size bound, not the clock), then the exact-rational simplex fallback stopped on the deadline building its dense tableau rows\pquant-route ownership (ADR-2103): `q:skolem-qf` owns {Real, Int, BvOrFloat, Datatype, Function, UninterpretedSort, Array, NonBvArray, NonBoolBvArray} and does not own {NestedArray, WideInt}, which this quantified query carries, so its non-decision is a decline and the ladder continues. Its own reason was: lra: both engines declined — Fourier–Motzkin hit its deterministic MAX_FM_CONSTRAINTS size guard (a size bound, not the clock), then the exact-rational simplex fallback stopped on the deadline building its dense tableau rows\p\plra: both engines declined — Fourier–Motzkin hit its deterministic MAX_FM_CONSTRAINTS size guard (a size bound, not the clock), then the exact-rational simplex fallback stopped on the deadline building its dense tableau rows\plra: both engines declined — Fourier–Motzkin hit its deterministic MAX_FM_CONSTRAINTS size guard (a size bound, not the clock), then the exact-rational simplex fallback stopped on the deadline building its dense tableau rows\plra: both engines declined — Fourier–Motzkin hit its deterministic MAX_FM_CONSTRAINTS size guard (a size bound, not the clock), then the exact-rational simplex fallback stopped on the deadline building its dense tableau rows\plra: both engines declined — Fourier–Motzkin hit its deterministic MAX_FM_CONSTRAINTS size guard (a size bound, not the clock), then the exact-rational simplex fallback stopped on the deadline building its dense tableau rows\plra: both engines declined — Fourier–Motzkin hit its deterministic MAX_FM_CONSTRAINTS size guard (a size bound, not the clock), then the exact-rational simplex fallback stopped on the deadline building its dense tableau rows\plra: both engines declined — Fourier–Motzkin hit its deterministic MAX_FM_CONSTRAINTS size guard (a size bound, not the clock), then the exact-rational simplex fallback stopped on the deadline building its dense tableau rows\plra: both engines declined — Fourier–Motzkin hit its deterministic MAX_FM_CONSTRAINTS size guard (a size bound, not the clock), then the exact-rational simplex fallback stopped on the deadline building its dense tableau rows\plra: both engines declined — Fourier–Motzkin hit its deterministic MAX_FM_CONSTRAINTS size guard (a size bound, not the clock), then the exact-rational simplex fallback stopped on the deadline building its dense tableau rows\plra: both engines declined — Fourier–Motzkin hit its deterministic MAX_FM_CONSTRAINTS size guard (a size bound, not the clock), then the exact-rational simplex fallback stopped on the deadline building its dense tableau rows	\p\p\pother\pquant-ownership-decline\p\pother\pother\pother\pother\pother\pother\pother\pother\pother	server7	1,9	1.99
nia-groebner-gate-crossdiv-QF_NRA	gateunbounded	QF_NRA/2019-ezsmt/reverseFolding/30-reverse_folding-0-0.smt2	3c3ba0eb2	Real	unknown	0	none	dl-online	4	fd:parse:probe\pprobe:probe\pdl-online:declined\pnra-real-root:declined	25319	320\p73\p1123\p21	yes	dl-online=not-applicable\pnra-real-root=not-applicable	\p	\p	server7	1,9	1.99
nia-groebner-gate-crossdiv-QF_NRA	shipped	QF_NRA/2019-ezsmt/reverseFolding/30-reverse_folding-0-0.smt2	3c3ba0eb2	Real	unknown	0	none	nra	15	fd:parse:probe\pprobe:probe\pdl-online:declined\pnra-real-root:declined\pnra:declined\pq:skolem-qf:declined\pfd:string-gate:declined\pfd:source-string-semantic-unsat:declined\pfd:word-route:declined\pfd:online-string:declined\pfd:membership:declined\pfd:lex-order:declined\pfd:length-lia:declined\pfd:source-string-sat-probe:declined\pfd:bounded-completeness-unsat:declined	24922	324\p74\p1166\p22\p23107\p0\p0\p0\p0\p0\p0\p0\p0\p0\p0	no	dl-online=not-applicable\pnra-real-root=not-applicable\pnra=budget\pq:skolem-qf=unsupported\pfd:string-gate=budget\pfd:source-string-semantic-unsat=budget\pfd:word-route=budget\pfd:online-string=budget\pfd:membership=budget\pfd:lex-order=budget\pfd:length-lia=budget\pfd:source-string-sat-probe=budget\pfd:bounded-completeness-unsat=budget	\p\plra: the deadline had already passed when the conjunctive decider was entered (an expired budget or a portfolio stop); no constraint was collected and neither engine ran\pquant-route ownership (ADR-2103): `q:skolem-qf` owns {Real, Int, BvOrFloat, Datatype, Function, UninterpretedSort, Array, NonBvArray, NonBoolBvArray} and does not own {NestedArray, WideInt}, which this quantified query carries, so its non-decision is a decline and the ladder continues. Its own reason was: preprocessed dispatch timeout after reduced solve; the reduced solve's own reason was [ResourceLimit] lra: the deadline had already passed when the conjunctive decider was entered (an expired budget or a portfolio stop); no constraint was collected and neither engine ran\ppreprocessed dispatch timeout after reduced solve; the reduced solve's own reason was [ResourceLimit] lra: the deadline had already passed when the conjunctive decider was entered (an expired budget or a portfolio stop); no constraint was collected and neither engine ran\ppreprocessed dispatch timeout after reduced solve; the reduced solve's own reason was [ResourceLimit] lra: the deadline had already passed when the conjunctive decider was entered (an expired budget or a portfolio stop); no constraint was collected and neither engine ran\ppreprocessed dispatch timeout after reduced solve; the reduced solve's own reason was [ResourceLimit] lra: the deadline had already passed when the conjunctive decider was entered (an expired budget or a portfolio stop); no constraint was collected and neither engine ran\ppreprocessed dispatch timeout after reduced solve; the reduced solve's own reason was [ResourceLimit] lra: the deadline had already passed when the conjunctive decider was entered (an expired budget or a portfolio stop); no constraint was collected and neither engine ran\ppreprocessed dispatch timeout after reduced solve; the reduced solve's own reason was [ResourceLimit] lra: the deadline had already passed when the conjunctive decider was entered (an expired budget or a portfolio stop); no constraint was collected and neither engine ran\ppreprocessed dispatch timeout after reduced solve; the reduced solve's own reason was [ResourceLimit] lra: the deadline had already passed when the conjunctive decider was entered (an expired budget or a portfolio stop); no constraint was collected and neither engine ran\ppreprocessed dispatch timeout after reduced solve; the reduced solve's own reason was [ResourceLimit] lra: the deadline had already passed when the conjunctive decider was entered (an expired budget or a portfolio stop); no constraint was collected and neither engine ran\ppreprocessed dispatch timeout after reduced solve; the reduced solve's own reason was [ResourceLimit] lra: the deadline had already passed when the conjunctive decider was entered (an expired budget or a portfolio stop); no constraint was collected and neither engine ran\ppreprocessed dispatch timeout after reduced solve; the reduced solve's own reason was [ResourceLimit] lra: the deadline had already passed when the conjunctive decider was entered (an expired budget or a portfolio stop); no constraint was collected and neither engine ran	\p\pother\pquant-ownership-decline\pother\pother\pother\pother\pother\pother\pother\pother\pother	server7	1,9	2.00
nia-groebner-gate-crossdiv-QF_NRA	shipped	QF_NRA/20200911-Pine/1599121863243316000.smt2	3c3ba0eb2	Real	unknown	0	none	nra	17	fd:parse:probe\pprobe:probe\pdl-online:declined\pnra-real-root:declined\pcas-ideal-refuter:declined\pnra:declined\pq:skolem-qf:declined\pq:nat-induction:declined\pfd:string-gate:declined\pfd:source-string-semantic-unsat:declined\pfd:word-route:declined\pfd:online-string:declined\pfd:membership:declined\pfd:lex-order:declined\pfd:length-lia:declined\pfd:source-string-sat-probe:declined\pfd:bounded-completeness-unsat:declined	2909	0\p0\p0\p0\p7\p2843\p0\p0\p0\p0\p0\p0\p0\p0\p0\p0\p0	no	dl-online=not-applicable\pnra-real-root=incomplete\pcas-ideal-refuter=incomplete\pnra=incomplete\pq:skolem-qf=unsupported\pq:nat-induction=not-applicable\pfd:string-gate=incomplete\pfd:source-string-semantic-unsat=incomplete\pfd:word-route=incomplete\pfd:online-string=incomplete\pfd:membership=incomplete\pfd:lex-order=incomplete\pfd:length-lia=incomplete\pfd:source-string-sat-probe=incomplete\pfd:bounded-completeness-unsat=incomplete	\pexact real-polynomial decider declined: non-conjunctive (cad-arm=default)\pno combination of the asserted equations collapsed to a constant of the refuting sign\pnonlinear abstraction: refinement reached a fixpoint without deciding\pquant-route ownership (ADR-2103): `q:skolem-qf` owns {Real, Int, BvOrFloat, Datatype, Function, UninterpretedSort, Array, NonBvArray, NonBoolBvArray} and does not own {NestedArray, WideInt}, which this quantified query carries, so its non-decision is a decline and the ladder continues. Its own reason was: nonlinear abstraction: refinement reached a fixpoint without deciding\p\pnonlinear abstraction: refinement reached a fixpoint without deciding\pnonlinear abstraction: refinement reached a fixpoint without deciding\pnonlinear abstraction: refinement reached a fixpoint without deciding\pnonlinear abstraction: refinement reached a fixpoint without deciding\pnonlinear abstraction: refinement reached a fixpoint without deciding\pnonlinear abstraction: refinement reached a fixpoint without deciding\pnonlinear abstraction: refinement reached a fixpoint without deciding\pnonlinear abstraction: refinement reached a fixpoint without deciding\pnonlinear abstraction: refinement reached a fixpoint without deciding	\p\p\p\pquant-ownership-decline\p\p\p\p\p\p\p\p\p\p	server7	1,9	2.00
nia-groebner-gate-crossdiv-QF_NRA	gateunbounded	QF_NRA/20200911-Pine/1599121863243316000.smt2	3c3ba0eb2	Real	unknown	0	none	nra	17	fd:parse:probe\pprobe:probe\pdl-online:declined\pnra-real-root:declined\pcas-ideal-refuter:declined\pnra:declined\pq:skolem-qf:declined\pq:nat-induction:declined\pfd:string-gate:declined\pfd:source-string-semantic-unsat:declined\pfd:word-route:declined\pfd:online-string:declined\pfd:membership:declined\pfd:lex-order:declined\pfd:length-lia:declined\pfd:source-string-sat-probe:declined\pfd:bounded-completeness-unsat:declined	2908	0\p0\p0\p0\p7\p2819\p0\p0\p0\p0\p0\p0\p0\p0\p0\p0\p0	no	dl-online=not-applicable\pnra-real-root=incomplete\pcas-ideal-refuter=incomplete\pnra=incomplete\pq:skolem-qf=unsupported\pq:nat-induction=not-applicable\pfd:string-gate=incomplete\pfd:source-string-semantic-unsat=incomplete\pfd:word-route=incomplete\pfd:online-string=incomplete\pfd:membership=incomplete\pfd:lex-order=incomplete\pfd:length-lia=incomplete\pfd:source-string-sat-probe=incomplete\pfd:bounded-completeness-unsat=incomplete	\pexact real-polynomial decider declined: non-conjunctive (cad-arm=default)\pno combination of the asserted equations collapsed to a constant of the refuting sign\pnonlinear abstraction: refinement reached a fixpoint without deciding\pquant-route ownership (ADR-2103): `q:skolem-qf` owns {Real, Int, BvOrFloat, Datatype, Function, UninterpretedSort, Array, NonBvArray, NonBoolBvArray} and does not own {NestedArray, WideInt}, which this quantified query carries, so its non-decision is a decline and the ladder continues. Its own reason was: nonlinear abstraction: refinement reached a fixpoint without deciding\p\pnonlinear abstraction: refinement reached a fixpoint without deciding\pnonlinear abstraction: refinement reached a fixpoint without deciding\pnonlinear abstraction: refinement reached a fixpoint without deciding\pnonlinear abstraction: refinement reached a fixpoint without deciding\pnonlinear abstraction: refinement reached a fixpoint without deciding\pnonlinear abstraction: refinement reached a fixpoint without deciding\pnonlinear abstraction: refinement reached a fixpoint without deciding\pnonlinear abstraction: refinement reached a fixpoint without deciding\pnonlinear abstraction: refinement reached a fixpoint without deciding	\p\p\p\pquant-ownership-decline\p\p\p\p\p\p\p\p\p\p	server7	1,9	2.00
nia-groebner-gate-crossdiv-QF_NRA	gateunbounded	QF_NRA/20200911-Pine/1599121905450496000.smt2	3c3ba0eb2	Real	unknown	0	none	nra	17	fd:parse:probe\pprobe:probe\pdl-online:declined\pnra-real-root:declined\pcas-ideal-refuter:declined\pnra:declined\pq:skolem-qf:declined\pq:nat-induction:declined\pfd:string-gate:declined\pfd:source-string-semantic-unsat:declined\pfd:word-route:declined\pfd:online-string:declined\pfd:membership:declined\pfd:lex-order:declined\pfd:length-lia:declined\pfd:source-string-sat-probe:declined\pfd:bounded-completeness-unsat:declined	12714	0\p0\p0\p0\p6\p12586\p0\p0\p0\p0\p0\p0\p0\p0\p0\p0\p0	no	dl-online=not-applicable\pnra-real-root=incomplete\pcas-ideal-refuter=incomplete\pnra=incomplete\pq:skolem-qf=unsupported\pq:nat-induction=not-applicable\pfd:string-gate=incomplete\pfd:source-string-semantic-unsat=incomplete\pfd:word-route=incomplete\pfd:online-string=incomplete\pfd:membership=incomplete\pfd:lex-order=incomplete\pfd:length-lia=incomplete\pfd:source-string-sat-probe=incomplete\pfd:bounded-completeness-unsat=incomplete	\pexact real-polynomial decider declined: non-conjunctive (cad-arm=default)\pno combination of the asserted equations collapsed to a constant of the refuting sign\ponline CDCL(T) LRA model did not replay (arithmetic outside the incremental engine)\pquant-route ownership (ADR-2103): `q:skolem-qf` owns {Real, Int, BvOrFloat, Datatype, Function, UninterpretedSort, Array, NonBvArray, NonBoolBvArray} and does not own {NestedArray, WideInt}, which this quantified query carries, so its non-decision is a decline and the ladder continues. Its own reason was: online CDCL(T) LRA model did not replay (arithmetic outside the incremental engine)\p\ponline CDCL(T) LRA model did not replay (arithmetic outside the incremental engine)\ponline CDCL(T) LRA model did not replay (arithmetic outside the incremental engine)\ponline CDCL(T) LRA model did not replay (arithmetic outside the incremental engine)\ponline CDCL(T) LRA model did not replay (arithmetic outside the incremental engine)\ponline CDCL(T) LRA model did not replay (arithmetic outside the incremental engine)\ponline CDCL(T) LRA model did not replay (arithmetic outside the incremental engine)\ponline CDCL(T) LRA model did not replay (arithmetic outside the incremental engine)\ponline CDCL(T) LRA model did not replay (arithmetic outside the incremental engine)\ponline CDCL(T) LRA model did not replay (arithmetic outside the incremental engine)	\p\p\p\pquant-ownership-decline\p\p\p\p\p\p\p\p\p\p	server7	1,9	2.00
nia-groebner-gate-crossdiv-QF_NRA	shipped	QF_NRA/20200911-Pine/1599121905450496000.smt2	3c3ba0eb2	Real	unknown	0	none	nra	17	fd:parse:probe\pprobe:probe\pdl-online:declined\pnra-real-root:declined\pcas-ideal-refuter:declined\pnra:declined\pq:skolem-qf:declined\pq:nat-induction:declined\pfd:string-gate:declined\pfd:source-string-semantic-unsat:declined\pfd:word-route:declined\pfd:online-string:declined\pfd:membership:declined\pfd:lex-order:declined\pfd:length-lia:declined\pfd:source-string-sat-probe:declined\pfd:bounded-completeness-unsat:declined	12714	0\p0\p0\p0\p6\p12590\p0\p0\p0\p0\p0\p0\p0\p0\p0\p0\p0	no	dl-online=not-applicable\pnra-real-root=incomplete\pcas-ideal-refuter=incomplete\pnra=incomplete\pq:skolem-qf=unsupported\pq:nat-induction=not-applicable\pfd:string-gate=incomplete\pfd:source-string-semantic-unsat=incomplete\pfd:word-route=incomplete\pfd:online-string=incomplete\pfd:membership=incomplete\pfd:lex-order=incomplete\pfd:length-lia=incomplete\pfd:source-string-sat-probe=incomplete\pfd:bounded-completeness-unsat=incomplete	\pexact real-polynomial decider declined: non-conjunctive (cad-arm=default)\pno combination of the asserted equations collapsed to a constant of the refuting sign\ponline CDCL(T) LRA model did not replay (arithmetic outside the incremental engine)\pquant-route ownership (ADR-2103): `q:skolem-qf` owns {Real, Int, BvOrFloat, Datatype, Function, UninterpretedSort, Array, NonBvArray, NonBoolBvArray} and does not own {NestedArray, WideInt}, which this quantified query carries, so its non-decision is a decline and the ladder continues. Its own reason was: online CDCL(T) LRA model did not replay (arithmetic outside the incremental engine)\p\ponline CDCL(T) LRA model did not replay (arithmetic outside the incremental engine)\ponline CDCL(T) LRA model did not replay (arithmetic outside the incremental engine)\ponline CDCL(T) LRA model did not replay (arithmetic outside the incremental engine)\ponline CDCL(T) LRA model did not replay (arithmetic outside the incremental engine)\ponline CDCL(T) LRA model did not replay (arithmetic outside the incremental engine)\ponline CDCL(T) LRA model did not replay (arithmetic outside the incremental engine)\ponline CDCL(T) LRA model did not replay (arithmetic outside the incremental engine)\ponline CDCL(T) LRA model did not replay (arithmetic outside the incremental engine)\ponline CDCL(T) LRA model did not replay (arithmetic outside the incremental engine)	\p\p\p\pquant-ownership-decline\p\p\p\p\p\p\p\p\p\p	server7	1,9	2.00
nia-groebner-gate-crossdiv-QF_NRA	shipped	QF_NRA/20200911-Pine/1599122159626470000.smt2	3c3ba0eb2	Real	sat	0	nra	nra	6	fd:parse:probe\pprobe:probe\pdl-online:declined\pnra-real-root:declined\pcas-ideal-refuter:declined\pnra:decided	2909	0\p0\p0\p0\p7\p2846	no	dl-online=not-applicable\pnra-real-root=incomplete\pcas-ideal-refuter=incomplete	\pexact real-polynomial decider declined: non-conjunctive (cad-arm=default)\pno combination of the asserted equations collapsed to a constant of the refuting sign	\p\p	server7	1,9	2.00
nia-groebner-gate-crossdiv-QF_NRA	gateunbounded	QF_NRA/20200911-Pine/1599122159626470000.smt2	3c3ba0eb2	Real	sat	0	nra	nra	6	fd:parse:probe\pprobe:probe\pdl-online:declined\pnra-real-root:declined\pcas-ideal-refuter:declined\pnra:decided	2909	0\p0\p0\p0\p7\p2849	no	dl-online=not-applicable\pnra-real-root=incomplete\pcas-ideal-refuter=incomplete	\pexact real-polynomial decider declined: non-conjunctive (cad-arm=default)\pno combination of the asserted equations collapsed to a constant of the refuting sign	\p\p	server7	1,9	2.00
nia-groebner-gate-crossdiv-QF_NRA	gateunbounded	QF_NRA/20200911-Pine/1599122164633784000.smt2	3c3ba0eb2	Real	unknown	0	none	nra	17	fd:parse:probe\pprobe:probe\pdl-online:declined\pnra-real-root:declined\pcas-ideal-refuter:declined\pnra:declined\pq:skolem-qf:declined\pq:nat-induction:declined\pfd:string-gate:declined\pfd:source-string-semantic-unsat:declined\pfd:word-route:declined\pfd:online-string:declined\pfd:membership:declined\pfd:lex-order:declined\pfd:length-lia:declined\pfd:source-string-sat-probe:declined\pfd:bounded-completeness-unsat:declined	3809	0\p0\p0\p0\p7\p3697\p0\p0\p0\p0\p0\p0\p0\p0\p0\p0\p0	no	dl-online=not-applicable\pnra-real-root=incomplete\pcas-ideal-refuter=incomplete\pnra=incomplete\pq:skolem-qf=unsupported\pq:nat-induction=not-applicable\pfd:string-gate=incomplete\pfd:source-string-semantic-unsat=incomplete\pfd:word-route=incomplete\pfd:online-string=incomplete\pfd:membership=incomplete\pfd:lex-order=incomplete\pfd:length-lia=incomplete\pfd:source-string-sat-probe=incomplete\pfd:bounded-completeness-unsat=incomplete	\pexact real-polynomial decider declined: non-conjunctive (cad-arm=default)\pno combination of the asserted equations collapsed to a constant of the refuting sign\pnonlinear abstraction: refinement reached a fixpoint without deciding\pquant-route ownership (ADR-2103): `q:skolem-qf` owns {Real, Int, BvOrFloat, Datatype, Function, UninterpretedSort, Array, NonBvArray, NonBoolBvArray} and does not own {NestedArray, WideInt}, which this quantified query carries, so its non-decision is a decline and the ladder continues. Its own reason was: nonlinear abstraction: refinement reached a fixpoint without deciding\p\pnonlinear abstraction: refinement reached a fixpoint without deciding\pnonlinear abstraction: refinement reached a fixpoint without deciding\pnonlinear abstraction: refinement reached a fixpoint without deciding\pnonlinear abstraction: refinement reached a fixpoint without deciding\pnonlinear abstraction: refinement reached a fixpoint without deciding\pnonlinear abstraction: refinement reached a fixpoint without deciding\pnonlinear abstraction: refinement reached a fixpoint without deciding\pnonlinear abstraction: refinement reached a fixpoint without deciding\pnonlinear abstraction: refinement reached a fixpoint without deciding	\p\p\p\pquant-ownership-decline\p\p\p\p\p\p\p\p\p\p	server7	1,9	2.00
nia-groebner-gate-crossdiv-QF_NRA	shipped	QF_NRA/20200911-Pine/1599122164633784000.smt2	3c3ba0eb2	Real	unknown	0	none	nra	17	fd:parse:probe\pprobe:probe\pdl-online:declined\pnra-real-root:declined\pcas-ideal-refuter:declined\pnra:declined\pq:skolem-qf:declined\pq:nat-induction:declined\pfd:string-gate:declined\pfd:source-string-semantic-unsat:declined\pfd:word-route:declined\pfd:online-string:declined\pfd:membership:declined\pfd:lex-order:declined\pfd:length-lia:declined\pfd:source-string-sat-probe:declined\pfd:bounded-completeness-unsat:declined	3709	0\p0\p0\p0\p7\p3643\p0\p0\p0\p0\p0\p0\p0\p0\p0\p0\p0	no	dl-online=not-applicable\pnra-real-root=incomplete\pcas-ideal-refuter=incomplete\pnra=incomplete\pq:skolem-qf=unsupported\pq:nat-induction=not-applicable\pfd:string-gate=incomplete\pfd:source-string-semantic-unsat=incomplete\pfd:word-route=incomplete\pfd:online-string=incomplete\pfd:membership=incomplete\pfd:lex-order=incomplete\pfd:length-lia=incomplete\pfd:source-string-sat-probe=incomplete\pfd:bounded-completeness-unsat=incomplete	\pexact real-polynomial decider declined: non-conjunctive (cad-arm=default)\pno combination of the asserted equations collapsed to a constant of the refuting sign\pnonlinear abstraction: refinement reached a fixpoint without deciding\pquant-route ownership (ADR-2103): `q:skolem-qf` owns {Real, Int, BvOrFloat, Datatype, Function, UninterpretedSort, Array, NonBvArray, NonBoolBvArray} and does not own {NestedArray, WideInt}, which this quantified query carries, so its non-decision is a decline and the ladder continues. Its own reason was: nonlinear abstraction: refinement reached a fixpoint without deciding\p\pnonlinear abstraction: refinement reached a fixpoint without deciding\pnonlinear abstraction: refinement reached a fixpoint without deciding\pnonlinear abstraction: refinement reached a fixpoint without deciding\pnonlinear abstraction: refinement reached a fixpoint without deciding\pnonlinear abstraction: refinement reached a fixpoint without deciding\pnonlinear abstraction: refinement reached a fixpoint without deciding\pnonlinear abstraction: refinement reached a fixpoint without deciding\pnonlinear abstraction: refinement reached a fixpoint without deciding\pnonlinear abstraction: refinement reached a fixpoint without deciding	\p\p\p\pquant-ownership-decline\p\p\p\p\p\p\p\p\p\p	server7	1,9	2.00
nia-groebner-gate-crossdiv-QF_NRA	shipped	QF_NRA/20211101-Geogebra/IsoRightTriangle-Bottema6_1b.smt2	3c3ba0eb2	Real	unknown	0	none	nra	16	fd:parse:probe\pprobe:probe\pdl-online:declined\pnra-real-root:declined\pcas-ideal-refuter:declined\pnra:declined\pq:skolem-qf:declined\pfd:string-gate:declined\pfd:source-string-semantic-unsat:declined\pfd:word-route:declined\pfd:online-string:declined\pfd:membership:declined\pfd:lex-order:declined\pfd:length-lia:declined\pfd:source-string-sat-probe:declined\pfd:bounded-completeness-unsat:declined	24126	0\p0\p0\p0\p46\p23954\p0\p0\p0\p0\p0\p0\p0\p0\p0\p0	no	dl-online=not-applicable\pnra-real-root=incomplete\pcas-ideal-refuter=incomplete\pnra=budget\pq:skolem-qf=unsupported\pfd:string-gate=budget\pfd:source-string-semantic-unsat=budget\pfd:word-route=budget\pfd:online-string=budget\pfd:membership=budget\pfd:lex-order=budget\pfd:length-lia=budget\pfd:source-string-sat-probe=budget\pfd:bounded-completeness-unsat=budget	\pexact real-polynomial decider declined: projection (cad-arm=default)\pno combination of the asserted equations collapsed to a constant of the refuting sign\plra: both engines declined — Fourier–Motzkin stopped on the deadline inside a variable's cross product, then the exact-rational simplex fallback stopped on the deadline building its dense tableau rows\pquant-route ownership (ADR-2103): `q:skolem-qf` owns {Real, Int, BvOrFloat, Datatype, Function, UninterpretedSort, Array, NonBvArray, NonBoolBvArray} and does not own {NestedArray, WideInt}, which this quantified query carries, so its non-decision is a decline and the ladder continues. Its own reason was: preprocessed dispatch timeout after reduced solve; the reduced solve's own reason was [ResourceLimit] lra: both engines declined — Fourier–Motzkin stopped on the deadline inside a variable's cross product, then the exact-rational simplex fallback stopped on the deadline building its dense tableau rows\ppreprocessed dispatch timeout after reduced solve; the reduced solve's own reason was [ResourceLimit] lra: both engines declined — Fourier–Motzkin stopped on the deadline inside a variable's cross product, then the exact-rational simplex fallback stopped on the deadline building its dense tableau rows\ppreprocessed dispatch timeout after reduced solve; the reduced solve's own reason was [ResourceLimit] lra: both engines declined — Fourier–Motzkin stopped on the deadline inside a variable's cross product, then the exact-rational simplex fallback stopped on the deadline building its dense tableau rows\ppreprocessed dispatch timeout after reduced solve; the reduced solve's own reason was [ResourceLimit] lra: both engines declined — Fourier–Motzkin stopped on the deadline inside a variable's cross product, then the exact-rational simplex fallback stopped on the deadline building its dense tableau rows\ppreprocessed dispatch timeout after reduced solve; the reduced solve's own reason was [ResourceLimit] lra: both engines declined — Fourier–Motzkin stopped on the deadline inside a variable's cross product, then the exact-rational simplex fallback stopped on the deadline building its dense tableau rows\ppreprocessed dispatch timeout after reduced solve; the reduced solve's own reason was [ResourceLimit] lra: both engines declined — Fourier–Motzkin stopped on the deadline inside a variable's cross product, then the exact-rational simplex fallback stopped on the deadline building its dense tableau rows\ppreprocessed dispatch timeout after reduced solve; the reduced solve's own reason was [ResourceLimit] lra: both engines declined — Fourier–Motzkin stopped on the deadline inside a variable's cross product, then the exact-rational simplex fallback stopped on the deadline building its dense tableau rows\ppreprocessed dispatch timeout after reduced solve; the reduced solve's own reason was [ResourceLimit] lra: both engines declined — Fourier–Motzkin stopped on the deadline inside a variable's cross product, then the exact-rational simplex fallback stopped on the deadline building its dense tableau rows\ppreprocessed dispatch timeout after reduced solve; the reduced solve's own reason was [ResourceLimit] lra: both engines declined — Fourier–Motzkin stopped on the deadline inside a variable's cross product, then the exact-rational simplex fallback stopped on the deadline building its dense tableau rows\ppreprocessed dispatch timeout after reduced solve; the reduced solve's own reason was [ResourceLimit] lra: both engines declined — Fourier–Motzkin stopped on the deadline inside a variable's cross product, then the exact-rational simplex fallback stopped on the deadline building its dense tableau rows	\p\p\pother\pquant-ownership-decline\pother\pother\pother\pother\pother\pother\pother\pother\pother	server7	1,9	2.00
nia-groebner-gate-crossdiv-QF_NRA	gateunbounded	QF_NRA/20211101-Geogebra/IsoRightTriangle-Bottema6_1b.smt2	3c3ba0eb2	Real	unknown	0	none	nra	16	fd:parse:probe\pprobe:probe\pdl-online:declined\pnra-real-root:declined\pcas-ideal-refuter:declined\pnra:declined\pq:skolem-qf:declined\pfd:string-gate:declined\pfd:source-string-semantic-unsat:declined\pfd:word-route:declined\pfd:online-string:declined\pfd:membership:declined\pfd:lex-order:declined\pfd:length-lia:declined\pfd:source-string-sat-probe:declined\pfd:bounded-completeness-unsat:declined	24122	0\p0\p0\p0\p46\p23953\p0\p0\p0\p0\p0\p0\p0\p0\p0\p0	no	dl-online=not-applicable\pnra-real-root=incomplete\pcas-ideal-refuter=incomplete\pnra=budget\pq:skolem-qf=unsupported\pfd:string-gate=budget\pfd:source-string-semantic-unsat=budget\pfd:word-route=budget\pfd:online-string=budget\pfd:membership=budget\pfd:lex-order=budget\pfd:length-lia=budget\pfd:source-string-sat-probe=budget\pfd:bounded-completeness-unsat=budget	\pexact real-polynomial decider declined: projection (cad-arm=default)\pno combination of the asserted equations collapsed to a constant of the refuting sign\plra: both engines declined — Fourier–Motzkin stopped on the deadline inside a variable's cross product, then the exact-rational simplex fallback stopped on the deadline building its dense tableau rows\pquant-route ownership (ADR-2103): `q:skolem-qf` owns {Real, Int, BvOrFloat, Datatype, Function, UninterpretedSort, Array, NonBvArray, NonBoolBvArray} and does not own {NestedArray, WideInt}, which this quantified query carries, so its non-decision is a decline and the ladder continues. Its own reason was: preprocessed dispatch timeout after reduced solve; the reduced solve's own reason was [ResourceLimit] lra: both engines declined — Fourier–Motzkin stopped on the deadline inside a variable's cross product, then the exact-rational simplex fallback stopped on the deadline building its dense tableau rows\ppreprocessed dispatch timeout after reduced solve; the reduced solve's own reason was [ResourceLimit] lra: both engines declined — Fourier–Motzkin stopped on the deadline inside a variable's cross product, then the exact-rational simplex fallback stopped on the deadline building its dense tableau rows\ppreprocessed dispatch timeout after reduced solve; the reduced solve's own reason was [ResourceLimit] lra: both engines declined — Fourier–Motzkin stopped on the deadline inside a variable's cross product, then the exact-rational simplex fallback stopped on the deadline building its dense tableau rows\ppreprocessed dispatch timeout after reduced solve; the reduced solve's own reason was [ResourceLimit] lra: both engines declined — Fourier–Motzkin stopped on the deadline inside a variable's cross product, then the exact-rational simplex fallback stopped on the deadline building its dense tableau rows\ppreprocessed dispatch timeout after reduced solve; the reduced solve's own reason was [ResourceLimit] lra: both engines declined — Fourier–Motzkin stopped on the deadline inside a variable's cross product, then the exact-rational simplex fallback stopped on the deadline building its dense tableau rows\ppreprocessed dispatch timeout after reduced solve; the reduced solve's own reason was [ResourceLimit] lra: both engines declined — Fourier–Motzkin stopped on the deadline inside a variable's cross product, then the exact-rational simplex fallback stopped on the deadline building its dense tableau rows\ppreprocessed dispatch timeout after reduced solve; the reduced solve's own reason was [ResourceLimit] lra: both engines declined — Fourier–Motzkin stopped on the deadline inside a variable's cross product, then the exact-rational simplex fallback stopped on the deadline building its dense tableau rows\ppreprocessed dispatch timeout after reduced solve; the reduced solve's own reason was [ResourceLimit] lra: both engines declined — Fourier–Motzkin stopped on the deadline inside a variable's cross product, then the exact-rational simplex fallback stopped on the deadline building its dense tableau rows\ppreprocessed dispatch timeout after reduced solve; the reduced solve's own reason was [ResourceLimit] lra: both engines declined — Fourier–Motzkin stopped on the deadline inside a variable's cross product, then the exact-rational simplex fallback stopped on the deadline building its dense tableau rows\ppreprocessed dispatch timeout after reduced solve; the reduced solve's own reason was [ResourceLimit] lra: both engines declined — Fourier–Motzkin stopped on the deadline inside a variable's cross product, then the exact-rational simplex fallback stopped on the deadline building its dense tableau rows	\p\p\pother\pquant-ownership-decline\pother\pother\pother\pother\pother\pother\pother\pother\pother	server7	1,9	2.00
nia-groebner-gate-crossdiv-QF_NRA	gateunbounded	QF_NRA/20211101-Geogebra/Triangle-Bottema1_17.smt2	3c3ba0eb2	Real	unknown	0	none	cas-ideal-refuter	17	fd:parse:probe\pprobe:probe\pdl-online:declined\pnra-real-root:declined\pcas-ideal-refuter:declined\pnra:declined\pq:skolem-qf:declined\pq:nat-induction:declined\pfd:string-gate:declined\pfd:source-string-semantic-unsat:declined\pfd:word-route:declined\pfd:online-string:declined\pfd:membership:declined\pfd:lex-order:declined\pfd:length-lia:declined\pfd:source-string-sat-probe:declined\pfd:bounded-completeness-unsat:declined	22222	0\p0\p0\p1\p19503\p2628\p0\p0\p0\p0\p0\p0\p0\p0\p0\p0\p0	no	dl-online=not-applicable\pnra-real-root=incomplete\pcas-ideal-refuter=incomplete\pnra=budget\pq:skolem-qf=unsupported\pq:nat-induction=not-applicable\pfd:string-gate=budget\pfd:source-string-semantic-unsat=budget\pfd:word-route=budget\pfd:online-string=budget\pfd:membership=budget\pfd:lex-order=budget\pfd:length-lia=budget\pfd:source-string-sat-probe=budget\pfd:bounded-completeness-unsat=budget	\pexact real-polynomial decider declined: projection (cad-arm=default)\pno combination of the asserted equations collapsed to a constant of the refuting sign\plra: both engines declined — Fourier–Motzkin hit its deterministic MAX_FM_CONSTRAINTS size guard (a size bound, not the clock), then the exact-rational simplex fallback stopped on the deadline building its dense tableau rows\pquant-route ownership (ADR-2103): `q:skolem-qf` owns {Real, Int, BvOrFloat, Datatype, Function, UninterpretedSort, Array, NonBvArray, NonBoolBvArray} and does not own {NestedArray, WideInt}, which this quantified query carries, so its non-decision is a decline and the ladder continues. Its own reason was: lra: both engines declined — Fourier–Motzkin hit its deterministic MAX_FM_CONSTRAINTS size guard (a size bound, not the clock), then the exact-rational simplex fallback stopped on the deadline building its dense tableau rows\p\plra: both engines declined — Fourier–Motzkin hit its deterministic MAX_FM_CONSTRAINTS size guard (a size bound, not the clock), then the exact-rational simplex fallback stopped on the deadline building its dense tableau rows\plra: both engines declined — Fourier–Motzkin hit its deterministic MAX_FM_CONSTRAINTS size guard (a size bound, not the clock), then the exact-rational simplex fallback stopped on the deadline building its dense tableau rows\plra: both engines declined — Fourier–Motzkin hit its deterministic MAX_FM_CONSTRAINTS size guard (a size bound, not the clock), then the exact-rational simplex fallback stopped on the deadline building its dense tableau rows\plra: both engines declined — Fourier–Motzkin hit its deterministic MAX_FM_CONSTRAINTS size guard (a size bound, not the clock), then the exact-rational simplex fallback stopped on the deadline building its dense tableau rows\plra: both engines declined — Fourier–Motzkin hit its deterministic MAX_FM_CONSTRAINTS size guard (a size bound, not the clock), then the exact-rational simplex fallback stopped on the deadline building its dense tableau rows\plra: both engines declined — Fourier–Motzkin hit its deterministic MAX_FM_CONSTRAINTS size guard (a size bound, not the clock), then the exact-rational simplex fallback stopped on the deadline building its dense tableau rows\plra: both engines declined — Fourier–Motzkin hit its deterministic MAX_FM_CONSTRAINTS size guard (a size bound, not the clock), then the exact-rational simplex fallback stopped on the deadline building its dense tableau rows\plra: both engines declined — Fourier–Motzkin hit its deterministic MAX_FM_CONSTRAINTS size guard (a size bound, not the clock), then the exact-rational simplex fallback stopped on the deadline building its dense tableau rows\plra: both engines declined — Fourier–Motzkin hit its deterministic MAX_FM_CONSTRAINTS size guard (a size bound, not the clock), then the exact-rational simplex fallback stopped on the deadline building its dense tableau rows	\p\p\pother\pquant-ownership-decline\p\pother\pother\pother\pother\pother\pother\pother\pother\pother	server7	1,9	2.06
nia-groebner-gate-crossdiv-QF_NRA	shipped	QF_NRA/20211101-Geogebra/Triangle-Bottema1_17.smt2	3c3ba0eb2	Real	unknown	0	none	cas-ideal-refuter	17	fd:parse:probe\pprobe:probe\pdl-online:declined\pnra-real-root:declined\pcas-ideal-refuter:declined\pnra:declined\pq:skolem-qf:declined\pq:nat-induction:declined\pfd:string-gate:declined\pfd:source-string-semantic-unsat:declined\pfd:word-route:declined\pfd:online-string:declined\pfd:membership:declined\pfd:lex-order:declined\pfd:length-lia:declined\pfd:source-string-sat-probe:declined\pfd:bounded-completeness-unsat:declined	22220	0\p0\p0\p1\p19509\p2609\p0\p0\p0\p0\p0\p0\p0\p0\p0\p0\p0	no	dl-online=not-applicable\pnra-real-root=incomplete\pcas-ideal-refuter=incomplete\pnra=budget\pq:skolem-qf=unsupported\pq:nat-induction=not-applicable\pfd:string-gate=budget\pfd:source-string-semantic-unsat=budget\pfd:word-route=budget\pfd:online-string=budget\pfd:membership=budget\pfd:lex-order=budget\pfd:length-lia=budget\pfd:source-string-sat-probe=budget\pfd:bounded-completeness-unsat=budget	\pexact real-polynomial decider declined: projection (cad-arm=default)\pno combination of the asserted equations collapsed to a constant of the refuting sign\plra: both engines declined — Fourier–Motzkin stopped on the deadline inside a variable's cross product, then the exact-rational simplex fallback stopped on the deadline building its dense tableau rows\pquant-route ownership (ADR-2103): `q:skolem-qf` owns {Real, Int, BvOrFloat, Datatype, Function, UninterpretedSort, Array, NonBvArray, NonBoolBvArray} and does not own {NestedArray, WideInt}, which this quantified query carries, so its non-decision is a decline and the ladder continues. Its own reason was: lra: both engines declined — Fourier–Motzkin stopped on the deadline inside a variable's cross product, then the exact-rational simplex fallback stopped on the deadline building its dense tableau rows\p\plra: both engines declined — Fourier–Motzkin stopped on the deadline inside a variable's cross product, then the exact-rational simplex fallback stopped on the deadline building its dense tableau rows\plra: both engines declined — Fourier–Motzkin stopped on the deadline inside a variable's cross product, then the exact-rational simplex fallback stopped on the deadline building its dense tableau rows\plra: both engines declined — Fourier–Motzkin stopped on the deadline inside a variable's cross product, then the exact-rational simplex fallback stopped on the deadline building its dense tableau rows\plra: both engines declined — Fourier–Motzkin stopped on the deadline inside a variable's cross product, then the exact-rational simplex fallback stopped on the deadline building its dense tableau rows\plra: both engines declined — Fourier–Motzkin stopped on the deadline inside a variable's cross product, then the exact-rational simplex fallback stopped on the deadline building its dense tableau rows\plra: both engines declined — Fourier–Motzkin stopped on the deadline inside a variable's cross product, then the exact-rational simplex fallback stopped on the deadline building its dense tableau rows\plra: both engines declined — Fourier–Motzkin stopped on the deadline inside a variable's cross product, then the exact-rational simplex fallback stopped on the deadline building its dense tableau rows\plra: both engines declined — Fourier–Motzkin stopped on the deadline inside a variable's cross product, then the exact-rational simplex fallback stopped on the deadline building its dense tableau rows\plra: both engines declined — Fourier–Motzkin stopped on the deadline inside a variable's cross product, then the exact-rational simplex fallback stopped on the deadline building its dense tableau rows	\p\p\pother\pquant-ownership-decline\p\pother\pother\pother\pother\pother\pother\pother\pother\pother	server7	1,9	2.04
nia-groebner-gate-crossdiv-QF_NRA	shipped	QF_NRA/20220314-Uncu/Polynomial_Proof_Calls/ProveIneq_ISSAC05_SignPattern_Lemma2.smt2	3c3ba0eb2	Real	unknown	0	none	nra	17	fd:parse:probe\pprobe:probe\pdl-online:declined\pnra-real-root:declined\pcas-ideal-refuter:declined\pnra:declined\pq:skolem-qf:declined\pq:nat-induction:declined\pfd:string-gate:declined\pfd:source-string-semantic-unsat:declined\pfd:word-route:declined\pfd:online-string:declined\pfd:membership:declined\pfd:lex-order:declined\pfd:length-lia:declined\pfd:source-string-sat-probe:declined\pfd:bounded-completeness-unsat:declined	5111	1\p0\p1\p457\p3\p4513\p0\p0\p0\p0\p0\p0\p0\p0\p0\p0\p0	no	dl-online=not-applicable\pnra-real-root=incomplete\pcas-ideal-refuter=incomplete\pnra=budget\pq:skolem-qf=unsupported\pq:nat-induction=not-applicable\pfd:string-gate=budget\pfd:source-string-semantic-unsat=budget\pfd:word-route=budget\pfd:online-string=budget\pfd:membership=budget\pfd:lex-order=budget\pfd:length-lia=budget\pfd:source-string-sat-probe=budget\pfd:bounded-completeness-unsat=budget	\pexact real-polynomial decider declined: projection (cad-arm=default)\pnonlinear system exceeds the deterministic generator/atom/inequality ceilings\pnonlinear abstraction: 55 cross-products project to 1107 linear-real atoms, past the consuming engine's capacity of 1024 (this needs a nlsat/CAD engine)\pquant-route ownership (ADR-2103): `q:skolem-qf` owns {Real, Int, BvOrFloat, Datatype, Function, UninterpretedSort, Array, NonBvArray, NonBoolBvArray} and does not own {NestedArray, WideInt}, which this quantified query carries, so its non-decision is a decline and the ladder continues. Its own reason was: nonlinear abstraction: 55 cross-products project to 1107 linear-real atoms, past the consuming engine's capacity of 1024 (this needs a nlsat/CAD engine)\p\pnonlinear abstraction: 55 cross-products project to 1107 linear-real atoms, past the consuming engine's capacity of 1024 (this needs a nlsat/CAD engine)\pnonlinear abstraction: 55 cross-products project to 1107 linear-real atoms, past the consuming engine's capacity of 1024 (this needs a nlsat/CAD engine)\pnonlinear abstraction: 55 cross-products project to 1107 linear-real atoms, past the consuming engine's capacity of 1024 (this needs a nlsat/CAD engine)\pnonlinear abstraction: 55 cross-products project to 1107 linear-real atoms, past the consuming engine's capacity of 1024 (this needs a nlsat/CAD engine)\pnonlinear abstraction: 55 cross-products project to 1107 linear-real atoms, past the consuming engine's capacity of 1024 (this needs a nlsat/CAD engine)\pnonlinear abstraction: 55 cross-products project to 1107 linear-real atoms, past the consuming engine's capacity of 1024 (this needs a nlsat/CAD engine)\pnonlinear abstraction: 55 cross-products project to 1107 linear-real atoms, past the consuming engine's capacity of 1024 (this needs a nlsat/CAD engine)\pnonlinear abstraction: 55 cross-products project to 1107 linear-real atoms, past the consuming engine's capacity of 1024 (this needs a nlsat/CAD engine)\pnonlinear abstraction: 55 cross-products project to 1107 linear-real atoms, past the consuming engine's capacity of 1024 (this needs a nlsat/CAD engine)	\p\p\pother\pquant-ownership-decline\p\pother\pother\pother\pother\pother\pother\pother\pother\pother	server7	1,9	2.03
nia-groebner-gate-crossdiv-QF_NRA	gateunbounded	QF_NRA/20220314-Uncu/Polynomial_Proof_Calls/ProveIneq_ISSAC05_SignPattern_Lemma2.smt2	3c3ba0eb2	Real	unknown	0	none	nra	17	fd:parse:probe\pprobe:probe\pdl-online:declined\pnra-real-root:declined\pcas-ideal-refuter:declined\pnra:declined\pq:skolem-qf:declined\pq:nat-induction:declined\pfd:string-gate:declined\pfd:source-string-semantic-unsat:declined\pfd:word-route:declined\pfd:online-string:declined\pfd:membership:declined\pfd:lex-order:declined\pfd:length-lia:declined\pfd:source-string-sat-probe:declined\pfd:bounded-completeness-unsat:declined	5710	1\p0\p1\p451\p736\p4438\p0\p0\p0\p0\p0\p0\p0\p0\p0\p0\p0	no	dl-online=not-applicable\pnra-real-root=incomplete\pcas-ideal-refuter=incomplete\pnra=budget\pq:skolem-qf=unsupported\pq:nat-induction=not-applicable\pfd:string-gate=budget\pfd:source-string-semantic-unsat=budget\pfd:word-route=budget\pfd:online-string=budget\pfd:membership=budget\pfd:lex-order=budget\pfd:length-lia=budget\pfd:source-string-sat-probe=budget\pfd:bounded-completeness-unsat=budget	\pexact real-polynomial decider declined: projection (cad-arm=default)\pno combination of the asserted equations collapsed to a constant of the refuting sign\pnonlinear abstraction: 55 cross-products project to 1107 linear-real atoms, past the consuming engine's capacity of 1024 (this needs a nlsat/CAD engine)\pquant-route ownership (ADR-2103): `q:skolem-qf` owns {Real, Int, BvOrFloat, Datatype, Function, UninterpretedSort, Array, NonBvArray, NonBoolBvArray} and does not own {NestedArray, WideInt}, which this quantified query carries, so its non-decision is a decline and the ladder continues. Its own reason was: nonlinear abstraction: 55 cross-products project to 1107 linear-real atoms, past the consuming engine's capacity of 1024 (this needs a nlsat/CAD engine)\p\pnonlinear abstraction: 55 cross-products project to 1107 linear-real atoms, past the consuming engine's capacity of 1024 (this needs a nlsat/CAD engine)\pnonlinear abstraction: 55 cross-products project to 1107 linear-real atoms, past the consuming engine's capacity of 1024 (this needs a nlsat/CAD engine)\pnonlinear abstraction: 55 cross-products project to 1107 linear-real atoms, past the consuming engine's capacity of 1024 (this needs a nlsat/CAD engine)\pnonlinear abstraction: 55 cross-products project to 1107 linear-real atoms, past the consuming engine's capacity of 1024 (this needs a nlsat/CAD engine)\pnonlinear abstraction: 55 cross-products project to 1107 linear-real atoms, past the consuming engine's capacity of 1024 (this needs a nlsat/CAD engine)\pnonlinear abstraction: 55 cross-products project to 1107 linear-real atoms, past the consuming engine's capacity of 1024 (this needs a nlsat/CAD engine)\pnonlinear abstraction: 55 cross-products project to 1107 linear-real atoms, past the consuming engine's capacity of 1024 (this needs a nlsat/CAD engine)\pnonlinear abstraction: 55 cross-products project to 1107 linear-real atoms, past the consuming engine's capacity of 1024 (this needs a nlsat/CAD engine)\pnonlinear abstraction: 55 cross-products project to 1107 linear-real atoms, past the consuming engine's capacity of 1024 (this needs a nlsat/CAD engine)	\p\p\pother\pquant-ownership-decline\p\pother\pother\pother\pother\pother\pother\pother\pother\pother	server7	1,9	2.02
nia-groebner-gate-crossdiv-QF_NRA	gateunbounded	QF_NRA/20220314-Uncu/Rational_Function_Proof_Calls_With_Basic_Denominator_Simplifications/BDC_ProveIneq_ISSAC10_ex1d.smt2	3c3ba0eb2	Real	sat	0	nra	nra	7	fd:parse:probe\pprobe:probe\pcas-identity-refuter:declined\pdl-online:declined\pnra-real-root:declined\pcas-ideal-refuter:declined\pnra:decided	108	0\p0\p0\p0\p6\p5\p18	no	cas-identity-refuter=incomplete\pdl-online=not-applicable\pnra-real-root=incomplete\pcas-ideal-refuter=incomplete	no arithmetic disequality had equal polynomial normal forms\p\pexact real-polynomial decider declined: critical-count-cap (cad-arm=default)\pno combination of the asserted equations collapsed to a constant of the refuting sign	\p\p\p	server7	1,9	2.02
nia-groebner-gate-crossdiv-QF_NRA	shipped	QF_NRA/20220314-Uncu/Rational_Function_Proof_Calls_With_Basic_Denominator_Simplifications/BDC_ProveIneq_ISSAC10_ex1d.smt2	3c3ba0eb2	Real	sat	0	nra	nra	7	fd:parse:probe\pprobe:probe\pcas-identity-refuter:declined\pdl-online:declined\pnra-real-root:declined\pcas-ideal-refuter:declined\pnra:decided	107	0\p0\p0\p0\p6\p0\p18	no	cas-identity-refuter=incomplete\pdl-online=not-applicable\pnra-real-root=incomplete\pcas-ideal-refuter=incomplete	no arithmetic disequality had equal polynomial normal forms\p\pexact real-polynomial decider declined: critical-count-cap (cad-arm=default)\pnonlinear system exceeds the deterministic generator/atom/inequality ceilings	\p\p\p	server7	1,9	2.02
nia-groebner-gate-crossdiv-QF_NRA	shipped	QF_NRA/20220314-Uncu/Rational_Function_Proof_Calls_With_Disjunctive_Denominator_Simplifications/DDC_ProveIneq_ISSAC05_Bessack_5_m4.smt2	3c3ba0eb2	Real	unknown	0	none	nra	16	fd:parse:probe\pprobe:probe\pdl-online:declined\pnra-real-root:declined\pnra:declined\pq:skolem-qf:declined\pq:nat-induction:declined\pfd:string-gate:declined\pfd:source-string-semantic-unsat:declined\pfd:word-route:declined\pfd:online-string:declined\pfd:membership:declined\pfd:lex-order:declined\pfd:length-lia:declined\pfd:source-string-sat-probe:declined\pfd:bounded-completeness-unsat:declined	13418	0\p0\p0\p0\p9995\p0\p0\p0\p0\p0\p0\p0\p0\p0\p0\p0	no	dl-online=not-applicable\pnra-real-root=incomplete\pnra=incomplete\pq:skolem-qf=unsupported\pq:nat-induction=not-applicable\pfd:string-gate=incomplete\pfd:source-string-semantic-unsat=incomplete\pfd:word-route=incomplete\pfd:online-string=incomplete\pfd:membership=incomplete\pfd:lex-order=incomplete\pfd:length-lia=incomplete\pfd:source-string-sat-probe=incomplete\pfd:bounded-completeness-unsat=incomplete	\pexact real-polynomial decider declined: non-conjunctive (cad-arm=default)\pnonlinear abstraction: refinement reached a fixpoint without deciding\pquant-route ownership (ADR-2103): `q:skolem-qf` owns {Real, Int, BvOrFloat, Datatype, Function, UninterpretedSort, Array, NonBvArray, NonBoolBvArray} and does not own {NestedArray, WideInt}, which this quantified query carries, so its non-decision is a decline and the ladder continues. Its own reason was: nonlinear abstraction: refinement reached a fixpoint without deciding\p\pnonlinear abstraction: refinement reached a fixpoint without deciding\pnonlinear abstraction: refinement reached a fixpoint without deciding\pnonlinear abstraction: refinement reached a fixpoint without deciding\pnonlinear abstraction: refinement reached a fixpoint without deciding\pnonlinear abstraction: refinement reached a fixpoint without deciding\pnonlinear abstraction: refinement reached a fixpoint without deciding\pnonlinear abstraction: refinement reached a fixpoint without deciding\pnonlinear abstraction: refinement reached a fixpoint without deciding\pnonlinear abstraction: refinement reached a fixpoint without deciding	\p\p\pquant-ownership-decline\p\p\p\p\p\p\p\p\p\p	server7	1,9	2.02
nia-groebner-gate-crossdiv-QF_NRA	gateunbounded	QF_NRA/20220314-Uncu/Rational_Function_Proof_Calls_With_Disjunctive_Denominator_Simplifications/DDC_ProveIneq_ISSAC05_Bessack_5_m4.smt2	3c3ba0eb2	Real	unknown	0	none	nra	16	fd:parse:probe\pprobe:probe\pdl-online:declined\pnra-real-root:declined\pnra:declined\pq:skolem-qf:declined\pq:nat-induction:declined\pfd:string-gate:declined\pfd:source-string-semantic-unsat:declined\pfd:word-route:declined\pfd:online-string:declined\pfd:membership:declined\pfd:lex-order:declined\pfd:length-lia:declined\pfd:source-string-sat-probe:declined\pfd:bounded-completeness-unsat:declined	12814	0\p0\p0\p0\p9451\p0\p0\p0\p0\p0\p0\p0\p0\p0\p0\p0	no	dl-online=not-applicable\pnra-real-root=incomplete\pnra=incomplete\pq:skolem-qf=unsupported\pq:nat-induction=not-applicable\pfd:string-gate=incomplete\pfd:source-string-semantic-unsat=incomplete\pfd:word-route=incomplete\pfd:online-string=incomplete\pfd:membership=incomplete\pfd:lex-order=incomplete\pfd:length-lia=incomplete\pfd:source-string-sat-probe=incomplete\pfd:bounded-completeness-unsat=incomplete	\pexact real-polynomial decider declined: non-conjunctive (cad-arm=default)\pnonlinear abstraction: refinement reached a fixpoint without deciding\pquant-route ownership (ADR-2103): `q:skolem-qf` owns {Real, Int, BvOrFloat, Datatype, Function, UninterpretedSort, Array, NonBvArray, NonBoolBvArray} and does not own {NestedArray, WideInt}, which this quantified query carries, so its non-decision is a decline and the ladder continues. Its own reason was: nonlinear abstraction: refinement reached a fixpoint without deciding\p\pnonlinear abstraction: refinement reached a fixpoint without deciding\pnonlinear abstraction: refinement reached a fixpoint without deciding\pnonlinear abstraction: refinement reached a fixpoint without deciding\pnonlinear abstraction: refinement reached a fixpoint without deciding\pnonlinear abstraction: refinement reached a fixpoint without deciding\pnonlinear abstraction: refinement reached a fixpoint without deciding\pnonlinear abstraction: refinement reached a fixpoint without deciding\pnonlinear abstraction: refinement reached a fixpoint without deciding\pnonlinear abstraction: refinement reached a fixpoint without deciding	\p\p\pquant-ownership-decline\p\p\p\p\p\p\p\p\p\p	server7	1,9	2.02
nia-groebner-gate-crossdiv-QF_NRA	gateunbounded	QF_NRA/20220314-Uncu/Rational_Function_Proof_Calls_With_Disjunctive_Denominator_Simplifications/DDC_ProveIneq_Mitrinovic_8_3.smt2	3c3ba0eb2	Real	unknown	0	none	nra	17	fd:parse:probe\pprobe:probe\pdl-online:declined\pnra-real-root:declined\pcas-ideal-refuter:declined\pnra:declined\pq:skolem-qf:declined\pq:nat-induction:declined\pfd:string-gate:declined\pfd:source-string-semantic-unsat:declined\pfd:word-route:declined\pfd:online-string:declined\pfd:membership:declined\pfd:lex-order:declined\pfd:length-lia:declined\pfd:source-string-sat-probe:declined\pfd:bounded-completeness-unsat:declined	15518	0\p0\p0\p0\p2\p12242\p0\p0\p0\p0\p0\p0\p0\p0\p0\p0\p0	no	dl-online=not-applicable\pnra-real-root=incomplete\pcas-ideal-refuter=incomplete\pnra=budget\pq:skolem-qf=unsupported\pq:nat-induction=not-applicable\pfd:string-gate=budget\pfd:source-string-semantic-unsat=budget\pfd:word-route=budget\pfd:online-string=budget\pfd:membership=budget\pfd:lex-order=budget\pfd:length-lia=budget\pfd:source-string-sat-probe=budget\pfd:bounded-completeness-unsat=budget	\pexact real-polynomial decider declined: non-conjunctive (cad-arm=default)\pno combination of the asserted equations collapsed to a constant of the refuting sign\plra: both engines declined — Fourier–Motzkin stopped on the deadline inside a variable's cross product, then the exact-rational simplex fallback stopped on the deadline building its dense tableau rows\pquant-route ownership (ADR-2103): `q:skolem-qf` owns {Real, Int, BvOrFloat, Datatype, Function, UninterpretedSort, Array, NonBvArray, NonBoolBvArray} and does not own {NestedArray, WideInt}, which this quantified query carries, so its non-decision is a decline and the ladder continues. Its own reason was: lra: both engines declined — Fourier–Motzkin stopped on the deadline inside a variable's cross product, then the exact-rational simplex fallback stopped on the deadline building its dense tableau rows\p\plra: both engines declined — Fourier–Motzkin stopped on the deadline inside a variable's cross product, then the exact-rational simplex fallback stopped on the deadline building its dense tableau rows\plra: both engines declined — Fourier–Motzkin stopped on the deadline inside a variable's cross product, then the exact-rational simplex fallback stopped on the deadline building its dense tableau rows\plra: both engines declined — Fourier–Motzkin stopped on the deadline inside a variable's cross product, then the exact-rational simplex fallback stopped on the deadline building its dense tableau rows\plra: both engines declined — Fourier–Motzkin stopped on the deadline inside a variable's cross product, then the exact-rational simplex fallback stopped on the deadline building its dense tableau rows\plra: both engines declined — Fourier–Motzkin stopped on the deadline inside a variable's cross product, then the exact-rational simplex fallback stopped on the deadline building its dense tableau rows\plra: both engines declined — Fourier–Motzkin stopped on the deadline inside a variable's cross product, then the exact-rational simplex fallback stopped on the deadline building its dense tableau rows\plra: both engines declined — Fourier–Motzkin stopped on the deadline inside a variable's cross product, then the exact-rational simplex fallback stopped on the deadline building its dense tableau rows\plra: both engines declined — Fourier–Motzkin stopped on the deadline inside a variable's cross product, then the exact-rational simplex fallback stopped on the deadline building its dense tableau rows\plra: both engines declined — Fourier–Motzkin stopped on the deadline inside a variable's cross product, then the exact-rational simplex fallback stopped on the deadline building its dense tableau rows	\p\p\pother\pquant-ownership-decline\p\pother\pother\pother\pother\pother\pother\pother\pother\pother	server7	1,9	2.01
nia-groebner-gate-crossdiv-QF_NRA	shipped	QF_NRA/20220314-Uncu/Rational_Function_Proof_Calls_With_Disjunctive_Denominator_Simplifications/DDC_ProveIneq_Mitrinovic_8_3.smt2	3c3ba0eb2	Real	unknown	0	none	nra	17	fd:parse:probe\pprobe:probe\pdl-online:declined\pnra-real-root:declined\pcas-ideal-refuter:declined\pnra:declined\pq:skolem-qf:declined\pq:nat-induction:declined\pfd:string-gate:declined\pfd:source-string-semantic-unsat:declined\pfd:word-route:declined\pfd:online-string:declined\pfd:membership:declined\pfd:lex-order:declined\pfd:length-lia:declined\pfd:source-string-sat-probe:declined\pfd:bounded-completeness-unsat:declined	15516	0\p0\p0\p0\p2\p12226\p0\p0\p0\p0\p0\p0\p0\p0\p0\p0\p0	no	dl-online=not-applicable\pnra-real-root=incomplete\pcas-ideal-refuter=incomplete\pnra=budget\pq:skolem-qf=unsupported\pq:nat-induction=not-applicable\pfd:string-gate=budget\pfd:source-string-semantic-unsat=budget\pfd:word-route=budget\pfd:online-string=budget\pfd:membership=budget\pfd:lex-order=budget\pfd:length-lia=budget\pfd:source-string-sat-probe=budget\pfd:bounded-completeness-unsat=budget	\pexact real-polynomial decider declined: non-conjunctive (cad-arm=default)\pno combination of the asserted equations collapsed to a constant of the refuting sign\plra: both engines declined — Fourier–Motzkin stopped on the deadline inside a variable's cross product, then the exact-rational simplex fallback stopped on the deadline building its dense tableau rows\pquant-route ownership (ADR-2103): `q:skolem-qf` owns {Real, Int, BvOrFloat, Datatype, Function, UninterpretedSort, Array, NonBvArray, NonBoolBvArray} and does not own {NestedArray, WideInt}, which this quantified query carries, so its non-decision is a decline and the ladder continues. Its own reason was: lra: both engines declined — Fourier–Motzkin stopped on the deadline inside a variable's cross product, then the exact-rational simplex fallback stopped on the deadline building its dense tableau rows\p\plra: both engines declined — Fourier–Motzkin stopped on the deadline inside a variable's cross product, then the exact-rational simplex fallback stopped on the deadline building its dense tableau rows\plra: both engines declined — Fourier–Motzkin stopped on the deadline inside a variable's cross product, then the exact-rational simplex fallback stopped on the deadline building its dense tableau rows\plra: both engines declined — Fourier–Motzkin stopped on the deadline inside a variable's cross product, then the exact-rational simplex fallback stopped on the deadline building its dense tableau rows\plra: both engines declined — Fourier–Motzkin stopped on the deadline inside a variable's cross product, then the exact-rational simplex fallback stopped on the deadline building its dense tableau rows\plra: both engines declined — Fourier–Motzkin stopped on the deadline inside a variable's cross product, then the exact-rational simplex fallback stopped on the deadline building its dense tableau rows\plra: both engines declined — Fourier–Motzkin stopped on the deadline inside a variable's cross product, then the exact-rational simplex fallback stopped on the deadline building its dense tableau rows\plra: both engines declined — Fourier–Motzkin stopped on the deadline inside a variable's cross product, then the exact-rational simplex fallback stopped on the deadline building its dense tableau rows\plra: both engines declined — Fourier–Motzkin stopped on the deadline inside a variable's cross product, then the exact-rational simplex fallback stopped on the deadline building its dense tableau rows\plra: both engines declined — Fourier–Motzkin stopped on the deadline inside a variable's cross product, then the exact-rational simplex fallback stopped on the deadline building its dense tableau rows	\p\p\pother\pquant-ownership-decline\p\pother\pother\pother\pother\pother\pother\pother\pother\pother	server7	1,9	2.09
nia-groebner-gate-crossdiv-QF_NRA	shipped	QF_NRA/LassoRanker/CooperatingT2/byron-2.t2.c_Iteration2_Loop_4-pieceTemplate.smt2	3c3ba0eb2	Real	unknown	0	none	nra	16	fd:parse:probe\pprobe:probe\pdl-online:declined\pnra-real-root:declined\pcas-ideal-refuter:declined\pnra:declined\pq:skolem-qf:declined\pfd:string-gate:declined\pfd:source-string-semantic-unsat:declined\pfd:word-route:declined\pfd:online-string:declined\pfd:membership:declined\pfd:lex-order:declined\pfd:length-lia:declined\pfd:source-string-sat-probe:declined\pfd:bounded-completeness-unsat:declined	24923	34\p8\p132\p0\p3\p24598\p0\p0\p0\p0\p0\p0\p0\p0\p0\p0	no	dl-online=not-applicable\pnra-real-root=incomplete\pcas-ideal-refuter=incomplete\pnra=budget\pq:skolem-qf=unsupported\pfd:string-gate=budget\pfd:source-string-semantic-unsat=budget\pfd:word-route=budget\pfd:online-string=budget\pfd:membership=budget\pfd:lex-order=budget\pfd:length-lia=budget\pfd:source-string-sat-probe=budget\pfd:bounded-completeness-unsat=budget	\pexact real-polynomial decider declined: non-conjunctive (cad-arm=default)\pnonlinear system exceeds the deterministic generator/atom/inequality ceilings\pnonlinear abstraction: 5384 cross-products project to 97942 linear-real atoms, past the consuming engine's capacity of 1024 (this needs a nlsat/CAD engine)\pquant-route ownership (ADR-2103): `q:skolem-qf` owns {Real, Int, BvOrFloat, Datatype, Function, UninterpretedSort, Array, NonBvArray, NonBoolBvArray} and does not own {NestedArray, WideInt}, which this quantified query carries, so its non-decision is a decline and the ladder continues. Its own reason was: preprocessed dispatch timeout after reduced solve; the reduced solve's own reason was [ResourceLimit] nonlinear abstraction: 5384 cross-products project to 97942 linear-real atoms, past the consuming engine's capacity of 1024 (this needs a nlsat/CAD engine)\ppreprocessed dispatch timeout after reduced solve; the reduced solve's own reason was [ResourceLimit] nonlinear abstraction: 5384 cross-products project to 97942 linear-real atoms, past the consuming engine's capacity of 1024 (this needs a nlsat/CAD engine)\ppreprocessed dispatch timeout after reduced solve; the reduced solve's own reason was [ResourceLimit] nonlinear abstraction: 5384 cross-products project to 97942 linear-real atoms, past the consuming engine's capacity of 1024 (this needs a nlsat/CAD engine)\ppreprocessed dispatch timeout after reduced solve; the reduced solve's own reason was [ResourceLimit] nonlinear abstraction: 5384 cross-products project to 97942 linear-real atoms, past the consuming engine's capacity of 1024 (this needs a nlsat/CAD engine)\ppreprocessed dispatch timeout after reduced solve; the reduced solve's own reason was [ResourceLimit] nonlinear abstraction: 5384 cross-products project to 97942 linear-real atoms, past the consuming engine's capacity of 1024 (this needs a nlsat/CAD engine)\ppreprocessed dispatch timeout after reduced solve; the reduced solve's own reason was [ResourceLimit] nonlinear abstraction: 5384 cross-products project to 97942 linear-real atoms, past the consuming engine's capacity of 1024 (this needs a nlsat/CAD engine)\ppreprocessed dispatch timeout after reduced solve; the reduced solve's own reason was [ResourceLimit] nonlinear abstraction: 5384 cross-products project to 97942 linear-real atoms, past the consuming engine's capacity of 1024 (this needs a nlsat/CAD engine)\ppreprocessed dispatch timeout after reduced solve; the reduced solve's own reason was [ResourceLimit] nonlinear abstraction: 5384 cross-products project to 97942 linear-real atoms, past the consuming engine's capacity of 1024 (this needs a nlsat/CAD engine)\ppreprocessed dispatch timeout after reduced solve; the reduced solve's own reason was [ResourceLimit] nonlinear abstraction: 5384 cross-products project to 97942 linear-real atoms, past the consuming engine's capacity of 1024 (this needs a nlsat/CAD engine)\ppreprocessed dispatch timeout after reduced solve; the reduced solve's own reason was [ResourceLimit] nonlinear abstraction: 5384 cross-products project to 97942 linear-real atoms, past the consuming engine's capacity of 1024 (this needs a nlsat/CAD engine)	\p\p\pother\pquant-ownership-decline\pother\pother\pother\pother\pother\pother\pother\pother\pother	server7	1,9	2.07
nia-groebner-gate-crossdiv-QF_NRA	gateunbounded	QF_NRA/LassoRanker/CooperatingT2/byron-2.t2.c_Iteration2_Loop_4-pieceTemplate.smt2	3c3ba0eb2	Real	unknown	0	none	nra	16	fd:parse:probe\pprobe:probe\pdl-online:declined\pnra-real-root:declined\pcas-ideal-refuter:declined\pnra:declined\pq:skolem-qf:declined\pfd:string-gate:declined\pfd:source-string-semantic-unsat:declined\pfd:word-route:declined\pfd:online-string:declined\pfd:membership:declined\pfd:lex-order:declined\pfd:length-lia:declined\pfd:source-string-sat-probe:declined\pfd:bounded-completeness-unsat:declined	24521	42\p8\p152\p0\p4\p24180\p0\p0\p0\p0\p0\p0\p0\p0\p0\p0	no	dl-online=not-applicable\pnra-real-root=incomplete\pcas-ideal-refuter=incomplete\pnra=budget\pq:skolem-qf=unsupported\pfd:string-gate=budget\pfd:source-string-semantic-unsat=budget\pfd:word-route=budget\pfd:online-string=budget\pfd:membership=budget\pfd:lex-order=budget\pfd:length-lia=budget\pfd:source-string-sat-probe=budget\pfd:bounded-completeness-unsat=budget	\pexact real-polynomial decider declined: non-conjunctive (cad-arm=default)\pcofactor-tracked Gröbner reduction hit the basis-size ceiling\pnonlinear abstraction: 5384 cross-products project to 97942 linear-real atoms, past the consuming engine's capacity of 1024 (this needs a nlsat/CAD engine)\pquant-route ownership (ADR-2103): `q:skolem-qf` owns {Real, Int, BvOrFloat, Datatype, Function, UninterpretedSort, Array, NonBvArray, NonBoolBvArray} and does not own {NestedArray, WideInt}, which this quantified query carries, so its non-decision is a decline and the ladder continues. Its own reason was: preprocessed dispatch timeout after reduced solve; the reduced solve's own reason was [ResourceLimit] nonlinear abstraction: 5384 cross-products project to 97942 linear-real atoms, past the consuming engine's capacity of 1024 (this needs a nlsat/CAD engine)\ppreprocessed dispatch timeout after reduced solve; the reduced solve's own reason was [ResourceLimit] nonlinear abstraction: 5384 cross-products project to 97942 linear-real atoms, past the consuming engine's capacity of 1024 (this needs a nlsat/CAD engine)\ppreprocessed dispatch timeout after reduced solve; the reduced solve's own reason was [ResourceLimit] nonlinear abstraction: 5384 cross-products project to 97942 linear-real atoms, past the consuming engine's capacity of 1024 (this needs a nlsat/CAD engine)\ppreprocessed dispatch timeout after reduced solve; the reduced solve's own reason was [ResourceLimit] nonlinear abstraction: 5384 cross-products project to 97942 linear-real atoms, past the consuming engine's capacity of 1024 (this needs a nlsat/CAD engine)\ppreprocessed dispatch timeout after reduced solve; the reduced solve's own reason was [ResourceLimit] nonlinear abstraction: 5384 cross-products project to 97942 linear-real atoms, past the consuming engine's capacity of 1024 (this needs a nlsat/CAD engine)\ppreprocessed dispatch timeout after reduced solve; the reduced solve's own reason was [ResourceLimit] nonlinear abstraction: 5384 cross-products project to 97942 linear-real atoms, past the consuming engine's capacity of 1024 (this needs a nlsat/CAD engine)\ppreprocessed dispatch timeout after reduced solve; the reduced solve's own reason was [ResourceLimit] nonlinear abstraction: 5384 cross-products project to 97942 linear-real atoms, past the consuming engine's capacity of 1024 (this needs a nlsat/CAD engine)\ppreprocessed dispatch timeout after reduced solve; the reduced solve's own reason was [ResourceLimit] nonlinear abstraction: 5384 cross-products project to 97942 linear-real atoms, past the consuming engine's capacity of 1024 (this needs a nlsat/CAD engine)\ppreprocessed dispatch timeout after reduced solve; the reduced solve's own reason was [ResourceLimit] nonlinear abstraction: 5384 cross-products project to 97942 linear-real atoms, past the consuming engine's capacity of 1024 (this needs a nlsat/CAD engine)\ppreprocessed dispatch timeout after reduced solve; the reduced solve's own reason was [ResourceLimit] nonlinear abstraction: 5384 cross-products project to 97942 linear-real atoms, past the consuming engine's capacity of 1024 (this needs a nlsat/CAD engine)	\p\p\pother\pquant-ownership-decline\pother\pother\pother\pother\pother\pother\pother\pother\pother	server7	1,9	2.04
nia-groebner-gate-crossdiv-QF_NRA	gateunbounded	QF_NRA/LassoRanker/CooperatingT2/eric2.t2.c_Iteration9_Loop_3-pieceTemplate.smt2	3c3ba0eb2	Real	unknown	0	none	nra	16	fd:parse:probe\pprobe:probe\pdl-online:declined\pnra-real-root:declined\pcas-ideal-refuter:declined\pnra:declined\pq:skolem-qf:declined\pfd:string-gate:declined\pfd:source-string-semantic-unsat:declined\pfd:word-route:declined\pfd:online-string:declined\pfd:membership:declined\pfd:lex-order:declined\pfd:length-lia:declined\pfd:source-string-sat-probe:declined\pfd:bounded-completeness-unsat:declined	24120	6\p1\p33\p0\p2\p24007\p0\p0\p0\p0\p0\p0\p0\p0\p0\p0	no	dl-online=not-applicable\pnra-real-root=incomplete\pcas-ideal-refuter=incomplete\pnra=budget\pq:skolem-qf=unsupported\pfd:string-gate=budget\pfd:source-string-semantic-unsat=budget\pfd:word-route=budget\pfd:online-string=budget\pfd:membership=budget\pfd:lex-order=budget\pfd:length-lia=budget\pfd:source-string-sat-probe=budget\pfd:bounded-completeness-unsat=budget	\pexact real-polynomial decider declined: non-conjunctive (cad-arm=default)\pcofactor-tracked Gröbner reduction hit the basis-size ceiling\pnonlinear abstraction: 883 cross-products project to 16756 linear-real atoms, past the consuming engine's capacity of 1024 (this needs a nlsat/CAD engine)\pquant-route ownership (ADR-2103): `q:skolem-qf` owns {Real, Int, BvOrFloat, Datatype, Function, UninterpretedSort, Array, NonBvArray, NonBoolBvArray} and does not own {NestedArray, WideInt}, which this quantified query carries, so its non-decision is a decline and the ladder continues. Its own reason was: preprocessed dispatch timeout after reduced solve; the reduced solve's own reason was [ResourceLimit] nonlinear abstraction: 883 cross-products project to 16756 linear-real atoms, past the consuming engine's capacity of 1024 (this needs a nlsat/CAD engine)\ppreprocessed dispatch timeout after reduced solve; the reduced solve's own reason was [ResourceLimit] nonlinear abstraction: 883 cross-products project to 16756 linear-real atoms, past the consuming engine's capacity of 1024 (this needs a nlsat/CAD engine)\ppreprocessed dispatch timeout after reduced solve; the reduced solve's own reason was [ResourceLimit] nonlinear abstraction: 883 cross-products project to 16756 linear-real atoms, past the consuming engine's capacity of 1024 (this needs a nlsat/CAD engine)\ppreprocessed dispatch timeout after reduced solve; the reduced solve's own reason was [ResourceLimit] nonlinear abstraction: 883 cross-products project to 16756 linear-real atoms, past the consuming engine's capacity of 1024 (this needs a nlsat/CAD engine)\ppreprocessed dispatch timeout after reduced solve; the reduced solve's own reason was [ResourceLimit] nonlinear abstraction: 883 cross-products project to 16756 linear-real atoms, past the consuming engine's capacity of 1024 (this needs a nlsat/CAD engine)\ppreprocessed dispatch timeout after reduced solve; the reduced solve's own reason was [ResourceLimit] nonlinear abstraction: 883 cross-products project to 16756 linear-real atoms, past the consuming engine's capacity of 1024 (this needs a nlsat/CAD engine)\ppreprocessed dispatch timeout after reduced solve; the reduced solve's own reason was [ResourceLimit] nonlinear abstraction: 883 cross-products project to 16756 linear-real atoms, past the consuming engine's capacity of 1024 (this needs a nlsat/CAD engine)\ppreprocessed dispatch timeout after reduced solve; the reduced solve's own reason was [ResourceLimit] nonlinear abstraction: 883 cross-products project to 16756 linear-real atoms, past the consuming engine's capacity of 1024 (this needs a nlsat/CAD engine)\ppreprocessed dispatch timeout after reduced solve; the reduced solve's own reason was [ResourceLimit] nonlinear abstraction: 883 cross-products project to 16756 linear-real atoms, past the consuming engine's capacity of 1024 (this needs a nlsat/CAD engine)\ppreprocessed dispatch timeout after reduced solve; the reduced solve's own reason was [ResourceLimit] nonlinear abstraction: 883 cross-products project to 16756 linear-real atoms, past the consuming engine's capacity of 1024 (this needs a nlsat/CAD engine)	\p\p\pother\pquant-ownership-decline\pother\pother\pother\pother\pother\pother\pother\pother\pother	server7	1,9	2.03
nia-groebner-gate-crossdiv-QF_NRA	shipped	QF_NRA/LassoRanker/CooperatingT2/eric2.t2.c_Iteration9_Loop_3-pieceTemplate.smt2	3c3ba0eb2	Real	unknown	0	none	nra	16	fd:parse:probe\pprobe:probe\pdl-online:declined\pnra-real-root:declined\pcas-ideal-refuter:declined\pnra:declined\pq:skolem-qf:declined\pfd:string-gate:declined\pfd:source-string-semantic-unsat:declined\pfd:word-route:declined\pfd:online-string:declined\pfd:membership:declined\pfd:lex-order:declined\pfd:length-lia:declined\pfd:source-string-sat-probe:declined\pfd:bounded-completeness-unsat:declined	24121	5\p1\p23\p0\p1\p24031\p0\p0\p0\p0\p0\p0\p0\p0\p0\p0	no	dl-online=not-applicable\pnra-real-root=incomplete\pcas-ideal-refuter=incomplete\pnra=budget\pq:skolem-qf=unsupported\pfd:string-gate=budget\pfd:source-string-semantic-unsat=budget\pfd:word-route=budget\pfd:online-string=budget\pfd:membership=budget\pfd:lex-order=budget\pfd:length-lia=budget\pfd:source-string-sat-probe=budget\pfd:bounded-completeness-unsat=budget	\pexact real-polynomial decider declined: non-conjunctive (cad-arm=default)\pnonlinear system exceeds the deterministic generator/atom/inequality ceilings\pnonlinear abstraction: 883 cross-products project to 16756 linear-real atoms, past the consuming engine's capacity of 1024 (this needs a nlsat/CAD engine)\pquant-route ownership (ADR-2103): `q:skolem-qf` owns {Real, Int, BvOrFloat, Datatype, Function, UninterpretedSort, Array, NonBvArray, NonBoolBvArray} and does not own {NestedArray, WideInt}, which this quantified query carries, so its non-decision is a decline and the ladder continues. Its own reason was: preprocessed dispatch timeout after reduced solve; the reduced solve's own reason was [ResourceLimit] nonlinear abstraction: 883 cross-products project to 16756 linear-real atoms, past the consuming engine's capacity of 1024 (this needs a nlsat/CAD engine)\ppreprocessed dispatch timeout after reduced solve; the reduced solve's own reason was [ResourceLimit] nonlinear abstraction: 883 cross-products project to 16756 linear-real atoms, past the consuming engine's capacity of 1024 (this needs a nlsat/CAD engine)\ppreprocessed dispatch timeout after reduced solve; the reduced solve's own reason was [ResourceLimit] nonlinear abstraction: 883 cross-products project to 16756 linear-real atoms, past the consuming engine's capacity of 1024 (this needs a nlsat/CAD engine)\ppreprocessed dispatch timeout after reduced solve; the reduced solve's own reason was [ResourceLimit] nonlinear abstraction: 883 cross-products project to 16756 linear-real atoms, past the consuming engine's capacity of 1024 (this needs a nlsat/CAD engine)\ppreprocessed dispatch timeout after reduced solve; the reduced solve's own reason was [ResourceLimit] nonlinear abstraction: 883 cross-products project to 16756 linear-real atoms, past the consuming engine's capacity of 1024 (this needs a nlsat/CAD engine)\ppreprocessed dispatch timeout after reduced solve; the reduced solve's own reason was [ResourceLimit] nonlinear abstraction: 883 cross-products project to 16756 linear-real atoms, past the consuming engine's capacity of 1024 (this needs a nlsat/CAD engine)\ppreprocessed dispatch timeout after reduced solve; the reduced solve's own reason was [ResourceLimit] nonlinear abstraction: 883 cross-products project to 16756 linear-real atoms, past the consuming engine's capacity of 1024 (this needs a nlsat/CAD engine)\ppreprocessed dispatch timeout after reduced solve; the reduced solve's own reason was [ResourceLimit] nonlinear abstraction: 883 cross-products project to 16756 linear-real atoms, past the consuming engine's capacity of 1024 (this needs a nlsat/CAD engine)\ppreprocessed dispatch timeout after reduced solve; the reduced solve's own reason was [ResourceLimit] nonlinear abstraction: 883 cross-products project to 16756 linear-real atoms, past the consuming engine's capacity of 1024 (this needs a nlsat/CAD engine)\ppreprocessed dispatch timeout after reduced solve; the reduced solve's own reason was [ResourceLimit] nonlinear abstraction: 883 cross-products project to 16756 linear-real atoms, past the consuming engine's capacity of 1024 (this needs a nlsat/CAD engine)	\p\p\pother\pquant-ownership-decline\pother\pother\pother\pother\pother\pother\pother\pother\pother	server7	1,9	2.02
nia-groebner-gate-crossdiv-QF_NRA	shipped	QF_NRA/LassoRanker/CooperatingT2/heidy7.t2.c_Iteration2_Lasso_2-pieceTemplate.smt2	3c3ba0eb2	Real	unknown	0	none	nra	16	fd:parse:probe\pprobe:probe\pdl-online:declined\pnra-real-root:declined\pcas-ideal-refuter:declined\pnra:declined\pq:skolem-qf:declined\pfd:string-gate:declined\pfd:source-string-semantic-unsat:declined\pfd:word-route:declined\pfd:online-string:declined\pfd:membership:declined\pfd:lex-order:declined\pfd:length-lia:declined\pfd:source-string-sat-probe:declined\pfd:bounded-completeness-unsat:declined	24121	3\p0\p8\p0\p1\p24033\p0\p0\p0\p0\p0\p0\p0\p0\p0\p0	no	dl-online=not-applicable\pnra-real-root=incomplete\pcas-ideal-refuter=incomplete\pnra=budget\pq:skolem-qf=unsupported\pfd:string-gate=budget\pfd:source-string-semantic-unsat=budget\pfd:word-route=budget\pfd:online-string=budget\pfd:membership=budget\pfd:lex-order=budget\pfd:length-lia=budget\pfd:source-string-sat-probe=budget\pfd:bounded-completeness-unsat=budget	\pexact real-polynomial decider declined: non-conjunctive (cad-arm=default)\pnonlinear system exceeds the deterministic generator/atom/inequality ceilings\pnonlinear abstraction: 524 cross-products project to 10019 linear-real atoms, past the consuming engine's capacity of 1024 (this needs a nlsat/CAD engine)\pquant-route ownership (ADR-2103): `q:skolem-qf` owns {Real, Int, BvOrFloat, Datatype, Function, UninterpretedSort, Array, NonBvArray, NonBoolBvArray} and does not own {NestedArray, WideInt}, which this quantified query carries, so its non-decision is a decline and the ladder continues. Its own reason was: preprocessed dispatch timeout after reduced solve; the reduced solve's own reason was [ResourceLimit] nonlinear abstraction: 524 cross-products project to 10019 linear-real atoms, past the consuming engine's capacity of 1024 (this needs a nlsat/CAD engine)\ppreprocessed dispatch timeout after reduced solve; the reduced solve's own reason was [ResourceLimit] nonlinear abstraction: 524 cross-products project to 10019 linear-real atoms, past the consuming engine's capacity of 1024 (this needs a nlsat/CAD engine)\ppreprocessed dispatch timeout after reduced solve; the reduced solve's own reason was [ResourceLimit] nonlinear abstraction: 524 cross-products project to 10019 linear-real atoms, past the consuming engine's capacity of 1024 (this needs a nlsat/CAD engine)\ppreprocessed dispatch timeout after reduced solve; the reduced solve's own reason was [ResourceLimit] nonlinear abstraction: 524 cross-products project to 10019 linear-real atoms, past the consuming engine's capacity of 1024 (this needs a nlsat/CAD engine)\ppreprocessed dispatch timeout after reduced solve; the reduced solve's own reason was [ResourceLimit] nonlinear abstraction: 524 cross-products project to 10019 linear-real atoms, past the consuming engine's capacity of 1024 (this needs a nlsat/CAD engine)\ppreprocessed dispatch timeout after reduced solve; the reduced solve's own reason was [ResourceLimit] nonlinear abstraction: 524 cross-products project to 10019 linear-real atoms, past the consuming engine's capacity of 1024 (this needs a nlsat/CAD engine)\ppreprocessed dispatch timeout after reduced solve; the reduced solve's own reason was [ResourceLimit] nonlinear abstraction: 524 cross-products project to 10019 linear-real atoms, past the consuming engine's capacity of 1024 (this needs a nlsat/CAD engine)\ppreprocessed dispatch timeout after reduced solve; the reduced solve's own reason was [ResourceLimit] nonlinear abstraction: 524 cross-products project to 10019 linear-real atoms, past the consuming engine's capacity of 1024 (this needs a nlsat/CAD engine)\ppreprocessed dispatch timeout after reduced solve; the reduced solve's own reason was [ResourceLimit] nonlinear abstraction: 524 cross-products project to 10019 linear-real atoms, past the consuming engine's capacity of 1024 (this needs a nlsat/CAD engine)\ppreprocessed dispatch timeout after reduced solve; the reduced solve's own reason was [ResourceLimit] nonlinear abstraction: 524 cross-products project to 10019 linear-real atoms, past the consuming engine's capacity of 1024 (this needs a nlsat/CAD engine)	\p\p\pother\pquant-ownership-decline\pother\pother\pother\pother\pother\pother\pother\pother\pother	server7	1,9	2.01
nia-groebner-gate-crossdiv-QF_NRA	gateunbounded	QF_NRA/LassoRanker/CooperatingT2/heidy7.t2.c_Iteration2_Lasso_2-pieceTemplate.smt2	3c3ba0eb2	Real	unknown	0	none	nra	16	fd:parse:probe\pprobe:probe\pdl-online:declined\pnra-real-root:declined\pcas-ideal-refuter:declined\pnra:declined\pq:skolem-qf:declined\pfd:string-gate:declined\pfd:source-string-semantic-unsat:declined\pfd:word-route:declined\pfd:online-string:declined\pfd:membership:declined\pfd:lex-order:declined\pfd:length-lia:declined\pfd:source-string-sat-probe:declined\pfd:bounded-completeness-unsat:declined	24121	3\p0\p8\p0\p1\p24029\p0\p0\p0\p0\p0\p0\p0\p0\p0\p0	no	dl-online=not-applicable\pnra-real-root=incomplete\pcas-ideal-refuter=incomplete\pnra=budget\pq:skolem-qf=unsupported\pfd:string-gate=budget\pfd:source-string-semantic-unsat=budget\pfd:word-route=budget\pfd:online-string=budget\pfd:membership=budget\pfd:lex-order=budget\pfd:length-lia=budget\pfd:source-string-sat-probe=budget\pfd:bounded-completeness-unsat=budget	\pexact real-polynomial decider declined: non-conjunctive (cad-arm=default)\pcofactor-tracked Gröbner reduction hit the basis-size ceiling\pnonlinear abstraction: 524 cross-products project to 10019 linear-real atoms, past the consuming engine's capacity of 1024 (this needs a nlsat/CAD engine)\pquant-route ownership (ADR-2103): `q:skolem-qf` owns {Real, Int, BvOrFloat, Datatype, Function, UninterpretedSort, Array, NonBvArray, NonBoolBvArray} and does not own {NestedArray, WideInt}, which this quantified query carries, so its non-decision is a decline and the ladder continues. Its own reason was: preprocessed dispatch timeout after reduced solve; the reduced solve's own reason was [ResourceLimit] nonlinear abstraction: 524 cross-products project to 10019 linear-real atoms, past the consuming engine's capacity of 1024 (this needs a nlsat/CAD engine)\ppreprocessed dispatch timeout after reduced solve; the reduced solve's own reason was [ResourceLimit] nonlinear abstraction: 524 cross-products project to 10019 linear-real atoms, past the consuming engine's capacity of 1024 (this needs a nlsat/CAD engine)\ppreprocessed dispatch timeout after reduced solve; the reduced solve's own reason was [ResourceLimit] nonlinear abstraction: 524 cross-products project to 10019 linear-real atoms, past the consuming engine's capacity of 1024 (this needs a nlsat/CAD engine)\ppreprocessed dispatch timeout after reduced solve; the reduced solve's own reason was [ResourceLimit] nonlinear abstraction: 524 cross-products project to 10019 linear-real atoms, past the consuming engine's capacity of 1024 (this needs a nlsat/CAD engine)\ppreprocessed dispatch timeout after reduced solve; the reduced solve's own reason was [ResourceLimit] nonlinear abstraction: 524 cross-products project to 10019 linear-real atoms, past the consuming engine's capacity of 1024 (this needs a nlsat/CAD engine)\ppreprocessed dispatch timeout after reduced solve; the reduced solve's own reason was [ResourceLimit] nonlinear abstraction: 524 cross-products project to 10019 linear-real atoms, past the consuming engine's capacity of 1024 (this needs a nlsat/CAD engine)\ppreprocessed dispatch timeout after reduced solve; the reduced solve's own reason was [ResourceLimit] nonlinear abstraction: 524 cross-products project to 10019 linear-real atoms, past the consuming engine's capacity of 1024 (this needs a nlsat/CAD engine)\ppreprocessed dispatch timeout after reduced solve; the reduced solve's own reason was [ResourceLimit] nonlinear abstraction: 524 cross-products project to 10019 linear-real atoms, past the consuming engine's capacity of 1024 (this needs a nlsat/CAD engine)\ppreprocessed dispatch timeout after reduced solve; the reduced solve's own reason was [ResourceLimit] nonlinear abstraction: 524 cross-products project to 10019 linear-real atoms, past the consuming engine's capacity of 1024 (this needs a nlsat/CAD engine)\ppreprocessed dispatch timeout after reduced solve; the reduced solve's own reason was [ResourceLimit] nonlinear abstraction: 524 cross-products project to 10019 linear-real atoms, past the consuming engine's capacity of 1024 (this needs a nlsat/CAD engine)	\p\p\pother\pquant-ownership-decline\pother\pother\pother\pother\pother\pother\pother\pother\pother	server7	1,9	1.94
nia-groebner-gate-crossdiv-QF_NRA	gateunbounded	QF_NRA/LassoRanker/CooperatingT2/p-46.t2.c_Iteration2_Loop_4-pieceTemplate.smt2	3c3ba0eb2	Real	unknown	0	none	nra	16	fd:parse:probe\pprobe:probe\pdl-online:declined\pnra-real-root:declined\pcas-ideal-refuter:declined\pnra:declined\pq:skolem-qf:declined\pfd:string-gate:declined\pfd:source-string-semantic-unsat:declined\pfd:word-route:declined\pfd:online-string:declined\pfd:membership:declined\pfd:lex-order:declined\pfd:length-lia:declined\pfd:source-string-sat-probe:declined\pfd:bounded-completeness-unsat:declined	24722	53\p13\p204\p0\p5\p24208\p0\p0\p0\p0\p0\p0\p0\p0\p0\p0	no	dl-online=not-applicable\pnra-real-root=incomplete\pcas-ideal-refuter=incomplete\pnra=budget\pq:skolem-qf=unsupported\pfd:string-gate=budget\pfd:source-string-semantic-unsat=budget\pfd:word-route=budget\pfd:online-string=budget\pfd:membership=budget\pfd:lex-order=budget\pfd:length-lia=budget\pfd:source-string-sat-probe=budget\pfd:bounded-completeness-unsat=budget	\pexact real-polynomial decider declined: non-conjunctive (cad-arm=default)\pcofactor-tracked Gröbner reduction hit the basis-size ceiling\pnonlinear abstraction: 5672 cross-products project to 104422 linear-real atoms, past the consuming engine's capacity of 1024 (this needs a nlsat/CAD engine)\pquant-route ownership (ADR-2103): `q:skolem-qf` owns {Real, Int, BvOrFloat, Datatype, Function, UninterpretedSort, Array, NonBvArray, NonBoolBvArray} and does not own {NestedArray, WideInt}, which this quantified query carries, so its non-decision is a decline and the ladder continues. Its own reason was: preprocessed dispatch timeout after reduced solve; the reduced solve's own reason was [ResourceLimit] nonlinear abstraction: 5672 cross-products project to 104422 linear-real atoms, past the consuming engine's capacity of 1024 (this needs a nlsat/CAD engine)\ppreprocessed dispatch timeout after reduced solve; the reduced solve's own reason was [ResourceLimit] nonlinear abstraction: 5672 cross-products project to 104422 linear-real atoms, past the consuming engine's capacity of 1024 (this needs a nlsat/CAD engine)\ppreprocessed dispatch timeout after reduced solve; the reduced solve's own reason was [ResourceLimit] nonlinear abstraction: 5672 cross-products project to 104422 linear-real atoms, past the consuming engine's capacity of 1024 (this needs a nlsat/CAD engine)\ppreprocessed dispatch timeout after reduced solve; the reduced solve's own reason was [ResourceLimit] nonlinear abstraction: 5672 cross-products project to 104422 linear-real atoms, past the consuming engine's capacity of 1024 (this needs a nlsat/CAD engine)\ppreprocessed dispatch timeout after reduced solve; the reduced solve's own reason was [ResourceLimit] nonlinear abstraction: 5672 cross-products project to 104422 linear-real atoms, past the consuming engine's capacity of 1024 (this needs a nlsat/CAD engine)\ppreprocessed dispatch timeout after reduced solve; the reduced solve's own reason was [ResourceLimit] nonlinear abstraction: 5672 cross-products project to 104422 linear-real atoms, past the consuming engine's capacity of 1024 (this needs a nlsat/CAD engine)\ppreprocessed dispatch timeout after reduced solve; the reduced solve's own reason was [ResourceLimit] nonlinear abstraction: 5672 cross-products project to 104422 linear-real atoms, past the consuming engine's capacity of 1024 (this needs a nlsat/CAD engine)\ppreprocessed dispatch timeout after reduced solve; the reduced solve's own reason was [ResourceLimit] nonlinear abstraction: 5672 cross-products project to 104422 linear-real atoms, past the consuming engine's capacity of 1024 (this needs a nlsat/CAD engine)\ppreprocessed dispatch timeout after reduced solve; the reduced solve's own reason was [ResourceLimit] nonlinear abstraction: 5672 cross-products project to 104422 linear-real atoms, past the consuming engine's capacity of 1024 (this needs a nlsat/CAD engine)\ppreprocessed dispatch timeout after reduced solve; the reduced solve's own reason was [ResourceLimit] nonlinear abstraction: 5672 cross-products project to 104422 linear-real atoms, past the consuming engine's capacity of 1024 (this needs a nlsat/CAD engine)	\p\p\pother\pquant-ownership-decline\pother\pother\pother\pother\pother\pother\pother\pother\pother	server7	1,9	1.96
nia-groebner-gate-crossdiv-QF_NRA	shipped	QF_NRA/LassoRanker/CooperatingT2/p-46.t2.c_Iteration2_Loop_4-pieceTemplate.smt2	3c3ba0eb2	Real	unknown	0	none	nra	16	fd:parse:probe\pprobe:probe\pdl-online:declined\pnra-real-root:declined\pcas-ideal-refuter:declined\pnra:declined\pq:skolem-qf:declined\pfd:string-gate:declined\pfd:source-string-semantic-unsat:declined\pfd:word-route:declined\pfd:online-string:declined\pfd:membership:declined\pfd:lex-order:declined\pfd:length-lia:declined\pfd:source-string-sat-probe:declined\pfd:bounded-completeness-unsat:declined	25027	46\p11\p201\p0\p4\p24630\p0\p0\p0\p0\p0\p0\p0\p0\p0\p0	no	dl-online=not-applicable\pnra-real-root=incomplete\pcas-ideal-refuter=incomplete\pnra=budget\pq:skolem-qf=unsupported\pfd:string-gate=budget\pfd:source-string-semantic-unsat=budget\pfd:word-route=budget\pfd:online-string=budget\pfd:membership=budget\pfd:lex-order=budget\pfd:length-lia=budget\pfd:source-string-sat-probe=budget\pfd:bounded-completeness-unsat=budget	\pexact real-polynomial decider declined: non-conjunctive (cad-arm=default)\pnonlinear system exceeds the deterministic generator/atom/inequality ceilings\pnonlinear abstraction: 5672 cross-products project to 104422 linear-real atoms, past the consuming engine's capacity of 1024 (this needs a nlsat/CAD engine)\pquant-route ownership (ADR-2103): `q:skolem-qf` owns {Real, Int, BvOrFloat, Datatype, Function, UninterpretedSort, Array, NonBvArray, NonBoolBvArray} and does not own {NestedArray, WideInt}, which this quantified query carries, so its non-decision is a decline and the ladder continues. Its own reason was: preprocessed dispatch timeout after reduced solve; the reduced solve's own reason was [ResourceLimit] nonlinear abstraction: 5672 cross-products project to 104422 linear-real atoms, past the consuming engine's capacity of 1024 (this needs a nlsat/CAD engine)\ppreprocessed dispatch timeout after reduced solve; the reduced solve's own reason was [ResourceLimit] nonlinear abstraction: 5672 cross-products project to 104422 linear-real atoms, past the consuming engine's capacity of 1024 (this needs a nlsat/CAD engine)\ppreprocessed dispatch timeout after reduced solve; the reduced solve's own reason was [ResourceLimit] nonlinear abstraction: 5672 cross-products project to 104422 linear-real atoms, past the consuming engine's capacity of 1024 (this needs a nlsat/CAD engine)\ppreprocessed dispatch timeout after reduced solve; the reduced solve's own reason was [ResourceLimit] nonlinear abstraction: 5672 cross-products project to 104422 linear-real atoms, past the consuming engine's capacity of 1024 (this needs a nlsat/CAD engine)\ppreprocessed dispatch timeout after reduced solve; the reduced solve's own reason was [ResourceLimit] nonlinear abstraction: 5672 cross-products project to 104422 linear-real atoms, past the consuming engine's capacity of 1024 (this needs a nlsat/CAD engine)\ppreprocessed dispatch timeout after reduced solve; the reduced solve's own reason was [ResourceLimit] nonlinear abstraction: 5672 cross-products project to 104422 linear-real atoms, past the consuming engine's capacity of 1024 (this needs a nlsat/CAD engine)\ppreprocessed dispatch timeout after reduced solve; the reduced solve's own reason was [ResourceLimit] nonlinear abstraction: 5672 cross-products project to 104422 linear-real atoms, past the consuming engine's capacity of 1024 (this needs a nlsat/CAD engine)\ppreprocessed dispatch timeout after reduced solve; the reduced solve's own reason was [ResourceLimit] nonlinear abstraction: 5672 cross-products project to 104422 linear-real atoms, past the consuming engine's capacity of 1024 (this needs a nlsat/CAD engine)\ppreprocessed dispatch timeout after reduced solve; the reduced solve's own reason was [ResourceLimit] nonlinear abstraction: 5672 cross-products project to 104422 linear-real atoms, past the consuming engine's capacity of 1024 (this needs a nlsat/CAD engine)\ppreprocessed dispatch timeout after reduced solve; the reduced solve's own reason was [ResourceLimit] nonlinear abstraction: 5672 cross-products project to 104422 linear-real atoms, past the consuming engine's capacity of 1024 (this needs a nlsat/CAD engine)	\p\p\pother\pquant-ownership-decline\pother\pother\pother\pother\pother\pother\pother\pother\pother	server7	1,9	1.91
nia-groebner-gate-crossdiv-QF_NRA	shipped	QF_NRA/LassoRanker/CooperatingT2/polyrank4.t2.c_Iteration9_Loop_2-pieceTemplate.smt2	3c3ba0eb2	Real	unknown	0	none	nra	16	fd:parse:probe\pprobe:probe\pdl-online:declined\pnra-real-root:declined\pcas-ideal-refuter:declined\pnra:declined\pq:skolem-qf:declined\pfd:string-gate:declined\pfd:source-string-semantic-unsat:declined\pfd:word-route:declined\pfd:online-string:declined\pfd:membership:declined\pfd:lex-order:declined\pfd:length-lia:declined\pfd:source-string-sat-probe:declined\pfd:bounded-completeness-unsat:declined	24121	2\p0\p5\p0\p0\p24014\p0\p0\p0\p0\p0\p0\p0\p0\p0\p0	no	dl-online=not-applicable\pnra-real-root=incomplete\pcas-ideal-refuter=incomplete\pnra=budget\pq:skolem-qf=unsupported\pfd:string-gate=budget\pfd:source-string-semantic-unsat=budget\pfd:word-route=budget\pfd:online-string=budget\pfd:membership=budget\pfd:lex-order=budget\pfd:length-lia=budget\pfd:source-string-sat-probe=budget\pfd:bounded-completeness-unsat=budget	\pexact real-polynomial decider declined: non-conjunctive (cad-arm=default)\pnonlinear system exceeds the deterministic generator/atom/inequality ceilings\pnonlinear abstraction: 184 cross-products project to 3749 linear-real atoms, past the consuming engine's capacity of 1024 (this needs a nlsat/CAD engine)\pquant-route ownership (ADR-2103): `q:skolem-qf` owns {Real, Int, BvOrFloat, Datatype, Function, UninterpretedSort, Array, NonBvArray, NonBoolBvArray} and does not own {NestedArray, WideInt}, which this quantified query carries, so its non-decision is a decline and the ladder continues. Its own reason was: preprocessed dispatch timeout after reduced solve; the reduced solve's own reason was [ResourceLimit] nonlinear abstraction: 184 cross-products project to 3749 linear-real atoms, past the consuming engine's capacity of 1024 (this needs a nlsat/CAD engine)\ppreprocessed dispatch timeout after reduced solve; the reduced solve's own reason was [ResourceLimit] nonlinear abstraction: 184 cross-products project to 3749 linear-real atoms, past the consuming engine's capacity of 1024 (this needs a nlsat/CAD engine)\ppreprocessed dispatch timeout after reduced solve; the reduced solve's own reason was [ResourceLimit] nonlinear abstraction: 184 cross-products project to 3749 linear-real atoms, past the consuming engine's capacity of 1024 (this needs a nlsat/CAD engine)\ppreprocessed dispatch timeout after reduced solve; the reduced solve's own reason was [ResourceLimit] nonlinear abstraction: 184 cross-products project to 3749 linear-real atoms, past the consuming engine's capacity of 1024 (this needs a nlsat/CAD engine)\ppreprocessed dispatch timeout after reduced solve; the reduced solve's own reason was [ResourceLimit] nonlinear abstraction: 184 cross-products project to 3749 linear-real atoms, past the consuming engine's capacity of 1024 (this needs a nlsat/CAD engine)\ppreprocessed dispatch timeout after reduced solve; the reduced solve's own reason was [ResourceLimit] nonlinear abstraction: 184 cross-products project to 3749 linear-real atoms, past the consuming engine's capacity of 1024 (this needs a nlsat/CAD engine)\ppreprocessed dispatch timeout after reduced solve; the reduced solve's own reason was [ResourceLimit] nonlinear abstraction: 184 cross-products project to 3749 linear-real atoms, past the consuming engine's capacity of 1024 (this needs a nlsat/CAD engine)\ppreprocessed dispatch timeout after reduced solve; the reduced solve's own reason was [ResourceLimit] nonlinear abstraction: 184 cross-products project to 3749 linear-real atoms, past the consuming engine's capacity of 1024 (this needs a nlsat/CAD engine)\ppreprocessed dispatch timeout after reduced solve; the reduced solve's own reason was [ResourceLimit] nonlinear abstraction: 184 cross-products project to 3749 linear-real atoms, past the consuming engine's capacity of 1024 (this needs a nlsat/CAD engine)\ppreprocessed dispatch timeout after reduced solve; the reduced solve's own reason was [ResourceLimit] nonlinear abstraction: 184 cross-products project to 3749 linear-real atoms, past the consuming engine's capacity of 1024 (this needs a nlsat/CAD engine)	\p\p\pother\pquant-ownership-decline\pother\pother\pother\pother\pother\pother\pother\pother\pother	server7	1,9	1.94
nia-groebner-gate-crossdiv-QF_NRA	gateunbounded	QF_NRA/LassoRanker/CooperatingT2/polyrank4.t2.c_Iteration9_Loop_2-pieceTemplate.smt2	3c3ba0eb2	Real	unknown	0	none	nra	16	fd:parse:probe\pprobe:probe\pdl-online:declined\pnra-real-root:declined\pcas-ideal-refuter:declined\pnra:declined\pq:skolem-qf:declined\pfd:string-gate:declined\pfd:source-string-semantic-unsat:declined\pfd:word-route:declined\pfd:online-string:declined\pfd:membership:declined\pfd:lex-order:declined\pfd:length-lia:declined\pfd:source-string-sat-probe:declined\pfd:bounded-completeness-unsat:declined	24125	1\p0\p5\p0\p1\p24012\p0\p0\p0\p0\p0\p0\p0\p0\p0\p0	no	dl-online=not-applicable\pnra-real-root=incomplete\pcas-ideal-refuter=incomplete\pnra=budget\pq:skolem-qf=unsupported\pfd:string-gate=budget\pfd:source-string-semantic-unsat=budget\pfd:word-route=budget\pfd:online-string=budget\pfd:membership=budget\pfd:lex-order=budget\pfd:length-lia=budget\pfd:source-string-sat-probe=budget\pfd:bounded-completeness-unsat=budget	\pexact real-polynomial decider declined: non-conjunctive (cad-arm=default)\pcofactor-tracked Gröbner reduction hit the basis-size ceiling\pnonlinear abstraction: 184 cross-products project to 3749 linear-real atoms, past the consuming engine's capacity of 1024 (this needs a nlsat/CAD engine)\pquant-route ownership (ADR-2103): `q:skolem-qf` owns {Real, Int, BvOrFloat, Datatype, Function, UninterpretedSort, Array, NonBvArray, NonBoolBvArray} and does not own {NestedArray, WideInt}, which this quantified query carries, so its non-decision is a decline and the ladder continues. Its own reason was: preprocessed dispatch timeout after reduced solve; the reduced solve's own reason was [ResourceLimit] nonlinear abstraction: 184 cross-products project to 3749 linear-real atoms, past the consuming engine's capacity of 1024 (this needs a nlsat/CAD engine)\ppreprocessed dispatch timeout after reduced solve; the reduced solve's own reason was [ResourceLimit] nonlinear abstraction: 184 cross-products project to 3749 linear-real atoms, past the consuming engine's capacity of 1024 (this needs a nlsat/CAD engine)\ppreprocessed dispatch timeout after reduced solve; the reduced solve's own reason was [ResourceLimit] nonlinear abstraction: 184 cross-products project to 3749 linear-real atoms, past the consuming engine's capacity of 1024 (this needs a nlsat/CAD engine)\ppreprocessed dispatch timeout after reduced solve; the reduced solve's own reason was [ResourceLimit] nonlinear abstraction: 184 cross-products project to 3749 linear-real atoms, past the consuming engine's capacity of 1024 (this needs a nlsat/CAD engine)\ppreprocessed dispatch timeout after reduced solve; the reduced solve's own reason was [ResourceLimit] nonlinear abstraction: 184 cross-products project to 3749 linear-real atoms, past the consuming engine's capacity of 1024 (this needs a nlsat/CAD engine)\ppreprocessed dispatch timeout after reduced solve; the reduced solve's own reason was [ResourceLimit] nonlinear abstraction: 184 cross-products project to 3749 linear-real atoms, past the consuming engine's capacity of 1024 (this needs a nlsat/CAD engine)\ppreprocessed dispatch timeout after reduced solve; the reduced solve's own reason was [ResourceLimit] nonlinear abstraction: 184 cross-products project to 3749 linear-real atoms, past the consuming engine's capacity of 1024 (this needs a nlsat/CAD engine)\ppreprocessed dispatch timeout after reduced solve; the reduced solve's own reason was [ResourceLimit] nonlinear abstraction: 184 cross-products project to 3749 linear-real atoms, past the consuming engine's capacity of 1024 (this needs a nlsat/CAD engine)\ppreprocessed dispatch timeout after reduced solve; the reduced solve's own reason was [ResourceLimit] nonlinear abstraction: 184 cross-products project to 3749 linear-real atoms, past the consuming engine's capacity of 1024 (this needs a nlsat/CAD engine)\ppreprocessed dispatch timeout after reduced solve; the reduced solve's own reason was [ResourceLimit] nonlinear abstraction: 184 cross-products project to 3749 linear-real atoms, past the consuming engine's capacity of 1024 (this needs a nlsat/CAD engine)	\p\p\pother\pquant-ownership-decline\pother\pother\pother\pother\pother\pother\pother\pother\pother	server7	1,9	1.96
nia-groebner-gate-crossdiv-QF_NRA	gateunbounded	QF_NRA/LassoRanker/CooperatingT2/spiral.t2.c_Iteration22_Loop_4-pieceTemplate.smt2	3c3ba0eb2	Real	unknown	0	none	nra	16	fd:parse:probe\pprobe:probe\pdl-online:declined\pnra-real-root:declined\pcas-ideal-refuter:declined\pnra:declined\pq:skolem-qf:declined\pfd:string-gate:declined\pfd:source-string-semantic-unsat:declined\pfd:word-route:declined\pfd:online-string:declined\pfd:membership:declined\pfd:lex-order:declined\pfd:length-lia:declined\pfd:source-string-sat-probe:declined\pfd:bounded-completeness-unsat:declined	24223	9\p2\p33\p0\p2\p24048\p0\p0\p0\p0\p0\p0\p0\p0\p0\p0	no	dl-online=not-applicable\pnra-real-root=incomplete\pcas-ideal-refuter=incomplete\pnra=budget\pq:skolem-qf=unsupported\pfd:string-gate=budget\pfd:source-string-semantic-unsat=budget\pfd:word-route=budget\pfd:online-string=budget\pfd:membership=budget\pfd:lex-order=budget\pfd:length-lia=budget\pfd:source-string-sat-probe=budget\pfd:bounded-completeness-unsat=budget	\pexact real-polynomial decider declined: non-conjunctive (cad-arm=default)\pcofactor-tracked Gröbner reduction hit the basis-size ceiling\pnonlinear abstraction: 1476 cross-products project to 28183 linear-real atoms, past the consuming engine's capacity of 1024 (this needs a nlsat/CAD engine)\pquant-route ownership (ADR-2103): `q:skolem-qf` owns {Real, Int, BvOrFloat, Datatype, Function, UninterpretedSort, Array, NonBvArray, NonBoolBvArray} and does not own {NestedArray, WideInt}, which this quantified query carries, so its non-decision is a decline and the ladder continues. Its own reason was: preprocessed dispatch timeout after reduced solve; the reduced solve's own reason was [ResourceLimit] nonlinear abstraction: 1476 cross-products project to 28183 linear-real atoms, past the consuming engine's capacity of 1024 (this needs a nlsat/CAD engine)\ppreprocessed dispatch timeout after reduced solve; the reduced solve's own reason was [ResourceLimit] nonlinear abstraction: 1476 cross-products project to 28183 linear-real atoms, past the consuming engine's capacity of 1024 (this needs a nlsat/CAD engine)\ppreprocessed dispatch timeout after reduced solve; the reduced solve's own reason was [ResourceLimit] nonlinear abstraction: 1476 cross-products project to 28183 linear-real atoms, past the consuming engine's capacity of 1024 (this needs a nlsat/CAD engine)\ppreprocessed dispatch timeout after reduced solve; the reduced solve's own reason was [ResourceLimit] nonlinear abstraction: 1476 cross-products project to 28183 linear-real atoms, past the consuming engine's capacity of 1024 (this needs a nlsat/CAD engine)\ppreprocessed dispatch timeout after reduced solve; the reduced solve's own reason was [ResourceLimit] nonlinear abstraction: 1476 cross-products project to 28183 linear-real atoms, past the consuming engine's capacity of 1024 (this needs a nlsat/CAD engine)\ppreprocessed dispatch timeout after reduced solve; the reduced solve's own reason was [ResourceLimit] nonlinear abstraction: 1476 cross-products project to 28183 linear-real atoms, past the consuming engine's capacity of 1024 (this needs a nlsat/CAD engine)\ppreprocessed dispatch timeout after reduced solve; the reduced solve's own reason was [ResourceLimit] nonlinear abstraction: 1476 cross-products project to 28183 linear-real atoms, past the consuming engine's capacity of 1024 (this needs a nlsat/CAD engine)\ppreprocessed dispatch timeout after reduced solve; the reduced solve's own reason was [ResourceLimit] nonlinear abstraction: 1476 cross-products project to 28183 linear-real atoms, past the consuming engine's capacity of 1024 (this needs a nlsat/CAD engine)\ppreprocessed dispatch timeout after reduced solve; the reduced solve's own reason was [ResourceLimit] nonlinear abstraction: 1476 cross-products project to 28183 linear-real atoms, past the consuming engine's capacity of 1024 (this needs a nlsat/CAD engine)\ppreprocessed dispatch timeout after reduced solve; the reduced solve's own reason was [ResourceLimit] nonlinear abstraction: 1476 cross-products project to 28183 linear-real atoms, past the consuming engine's capacity of 1024 (this needs a nlsat/CAD engine)	\p\p\pother\pquant-ownership-decline\pother\pother\pother\pother\pother\pother\pother\pother\pother	server7	1,9	1.97
nia-groebner-gate-crossdiv-QF_NRA	shipped	QF_NRA/LassoRanker/CooperatingT2/spiral.t2.c_Iteration22_Loop_4-pieceTemplate.smt2	3c3ba0eb2	Real	unknown	0	none	nra	16	fd:parse:probe\pprobe:probe\pdl-online:declined\pnra-real-root:declined\pcas-ideal-refuter:declined\pnra:declined\pq:skolem-qf:declined\pfd:string-gate:declined\pfd:source-string-semantic-unsat:declined\pfd:word-route:declined\pfd:online-string:declined\pfd:membership:declined\pfd:lex-order:declined\pfd:length-lia:declined\pfd:source-string-sat-probe:declined\pfd:bounded-completeness-unsat:declined	24322	9\p2\p34\p0\p2\p24158\p0\p0\p0\p0\p0\p0\p0\p0\p0\p0	no	dl-online=not-applicable\pnra-real-root=incomplete\pcas-ideal-refuter=incomplete\pnra=budget\pq:skolem-qf=unsupported\pfd:string-gate=budget\pfd:source-string-semantic-unsat=budget\pfd:word-route=budget\pfd:online-string=budget\pfd:membership=budget\pfd:lex-order=budget\pfd:length-lia=budget\pfd:source-string-sat-probe=budget\pfd:bounded-completeness-unsat=budget	\pexact real-polynomial decider declined: non-conjunctive (cad-arm=default)\pnonlinear system exceeds the deterministic generator/atom/inequality ceilings\pnonlinear abstraction: 1476 cross-products project to 28183 linear-real atoms, past the consuming engine's capacity of 1024 (this needs a nlsat/CAD engine)\pquant-route ownership (ADR-2103): `q:skolem-qf` owns {Real, Int, BvOrFloat, Datatype, Function, UninterpretedSort, Array, NonBvArray, NonBoolBvArray} and does not own {NestedArray, WideInt}, which this quantified query carries, so its non-decision is a decline and the ladder continues. Its own reason was: preprocessed dispatch timeout after reduced solve; the reduced solve's own reason was [ResourceLimit] nonlinear abstraction: 1476 cross-products project to 28183 linear-real atoms, past the consuming engine's capacity of 1024 (this needs a nlsat/CAD engine)\ppreprocessed dispatch timeout after reduced solve; the reduced solve's own reason was [ResourceLimit] nonlinear abstraction: 1476 cross-products project to 28183 linear-real atoms, past the consuming engine's capacity of 1024 (this needs a nlsat/CAD engine)\ppreprocessed dispatch timeout after reduced solve; the reduced solve's own reason was [ResourceLimit] nonlinear abstraction: 1476 cross-products project to 28183 linear-real atoms, past the consuming engine's capacity of 1024 (this needs a nlsat/CAD engine)\ppreprocessed dispatch timeout after reduced solve; the reduced solve's own reason was [ResourceLimit] nonlinear abstraction: 1476 cross-products project to 28183 linear-real atoms, past the consuming engine's capacity of 1024 (this needs a nlsat/CAD engine)\ppreprocessed dispatch timeout after reduced solve; the reduced solve's own reason was [ResourceLimit] nonlinear abstraction: 1476 cross-products project to 28183 linear-real atoms, past the consuming engine's capacity of 1024 (this needs a nlsat/CAD engine)\ppreprocessed dispatch timeout after reduced solve; the reduced solve's own reason was [ResourceLimit] nonlinear abstraction: 1476 cross-products project to 28183 linear-real atoms, past the consuming engine's capacity of 1024 (this needs a nlsat/CAD engine)\ppreprocessed dispatch timeout after reduced solve; the reduced solve's own reason was [ResourceLimit] nonlinear abstraction: 1476 cross-products project to 28183 linear-real atoms, past the consuming engine's capacity of 1024 (this needs a nlsat/CAD engine)\ppreprocessed dispatch timeout after reduced solve; the reduced solve's own reason was [ResourceLimit] nonlinear abstraction: 1476 cross-products project to 28183 linear-real atoms, past the consuming engine's capacity of 1024 (this needs a nlsat/CAD engine)\ppreprocessed dispatch timeout after reduced solve; the reduced solve's own reason was [ResourceLimit] nonlinear abstraction: 1476 cross-products project to 28183 linear-real atoms, past the consuming engine's capacity of 1024 (this needs a nlsat/CAD engine)\ppreprocessed dispatch timeout after reduced solve; the reduced solve's own reason was [ResourceLimit] nonlinear abstraction: 1476 cross-products project to 28183 linear-real atoms, past the consuming engine's capacity of 1024 (this needs a nlsat/CAD engine)	\p\p\pother\pquant-ownership-decline\pother\pother\pother\pother\pother\pother\pother\pother\pother	server7	1,9	1.98
nia-groebner-gate-crossdiv-QF_NRA	shipped	QF_NRA/LassoRanker/SV-COMP/BrockschmidtCookFuhs-2013CAV-Fig1_true-termination.c_Iteration2_Loop_4-pieceTemplate.smt2	3c3ba0eb2	Real	unknown	0	none	nra	16	fd:parse:probe\pprobe:probe\pdl-online:declined\pnra-real-root:declined\pcas-ideal-refuter:declined\pnra:declined\pq:skolem-qf:declined\pfd:string-gate:declined\pfd:source-string-semantic-unsat:declined\pfd:word-route:declined\pfd:online-string:declined\pfd:membership:declined\pfd:lex-order:declined\pfd:length-lia:declined\pfd:source-string-sat-probe:declined\pfd:bounded-completeness-unsat:declined	24120	3\p0\p10\p0\p1\p24004\p0\p0\p0\p0\p0\p0\p0\p0\p0\p0	no	dl-online=not-applicable\pnra-real-root=incomplete\pcas-ideal-refuter=incomplete\pnra=budget\pq:skolem-qf=unsupported\pfd:string-gate=budget\pfd:source-string-semantic-unsat=budget\pfd:word-route=budget\pfd:online-string=budget\pfd:membership=budget\pfd:lex-order=budget\pfd:length-lia=budget\pfd:source-string-sat-probe=budget\pfd:bounded-completeness-unsat=budget	\pexact real-polynomial decider declined: non-conjunctive (cad-arm=default)\pnonlinear system exceeds the deterministic generator/atom/inequality ceilings\pnonlinear abstraction: 336 cross-products project to 7227 linear-real atoms, past the consuming engine's capacity of 1024 (this needs a nlsat/CAD engine)\pquant-route ownership (ADR-2103): `q:skolem-qf` owns {Real, Int, BvOrFloat, Datatype, Function, UninterpretedSort, Array, NonBvArray, NonBoolBvArray} and does not own {NestedArray, WideInt}, which this quantified query carries, so its non-decision is a decline and the ladder continues. Its own reason was: preprocessed dispatch timeout after reduced solve; the reduced solve's own reason was [ResourceLimit] nonlinear abstraction: 336 cross-products project to 7227 linear-real atoms, past the consuming engine's capacity of 1024 (this needs a nlsat/CAD engine)\ppreprocessed dispatch timeout after reduced solve; the reduced solve's own reason was [ResourceLimit] nonlinear abstraction: 336 cross-products project to 7227 linear-real atoms, past the consuming engine's capacity of 1024 (this needs a nlsat/CAD engine)\ppreprocessed dispatch timeout after reduced solve; the reduced solve's own reason was [ResourceLimit] nonlinear abstraction: 336 cross-products project to 7227 linear-real atoms, past the consuming engine's capacity of 1024 (this needs a nlsat/CAD engine)\ppreprocessed dispatch timeout after reduced solve; the reduced solve's own reason was [ResourceLimit] nonlinear abstraction: 336 cross-products project to 7227 linear-real atoms, past the consuming engine's capacity of 1024 (this needs a nlsat/CAD engine)\ppreprocessed dispatch timeout after reduced solve; the reduced solve's own reason was [ResourceLimit] nonlinear abstraction: 336 cross-products project to 7227 linear-real atoms, past the consuming engine's capacity of 1024 (this needs a nlsat/CAD engine)\ppreprocessed dispatch timeout after reduced solve; the reduced solve's own reason was [ResourceLimit] nonlinear abstraction: 336 cross-products project to 7227 linear-real atoms, past the consuming engine's capacity of 1024 (this needs a nlsat/CAD engine)\ppreprocessed dispatch timeout after reduced solve; the reduced solve's own reason was [ResourceLimit] nonlinear abstraction: 336 cross-products project to 7227 linear-real atoms, past the consuming engine's capacity of 1024 (this needs a nlsat/CAD engine)\ppreprocessed dispatch timeout after reduced solve; the reduced solve's own reason was [ResourceLimit] nonlinear abstraction: 336 cross-products project to 7227 linear-real atoms, past the consuming engine's capacity of 1024 (this needs a nlsat/CAD engine)\ppreprocessed dispatch timeout after reduced solve; the reduced solve's own reason was [ResourceLimit] nonlinear abstraction: 336 cross-products project to 7227 linear-real atoms, past the consuming engine's capacity of 1024 (this needs a nlsat/CAD engine)\ppreprocessed dispatch timeout after reduced solve; the reduced solve's own reason was [ResourceLimit] nonlinear abstraction: 336 cross-products project to 7227 linear-real atoms, past the consuming engine's capacity of 1024 (this needs a nlsat/CAD engine)	\p\p\pother\pquant-ownership-decline\pother\pother\pother\pother\pother\pother\pother\pother\pother	server7	1,9	1.99
nia-groebner-gate-crossdiv-QF_NRA	gateunbounded	QF_NRA/LassoRanker/SV-COMP/BrockschmidtCookFuhs-2013CAV-Fig1_true-termination.c_Iteration2_Loop_4-pieceTemplate.smt2	3c3ba0eb2	Real	unknown	0	none	nra	16	fd:parse:probe\pprobe:probe\pdl-online:declined\pnra-real-root:declined\pcas-ideal-refuter:declined\pnra:declined\pq:skolem-qf:declined\pfd:string-gate:declined\pfd:source-string-semantic-unsat:declined\pfd:word-route:declined\pfd:online-string:declined\pfd:membership:declined\pfd:lex-order:declined\pfd:length-lia:declined\pfd:source-string-sat-probe:declined\pfd:bounded-completeness-unsat:declined	24124	2\p0\p10\p0\p1\p24003\p0\p0\p0\p0\p0\p0\p0\p0\p0\p0	no	dl-online=not-applicable\pnra-real-root=incomplete\pcas-ideal-refuter=incomplete\pnra=budget\pq:skolem-qf=unsupported\pfd:string-gate=budget\pfd:source-string-semantic-unsat=budget\pfd:word-route=budget\pfd:online-string=budget\pfd:membership=budget\pfd:lex-order=budget\pfd:length-lia=budget\pfd:source-string-sat-probe=budget\pfd:bounded-completeness-unsat=budget	\pexact real-polynomial decider declined: non-conjunctive (cad-arm=default)\pcofactor-tracked Gröbner reduction hit the basis-size ceiling\pnonlinear abstraction: 336 cross-products project to 7227 linear-real atoms, past the consuming engine's capacity of 1024 (this needs a nlsat/CAD engine)\pquant-route ownership (ADR-2103): `q:skolem-qf` owns {Real, Int, BvOrFloat, Datatype, Function, UninterpretedSort, Array, NonBvArray, NonBoolBvArray} and does not own {NestedArray, WideInt}, which this quantified query carries, so its non-decision is a decline and the ladder continues. Its own reason was: preprocessed dispatch timeout after reduced solve; the reduced solve's own reason was [ResourceLimit] nonlinear abstraction: 336 cross-products project to 7227 linear-real atoms, past the consuming engine's capacity of 1024 (this needs a nlsat/CAD engine)\ppreprocessed dispatch timeout after reduced solve; the reduced solve's own reason was [ResourceLimit] nonlinear abstraction: 336 cross-products project to 7227 linear-real atoms, past the consuming engine's capacity of 1024 (this needs a nlsat/CAD engine)\ppreprocessed dispatch timeout after reduced solve; the reduced solve's own reason was [ResourceLimit] nonlinear abstraction: 336 cross-products project to 7227 linear-real atoms, past the consuming engine's capacity of 1024 (this needs a nlsat/CAD engine)\ppreprocessed dispatch timeout after reduced solve; the reduced solve's own reason was [ResourceLimit] nonlinear abstraction: 336 cross-products project to 7227 linear-real atoms, past the consuming engine's capacity of 1024 (this needs a nlsat/CAD engine)\ppreprocessed dispatch timeout after reduced solve; the reduced solve's own reason was [ResourceLimit] nonlinear abstraction: 336 cross-products project to 7227 linear-real atoms, past the consuming engine's capacity of 1024 (this needs a nlsat/CAD engine)\ppreprocessed dispatch timeout after reduced solve; the reduced solve's own reason was [ResourceLimit] nonlinear abstraction: 336 cross-products project to 7227 linear-real atoms, past the consuming engine's capacity of 1024 (this needs a nlsat/CAD engine)\ppreprocessed dispatch timeout after reduced solve; the reduced solve's own reason was [ResourceLimit] nonlinear abstraction: 336 cross-products project to 7227 linear-real atoms, past the consuming engine's capacity of 1024 (this needs a nlsat/CAD engine)\ppreprocessed dispatch timeout after reduced solve; the reduced solve's own reason was [ResourceLimit] nonlinear abstraction: 336 cross-products project to 7227 linear-real atoms, past the consuming engine's capacity of 1024 (this needs a nlsat/CAD engine)\ppreprocessed dispatch timeout after reduced solve; the reduced solve's own reason was [ResourceLimit] nonlinear abstraction: 336 cross-products project to 7227 linear-real atoms, past the consuming engine's capacity of 1024 (this needs a nlsat/CAD engine)\ppreprocessed dispatch timeout after reduced solve; the reduced solve's own reason was [ResourceLimit] nonlinear abstraction: 336 cross-products project to 7227 linear-real atoms, past the consuming engine's capacity of 1024 (this needs a nlsat/CAD engine)	\p\p\pother\pquant-ownership-decline\pother\pother\pother\pother\pother\pother\pother\pother\pother	server7	1,9	1.99
nia-groebner-gate-crossdiv-QF_NRA	gateunbounded	QF_NRA/LassoRanker/SV-COMP/KroeningSharyginaTsitovichWintersteiger-2010CAV-Fig1_true-termination.c_Iteration1_Lasso_6-phaseTemplate.smt2	3c3ba0eb2	Real	unknown	0	none	dl-online	5	fd:parse:probe\pprobe:probe\pdl-online:declined\pnra-real-root:declined\pcas-ideal-refuter:declined	25224	272\p58\p1140\p0\p15	yes	dl-online=not-applicable\pnra-real-root=incomplete\pcas-ideal-refuter=incomplete	\pexact real-polynomial decider declined: non-conjunctive (cad-arm=default)\pcofactor-tracked Gröbner reduction hit the basis-size ceiling	\p\p	server7	1,9	2.00
nia-groebner-gate-crossdiv-QF_NRA	shipped	QF_NRA/LassoRanker/SV-COMP/KroeningSharyginaTsitovichWintersteiger-2010CAV-Fig1_true-termination.c_Iteration1_Lasso_6-phaseTemplate.smt2	3c3ba0eb2	Real	unknown	0	none	dl-online	5	fd:parse:probe\pprobe:probe\pdl-online:declined\pnra-real-root:declined\pcas-ideal-refuter:declined	25122	256\p58\p1211\p0\p15	yes	dl-online=not-applicable\pnra-real-root=incomplete\pcas-ideal-refuter=incomplete	\pexact real-polynomial decider declined: non-conjunctive (cad-arm=default)\pnonlinear system exceeds the deterministic generator/atom/inequality ceilings	\p\p	server7	1,9	2.06
nia-groebner-gate-crossdiv-QF_NRA	shipped	QF_NRA/LassoRanker/SV-COMP/NoriSharma-2013FSE-Fig7_true-termination.c_Iteration1_Loop_6-phaseTemplate.smt2	3c3ba0eb2	Real	unknown	0	none	nra	16	fd:parse:probe\pprobe:probe\pdl-online:declined\pnra-real-root:declined\pcas-ideal-refuter:declined\pnra:declined\pq:skolem-qf:declined\pfd:string-gate:declined\pfd:source-string-semantic-unsat:declined\pfd:word-route:declined\pfd:online-string:declined\pfd:membership:declined\pfd:lex-order:declined\pfd:length-lia:declined\pfd:source-string-sat-probe:declined\pfd:bounded-completeness-unsat:declined	24121	3\p1\p11\p0\p1\p24023\p0\p0\p0\p0\p0\p0\p0\p0\p0\p0	no	dl-online=not-applicable\pnra-real-root=incomplete\pcas-ideal-refuter=incomplete\pnra=budget\pq:skolem-qf=unsupported\pfd:string-gate=budget\pfd:source-string-semantic-unsat=budget\pfd:word-route=budget\pfd:online-string=budget\pfd:membership=budget\pfd:lex-order=budget\pfd:length-lia=budget\pfd:source-string-sat-probe=budget\pfd:bounded-completeness-unsat=budget	\pexact real-polynomial decider declined: non-conjunctive (cad-arm=default)\pnonlinear system exceeds the deterministic generator/atom/inequality ceilings\pnonlinear abstraction: 420 cross-products project to 8412 linear-real atoms, past the consuming engine's capacity of 1024 (this needs a nlsat/CAD engine)\pquant-route ownership (ADR-2103): `q:skolem-qf` owns {Real, Int, BvOrFloat, Datatype, Function, UninterpretedSort, Array, NonBvArray, NonBoolBvArray} and does not own {NestedArray, WideInt}, which this quantified query carries, so its non-decision is a decline and the ladder continues. Its own reason was: preprocessed dispatch timeout after reduced solve; the reduced solve's own reason was [ResourceLimit] nonlinear abstraction: 420 cross-products project to 8412 linear-real atoms, past the consuming engine's capacity of 1024 (this needs a nlsat/CAD engine)\ppreprocessed dispatch timeout after reduced solve; the reduced solve's own reason was [ResourceLimit] nonlinear abstraction: 420 cross-products project to 8412 linear-real atoms, past the consuming engine's capacity of 1024 (this needs a nlsat/CAD engine)\ppreprocessed dispatch timeout after reduced solve; the reduced solve's own reason was [ResourceLimit] nonlinear abstraction: 420 cross-products project to 8412 linear-real atoms, past the consuming engine's capacity of 1024 (this needs a nlsat/CAD engine)\ppreprocessed dispatch timeout after reduced solve; the reduced solve's own reason was [ResourceLimit] nonlinear abstraction: 420 cross-products project to 8412 linear-real atoms, past the consuming engine's capacity of 1024 (this needs a nlsat/CAD engine)\ppreprocessed dispatch timeout after reduced solve; the reduced solve's own reason was [ResourceLimit] nonlinear abstraction: 420 cross-products project to 8412 linear-real atoms, past the consuming engine's capacity of 1024 (this needs a nlsat/CAD engine)\ppreprocessed dispatch timeout after reduced solve; the reduced solve's own reason was [ResourceLimit] nonlinear abstraction: 420 cross-products project to 8412 linear-real atoms, past the consuming engine's capacity of 1024 (this needs a nlsat/CAD engine)\ppreprocessed dispatch timeout after reduced solve; the reduced solve's own reason was [ResourceLimit] nonlinear abstraction: 420 cross-products project to 8412 linear-real atoms, past the consuming engine's capacity of 1024 (this needs a nlsat/CAD engine)\ppreprocessed dispatch timeout after reduced solve; the reduced solve's own reason was [ResourceLimit] nonlinear abstraction: 420 cross-products project to 8412 linear-real atoms, past the consuming engine's capacity of 1024 (this needs a nlsat/CAD engine)\ppreprocessed dispatch timeout after reduced solve; the reduced solve's own reason was [ResourceLimit] nonlinear abstraction: 420 cross-products project to 8412 linear-real atoms, past the consuming engine's capacity of 1024 (this needs a nlsat/CAD engine)\ppreprocessed dispatch timeout after reduced solve; the reduced solve's own reason was [ResourceLimit] nonlinear abstraction: 420 cross-products project to 8412 linear-real atoms, past the consuming engine's capacity of 1024 (this needs a nlsat/CAD engine)	\p\p\pother\pquant-ownership-decline\pother\pother\pother\pother\pother\pother\pother\pother\pother	server7	1,9	2.04
nia-groebner-gate-crossdiv-QF_NRA	gateunbounded	QF_NRA/LassoRanker/SV-COMP/NoriSharma-2013FSE-Fig7_true-termination.c_Iteration1_Loop_6-phaseTemplate.smt2	3c3ba0eb2	Real	unknown	0	none	nra	16	fd:parse:probe\pprobe:probe\pdl-online:declined\pnra-real-root:declined\pcas-ideal-refuter:declined\pnra:declined\pq:skolem-qf:declined\pfd:string-gate:declined\pfd:source-string-semantic-unsat:declined\pfd:word-route:declined\pfd:online-string:declined\pfd:membership:declined\pfd:lex-order:declined\pfd:length-lia:declined\pfd:source-string-sat-probe:declined\pfd:bounded-completeness-unsat:declined	24123	3\p0\p11\p0\p2\p24025\p0\p0\p0\p0\p0\p0\p0\p0\p0\p0	no	dl-online=not-applicable\pnra-real-root=incomplete\pcas-ideal-refuter=incomplete\pnra=budget\pq:skolem-qf=unsupported\pfd:string-gate=budget\pfd:source-string-semantic-unsat=budget\pfd:word-route=budget\pfd:online-string=budget\pfd:membership=budget\pfd:lex-order=budget\pfd:length-lia=budget\pfd:source-string-sat-probe=budget\pfd:bounded-completeness-unsat=budget	\pexact real-polynomial decider declined: non-conjunctive (cad-arm=default)\pcofactor-tracked Gröbner reduction hit the basis-size ceiling\pnonlinear abstraction: 420 cross-products project to 8412 linear-real atoms, past the consuming engine's capacity of 1024 (this needs a nlsat/CAD engine)\pquant-route ownership (ADR-2103): `q:skolem-qf` owns {Real, Int, BvOrFloat, Datatype, Function, UninterpretedSort, Array, NonBvArray, NonBoolBvArray} and does not own {NestedArray, WideInt}, which this quantified query carries, so its non-decision is a decline and the ladder continues. Its own reason was: preprocessed dispatch timeout after reduced solve; the reduced solve's own reason was [ResourceLimit] nonlinear abstraction: 420 cross-products project to 8412 linear-real atoms, past the consuming engine's capacity of 1024 (this needs a nlsat/CAD engine)\ppreprocessed dispatch timeout after reduced solve; the reduced solve's own reason was [ResourceLimit] nonlinear abstraction: 420 cross-products project to 8412 linear-real atoms, past the consuming engine's capacity of 1024 (this needs a nlsat/CAD engine)\ppreprocessed dispatch timeout after reduced solve; the reduced solve's own reason was [ResourceLimit] nonlinear abstraction: 420 cross-products project to 8412 linear-real atoms, past the consuming engine's capacity of 1024 (this needs a nlsat/CAD engine)\ppreprocessed dispatch timeout after reduced solve; the reduced solve's own reason was [ResourceLimit] nonlinear abstraction: 420 cross-products project to 8412 linear-real atoms, past the consuming engine's capacity of 1024 (this needs a nlsat/CAD engine)\ppreprocessed dispatch timeout after reduced solve; the reduced solve's own reason was [ResourceLimit] nonlinear abstraction: 420 cross-products project to 8412 linear-real atoms, past the consuming engine's capacity of 1024 (this needs a nlsat/CAD engine)\ppreprocessed dispatch timeout after reduced solve; the reduced solve's own reason was [ResourceLimit] nonlinear abstraction: 420 cross-products project to 8412 linear-real atoms, past the consuming engine's capacity of 1024 (this needs a nlsat/CAD engine)\ppreprocessed dispatch timeout after reduced solve; the reduced solve's own reason was [ResourceLimit] nonlinear abstraction: 420 cross-products project to 8412 linear-real atoms, past the consuming engine's capacity of 1024 (this needs a nlsat/CAD engine)\ppreprocessed dispatch timeout after reduced solve; the reduced solve's own reason was [ResourceLimit] nonlinear abstraction: 420 cross-products project to 8412 linear-real atoms, past the consuming engine's capacity of 1024 (this needs a nlsat/CAD engine)\ppreprocessed dispatch timeout after reduced solve; the reduced solve's own reason was [ResourceLimit] nonlinear abstraction: 420 cross-products project to 8412 linear-real atoms, past the consuming engine's capacity of 1024 (this needs a nlsat/CAD engine)\ppreprocessed dispatch timeout after reduced solve; the reduced solve's own reason was [ResourceLimit] nonlinear abstraction: 420 cross-products project to 8412 linear-real atoms, past the consuming engine's capacity of 1024 (this needs a nlsat/CAD engine)	\p\p\pother\pquant-ownership-decline\pother\pother\pother\pother\pother\pother\pother\pother\pother	server7	1,9	2.02
nia-groebner-gate-crossdiv-QF_NRA	gateunbounded	QF_NRA/LassoRanker/SV-COMP/min_rf_true-termination.c_Iteration1_Lasso_2-pieceTemplate.smt2	3c3ba0eb2	Real	unknown	0	none	nra	16	fd:parse:probe\pprobe:probe\pdl-online:declined\pnra-real-root:declined\pcas-ideal-refuter:declined\pnra:declined\pq:skolem-qf:declined\pfd:string-gate:declined\pfd:source-string-semantic-unsat:declined\pfd:word-route:declined\pfd:online-string:declined\pfd:membership:declined\pfd:lex-order:declined\pfd:length-lia:declined\pfd:source-string-sat-probe:declined\pfd:bounded-completeness-unsat:declined	24626	26\p7\p112\p0\p2\p24344\p0\p0\p0\p0\p0\p0\p0\p0\p0\p0	no	dl-online=not-applicable\pnra-real-root=incomplete\pcas-ideal-refuter=incomplete\pnra=budget\pq:skolem-qf=unsupported\pfd:string-gate=budget\pfd:source-string-semantic-unsat=budget\pfd:word-route=budget\pfd:online-string=budget\pfd:membership=budget\pfd:lex-order=budget\pfd:length-lia=budget\pfd:source-string-sat-probe=budget\pfd:bounded-completeness-unsat=budget	\pexact real-polynomial decider declined: non-conjunctive (cad-arm=default)\pcofactor-tracked Gröbner reduction hit the basis-size ceiling\pnonlinear abstraction: 2928 cross-products project to 56352 linear-real atoms, past the consuming engine's capacity of 1024 (this needs a nlsat/CAD engine)\pquant-route ownership (ADR-2103): `q:skolem-qf` owns {Real, Int, BvOrFloat, Datatype, Function, UninterpretedSort, Array, NonBvArray, NonBoolBvArray} and does not own {NestedArray, WideInt}, which this quantified query carries, so its non-decision is a decline and the ladder continues. Its own reason was: preprocessed dispatch timeout after reduced solve; the reduced solve's own reason was [ResourceLimit] nonlinear abstraction: 2928 cross-products project to 56352 linear-real atoms, past the consuming engine's capacity of 1024 (this needs a nlsat/CAD engine)\ppreprocessed dispatch timeout after reduced solve; the reduced solve's own reason was [ResourceLimit] nonlinear abstraction: 2928 cross-products project to 56352 linear-real atoms, past the consuming engine's capacity of 1024 (this needs a nlsat/CAD engine)\ppreprocessed dispatch timeout after reduced solve; the reduced solve's own reason was [ResourceLimit] nonlinear abstraction: 2928 cross-products project to 56352 linear-real atoms, past the consuming engine's capacity of 1024 (this needs a nlsat/CAD engine)\ppreprocessed dispatch timeout after reduced solve; the reduced solve's own reason was [ResourceLimit] nonlinear abstraction: 2928 cross-products project to 56352 linear-real atoms, past the consuming engine's capacity of 1024 (this needs a nlsat/CAD engine)\ppreprocessed dispatch timeout after reduced solve; the reduced solve's own reason was [ResourceLimit] nonlinear abstraction: 2928 cross-products project to 56352 linear-real atoms, past the consuming engine's capacity of 1024 (this needs a nlsat/CAD engine)\ppreprocessed dispatch timeout after reduced solve; the reduced solve's own reason was [ResourceLimit] nonlinear abstraction: 2928 cross-products project to 56352 linear-real atoms, past the consuming engine's capacity of 1024 (this needs a nlsat/CAD engine)\ppreprocessed dispatch timeout after reduced solve; the reduced solve's own reason was [ResourceLimit] nonlinear abstraction: 2928 cross-products project to 56352 linear-real atoms, past the consuming engine's capacity of 1024 (this needs a nlsat/CAD engine)\ppreprocessed dispatch timeout after reduced solve; the reduced solve's own reason was [ResourceLimit] nonlinear abstraction: 2928 cross-products project to 56352 linear-real atoms, past the consuming engine's capacity of 1024 (this needs a nlsat/CAD engine)\ppreprocessed dispatch timeout after reduced solve; the reduced solve's own reason was [ResourceLimit] nonlinear abstraction: 2928 cross-products project to 56352 linear-real atoms, past the consuming engine's capacity of 1024 (this needs a nlsat/CAD engine)\ppreprocessed dispatch timeout after reduced solve; the reduced solve's own reason was [ResourceLimit] nonlinear abstraction: 2928 cross-products project to 56352 linear-real atoms, past the consuming engine's capacity of 1024 (this needs a nlsat/CAD engine)	\p\p\pother\pquant-ownership-decline\pother\pother\pother\pother\pother\pother\pother\pother\pother	server7	1,9	2.22
nia-groebner-gate-crossdiv-QF_NRA	shipped	QF_NRA/LassoRanker/SV-COMP/min_rf_true-termination.c_Iteration1_Lasso_2-pieceTemplate.smt2	3c3ba0eb2	Real	unknown	0	none	nra	16	fd:parse:probe\pprobe:probe\pdl-online:declined\pnra-real-root:declined\pcas-ideal-refuter:declined\pnra:declined\pq:skolem-qf:declined\pfd:string-gate:declined\pfd:source-string-semantic-unsat:declined\pfd:word-route:declined\pfd:online-string:declined\pfd:membership:declined\pfd:lex-order:declined\pfd:length-lia:declined\pfd:source-string-sat-probe:declined\pfd:bounded-completeness-unsat:declined	24625	28\p7\p117\p0\p2\p24334\p0\p0\p0\p0\p0\p0\p0\p0\p0\p0	no	dl-online=not-applicable\pnra-real-root=incomplete\pcas-ideal-refuter=incomplete\pnra=budget\pq:skolem-qf=unsupported\pfd:string-gate=budget\pfd:source-string-semantic-unsat=budget\pfd:word-route=budget\pfd:online-string=budget\pfd:membership=budget\pfd:lex-order=budget\pfd:length-lia=budget\pfd:source-string-sat-probe=budget\pfd:bounded-completeness-unsat=budget	\pexact real-polynomial decider declined: non-conjunctive (cad-arm=default)\pnonlinear system exceeds the deterministic generator/atom/inequality ceilings\pnonlinear abstraction: 2928 cross-products project to 56352 linear-real atoms, past the consuming engine's capacity of 1024 (this needs a nlsat/CAD engine)\pquant-route ownership (ADR-2103): `q:skolem-qf` owns {Real, Int, BvOrFloat, Datatype, Function, UninterpretedSort, Array, NonBvArray, NonBoolBvArray} and does not own {NestedArray, WideInt}, which this quantified query carries, so its non-decision is a decline and the ladder continues. Its own reason was: preprocessed dispatch timeout after reduced solve; the reduced solve's own reason was [ResourceLimit] nonlinear abstraction: 2928 cross-products project to 56352 linear-real atoms, past the consuming engine's capacity of 1024 (this needs a nlsat/CAD engine)\ppreprocessed dispatch timeout after reduced solve; the reduced solve's own reason was [ResourceLimit] nonlinear abstraction: 2928 cross-products project to 56352 linear-real atoms, past the consuming engine's capacity of 1024 (this needs a nlsat/CAD engine)\ppreprocessed dispatch timeout after reduced solve; the reduced solve's own reason was [ResourceLimit] nonlinear abstraction: 2928 cross-products project to 56352 linear-real atoms, past the consuming engine's capacity of 1024 (this needs a nlsat/CAD engine)\ppreprocessed dispatch timeout after reduced solve; the reduced solve's own reason was [ResourceLimit] nonlinear abstraction: 2928 cross-products project to 56352 linear-real atoms, past the consuming engine's capacity of 1024 (this needs a nlsat/CAD engine)\ppreprocessed dispatch timeout after reduced solve; the reduced solve's own reason was [ResourceLimit] nonlinear abstraction: 2928 cross-products project to 56352 linear-real atoms, past the consuming engine's capacity of 1024 (this needs a nlsat/CAD engine)\ppreprocessed dispatch timeout after reduced solve; the reduced solve's own reason was [ResourceLimit] nonlinear abstraction: 2928 cross-products project to 56352 linear-real atoms, past the consuming engine's capacity of 1024 (this needs a nlsat/CAD engine)\ppreprocessed dispatch timeout after reduced solve; the reduced solve's own reason was [ResourceLimit] nonlinear abstraction: 2928 cross-products project to 56352 linear-real atoms, past the consuming engine's capacity of 1024 (this needs a nlsat/CAD engine)\ppreprocessed dispatch timeout after reduced solve; the reduced solve's own reason was [ResourceLimit] nonlinear abstraction: 2928 cross-products project to 56352 linear-real atoms, past the consuming engine's capacity of 1024 (this needs a nlsat/CAD engine)\ppreprocessed dispatch timeout after reduced solve; the reduced solve's own reason was [ResourceLimit] nonlinear abstraction: 2928 cross-products project to 56352 linear-real atoms, past the consuming engine's capacity of 1024 (this needs a nlsat/CAD engine)\ppreprocessed dispatch timeout after reduced solve; the reduced solve's own reason was [ResourceLimit] nonlinear abstraction: 2928 cross-products project to 56352 linear-real atoms, past the consuming engine's capacity of 1024 (this needs a nlsat/CAD engine)	\p\p\pother\pquant-ownership-decline\pother\pother\pother\pother\pother\pother\pother\pother\pother	server7	1,9	2.14
nia-groebner-gate-crossdiv-QF_NRA	shipped	QF_NRA/LassoRanker/Ultimate/Canberra.bpl_Iteration1_Lasso_6-phaseTemplate.smt2	3c3ba0eb2	Real	unknown	0	none	nra	16	fd:parse:probe\pprobe:probe\pdl-online:declined\pnra-real-root:declined\pcas-ideal-refuter:declined\pnra:declined\pq:skolem-qf:declined\pfd:string-gate:declined\pfd:source-string-semantic-unsat:declined\pfd:word-route:declined\pfd:online-string:declined\pfd:membership:declined\pfd:lex-order:declined\pfd:length-lia:declined\pfd:source-string-sat-probe:declined\pfd:bounded-completeness-unsat:declined	24425	27\p6\p111\p0\p2\p24153\p0\p0\p0\p0\p0\p0\p0\p0\p0\p0	no	dl-online=not-applicable\pnra-real-root=incomplete\pcas-ideal-refuter=incomplete\pnra=budget\pq:skolem-qf=unsupported\pfd:string-gate=budget\pfd:source-string-semantic-unsat=budget\pfd:word-route=budget\pfd:online-string=budget\pfd:membership=budget\pfd:lex-order=budget\pfd:length-lia=budget\pfd:source-string-sat-probe=budget\pfd:bounded-completeness-unsat=budget	\pexact real-polynomial decider declined: non-conjunctive (cad-arm=default)\pnonlinear system exceeds the deterministic generator/atom/inequality ceilings\pnonlinear abstraction: 1752 cross-products project to 41444 linear-real atoms, past the consuming engine's capacity of 1024 (this needs a nlsat/CAD engine)\pquant-route ownership (ADR-2103): `q:skolem-qf` owns {Real, Int, BvOrFloat, Datatype, Function, UninterpretedSort, Array, NonBvArray, NonBoolBvArray} and does not own {NestedArray, WideInt}, which this quantified query carries, so its non-decision is a decline and the ladder continues. Its own reason was: preprocessed dispatch timeout after reduced solve; the reduced solve's own reason was [ResourceLimit] nonlinear abstraction: 1752 cross-products project to 41444 linear-real atoms, past the consuming engine's capacity of 1024 (this needs a nlsat/CAD engine)\ppreprocessed dispatch timeout after reduced solve; the reduced solve's own reason was [ResourceLimit] nonlinear abstraction: 1752 cross-products project to 41444 linear-real atoms, past the consuming engine's capacity of 1024 (this needs a nlsat/CAD engine)\ppreprocessed dispatch timeout after reduced solve; the reduced solve's own reason was [ResourceLimit] nonlinear abstraction: 1752 cross-products project to 41444 linear-real atoms, past the consuming engine's capacity of 1024 (this needs a nlsat/CAD engine)\ppreprocessed dispatch timeout after reduced solve; the reduced solve's own reason was [ResourceLimit] nonlinear abstraction: 1752 cross-products project to 41444 linear-real atoms, past the consuming engine's capacity of 1024 (this needs a nlsat/CAD engine)\ppreprocessed dispatch timeout after reduced solve; the reduced solve's own reason was [ResourceLimit] nonlinear abstraction: 1752 cross-products project to 41444 linear-real atoms, past the consuming engine's capacity of 1024 (this needs a nlsat/CAD engine)\ppreprocessed dispatch timeout after reduced solve; the reduced solve's own reason was [ResourceLimit] nonlinear abstraction: 1752 cross-products project to 41444 linear-real atoms, past the consuming engine's capacity of 1024 (this needs a nlsat/CAD engine)\ppreprocessed dispatch timeout after reduced solve; the reduced solve's own reason was [ResourceLimit] nonlinear abstraction: 1752 cross-products project to 41444 linear-real atoms, past the consuming engine's capacity of 1024 (this needs a nlsat/CAD engine)\ppreprocessed dispatch timeout after reduced solve; the reduced solve's own reason was [ResourceLimit] nonlinear abstraction: 1752 cross-products project to 41444 linear-real atoms, past the consuming engine's capacity of 1024 (this needs a nlsat/CAD engine)\ppreprocessed dispatch timeout after reduced solve; the reduced solve's own reason was [ResourceLimit] nonlinear abstraction: 1752 cross-products project to 41444 linear-real atoms, past the consuming engine's capacity of 1024 (this needs a nlsat/CAD engine)\ppreprocessed dispatch timeout after reduced solve; the reduced solve's own reason was [ResourceLimit] nonlinear abstraction: 1752 cross-products project to 41444 linear-real atoms, past the consuming engine's capacity of 1024 (this needs a nlsat/CAD engine)	\p\p\pother\pquant-ownership-decline\pother\pother\pother\pother\pother\pother\pother\pother\pother	server7	1,9	2.15
nia-groebner-gate-crossdiv-QF_NRA	gateunbounded	QF_NRA/LassoRanker/Ultimate/Canberra.bpl_Iteration1_Lasso_6-phaseTemplate.smt2	3c3ba0eb2	Real	unknown	0	none	nra	16	fd:parse:probe\pprobe:probe\pdl-online:declined\pnra-real-root:declined\pcas-ideal-refuter:declined\pnra:declined\pq:skolem-qf:declined\pfd:string-gate:declined\pfd:source-string-semantic-unsat:declined\pfd:word-route:declined\pfd:online-string:declined\pfd:membership:declined\pfd:lex-order:declined\pfd:length-lia:declined\pfd:source-string-sat-probe:declined\pfd:bounded-completeness-unsat:declined	24422	31\p6\p123\p0\p3\p24141\p0\p0\p0\p0\p0\p0\p0\p0\p0\p0	no	dl-online=not-applicable\pnra-real-root=incomplete\pcas-ideal-refuter=incomplete\pnra=budget\pq:skolem-qf=unsupported\pfd:string-gate=budget\pfd:source-string-semantic-unsat=budget\pfd:word-route=budget\pfd:online-string=budget\pfd:membership=budget\pfd:lex-order=budget\pfd:length-lia=budget\pfd:source-string-sat-probe=budget\pfd:bounded-completeness-unsat=budget	\pexact real-polynomial decider declined: non-conjunctive (cad-arm=default)\pcofactor-tracked Gröbner reduction hit the basis-size ceiling\pnonlinear abstraction: 1752 cross-products project to 41444 linear-real atoms, past the consuming engine's capacity of 1024 (this needs a nlsat/CAD engine)\pquant-route ownership (ADR-2103): `q:skolem-qf` owns {Real, Int, BvOrFloat, Datatype, Function, UninterpretedSort, Array, NonBvArray, NonBoolBvArray} and does not own {NestedArray, WideInt}, which this quantified query carries, so its non-decision is a decline and the ladder continues. Its own reason was: preprocessed dispatch timeout after reduced solve; the reduced solve's own reason was [ResourceLimit] nonlinear abstraction: 1752 cross-products project to 41444 linear-real atoms, past the consuming engine's capacity of 1024 (this needs a nlsat/CAD engine)\ppreprocessed dispatch timeout after reduced solve; the reduced solve's own reason was [ResourceLimit] nonlinear abstraction: 1752 cross-products project to 41444 linear-real atoms, past the consuming engine's capacity of 1024 (this needs a nlsat/CAD engine)\ppreprocessed dispatch timeout after reduced solve; the reduced solve's own reason was [ResourceLimit] nonlinear abstraction: 1752 cross-products project to 41444 linear-real atoms, past the consuming engine's capacity of 1024 (this needs a nlsat/CAD engine)\ppreprocessed dispatch timeout after reduced solve; the reduced solve's own reason was [ResourceLimit] nonlinear abstraction: 1752 cross-products project to 41444 linear-real atoms, past the consuming engine's capacity of 1024 (this needs a nlsat/CAD engine)\ppreprocessed dispatch timeout after reduced solve; the reduced solve's own reason was [ResourceLimit] nonlinear abstraction: 1752 cross-products project to 41444 linear-real atoms, past the consuming engine's capacity of 1024 (this needs a nlsat/CAD engine)\ppreprocessed dispatch timeout after reduced solve; the reduced solve's own reason was [ResourceLimit] nonlinear abstraction: 1752 cross-products project to 41444 linear-real atoms, past the consuming engine's capacity of 1024 (this needs a nlsat/CAD engine)\ppreprocessed dispatch timeout after reduced solve; the reduced solve's own reason was [ResourceLimit] nonlinear abstraction: 1752 cross-products project to 41444 linear-real atoms, past the consuming engine's capacity of 1024 (this needs a nlsat/CAD engine)\ppreprocessed dispatch timeout after reduced solve; the reduced solve's own reason was [ResourceLimit] nonlinear abstraction: 1752 cross-products project to 41444 linear-real atoms, past the consuming engine's capacity of 1024 (this needs a nlsat/CAD engine)\ppreprocessed dispatch timeout after reduced solve; the reduced solve's own reason was [ResourceLimit] nonlinear abstraction: 1752 cross-products project to 41444 linear-real atoms, past the consuming engine's capacity of 1024 (this needs a nlsat/CAD engine)\ppreprocessed dispatch timeout after reduced solve; the reduced solve's own reason was [ResourceLimit] nonlinear abstraction: 1752 cross-products project to 41444 linear-real atoms, past the consuming engine's capacity of 1024 (this needs a nlsat/CAD engine)	\p\p\pother\pquant-ownership-decline\pother\pother\pother\pother\pother\pother\pother\pother\pother	server7	1,9	2.10
nia-groebner-gate-crossdiv-QF_NRA	gateunbounded	QF_NRA/LassoRanker/Ultimate/FourPhase.bpl_Iteration1_Lasso_7-phaseTemplate.smt2	3c3ba0eb2	Real	unknown	0	none	nra	16	fd:parse:probe\pprobe:probe\pdl-online:declined\pnra-real-root:declined\pcas-ideal-refuter:declined\pnra:declined\pq:skolem-qf:declined\pfd:string-gate:declined\pfd:source-string-semantic-unsat:declined\pfd:word-route:declined\pfd:online-string:declined\pfd:membership:declined\pfd:lex-order:declined\pfd:length-lia:declined\pfd:source-string-sat-probe:declined\pfd:bounded-completeness-unsat:declined	24123	2\p0\p6\p0\p1\p24013\p0\p0\p0\p0\p0\p0\p0\p0\p0\p0	no	dl-online=not-applicable\pnra-real-root=incomplete\pcas-ideal-refuter=incomplete\pnra=budget\pq:skolem-qf=unsupported\pfd:string-gate=budget\pfd:source-string-semantic-unsat=budget\pfd:word-route=budget\pfd:online-string=budget\pfd:membership=budget\pfd:lex-order=budget\pfd:length-lia=budget\pfd:source-string-sat-probe=budget\pfd:bounded-completeness-unsat=budget	\pexact real-polynomial decider declined: non-conjunctive (cad-arm=default)\pcofactor-tracked Gröbner reduction hit the basis-size ceiling\pnonlinear abstraction: 295 cross-products project to 5799 linear-real atoms, past the consuming engine's capacity of 1024 (this needs a nlsat/CAD engine)\pquant-route ownership (ADR-2103): `q:skolem-qf` owns {Real, Int, BvOrFloat, Datatype, Function, UninterpretedSort, Array, NonBvArray, NonBoolBvArray} and does not own {NestedArray, WideInt}, which this quantified query carries, so its non-decision is a decline and the ladder continues. Its own reason was: preprocessed dispatch timeout after reduced solve; the reduced solve's own reason was [ResourceLimit] nonlinear abstraction: 295 cross-products project to 5799 linear-real atoms, past the consuming engine's capacity of 1024 (this needs a nlsat/CAD engine)\ppreprocessed dispatch timeout after reduced solve; the reduced solve's own reason was [ResourceLimit] nonlinear abstraction: 295 cross-products project to 5799 linear-real atoms, past the consuming engine's capacity of 1024 (this needs a nlsat/CAD engine)\ppreprocessed dispatch timeout after reduced solve; the reduced solve's own reason was [ResourceLimit] nonlinear abstraction: 295 cross-products project to 5799 linear-real atoms, past the consuming engine's capacity of 1024 (this needs a nlsat/CAD engine)\ppreprocessed dispatch timeout after reduced solve; the reduced solve's own reason was [ResourceLimit] nonlinear abstraction: 295 cross-products project to 5799 linear-real atoms, past the consuming engine's capacity of 1024 (this needs a nlsat/CAD engine)\ppreprocessed dispatch timeout after reduced solve; the reduced solve's own reason was [ResourceLimit] nonlinear abstraction: 295 cross-products project to 5799 linear-real atoms, past the consuming engine's capacity of 1024 (this needs a nlsat/CAD engine)\ppreprocessed dispatch timeout after reduced solve; the reduced solve's own reason was [ResourceLimit] nonlinear abstraction: 295 cross-products project to 5799 linear-real atoms, past the consuming engine's capacity of 1024 (this needs a nlsat/CAD engine)\ppreprocessed dispatch timeout after reduced solve; the reduced solve's own reason was [ResourceLimit] nonlinear abstraction: 295 cross-products project to 5799 linear-real atoms, past the consuming engine's capacity of 1024 (this needs a nlsat/CAD engine)\ppreprocessed dispatch timeout after reduced solve; the reduced solve's own reason was [ResourceLimit] nonlinear abstraction: 295 cross-products project to 5799 linear-real atoms, past the consuming engine's capacity of 1024 (this needs a nlsat/CAD engine)\ppreprocessed dispatch timeout after reduced solve; the reduced solve's own reason was [ResourceLimit] nonlinear abstraction: 295 cross-products project to 5799 linear-real atoms, past the consuming engine's capacity of 1024 (this needs a nlsat/CAD engine)\ppreprocessed dispatch timeout after reduced solve; the reduced solve's own reason was [ResourceLimit] nonlinear abstraction: 295 cross-products project to 5799 linear-real atoms, past the consuming engine's capacity of 1024 (this needs a nlsat/CAD engine)	\p\p\pother\pquant-ownership-decline\pother\pother\pother\pother\pother\pother\pother\pother\pother	server7	1,9	2.07
nia-groebner-gate-crossdiv-QF_NRA	shipped	QF_NRA/LassoRanker/Ultimate/FourPhase.bpl_Iteration1_Lasso_7-phaseTemplate.smt2	3c3ba0eb2	Real	unknown	0	none	nra	16	fd:parse:probe\pprobe:probe\pdl-online:declined\pnra-real-root:declined\pcas-ideal-refuter:declined\pnra:declined\pq:skolem-qf:declined\pfd:string-gate:declined\pfd:source-string-semantic-unsat:declined\pfd:word-route:declined\pfd:online-string:declined\pfd:membership:declined\pfd:lex-order:declined\pfd:length-lia:declined\pfd:source-string-sat-probe:declined\pfd:bounded-completeness-unsat:declined	24124	1\p0\p6\p0\p0\p24015\p0\p0\p0\p0\p0\p0\p0\p0\p0\p0	no	dl-online=not-applicable\pnra-real-root=incomplete\pcas-ideal-refuter=incomplete\pnra=budget\pq:skolem-qf=unsupported\pfd:string-gate=budget\pfd:source-string-semantic-unsat=budget\pfd:word-route=budget\pfd:online-string=budget\pfd:membership=budget\pfd:lex-order=budget\pfd:length-lia=budget\pfd:source-string-sat-probe=budget\pfd:bounded-completeness-unsat=budget	\pexact real-polynomial decider declined: non-conjunctive (cad-arm=default)\pnonlinear system exceeds the deterministic generator/atom/inequality ceilings\pnonlinear abstraction: 295 cross-products project to 5799 linear-real atoms, past the consuming engine's capacity of 1024 (this needs a nlsat/CAD engine)\pquant-route ownership (ADR-2103): `q:skolem-qf` owns {Real, Int, BvOrFloat, Datatype, Function, UninterpretedSort, Array, NonBvArray, NonBoolBvArray} and does not own {NestedArray, WideInt}, which this quantified query carries, so its non-decision is a decline and the ladder continues. Its own reason was: preprocessed dispatch timeout after reduced solve; the reduced solve's own reason was [ResourceLimit] nonlinear abstraction: 295 cross-products project to 5799 linear-real atoms, past the consuming engine's capacity of 1024 (this needs a nlsat/CAD engine)\ppreprocessed dispatch timeout after reduced solve; the reduced solve's own reason was [ResourceLimit] nonlinear abstraction: 295 cross-products project to 5799 linear-real atoms, past the consuming engine's capacity of 1024 (this needs a nlsat/CAD engine)\ppreprocessed dispatch timeout after reduced solve; the reduced solve's own reason was [ResourceLimit] nonlinear abstraction: 295 cross-products project to 5799 linear-real atoms, past the consuming engine's capacity of 1024 (this needs a nlsat/CAD engine)\ppreprocessed dispatch timeout after reduced solve; the reduced solve's own reason was [ResourceLimit] nonlinear abstraction: 295 cross-products project to 5799 linear-real atoms, past the consuming engine's capacity of 1024 (this needs a nlsat/CAD engine)\ppreprocessed dispatch timeout after reduced solve; the reduced solve's own reason was [ResourceLimit] nonlinear abstraction: 295 cross-products project to 5799 linear-real atoms, past the consuming engine's capacity of 1024 (this needs a nlsat/CAD engine)\ppreprocessed dispatch timeout after reduced solve; the reduced solve's own reason was [ResourceLimit] nonlinear abstraction: 295 cross-products project to 5799 linear-real atoms, past the consuming engine's capacity of 1024 (this needs a nlsat/CAD engine)\ppreprocessed dispatch timeout after reduced solve; the reduced solve's own reason was [ResourceLimit] nonlinear abstraction: 295 cross-products project to 5799 linear-real atoms, past the consuming engine's capacity of 1024 (this needs a nlsat/CAD engine)\ppreprocessed dispatch timeout after reduced solve; the reduced solve's own reason was [ResourceLimit] nonlinear abstraction: 295 cross-products project to 5799 linear-real atoms, past the consuming engine's capacity of 1024 (this needs a nlsat/CAD engine)\ppreprocessed dispatch timeout after reduced solve; the reduced solve's own reason was [ResourceLimit] nonlinear abstraction: 295 cross-products project to 5799 linear-real atoms, past the consuming engine's capacity of 1024 (this needs a nlsat/CAD engine)\ppreprocessed dispatch timeout after reduced solve; the reduced solve's own reason was [ResourceLimit] nonlinear abstraction: 295 cross-products project to 5799 linear-real atoms, past the consuming engine's capacity of 1024 (this needs a nlsat/CAD engine)	\p\p\pother\pquant-ownership-decline\pother\pother\pother\pother\pother\pother\pother\pother\pother	server7	1,9	2.05
nia-groebner-gate-crossdiv-QF_NRA	shipped	QF_NRA/LassoRanker/Ultimate/SantaBarbara01.bpl_Iteration1_Lasso_3-pieceTemplate.smt2	3c3ba0eb2	Real	unknown	0	none	nra	16	fd:parse:probe\pprobe:probe\pdl-online:declined\pnra-real-root:declined\pcas-ideal-refuter:declined\pnra:declined\pq:skolem-qf:declined\pfd:string-gate:declined\pfd:source-string-semantic-unsat:declined\pfd:word-route:declined\pfd:online-string:declined\pfd:membership:declined\pfd:lex-order:declined\pfd:length-lia:declined\pfd:source-string-sat-probe:declined\pfd:bounded-completeness-unsat:declined	24126	1\p0\p3\p0\p0\p24003\p0\p0\p0\p0\p0\p0\p0\p0\p0\p0	no	dl-online=not-applicable\pnra-real-root=incomplete\pcas-ideal-refuter=incomplete\pnra=budget\pq:skolem-qf=unsupported\pfd:string-gate=budget\pfd:source-string-semantic-unsat=budget\pfd:word-route=budget\pfd:online-string=budget\pfd:membership=budget\pfd:lex-order=budget\pfd:length-lia=budget\pfd:source-string-sat-probe=budget\pfd:bounded-completeness-unsat=budget	\pexact real-polynomial decider declined: non-conjunctive (cad-arm=default)\pnonlinear system exceeds the deterministic generator/atom/inequality ceilings\pnonlinear abstraction: 179 cross-products project to 3930 linear-real atoms, past the consuming engine's capacity of 1024 (this needs a nlsat/CAD engine)\pquant-route ownership (ADR-2103): `q:skolem-qf` owns {Real, Int, BvOrFloat, Datatype, Function, UninterpretedSort, Array, NonBvArray, NonBoolBvArray} and does not own {NestedArray, WideInt}, which this quantified query carries, so its non-decision is a decline and the ladder continues. Its own reason was: preprocessed dispatch timeout after reduced solve; the reduced solve's own reason was [ResourceLimit] nonlinear abstraction: 179 cross-products project to 3930 linear-real atoms, past the consuming engine's capacity of 1024 (this needs a nlsat/CAD engine)\ppreprocessed dispatch timeout after reduced solve; the reduced solve's own reason was [ResourceLimit] nonlinear abstraction: 179 cross-products project to 3930 linear-real atoms, past the consuming engine's capacity of 1024 (this needs a nlsat/CAD engine)\ppreprocessed dispatch timeout after reduced solve; the reduced solve's own reason was [ResourceLimit] nonlinear abstraction: 179 cross-products project to 3930 linear-real atoms, past the consuming engine's capacity of 1024 (this needs a nlsat/CAD engine)\ppreprocessed dispatch timeout after reduced solve; the reduced solve's own reason was [ResourceLimit] nonlinear abstraction: 179 cross-products project to 3930 linear-real atoms, past the consuming engine's capacity of 1024 (this needs a nlsat/CAD engine)\ppreprocessed dispatch timeout after reduced solve; the reduced solve's own reason was [ResourceLimit] nonlinear abstraction: 179 cross-products project to 3930 linear-real atoms, past the consuming engine's capacity of 1024 (this needs a nlsat/CAD engine)\ppreprocessed dispatch timeout after reduced solve; the reduced solve's own reason was [ResourceLimit] nonlinear abstraction: 179 cross-products project to 3930 linear-real atoms, past the consuming engine's capacity of 1024 (this needs a nlsat/CAD engine)\ppreprocessed dispatch timeout after reduced solve; the reduced solve's own reason was [ResourceLimit] nonlinear abstraction: 179 cross-products project to 3930 linear-real atoms, past the consuming engine's capacity of 1024 (this needs a nlsat/CAD engine)\ppreprocessed dispatch timeout after reduced solve; the reduced solve's own reason was [ResourceLimit] nonlinear abstraction: 179 cross-products project to 3930 linear-real atoms, past the consuming engine's capacity of 1024 (this needs a nlsat/CAD engine)\ppreprocessed dispatch timeout after reduced solve; the reduced solve's own reason was [ResourceLimit] nonlinear abstraction: 179 cross-products project to 3930 linear-real atoms, past the consuming engine's capacity of 1024 (this needs a nlsat/CAD engine)\ppreprocessed dispatch timeout after reduced solve; the reduced solve's own reason was [ResourceLimit] nonlinear abstraction: 179 cross-products project to 3930 linear-real atoms, past the consuming engine's capacity of 1024 (this needs a nlsat/CAD engine)	\p\p\pother\pquant-ownership-decline\pother\pother\pother\pother\pother\pother\pother\pother\pother	server7	1,9	2.03
nia-groebner-gate-crossdiv-QF_NRA	gateunbounded	QF_NRA/LassoRanker/Ultimate/SantaBarbara01.bpl_Iteration1_Lasso_3-pieceTemplate.smt2	3c3ba0eb2	Real	unknown	0	none	nra	16	fd:parse:probe\pprobe:probe\pdl-online:declined\pnra-real-root:declined\pcas-ideal-refuter:declined\pnra:declined\pq:skolem-qf:declined\pfd:string-gate:declined\pfd:source-string-semantic-unsat:declined\pfd:word-route:declined\pfd:online-string:declined\pfd:membership:declined\pfd:lex-order:declined\pfd:length-lia:declined\pfd:source-string-sat-probe:declined\pfd:bounded-completeness-unsat:declined	24124	1\p0\p3\p0\p0\p24014\p0\p0\p0\p0\p0\p0\p0\p0\p0\p0	no	dl-online=not-applicable\pnra-real-root=incomplete\pcas-ideal-refuter=incomplete\pnra=budget\pq:skolem-qf=unsupported\pfd:string-gate=budget\pfd:source-string-semantic-unsat=budget\pfd:word-route=budget\pfd:online-string=budget\pfd:membership=budget\pfd:lex-order=budget\pfd:length-lia=budget\pfd:source-string-sat-probe=budget\pfd:bounded-completeness-unsat=budget	\pexact real-polynomial decider declined: non-conjunctive (cad-arm=default)\pcofactor-tracked Gröbner reduction hit the basis-size ceiling\pnonlinear abstraction: 179 cross-products project to 3930 linear-real atoms, past the consuming engine's capacity of 1024 (this needs a nlsat/CAD engine)\pquant-route ownership (ADR-2103): `q:skolem-qf` owns {Real, Int, BvOrFloat, Datatype, Function, UninterpretedSort, Array, NonBvArray, NonBoolBvArray} and does not own {NestedArray, WideInt}, which this quantified query carries, so its non-decision is a decline and the ladder continues. Its own reason was: preprocessed dispatch timeout after reduced solve; the reduced solve's own reason was [ResourceLimit] nonlinear abstraction: 179 cross-products project to 3930 linear-real atoms, past the consuming engine's capacity of 1024 (this needs a nlsat/CAD engine)\ppreprocessed dispatch timeout after reduced solve; the reduced solve's own reason was [ResourceLimit] nonlinear abstraction: 179 cross-products project to 3930 linear-real atoms, past the consuming engine's capacity of 1024 (this needs a nlsat/CAD engine)\ppreprocessed dispatch timeout after reduced solve; the reduced solve's own reason was [ResourceLimit] nonlinear abstraction: 179 cross-products project to 3930 linear-real atoms, past the consuming engine's capacity of 1024 (this needs a nlsat/CAD engine)\ppreprocessed dispatch timeout after reduced solve; the reduced solve's own reason was [ResourceLimit] nonlinear abstraction: 179 cross-products project to 3930 linear-real atoms, past the consuming engine's capacity of 1024 (this needs a nlsat/CAD engine)\ppreprocessed dispatch timeout after reduced solve; the reduced solve's own reason was [ResourceLimit] nonlinear abstraction: 179 cross-products project to 3930 linear-real atoms, past the consuming engine's capacity of 1024 (this needs a nlsat/CAD engine)\ppreprocessed dispatch timeout after reduced solve; the reduced solve's own reason was [ResourceLimit] nonlinear abstraction: 179 cross-products project to 3930 linear-real atoms, past the consuming engine's capacity of 1024 (this needs a nlsat/CAD engine)\ppreprocessed dispatch timeout after reduced solve; the reduced solve's own reason was [ResourceLimit] nonlinear abstraction: 179 cross-products project to 3930 linear-real atoms, past the consuming engine's capacity of 1024 (this needs a nlsat/CAD engine)\ppreprocessed dispatch timeout after reduced solve; the reduced solve's own reason was [ResourceLimit] nonlinear abstraction: 179 cross-products project to 3930 linear-real atoms, past the consuming engine's capacity of 1024 (this needs a nlsat/CAD engine)\ppreprocessed dispatch timeout after reduced solve; the reduced solve's own reason was [ResourceLimit] nonlinear abstraction: 179 cross-products project to 3930 linear-real atoms, past the consuming engine's capacity of 1024 (this needs a nlsat/CAD engine)\ppreprocessed dispatch timeout after reduced solve; the reduced solve's own reason was [ResourceLimit] nonlinear abstraction: 179 cross-products project to 3930 linear-real atoms, past the consuming engine's capacity of 1024 (this needs a nlsat/CAD engine)	\p\p\pother\pquant-ownership-decline\pother\pother\pother\pother\pother\pother\pother\pother\pother	server7	1,9	2.02
nia-groebner-gate-crossdiv-QF_NRA	gateunbounded	QF_NRA/LassoRanker/Ultimate/yPositive-SIscaled75.bpl_Iteration1_Loop_2-pieceTemplate.smt2	3c3ba0eb2	Real	unknown	0	none	nra	16	fd:parse:probe\pprobe:probe\pdl-online:declined\pnra-real-root:declined\pcas-ideal-refuter:declined\pnra:declined\pq:skolem-qf:declined\pfd:string-gate:declined\pfd:source-string-semantic-unsat:declined\pfd:word-route:declined\pfd:online-string:declined\pfd:membership:declined\pfd:lex-order:declined\pfd:length-lia:declined\pfd:source-string-sat-probe:declined\pfd:bounded-completeness-unsat:declined	24220	14\p5\p50\p3\p9\p24030\p0\p0\p0\p0\p0\p0\p0\p0\p0\p0	no	dl-online=not-applicable\pnra-real-root=incomplete\pcas-ideal-refuter=incomplete\pnra=budget\pq:skolem-qf=unsupported\pfd:string-gate=budget\pfd:source-string-semantic-unsat=budget\pfd:word-route=budget\pfd:online-string=budget\pfd:membership=budget\pfd:lex-order=budget\pfd:length-lia=budget\pfd:source-string-sat-probe=budget\pfd:bounded-completeness-unsat=budget	\pexact real-polynomial decider declined: non-conjunctive (cad-arm=default)\pcofactor-tracked Gröbner reduction hit the basis-size ceiling\pnonlinear abstraction: 1564 cross-products project to 31225 linear-real atoms, past the consuming engine's capacity of 1024 (this needs a nlsat/CAD engine)\pquant-route ownership (ADR-2103): `q:skolem-qf` owns {Real, Int, BvOrFloat, Datatype, Function, UninterpretedSort, Array, NonBvArray, NonBoolBvArray} and does not own {NestedArray, WideInt}, which this quantified query carries, so its non-decision is a decline and the ladder continues. Its own reason was: preprocessed dispatch timeout after reduced solve; the reduced solve's own reason was [ResourceLimit] nonlinear abstraction: 1564 cross-products project to 31225 linear-real atoms, past the consuming engine's capacity of 1024 (this needs a nlsat/CAD engine)\ppreprocessed dispatch timeout after reduced solve; the reduced solve's own reason was [ResourceLimit] nonlinear abstraction: 1564 cross-products project to 31225 linear-real atoms, past the consuming engine's capacity of 1024 (this needs a nlsat/CAD engine)\ppreprocessed dispatch timeout after reduced solve; the reduced solve's own reason was [ResourceLimit] nonlinear abstraction: 1564 cross-products project to 31225 linear-real atoms, past the consuming engine's capacity of 1024 (this needs a nlsat/CAD engine)\ppreprocessed dispatch timeout after reduced solve; the reduced solve's own reason was [ResourceLimit] nonlinear abstraction: 1564 cross-products project to 31225 linear-real atoms, past the consuming engine's capacity of 1024 (this needs a nlsat/CAD engine)\ppreprocessed dispatch timeout after reduced solve; the reduced solve's own reason was [ResourceLimit] nonlinear abstraction: 1564 cross-products project to 31225 linear-real atoms, past the consuming engine's capacity of 1024 (this needs a nlsat/CAD engine)\ppreprocessed dispatch timeout after reduced solve; the reduced solve's own reason was [ResourceLimit] nonlinear abstraction: 1564 cross-products project to 31225 linear-real atoms, past the consuming engine's capacity of 1024 (this needs a nlsat/CAD engine)\ppreprocessed dispatch timeout after reduced solve; the reduced solve's own reason was [ResourceLimit] nonlinear abstraction: 1564 cross-products project to 31225 linear-real atoms, past the consuming engine's capacity of 1024 (this needs a nlsat/CAD engine)\ppreprocessed dispatch timeout after reduced solve; the reduced solve's own reason was [ResourceLimit] nonlinear abstraction: 1564 cross-products project to 31225 linear-real atoms, past the consuming engine's capacity of 1024 (this needs a nlsat/CAD engine)\ppreprocessed dispatch timeout after reduced solve; the reduced solve's own reason was [ResourceLimit] nonlinear abstraction: 1564 cross-products project to 31225 linear-real atoms, past the consuming engine's capacity of 1024 (this needs a nlsat/CAD engine)\ppreprocessed dispatch timeout after reduced solve; the reduced solve's own reason was [ResourceLimit] nonlinear abstraction: 1564 cross-products project to 31225 linear-real atoms, past the consuming engine's capacity of 1024 (this needs a nlsat/CAD engine)	\p\p\pother\pquant-ownership-decline\pother\pother\pother\pother\pother\pother\pother\pother\pother	server7	1,9	2.01
nia-groebner-gate-crossdiv-QF_NRA	shipped	QF_NRA/LassoRanker/Ultimate/yPositive-SIscaled75.bpl_Iteration1_Loop_2-pieceTemplate.smt2	3c3ba0eb2	Real	unknown	0	none	nra	16	fd:parse:probe\pprobe:probe\pdl-online:declined\pnra-real-root:declined\pcas-ideal-refuter:declined\pnra:declined\pq:skolem-qf:declined\pfd:string-gate:declined\pfd:source-string-semantic-unsat:declined\pfd:word-route:declined\pfd:online-string:declined\pfd:membership:declined\pfd:lex-order:declined\pfd:length-lia:declined\pfd:source-string-sat-probe:declined\pfd:bounded-completeness-unsat:declined	24221	14\p5\p50\p2\p9\p24087\p0\p0\p0\p0\p0\p0\p0\p0\p0\p0	no	dl-online=not-applicable\pnra-real-root=incomplete\pcas-ideal-refuter=incomplete\pnra=budget\pq:skolem-qf=unsupported\pfd:string-gate=budget\pfd:source-string-semantic-unsat=budget\pfd:word-route=budget\pfd:online-string=budget\pfd:membership=budget\pfd:lex-order=budget\pfd:length-lia=budget\pfd:source-string-sat-probe=budget\pfd:bounded-completeness-unsat=budget	\pexact real-polynomial decider declined: non-conjunctive (cad-arm=default)\pnonlinear system exceeds the deterministic generator/atom/inequality ceilings\pnonlinear abstraction: 1564 cross-products project to 31225 linear-real atoms, past the consuming engine's capacity of 1024 (this needs a nlsat/CAD engine)\pquant-route ownership (ADR-2103): `q:skolem-qf` owns {Real, Int, BvOrFloat, Datatype, Function, UninterpretedSort, Array, NonBvArray, NonBoolBvArray} and does not own {NestedArray, WideInt}, which this quantified query carries, so its non-decision is a decline and the ladder continues. Its own reason was: preprocessed dispatch timeout after reduced solve; the reduced solve's own reason was [ResourceLimit] nonlinear abstraction: 1564 cross-products project to 31225 linear-real atoms, past the consuming engine's capacity of 1024 (this needs a nlsat/CAD engine)\ppreprocessed dispatch timeout after reduced solve; the reduced solve's own reason was [ResourceLimit] nonlinear abstraction: 1564 cross-products project to 31225 linear-real atoms, past the consuming engine's capacity of 1024 (this needs a nlsat/CAD engine)\ppreprocessed dispatch timeout after reduced solve; the reduced solve's own reason was [ResourceLimit] nonlinear abstraction: 1564 cross-products project to 31225 linear-real atoms, past the consuming engine's capacity of 1024 (this needs a nlsat/CAD engine)\ppreprocessed dispatch timeout after reduced solve; the reduced solve's own reason was [ResourceLimit] nonlinear abstraction: 1564 cross-products project to 31225 linear-real atoms, past the consuming engine's capacity of 1024 (this needs a nlsat/CAD engine)\ppreprocessed dispatch timeout after reduced solve; the reduced solve's own reason was [ResourceLimit] nonlinear abstraction: 1564 cross-products project to 31225 linear-real atoms, past the consuming engine's capacity of 1024 (this needs a nlsat/CAD engine)\ppreprocessed dispatch timeout after reduced solve; the reduced solve's own reason was [ResourceLimit] nonlinear abstraction: 1564 cross-products project to 31225 linear-real atoms, past the consuming engine's capacity of 1024 (this needs a nlsat/CAD engine)\ppreprocessed dispatch timeout after reduced solve; the reduced solve's own reason was [ResourceLimit] nonlinear abstraction: 1564 cross-products project to 31225 linear-real atoms, past the consuming engine's capacity of 1024 (this needs a nlsat/CAD engine)\ppreprocessed dispatch timeout after reduced solve; the reduced solve's own reason was [ResourceLimit] nonlinear abstraction: 1564 cross-products project to 31225 linear-real atoms, past the consuming engine's capacity of 1024 (this needs a nlsat/CAD engine)\ppreprocessed dispatch timeout after reduced solve; the reduced solve's own reason was [ResourceLimit] nonlinear abstraction: 1564 cross-products project to 31225 linear-real atoms, past the consuming engine's capacity of 1024 (this needs a nlsat/CAD engine)\ppreprocessed dispatch timeout after reduced solve; the reduced solve's own reason was [ResourceLimit] nonlinear abstraction: 1564 cross-products project to 31225 linear-real atoms, past the consuming engine's capacity of 1024 (this needs a nlsat/CAD engine)	\p\p\pother\pquant-ownership-decline\pother\pother\pother\pother\pother\pother\pother\pother\pother	server7	1,9	2.01
nia-groebner-gate-crossdiv-QF_NRA	shipped	QF_NRA/UltimateAutomizer/InVarSynth_pcatest1.bpl_Iteration1_1.smt2	3c3ba0eb2	Real	unknown	0	none	nra	16	fd:parse:probe\pprobe:probe\pdl-online:declined\pnra-real-root:declined\pcas-ideal-refuter:declined\pnra:declined\pq:skolem-qf:declined\pfd:string-gate:declined\pfd:source-string-semantic-unsat:declined\pfd:word-route:declined\pfd:online-string:declined\pfd:membership:declined\pfd:lex-order:declined\pfd:length-lia:declined\pfd:source-string-sat-probe:declined\pfd:bounded-completeness-unsat:declined	24122	5\p1\p12\p0\p1\p24013\p0\p0\p0\p0\p0\p0\p0\p0\p0\p0	no	dl-online=not-applicable\pnra-real-root=incomplete\pcas-ideal-refuter=incomplete\pnra=budget\pq:skolem-qf=unsupported\pfd:string-gate=budget\pfd:source-string-semantic-unsat=budget\pfd:word-route=budget\pfd:online-string=budget\pfd:membership=budget\pfd:lex-order=budget\pfd:length-lia=budget\pfd:source-string-sat-probe=budget\pfd:bounded-completeness-unsat=budget	\pexact real-polynomial decider declined: non-conjunctive (cad-arm=default)\pnonlinear system exceeds the deterministic generator/atom/inequality ceilings\pnonlinear abstraction: 480 cross-products project to 9066 linear-real atoms, past the consuming engine's capacity of 1024 (this needs a nlsat/CAD engine)\pquant-route ownership (ADR-2103): `q:skolem-qf` owns {Real, Int, BvOrFloat, Datatype, Function, UninterpretedSort, Array, NonBvArray, NonBoolBvArray} and does not own {NestedArray, WideInt}, which this quantified query carries, so its non-decision is a decline and the ladder continues. Its own reason was: preprocessed dispatch timeout after reduced solve; the reduced solve's own reason was [ResourceLimit] nonlinear abstraction: 480 cross-products project to 9066 linear-real atoms, past the consuming engine's capacity of 1024 (this needs a nlsat/CAD engine)\ppreprocessed dispatch timeout after reduced solve; the reduced solve's own reason was [ResourceLimit] nonlinear abstraction: 480 cross-products project to 9066 linear-real atoms, past the consuming engine's capacity of 1024 (this needs a nlsat/CAD engine)\ppreprocessed dispatch timeout after reduced solve; the reduced solve's own reason was [ResourceLimit] nonlinear abstraction: 480 cross-products project to 9066 linear-real atoms, past the consuming engine's capacity of 1024 (this needs a nlsat/CAD engine)\ppreprocessed dispatch timeout after reduced solve; the reduced solve's own reason was [ResourceLimit] nonlinear abstraction: 480 cross-products project to 9066 linear-real atoms, past the consuming engine's capacity of 1024 (this needs a nlsat/CAD engine)\ppreprocessed dispatch timeout after reduced solve; the reduced solve's own reason was [ResourceLimit] nonlinear abstraction: 480 cross-products project to 9066 linear-real atoms, past the consuming engine's capacity of 1024 (this needs a nlsat/CAD engine)\ppreprocessed dispatch timeout after reduced solve; the reduced solve's own reason was [ResourceLimit] nonlinear abstraction: 480 cross-products project to 9066 linear-real atoms, past the consuming engine's capacity of 1024 (this needs a nlsat/CAD engine)\ppreprocessed dispatch timeout after reduced solve; the reduced solve's own reason was [ResourceLimit] nonlinear abstraction: 480 cross-products project to 9066 linear-real atoms, past the consuming engine's capacity of 1024 (this needs a nlsat/CAD engine)\ppreprocessed dispatch timeout after reduced solve; the reduced solve's own reason was [ResourceLimit] nonlinear abstraction: 480 cross-products project to 9066 linear-real atoms, past the consuming engine's capacity of 1024 (this needs a nlsat/CAD engine)\ppreprocessed dispatch timeout after reduced solve; the reduced solve's own reason was [ResourceLimit] nonlinear abstraction: 480 cross-products project to 9066 linear-real atoms, past the consuming engine's capacity of 1024 (this needs a nlsat/CAD engine)\ppreprocessed dispatch timeout after reduced solve; the reduced solve's own reason was [ResourceLimit] nonlinear abstraction: 480 cross-products project to 9066 linear-real atoms, past the consuming engine's capacity of 1024 (this needs a nlsat/CAD engine)	\p\p\pother\pquant-ownership-decline\pother\pother\pother\pother\pother\pother\pother\pother\pother	server7	1,9	2.00
nia-groebner-gate-crossdiv-QF_NRA	gateunbounded	QF_NRA/UltimateAutomizer/InVarSynth_pcatest1.bpl_Iteration1_1.smt2	3c3ba0eb2	Real	unknown	0	none	nra	16	fd:parse:probe\pprobe:probe\pdl-online:declined\pnra-real-root:declined\pcas-ideal-refuter:declined\pnra:declined\pq:skolem-qf:declined\pfd:string-gate:declined\pfd:source-string-semantic-unsat:declined\pfd:word-route:declined\pfd:online-string:declined\pfd:membership:declined\pfd:lex-order:declined\pfd:length-lia:declined\pfd:source-string-sat-probe:declined\pfd:bounded-completeness-unsat:declined	24223	4\p1\p12\p0\p1\p24107\p0\p0\p0\p0\p0\p0\p0\p0\p0\p0	no	dl-online=not-applicable\pnra-real-root=incomplete\pcas-ideal-refuter=incomplete\pnra=budget\pq:skolem-qf=unsupported\pfd:string-gate=budget\pfd:source-string-semantic-unsat=budget\pfd:word-route=budget\pfd:online-string=budget\pfd:membership=budget\pfd:lex-order=budget\pfd:length-lia=budget\pfd:source-string-sat-probe=budget\pfd:bounded-completeness-unsat=budget	\pexact real-polynomial decider declined: non-conjunctive (cad-arm=default)\pcofactor-tracked Gröbner reduction hit the basis-size ceiling\pnonlinear abstraction: 480 cross-products project to 9066 linear-real atoms, past the consuming engine's capacity of 1024 (this needs a nlsat/CAD engine)\pquant-route ownership (ADR-2103): `q:skolem-qf` owns {Real, Int, BvOrFloat, Datatype, Function, UninterpretedSort, Array, NonBvArray, NonBoolBvArray} and does not own {NestedArray, WideInt}, which this quantified query carries, so its non-decision is a decline and the ladder continues. Its own reason was: preprocessed dispatch timeout after reduced solve; the reduced solve's own reason was [ResourceLimit] nonlinear abstraction: 480 cross-products project to 9066 linear-real atoms, past the consuming engine's capacity of 1024 (this needs a nlsat/CAD engine)\ppreprocessed dispatch timeout after reduced solve; the reduced solve's own reason was [ResourceLimit] nonlinear abstraction: 480 cross-products project to 9066 linear-real atoms, past the consuming engine's capacity of 1024 (this needs a nlsat/CAD engine)\ppreprocessed dispatch timeout after reduced solve; the reduced solve's own reason was [ResourceLimit] nonlinear abstraction: 480 cross-products project to 9066 linear-real atoms, past the consuming engine's capacity of 1024 (this needs a nlsat/CAD engine)\ppreprocessed dispatch timeout after reduced solve; the reduced solve's own reason was [ResourceLimit] nonlinear abstraction: 480 cross-products project to 9066 linear-real atoms, past the consuming engine's capacity of 1024 (this needs a nlsat/CAD engine)\ppreprocessed dispatch timeout after reduced solve; the reduced solve's own reason was [ResourceLimit] nonlinear abstraction: 480 cross-products project to 9066 linear-real atoms, past the consuming engine's capacity of 1024 (this needs a nlsat/CAD engine)\ppreprocessed dispatch timeout after reduced solve; the reduced solve's own reason was [ResourceLimit] nonlinear abstraction: 480 cross-products project to 9066 linear-real atoms, past the consuming engine's capacity of 1024 (this needs a nlsat/CAD engine)\ppreprocessed dispatch timeout after reduced solve; the reduced solve's own reason was [ResourceLimit] nonlinear abstraction: 480 cross-products project to 9066 linear-real atoms, past the consuming engine's capacity of 1024 (this needs a nlsat/CAD engine)\ppreprocessed dispatch timeout after reduced solve; the reduced solve's own reason was [ResourceLimit] nonlinear abstraction: 480 cross-products project to 9066 linear-real atoms, past the consuming engine's capacity of 1024 (this needs a nlsat/CAD engine)\ppreprocessed dispatch timeout after reduced solve; the reduced solve's own reason was [ResourceLimit] nonlinear abstraction: 480 cross-products project to 9066 linear-real atoms, past the consuming engine's capacity of 1024 (this needs a nlsat/CAD engine)\ppreprocessed dispatch timeout after reduced solve; the reduced solve's own reason was [ResourceLimit] nonlinear abstraction: 480 cross-products project to 9066 linear-real atoms, past the consuming engine's capacity of 1024 (this needs a nlsat/CAD engine)	\p\p\pother\pquant-ownership-decline\pother\pother\pother\pother\pother\pother\pother\pother\pother	server7	1,9	2.07
nia-groebner-gate-crossdiv-QF_NRA	gateunbounded	QF_NRA/hycomp/ball_count_1d_plain.01.seq_lazy_global_11.smt2	3c3ba0eb2	Real	unsat	0	nra	nra	6	fd:parse:probe\pprobe:probe\pdl-online:declined\pnra-real-root:declined\pcas-ideal-refuter:declined\pnra:decided	1308	13\p0\p7\p0\p9\p1188	no	dl-online=not-applicable\pnra-real-root=incomplete\pcas-ideal-refuter=incomplete	\pexact real-polynomial decider declined: non-conjunctive (cad-arm=default)\pno combination of the asserted equations collapsed to a constant of the refuting sign	\p\p	server7	1,9	2.04
nia-groebner-gate-crossdiv-QF_NRA	shipped	QF_NRA/hycomp/ball_count_1d_plain.01.seq_lazy_global_11.smt2	3c3ba0eb2	Real	unsat	0	nra	nra	6	fd:parse:probe\pprobe:probe\pdl-online:declined\pnra-real-root:declined\pcas-ideal-refuter:declined\pnra:decided	1208	12\p0\p7\p0\p0\p1143	no	dl-online=not-applicable\pnra-real-root=incomplete\pcas-ideal-refuter=incomplete	\pexact real-polynomial decider declined: non-conjunctive (cad-arm=default)\pnonlinear system exceeds the deterministic generator/atom/inequality ceilings	\p\p	server7	1,9	2.04
nia-groebner-gate-crossdiv-QF_NRA	shipped	QF_NRA/hycomp/ball_count_1d_plain.01.seq_lazy_linear_enc_lemmas_global_9.smt2	3c3ba0eb2	Real	unsat	0	nra	nra	6	fd:parse:probe\pprobe:probe\pdl-online:declined\pnra-real-root:declined\pcas-ideal-refuter:declined\pnra:decided	1708	11\p0\p6\p0\p0\p1628	no	dl-online=not-applicable\pnra-real-root=incomplete\pcas-ideal-refuter=incomplete	\pexact real-polynomial decider declined: non-conjunctive (cad-arm=default)\pnonlinear system exceeds the deterministic generator/atom/inequality ceilings	\p\p	server7	1,9	2.04
nia-groebner-gate-crossdiv-QF_NRA	gateunbounded	QF_NRA/hycomp/ball_count_1d_plain.01.seq_lazy_linear_enc_lemmas_global_9.smt2	3c3ba0eb2	Real	unsat	0	nra	nra	6	fd:parse:probe\pprobe:probe\pdl-online:declined\pnra-real-root:declined\pcas-ideal-refuter:declined\pnra:decided	1708	10\p0\p6\p0\p7\p1664	no	dl-online=not-applicable\pnra-real-root=incomplete\pcas-ideal-refuter=incomplete	\pexact real-polynomial decider declined: non-conjunctive (cad-arm=default)\pno combination of the asserted equations collapsed to a constant of the refuting sign	\p\p	server7	1,9	2.04
nia-groebner-gate-crossdiv-QF_NRA	gateunbounded	QF_NRA/hycomp/ball_count_1d_plain.02.seq_lazy_lemmas_global_5.smt2	3c3ba0eb2	Real	unsat	0	nra	nra	6	fd:parse:probe\pprobe:probe\pdl-online:declined\pnra-real-root:declined\pcas-ideal-refuter:declined\pnra:decided	708	4\p0\p3\p0\p3\p594	no	dl-online=not-applicable\pnra-real-root=incomplete\pcas-ideal-refuter=incomplete	\pexact real-polynomial decider declined: non-conjunctive (cad-arm=default)\pno combination of the asserted equations collapsed to a constant of the refuting sign	\p\p	server7	1,9	2.04
nia-groebner-gate-crossdiv-QF_NRA	shipped	QF_NRA/hycomp/ball_count_1d_plain.02.seq_lazy_lemmas_global_5.smt2	3c3ba0eb2	Real	unsat	0	nra	nra	6	fd:parse:probe\pprobe:probe\pdl-online:declined\pnra-real-root:declined\pcas-ideal-refuter:declined\pnra:decided	708	4\p0\p4\p0\p0\p590	no	dl-online=not-applicable\pnra-real-root=incomplete\pcas-ideal-refuter=incomplete	\pexact real-polynomial decider declined: non-conjunctive (cad-arm=default)\pnonlinear system exceeds the deterministic generator/atom/inequality ceilings	\p\p	server7	1,9	2.04
nia-groebner-gate-crossdiv-QF_NRA	shipped	QF_NRA/hycomp/ball_count_1d_plain.03.redlog_global_15.smt2	3c3ba0eb2	Real	unsat	0	nra	fd:parse	5	fd:parse:probe\pprobe:probe\pdl-online:declined\pnra-real-root:declined\pnra:decided	108	29\p0\p11\p0\p4	no	dl-online=not-applicable\pnra-real-root=incomplete	\pexact real-polynomial decider declined: non-conjunctive (cad-arm=default)	\p	server7	1,9	2.04
nia-groebner-gate-crossdiv-QF_NRA	gateunbounded	QF_NRA/hycomp/ball_count_1d_plain.03.redlog_global_15.smt2	3c3ba0eb2	Real	unsat	0	nra	fd:parse	5	fd:parse:probe\pprobe:probe\pdl-online:declined\pnra-real-root:declined\pnra:decided	108	29\p0\p11\p0\p4	no	dl-online=not-applicable\pnra-real-root=incomplete	\pexact real-polynomial decider declined: non-conjunctive (cad-arm=default)	\p	server7	1,9	2.04
nia-groebner-gate-crossdiv-QF_NRA	gateunbounded	QF_NRA/hycomp/ball_count_1d_plain.03.seq_lazy_linear_enc_lemmas_global_11.smt2	3c3ba0eb2	Real	unsat	0	nra	nra	6	fd:parse:probe\pprobe:probe\pdl-online:declined\pnra-real-root:declined\pcas-ideal-refuter:declined\pnra:decided	2709	16\p0\p8\p0\p10\p2599	no	dl-online=not-applicable\pnra-real-root=incomplete\pcas-ideal-refuter=incomplete	\pexact real-polynomial decider declined: non-conjunctive (cad-arm=default)\pno combination of the asserted equations collapsed to a constant of the refuting sign	\p\p	server7	1,9	2.04
nia-groebner-gate-crossdiv-QF_NRA	shipped	QF_NRA/hycomp/ball_count_1d_plain.03.seq_lazy_linear_enc_lemmas_global_11.smt2	3c3ba0eb2	Real	unsat	0	nra	nra	6	fd:parse:probe\pprobe:probe\pdl-online:declined\pnra-real-root:declined\pcas-ideal-refuter:declined\pnra:decided	2710	15\p0\p8\p0\p0\p2606	no	dl-online=not-applicable\pnra-real-root=incomplete\pcas-ideal-refuter=incomplete	\pexact real-polynomial decider declined: non-conjunctive (cad-arm=default)\pnonlinear system exceeds the deterministic generator/atom/inequality ceilings	\p\p	server7	1,9	2.04
nia-groebner-gate-crossdiv-QF_NRA	shipped	QF_NRA/hycomp/ball_count_1d_plain.04.seq_lazy_global_9.smt2	3c3ba0eb2	Real	unsat	0	nra	nra	6	fd:parse:probe\pprobe:probe\pdl-online:declined\pnra-real-root:declined\pcas-ideal-refuter:declined\pnra:decided	909	10\p0\p6\p0\p0\p789	no	dl-online=not-applicable\pnra-real-root=incomplete\pcas-ideal-refuter=incomplete	\pexact real-polynomial decider declined: non-conjunctive (cad-arm=default)\pnonlinear system exceeds the deterministic generator/atom/inequality ceilings	\p\p	server7	1,9	2.03
nia-groebner-gate-crossdiv-QF_NRA	gateunbounded	QF_NRA/hycomp/ball_count_1d_plain.04.seq_lazy_global_9.smt2	3c3ba0eb2	Real	unsat	0	nra	nra	6	fd:parse:probe\pprobe:probe\pdl-online:declined\pnra-real-root:declined\pcas-ideal-refuter:declined\pnra:decided	908	9\p0\p6\p0\p7\p791	no	dl-online=not-applicable\pnra-real-root=incomplete\pcas-ideal-refuter=incomplete	\pexact real-polynomial decider declined: non-conjunctive (cad-arm=default)\pno combination of the asserted equations collapsed to a constant of the refuting sign	\p\p	server7	1,9	2.03
nia-groebner-gate-crossdiv-QF_NRA	gateunbounded	QF_NRA/hycomp/ball_count_1d_plain.05.qfree_global_5.smt2	3c3ba0eb2	Real	unsat	0	nra	nra	5	fd:parse:probe\pprobe:probe\pdl-online:declined\pnra-real-root:declined\pnra:decided	207	4\p0\p3\p0\p110	no	dl-online=not-applicable\pnra-real-root=incomplete	\pexact real-polynomial decider declined: non-conjunctive (cad-arm=default)	\p	server7	1,9	2.03
nia-groebner-gate-crossdiv-QF_NRA	shipped	QF_NRA/hycomp/ball_count_1d_plain.05.qfree_global_5.smt2	3c3ba0eb2	Real	unsat	0	nra	nra	5	fd:parse:probe\pprobe:probe\pdl-online:declined\pnra-real-root:declined\pnra:decided	208	4\p0\p3\p0\p111	no	dl-online=not-applicable\pnra-real-root=incomplete	\pexact real-polynomial decider declined: non-conjunctive (cad-arm=default)	\p	server7	1,9	2.03
nia-groebner-gate-crossdiv-QF_NRA	shipped	QF_NRA/hycomp/ball_count_1d_plain.05.seq_lazy_linear_enc_global_15.smt2	3c3ba0eb2	Real	unsat	0	nra	fd:parse	6	fd:parse:probe\pprobe:probe\pdl-online:declined\pnra-real-root:declined\pcas-ideal-refuter:declined\pnra:decided	108	23\p0\p10\p0\p0\p3	no	dl-online=not-applicable\pnra-real-root=incomplete\pcas-ideal-refuter=incomplete	\pexact real-polynomial decider declined: non-conjunctive (cad-arm=default)\pnonlinear system exceeds the deterministic generator/atom/inequality ceilings	\p\p	server7	1,9	2.03
nia-groebner-gate-crossdiv-QF_NRA	gateunbounded	QF_NRA/hycomp/ball_count_1d_plain.05.seq_lazy_linear_enc_global_15.smt2	3c3ba0eb2	Real	unsat	0	nra	fd:parse	6	fd:parse:probe\pprobe:probe\pdl-online:declined\pnra-real-root:declined\pcas-ideal-refuter:declined\pnra:decided	108	23\p0\p10\p0\p17\p4	no	dl-online=not-applicable\pnra-real-root=incomplete\pcas-ideal-refuter=incomplete	\pexact real-polynomial decider declined: non-conjunctive (cad-arm=default)\pno combination of the asserted equations collapsed to a constant of the refuting sign	\p\p	server7	1,9	2.03
nia-groebner-gate-crossdiv-QF_NRA	gateunbounded	QF_NRA/hycomp/ball_count_1d_plain.10.seq_lazy_global_11.smt2	3c3ba0eb2	Real	unsat	0	nra	nra	6	fd:parse:probe\pprobe:probe\pdl-online:declined\pnra-real-root:declined\pcas-ideal-refuter:declined\pnra:decided	1208	12\p0\p7\p0\p9\p1118	no	dl-online=not-applicable\pnra-real-root=incomplete\pcas-ideal-refuter=incomplete	\pexact real-polynomial decider declined: non-conjunctive (cad-arm=default)\pno combination of the asserted equations collapsed to a constant of the refuting sign	\p\p	server7	1,9	2.03
nia-groebner-gate-crossdiv-QF_NRA	shipped	QF_NRA/hycomp/ball_count_1d_plain.10.seq_lazy_global_11.smt2	3c3ba0eb2	Real	unsat	0	nra	nra	6	fd:parse:probe\pprobe:probe\pdl-online:declined\pnra-real-root:declined\pcas-ideal-refuter:declined\pnra:decided	1309	13\p0\p7\p0\p0\p1204	no	dl-online=not-applicable\pnra-real-root=incomplete\pcas-ideal-refuter=incomplete	\pexact real-polynomial decider declined: non-conjunctive (cad-arm=default)\pnonlinear system exceeds the deterministic generator/atom/inequality ceilings	\p\p	server7	1,9	2.03
nia-groebner-gate-crossdiv-QF_NRA	shipped	QF_NRA/hycomp/ball_count_1d_plain.10.seq_lazy_linear_enc_lemmas_global_9.smt2	3c3ba0eb2	Real	unsat	0	nra	nra	6	fd:parse:probe\pprobe:probe\pdl-online:declined\pnra-real-root:declined\pcas-ideal-refuter:declined\pnra:decided	1708	11\p0\p6\p0\p0\p1622	no	dl-online=not-applicable\pnra-real-root=incomplete\pcas-ideal-refuter=incomplete	\pexact real-polynomial decider declined: non-conjunctive (cad-arm=default)\pnonlinear system exceeds the deterministic generator/atom/inequality ceilings	\p\p	server7	1,9	2.03
nia-groebner-gate-crossdiv-QF_NRA	gateunbounded	QF_NRA/hycomp/ball_count_1d_plain.10.seq_lazy_linear_enc_lemmas_global_9.smt2	3c3ba0eb2	Real	unsat	0	nra	nra	6	fd:parse:probe\pprobe:probe\pdl-online:declined\pnra-real-root:declined\pcas-ideal-refuter:declined\pnra:decided	1709	10\p0\p6\p0\p6\p1600	no	dl-online=not-applicable\pnra-real-root=incomplete\pcas-ideal-refuter=incomplete	\pexact real-polynomial decider declined: non-conjunctive (cad-arm=default)\pno combination of the asserted equations collapsed to a constant of the refuting sign	\p\p	server7	1,9	2.03
nia-groebner-gate-crossdiv-QF_NRA	gateunbounded	QF_NRA/hycomp/ball_count_2d_hill.01.seq_lazy_linear_enc_global_5.smt2	3c3ba0eb2	Real	unsat	0	nra	nra	6	fd:parse:probe\pprobe:probe\pdl-online:declined\pnra-real-root:declined\pcas-ideal-refuter:declined\pnra:decided	807	7\p0\p4\p0\p10\p661	no	dl-online=not-applicable\pnra-real-root=incomplete\pcas-ideal-refuter=incomplete	\pexact real-polynomial decider declined: non-conjunctive (cad-arm=default)\pno combination of the asserted equations collapsed to a constant of the refuting sign	\p\p	server7	1,9	2.03
nia-groebner-gate-crossdiv-QF_NRA	shipped	QF_NRA/hycomp/ball_count_2d_hill.01.seq_lazy_linear_enc_global_5.smt2	3c3ba0eb2	Real	unsat	0	nra	nra	6	fd:parse:probe\pprobe:probe\pdl-online:declined\pnra-real-root:declined\pcas-ideal-refuter:declined\pnra:decided	707	6\p0\p4\p0\p0\p663	no	dl-online=not-applicable\pnra-real-root=incomplete\pcas-ideal-refuter=incomplete	\pexact real-polynomial decider declined: non-conjunctive (cad-arm=default)\pnonlinear system exceeds the deterministic generator/atom/inequality ceilings	\p\p	server7	1,9	2.03
nia-groebner-gate-crossdiv-QF_NRA	shipped	QF_NRA/hycomp/ball_count_2d_hill.02.seq_lazy_lemmas_global_15.smt2	3c3ba0eb2	Real	unsat	0	nra	fd:parse	6	fd:parse:probe\pprobe:probe\pdl-online:declined\pnra-real-root:declined\pcas-ideal-refuter:declined\pnra:decided	207	60\p1\p15\p0\p0\p5	no	dl-online=not-applicable\pnra-real-root=incomplete\pcas-ideal-refuter=incomplete	\pexact real-polynomial decider declined: non-conjunctive (cad-arm=default)\pnonlinear system exceeds the deterministic generator/atom/inequality ceilings	\p\p	server7	1,9	2.03
nia-groebner-gate-crossdiv-QF_NRA	gateunbounded	QF_NRA/hycomp/ball_count_2d_hill.02.seq_lazy_lemmas_global_15.smt2	3c3ba0eb2	Real	unsat	0	nra	fd:parse	6	fd:parse:probe\pprobe:probe\pdl-online:declined\pnra-real-root:declined\pcas-ideal-refuter:declined\pnra:decided	207	59\p1\p14\p0\p52\p6	no	dl-online=not-applicable\pnra-real-root=incomplete\pcas-ideal-refuter=incomplete	\pexact real-polynomial decider declined: non-conjunctive (cad-arm=default)\pno combination of the asserted equations collapsed to a constant of the refuting sign	\p\p	server7	1,9	2.03
nia-groebner-gate-crossdiv-QF_NRA	gateunbounded	QF_NRA/hycomp/ball_count_2d_hill.03.seq_lazy_global_11.smt2	3c3ba0eb2	Real	unsat	0	nra	cas-ideal-refuter	6	fd:parse:probe\pprobe:probe\pdl-online:declined\pnra-real-root:declined\pcas-ideal-refuter:declined\pnra:decided	107	27\p0\p9\p0\p29\p4	no	dl-online=not-applicable\pnra-real-root=incomplete\pcas-ideal-refuter=incomplete	\pexact real-polynomial decider declined: non-conjunctive (cad-arm=default)\pno combination of the asserted equations collapsed to a constant of the refuting sign	\p\p	server7	1,9	2.03
nia-groebner-gate-crossdiv-QF_NRA	shipped	QF_NRA/hycomp/ball_count_2d_hill.03.seq_lazy_global_11.smt2	3c3ba0eb2	Real	unsat	0	nra	fd:parse	6	fd:parse:probe\pprobe:probe\pdl-online:declined\pnra-real-root:declined\pcas-ideal-refuter:declined\pnra:decided	107	27\p0\p9\p0\p0\p3	no	dl-online=not-applicable\pnra-real-root=incomplete\pcas-ideal-refuter=incomplete	\pexact real-polynomial decider declined: non-conjunctive (cad-arm=default)\pnonlinear system exceeds the deterministic generator/atom/inequality ceilings	\p\p	server7	1,9	2.03
nia-groebner-gate-crossdiv-QF_NRA	shipped	QF_NRA/hycomp/ball_count_2d_hill.03.seq_lazy_linear_enc_lemmas_global_9.smt2	3c3ba0eb2	Real	unsat	0	nra	nra	6	fd:parse:probe\pprobe:probe\pdl-online:declined\pnra-real-root:declined\pcas-ideal-refuter:declined\pnra:decided	5911	22\p0\p8\p0\p0\p5833	no	dl-online=not-applicable\pnra-real-root=incomplete\pcas-ideal-refuter=incomplete	\pexact real-polynomial decider declined: non-conjunctive (cad-arm=default)\pnonlinear system exceeds the deterministic generator/atom/inequality ceilings	\p\p	server7	1,9	2.03
nia-groebner-gate-crossdiv-QF_NRA	gateunbounded	QF_NRA/hycomp/ball_count_2d_hill.03.seq_lazy_linear_enc_lemmas_global_9.smt2	3c3ba0eb2	Real	unsat	0	nra	nra	6	fd:parse:probe\pprobe:probe\pdl-online:declined\pnra-real-root:declined\pcas-ideal-refuter:declined\pnra:decided	6012	22\p0\p9\p0\p23\p5884	no	dl-online=not-applicable\pnra-real-root=incomplete\pcas-ideal-refuter=incomplete	\pexact real-polynomial decider declined: non-conjunctive (cad-arm=default)\pno combination of the asserted equations collapsed to a constant of the refuting sign	\p\p	server7	1,9	2.03
nia-groebner-gate-crossdiv-QF_NRA	gateunbounded	QF_NRA/hycomp/ball_count_2d_hill.04.seq_lazy_linear_enc_global_5.smt2	3c3ba0eb2	Real	unsat	0	nra	nra	6	fd:parse:probe\pprobe:probe\pdl-online:declined\pnra-real-root:declined\pcas-ideal-refuter:declined\pnra:decided	809	7\p0\p4\p0\p11\p677	no	dl-online=not-applicable\pnra-real-root=incomplete\pcas-ideal-refuter=incomplete	\pexact real-polynomial decider declined: non-conjunctive (cad-arm=default)\pno combination of the asserted equations collapsed to a constant of the refuting sign	\p\p	server7	1,9	2.02
nia-groebner-gate-crossdiv-QF_NRA	shipped	QF_NRA/hycomp/ball_count_2d_hill.04.seq_lazy_linear_enc_global_5.smt2	3c3ba0eb2	Real	unsat	0	nra	nra	6	fd:parse:probe\pprobe:probe\pdl-online:declined\pnra-real-root:declined\pcas-ideal-refuter:declined\pnra:decided	809	7\p0\p4\p0\p0\p712	no	dl-online=not-applicable\pnra-real-root=incomplete\pcas-ideal-refuter=incomplete	\pexact real-polynomial decider declined: non-conjunctive (cad-arm=default)\pnonlinear system exceeds the deterministic generator/atom/inequality ceilings	\p\p	server7	1,9	2.02
nia-groebner-gate-crossdiv-QF_NRA	shipped	QF_NRA/hycomp/ball_count_2d_hill.05.seq_lazy_lemmas_global_15.smt2	3c3ba0eb2	Real	unsat	0	nra	fd:parse	6	fd:parse:probe\pprobe:probe\pdl-online:declined\pnra-real-root:declined\pcas-ideal-refuter:declined\pnra:decided	208	66\p1\p17\p0\p0\p6	no	dl-online=not-applicable\pnra-real-root=incomplete\pcas-ideal-refuter=incomplete	\pexact real-polynomial decider declined: non-conjunctive (cad-arm=default)\pnonlinear system exceeds the deterministic generator/atom/inequality ceilings	\p\p	server7	1,9	2.02
nia-groebner-gate-crossdiv-QF_NRA	gateunbounded	QF_NRA/hycomp/ball_count_2d_hill.05.seq_lazy_lemmas_global_15.smt2	3c3ba0eb2	Real	unsat	0	nra	fd:parse	6	fd:parse:probe\pprobe:probe\pdl-online:declined\pnra-real-root:declined\pcas-ideal-refuter:declined\pnra:decided	208	66\p1\p17\p0\p49\p6	no	dl-online=not-applicable\pnra-real-root=incomplete\pcas-ideal-refuter=incomplete	\pexact real-polynomial decider declined: non-conjunctive (cad-arm=default)\pno combination of the asserted equations collapsed to a constant of the refuting sign	\p\p	server7	1,9	2.02
nia-groebner-gate-crossdiv-QF_NRA	gateunbounded	QF_NRA/hycomp/ball_count_2d_hill.10.seq_lazy_global_11.smt2	3c3ba0eb2	Real	unsat	0	nra	cas-ideal-refuter	6	fd:parse:probe\pprobe:probe\pdl-online:declined\pnra-real-root:declined\pcas-ideal-refuter:declined\pnra:decided	207	28\p0\p9\p0\p30\p4	no	dl-online=not-applicable\pnra-real-root=incomplete\pcas-ideal-refuter=incomplete	\pexact real-polynomial decider declined: non-conjunctive (cad-arm=default)\pno combination of the asserted equations collapsed to a constant of the refuting sign	\p\p	server7	1,9	2.02
nia-groebner-gate-crossdiv-QF_NRA	shipped	QF_NRA/hycomp/ball_count_2d_hill.10.seq_lazy_global_11.smt2	3c3ba0eb2	Real	unsat	0	nra	fd:parse	6	fd:parse:probe\pprobe:probe\pdl-online:declined\pnra-real-root:declined\pcas-ideal-refuter:declined\pnra:decided	108	27\p0\p9\p0\p0\p3	no	dl-online=not-applicable\pnra-real-root=incomplete\pcas-ideal-refuter=incomplete	\pexact real-polynomial decider declined: non-conjunctive (cad-arm=default)\pnonlinear system exceeds the deterministic generator/atom/inequality ceilings	\p\p	server7	1,9	2.02
nia-groebner-gate-crossdiv-QF_NRA	shipped	QF_NRA/hycomp/ball_count_2d_hill.10.seq_lazy_linear_enc_lemmas_global_9.smt2	3c3ba0eb2	Real	unsat	0	nra	nra	6	fd:parse:probe\pprobe:probe\pdl-online:declined\pnra-real-root:declined\pcas-ideal-refuter:declined\pnra:decided	6011	23\p0\p8\p0\p0\p5922	no	dl-online=not-applicable\pnra-real-root=incomplete\pcas-ideal-refuter=incomplete	\pexact real-polynomial decider declined: non-conjunctive (cad-arm=default)\pnonlinear system exceeds the deterministic generator/atom/inequality ceilings	\p\p	server7	1,9	2.02
nia-groebner-gate-crossdiv-QF_NRA	gateunbounded	QF_NRA/hycomp/ball_count_2d_hill.10.seq_lazy_linear_enc_lemmas_global_9.smt2	3c3ba0eb2	Real	unsat	0	nra	nra	6	fd:parse:probe\pprobe:probe\pdl-online:declined\pnra-real-root:declined\pcas-ideal-refuter:declined\pnra:decided	6014	23\p0\p9\p0\p21\p5898	no	dl-online=not-applicable\pnra-real-root=incomplete\pcas-ideal-refuter=incomplete	\pexact real-polynomial decider declined: non-conjunctive (cad-arm=default)\pno combination of the asserted equations collapsed to a constant of the refuting sign	\p\p	server7	1,9	2.02
nia-groebner-gate-crossdiv-QF_NRA	gateunbounded	QF_NRA/hycomp/ball_count_2d_hill_simple.01.seq_lazy_lemmas_global_5.smt2	3c3ba0eb2	Real	unsat	0	nra	nra	6	fd:parse:probe\pprobe:probe\pdl-online:declined\pnra-real-root:declined\pcas-ideal-refuter:declined\pnra:decided	1009	6\p0\p4\p0\p4\p852	no	dl-online=not-applicable\pnra-real-root=incomplete\pcas-ideal-refuter=incomplete	\pexact real-polynomial decider declined: non-conjunctive (cad-arm=default)\pno combination of the asserted equations collapsed to a constant of the refuting sign	\p\p	server7	1,9	2.02
nia-groebner-gate-crossdiv-QF_NRA	shipped	QF_NRA/hycomp/ball_count_2d_hill_simple.01.seq_lazy_lemmas_global_5.smt2	3c3ba0eb2	Real	unsat	0	nra	nra	6	fd:parse:probe\pprobe:probe\pdl-online:declined\pnra-real-root:declined\pcas-ideal-refuter:declined\pnra:decided	909	6\p0\p4\p0\p0\p843	no	dl-online=not-applicable\pnra-real-root=incomplete\pcas-ideal-refuter=incomplete	\pexact real-polynomial decider declined: non-conjunctive (cad-arm=default)\pnonlinear system exceeds the deterministic generator/atom/inequality ceilings	\p\p	server7	1,9	2.02
nia-groebner-gate-crossdiv-QF_NRA	shipped	QF_NRA/hycomp/ball_count_2d_hill_simple.02.redlog_global_15.smt2	3c3ba0eb2	Real	unsat	0	nra	fd:parse	6	fd:parse:probe\pprobe:probe\pdl-online:declined\pnra-real-root:declined\pcas-ideal-refuter:declined\pnra:decided	108	36\p0\p12\p0\p0\p4	no	dl-online=not-applicable\pnra-real-root=incomplete\pcas-ideal-refuter=incomplete	\pexact real-polynomial decider declined: non-conjunctive (cad-arm=default)\pnonlinear system exceeds the deterministic generator/atom/inequality ceilings	\p\p	server7	1,9	2.02
nia-groebner-gate-crossdiv-QF_NRA	gateunbounded	QF_NRA/hycomp/ball_count_2d_hill_simple.02.redlog_global_15.smt2	3c3ba0eb2	Real	unsat	0	nra	fd:parse	6	fd:parse:probe\pprobe:probe\pdl-online:declined\pnra-real-root:declined\pcas-ideal-refuter:declined\pnra:decided	108	35\p0\p12\p0\p4\p4	no	dl-online=not-applicable\pnra-real-root=incomplete\pcas-ideal-refuter=incomplete	\pexact real-polynomial decider declined: non-conjunctive (cad-arm=default)\pno combination of the asserted equations collapsed to a constant of the refuting sign	\p\p	server7	1,9	2.02
nia-groebner-gate-crossdiv-QF_NRA	gateunbounded	QF_NRA/hycomp/ball_count_2d_hill_simple.02.seq_lazy_linear_enc_lemmas_global_11.smt2	3c3ba0eb2	Real	unsat	0	nra	nra	6	fd:parse:probe\pprobe:probe\pdl-online:declined\pnra-real-root:declined\pcas-ideal-refuter:declined\pnra:decided	3711	19\p0\p9\p0\p16\p3567	no	dl-online=not-applicable\pnra-real-root=incomplete\pcas-ideal-refuter=incomplete	\pexact real-polynomial decider declined: non-conjunctive (cad-arm=default)\pno combination of the asserted equations collapsed to a constant of the refuting sign	\p\p	server7	1,9	2.02
nia-groebner-gate-crossdiv-QF_NRA	shipped	QF_NRA/hycomp/ball_count_2d_hill_simple.02.seq_lazy_linear_enc_lemmas_global_11.smt2	3c3ba0eb2	Real	unsat	0	nra	nra	6	fd:parse:probe\pprobe:probe\pdl-online:declined\pnra-real-root:declined\pcas-ideal-refuter:declined\pnra:decided	3810	18\p0\p8\p0\p0\p3728	no	dl-online=not-applicable\pnra-real-root=incomplete\pcas-ideal-refuter=incomplete	\pexact real-polynomial decider declined: non-conjunctive (cad-arm=default)\pnonlinear system exceeds the deterministic generator/atom/inequality ceilings	\p\p	server7	1,9	2.01
nia-groebner-gate-crossdiv-QF_NRA	shipped	QF_NRA/hycomp/ball_count_2d_hill_simple.03.seq_lazy_global_9.smt2	3c3ba0eb2	Real	unsat	0	nra	nra	6	fd:parse:probe\pprobe:probe\pdl-online:declined\pnra-real-root:declined\pcas-ideal-refuter:declined\pnra:decided	1208	11\p0\p6\p0\p0\p1074	no	dl-online=not-applicable\pnra-real-root=incomplete\pcas-ideal-refuter=incomplete	\pexact real-polynomial decider declined: non-conjunctive (cad-arm=default)\pnonlinear system exceeds the deterministic generator/atom/inequality ceilings	\p\p	server7	1,9	2.01
nia-groebner-gate-crossdiv-QF_NRA	gateunbounded	QF_NRA/hycomp/ball_count_2d_hill_simple.03.seq_lazy_global_9.smt2	3c3ba0eb2	Real	unsat	0	nra	nra	6	fd:parse:probe\pprobe:probe\pdl-online:declined\pnra-real-root:declined\pcas-ideal-refuter:declined\pnra:decided	1108	11\p0\p6\p0\p11\p1055	no	dl-online=not-applicable\pnra-real-root=incomplete\pcas-ideal-refuter=incomplete	\pexact real-polynomial decider declined: non-conjunctive (cad-arm=default)\pno combination of the asserted equations collapsed to a constant of the refuting sign	\p\p	server7	1,9	2.01
nia-groebner-gate-crossdiv-QF_NRA	gateunbounded	QF_NRA/hycomp/ball_count_2d_hill_simple.04.qfree_global_5.smt2	3c3ba0eb2	Real	unsat	0	nra	nra	6	fd:parse:probe\pprobe:probe\pdl-online:declined\pnra-real-root:declined\pcas-ideal-refuter:declined\pnra:decided	208	4\p0\p3\p0\p2\p133	no	dl-online=not-applicable\pnra-real-root=incomplete\pcas-ideal-refuter=incomplete	\pexact real-polynomial decider declined: non-conjunctive (cad-arm=default)\pno combination of the asserted equations collapsed to a constant of the refuting sign	\p\p	server7	1,9	2.01
nia-groebner-gate-crossdiv-QF_NRA	shipped	QF_NRA/hycomp/ball_count_2d_hill_simple.04.qfree_global_5.smt2	3c3ba0eb2	Real	unsat	0	nra	nra	6	fd:parse:probe\pprobe:probe\pdl-online:declined\pnra-real-root:declined\pcas-ideal-refuter:declined\pnra:decided	207	4\p0\p3\p0\p0\p133	no	dl-online=not-applicable\pnra-real-root=incomplete\pcas-ideal-refuter=incomplete	\pexact real-polynomial decider declined: non-conjunctive (cad-arm=default)\pnonlinear system exceeds the deterministic generator/atom/inequality ceilings	\p\p	server7	1,9	2.01
nia-groebner-gate-crossdiv-QF_NRA	shipped	QF_NRA/hycomp/ball_count_2d_hill_simple.04.seq_lazy_linear_enc_global_15.smt2	3c3ba0eb2	Real	unsat	0	nra	fd:parse	6	fd:parse:probe\pprobe:probe\pdl-online:declined\pnra-real-root:declined\pcas-ideal-refuter:declined\pnra:decided	108	27\p0\p10\p0\p0\p4	no	dl-online=not-applicable\pnra-real-root=incomplete\pcas-ideal-refuter=incomplete	\pexact real-polynomial decider declined: non-conjunctive (cad-arm=default)\pnonlinear system exceeds the deterministic generator/atom/inequality ceilings	\p\p	server7	1,9	2.01
nia-groebner-gate-crossdiv-QF_NRA	gateunbounded	QF_NRA/hycomp/ball_count_2d_hill_simple.04.seq_lazy_linear_enc_global_15.smt2	3c3ba0eb2	Real	unsat	0	nra	fd:parse	6	fd:parse:probe\pprobe:probe\pdl-online:declined\pnra-real-root:declined\pcas-ideal-refuter:declined\pnra:decided	107	27\p0\p11\p0\p25\p4	no	dl-online=not-applicable\pnra-real-root=incomplete\pcas-ideal-refuter=incomplete	\pexact real-polynomial decider declined: non-conjunctive (cad-arm=default)\pno combination of the asserted equations collapsed to a constant of the refuting sign	\p\p	server7	1,9	2.01
nia-groebner-gate-crossdiv-QF_NRA	gateunbounded	QF_NRA/hycomp/ball_count_2d_hill_simple.05.seq_lazy_global_11.smt2	3c3ba0eb2	Real	unsat	0	nra	nra	6	fd:parse:probe\pprobe:probe\pdl-online:declined\pnra-real-root:declined\pcas-ideal-refuter:declined\pnra:decided	1709	31\p0\p8\p0\p14\p1527	no	dl-online=not-applicable\pnra-real-root=incomplete\pcas-ideal-refuter=incomplete	\pexact real-polynomial decider declined: non-conjunctive (cad-arm=default)\pno combination of the asserted equations collapsed to a constant of the refuting sign	\p\p	server7	1,9	2.01
nia-groebner-gate-crossdiv-QF_NRA	shipped	QF_NRA/hycomp/ball_count_2d_hill_simple.05.seq_lazy_global_11.smt2	3c3ba0eb2	Real	unsat	0	nra	nra	6	fd:parse:probe\pprobe:probe\pdl-online:declined\pnra-real-root:declined\pcas-ideal-refuter:declined\pnra:decided	1609	17\p0\p9\p0\p0\p1559	no	dl-online=not-applicable\pnra-real-root=incomplete\pcas-ideal-refuter=incomplete	\pexact real-polynomial decider declined: non-conjunctive (cad-arm=default)\pnonlinear system exceeds the deterministic generator/atom/inequality ceilings	\p\p	server7	1,9	2.01
nia-groebner-gate-crossdiv-QF_NRA	shipped	QF_NRA/hycomp/ball_count_2d_hill_simple.05.seq_lazy_linear_enc_lemmas_global_9.smt2	3c3ba0eb2	Real	unsat	0	nra	nra	6	fd:parse:probe\pprobe:probe\pdl-online:declined\pnra-real-root:declined\pcas-ideal-refuter:declined\pnra:decided	2609	15\p0\p7\p0\p0\p2516	no	dl-online=not-applicable\pnra-real-root=incomplete\pcas-ideal-refuter=incomplete	\pexact real-polynomial decider declined: non-conjunctive (cad-arm=default)\pnonlinear system exceeds the deterministic generator/atom/inequality ceilings	\p\p	server7	1,9	2.01
nia-groebner-gate-crossdiv-QF_NRA	gateunbounded	QF_NRA/hycomp/ball_count_2d_hill_simple.05.seq_lazy_linear_enc_lemmas_global_9.smt2	3c3ba0eb2	Real	unsat	0	nra	nra	6	fd:parse:probe\pprobe:probe\pdl-online:declined\pnra-real-root:declined\pcas-ideal-refuter:declined\pnra:decided	2609	14\p0\p7\p0\p10\p2512	no	dl-online=not-applicable\pnra-real-root=incomplete\pcas-ideal-refuter=incomplete	\pexact real-polynomial decider declined: non-conjunctive (cad-arm=default)\pno combination of the asserted equations collapsed to a constant of the refuting sign	\p\p	server7	1,9	2.01
nia-groebner-gate-crossdiv-QF_NRA	gateunbounded	QF_NRA/hycomp/ball_count_2d_hill_simple.10.seq_lazy_lemmas_global_5.smt2	3c3ba0eb2	Real	unsat	0	nra	nra	6	fd:parse:probe\pprobe:probe\pdl-online:declined\pnra-real-root:declined\pcas-ideal-refuter:declined\pnra:decided	909	6\p0\p4\p0\p4\p825	no	dl-online=not-applicable\pnra-real-root=incomplete\pcas-ideal-refuter=incomplete	\pexact real-polynomial decider declined: non-conjunctive (cad-arm=default)\pno combination of the asserted equations collapsed to a constant of the refuting sign	\p\p	server7	1,9	2.01
nia-groebner-gate-crossdiv-QF_NRA	shipped	QF_NRA/hycomp/ball_count_2d_hill_simple.10.seq_lazy_lemmas_global_5.smt2	3c3ba0eb2	Real	unsat	0	nra	nra	6	fd:parse:probe\pprobe:probe\pdl-online:declined\pnra-real-root:declined\pcas-ideal-refuter:declined\pnra:decided	908	6\p0\p4\p0\p0\p832	no	dl-online=not-applicable\pnra-real-root=incomplete\pcas-ideal-refuter=incomplete	\pexact real-polynomial decider declined: non-conjunctive (cad-arm=default)\pnonlinear system exceeds the deterministic generator/atom/inequality ceilings	\p\p	server7	1,9	2.01
nia-groebner-gate-crossdiv-QF_NRA	shipped	QF_NRA/hycomp/ball_count_2d_plain.01.redlog_global_15.smt2	3c3ba0eb2	Real	unsat	0	nra	fd:parse	5	fd:parse:probe\pprobe:probe\pdl-online:declined\pnra-real-root:declined\pnra:decided	208	53\p0\p16\p0\p6	no	dl-online=not-applicable\pnra-real-root=incomplete	\pexact real-polynomial decider declined: non-conjunctive (cad-arm=default)	\p	server7	1,9	2.01
nia-groebner-gate-crossdiv-QF_NRA	gateunbounded	QF_NRA/hycomp/ball_count_2d_plain.01.redlog_global_15.smt2	3c3ba0eb2	Real	unsat	0	nra	fd:parse	5	fd:parse:probe\pprobe:probe\pdl-online:declined\pnra-real-root:declined\pnra:decided	108	52\p0\p16\p0\p5	no	dl-online=not-applicable\pnra-real-root=incomplete	\pexact real-polynomial decider declined: non-conjunctive (cad-arm=default)	\p	server7	1,9	1.93
nia-groebner-gate-crossdiv-QF_NRA	gateunbounded	QF_NRA/hycomp/ball_count_2d_plain.01.seq_lazy_linear_enc_lemmas_global_11.smt2	3c3ba0eb2	Real	unsat	0	nra	cas-ideal-refuter	6	fd:parse:probe\pprobe:probe\pdl-online:declined\pnra-real-root:declined\pcas-ideal-refuter:declined\pnra:decided	108	19\p0\p9\p0\p21\p4	no	dl-online=not-applicable\pnra-real-root=incomplete\pcas-ideal-refuter=incomplete	\pexact real-polynomial decider declined: non-conjunctive (cad-arm=default)\pno combination of the asserted equations collapsed to a constant of the refuting sign	\p\p	server7	1,9	1.93
nia-groebner-gate-crossdiv-QF_NRA	shipped	QF_NRA/hycomp/ball_count_2d_plain.01.seq_lazy_linear_enc_lemmas_global_11.smt2	3c3ba0eb2	Real	unsat	0	nra	fd:parse	6	fd:parse:probe\pprobe:probe\pdl-online:declined\pnra-real-root:declined\pcas-ideal-refuter:declined\pnra:decided	108	19\p0\p9\p0\p0\p4	no	dl-online=not-applicable\pnra-real-root=incomplete\pcas-ideal-refuter=incomplete	\pexact real-polynomial decider declined: non-conjunctive (cad-arm=default)\pnonlinear system exceeds the deterministic generator/atom/inequality ceilings	\p\p	server7	1,9	1.93
nia-groebner-gate-crossdiv-QF_NRA	shipped	QF_NRA/hycomp/ball_count_2d_plain.02.seq_lazy_global_9.smt2	3c3ba0eb2	Real	unsat	0	nra	nra	6	fd:parse:probe\pprobe:probe\pdl-online:declined\pnra-real-root:declined\pcas-ideal-refuter:declined\pnra:decided	1409	11\p0\p6\p0\p0\p1293	no	dl-online=not-applicable\pnra-real-root=incomplete\pcas-ideal-refuter=incomplete	\pexact real-polynomial decider declined: non-conjunctive (cad-arm=default)\pnonlinear system exceeds the deterministic generator/atom/inequality ceilings	\p\p	server7	1,9	1.93
nia-groebner-gate-crossdiv-QF_NRA	gateunbounded	QF_NRA/hycomp/ball_count_2d_plain.02.seq_lazy_global_9.smt2	3c3ba0eb2	Real	unsat	0	nra	nra	6	fd:parse:probe\pprobe:probe\pdl-online:declined\pnra-real-root:declined\pcas-ideal-refuter:declined\pnra:decided	1409	10\p0\p6\p0\p13\p1296	no	dl-online=not-applicable\pnra-real-root=incomplete\pcas-ideal-refuter=incomplete	\pexact real-polynomial decider declined: non-conjunctive (cad-arm=default)\pno combination of the asserted equations collapsed to a constant of the refuting sign	\p\p	server7	1,9	1.93
nia-groebner-gate-crossdiv-QF_NRA	gateunbounded	QF_NRA/hycomp/ball_count_2d_plain.03.qfree_global_5.smt2	3c3ba0eb2	Real	unsat	0	nra	nra	5	fd:parse:probe\pprobe:probe\pdl-online:declined\pnra-real-root:declined\pnra:decided	308	5\p0\p3\p0\p183	no	dl-online=not-applicable\pnra-real-root=incomplete	\pexact real-polynomial decider declined: non-conjunctive (cad-arm=default)	\p	server7	1,9	1.93
nia-groebner-gate-crossdiv-QF_NRA	shipped	QF_NRA/hycomp/ball_count_2d_plain.03.qfree_global_5.smt2	3c3ba0eb2	Real	unsat	0	nra	nra	5	fd:parse:probe\pprobe:probe\pdl-online:declined\pnra-real-root:declined\pnra:decided	207	4\p0\p4\p0\p181	no	dl-online=not-applicable\pnra-real-root=incomplete	\pexact real-polynomial decider declined: non-conjunctive (cad-arm=default)	\p	server7	1,9	1.93
nia-groebner-gate-crossdiv-QF_NRA	shipped	QF_NRA/hycomp/ball_count_2d_plain.03.seq_lazy_linear_enc_global_15.smt2	3c3ba0eb2	Real	unsat	0	nra	fd:parse	6	fd:parse:probe\pprobe:probe\pdl-online:declined\pnra-real-root:declined\pcas-ideal-refuter:declined\pnra:decided	208	26\p0\p10\p0\p0\p4	no	dl-online=not-applicable\pnra-real-root=incomplete\pcas-ideal-refuter=incomplete	\pexact real-polynomial decider declined: non-conjunctive (cad-arm=default)\pnonlinear system exceeds the deterministic generator/atom/inequality ceilings	\p\p	server7	1,9	1.93
nia-groebner-gate-crossdiv-QF_NRA	gateunbounded	QF_NRA/hycomp/ball_count_2d_plain.03.seq_lazy_linear_enc_global_15.smt2	3c3ba0eb2	Real	unsat	0	nra	cas-ideal-refuter	6	fd:parse:probe\pprobe:probe\pdl-online:declined\pnra-real-root:declined\pcas-ideal-refuter:declined\pnra:decided	107	26\p0\p10\p0\p39\p4	no	dl-online=not-applicable\pnra-real-root=incomplete\pcas-ideal-refuter=incomplete	\pexact real-polynomial decider declined: non-conjunctive (cad-arm=default)\pno combination of the asserted equations collapsed to a constant of the refuting sign	\p\p	server7	1,9	1.93
nia-groebner-gate-crossdiv-QF_NRA	gateunbounded	QF_NRA/hycomp/ball_count_2d_plain.04.seq_lazy_global_11.smt2	3c3ba0eb2	Real	unsat	0	nra	cas-ideal-refuter	6	fd:parse:probe\pprobe:probe\pdl-online:declined\pnra-real-root:declined\pcas-ideal-refuter:declined\pnra:decided	207	16\p0\p7\p0\p19\p3	no	dl-online=not-applicable\pnra-real-root=incomplete\pcas-ideal-refuter=incomplete	\pexact real-polynomial decider declined: non-conjunctive (cad-arm=default)\pno combination of the asserted equations collapsed to a constant of the refuting sign	\p\p	server7	1,9	1.93
nia-groebner-gate-crossdiv-QF_NRA	shipped	QF_NRA/hycomp/ball_count_2d_plain.04.seq_lazy_global_11.smt2	3c3ba0eb2	Real	unsat	0	nra	fd:parse	6	fd:parse:probe\pprobe:probe\pdl-online:declined\pnra-real-root:declined\pcas-ideal-refuter:declined\pnra:decided	107	15\p0\p7\p0\p0\p3	no	dl-online=not-applicable\pnra-real-root=incomplete\pcas-ideal-refuter=incomplete	\pexact real-polynomial decider declined: non-conjunctive (cad-arm=default)\pnonlinear system exceeds the deterministic generator/atom/inequality ceilings	\p\p	server7	1,9	1.93
nia-groebner-gate-crossdiv-QF_NRA	shipped	QF_NRA/hycomp/ball_count_2d_plain.04.seq_lazy_linear_enc_lemmas_global_9.smt2	3c3ba0eb2	Real	unsat	0	nra	nra	6	fd:parse:probe\pprobe:probe\pdl-online:declined\pnra-real-root:declined\pcas-ideal-refuter:declined\pnra:decided	3109	14\p0\p7\p0\p0\p3005	no	dl-online=not-applicable\pnra-real-root=incomplete\pcas-ideal-refuter=incomplete	\pexact real-polynomial decider declined: non-conjunctive (cad-arm=default)\pnonlinear system exceeds the deterministic generator/atom/inequality ceilings	\p\p	server7	1,9	1.85
nia-groebner-gate-crossdiv-QF_NRA	gateunbounded	QF_NRA/hycomp/ball_count_2d_plain.04.seq_lazy_linear_enc_lemmas_global_9.smt2	3c3ba0eb2	Real	unsat	0	nra	nra	6	fd:parse:probe\pprobe:probe\pdl-online:declined\pnra-real-root:declined\pcas-ideal-refuter:declined\pnra:decided	3210	14\p0\p8\p0\p13\p3102	no	dl-online=not-applicable\pnra-real-root=incomplete\pcas-ideal-refuter=incomplete	\pexact real-polynomial decider declined: non-conjunctive (cad-arm=default)\pno combination of the asserted equations collapsed to a constant of the refuting sign	\p\p	server7	1,9	1.85
nia-groebner-gate-crossdiv-QF_NRA	gateunbounded	QF_NRA/hycomp/ball_count_2d_plain.05.seq_lazy_lemmas_global_5.smt2	3c3ba0eb2	Real	unsat	0	nra	nra	6	fd:parse:probe\pprobe:probe\pdl-online:declined\pnra-real-root:declined\pcas-ideal-refuter:declined\pnra:decided	1107	7\p0\p5\p0\p5\p968	no	dl-online=not-applicable\pnra-real-root=incomplete\pcas-ideal-refuter=incomplete	\pexact real-polynomial decider declined: non-conjunctive (cad-arm=default)\pno combination of the asserted equations collapsed to a constant of the refuting sign	\p\p	server7	1,9	1.87
nia-groebner-gate-crossdiv-QF_NRA	shipped	QF_NRA/hycomp/ball_count_2d_plain.05.seq_lazy_lemmas_global_5.smt2	3c3ba0eb2	Real	unsat	0	nra	nra	6	fd:parse:probe\pprobe:probe\pdl-online:declined\pnra-real-root:declined\pcas-ideal-refuter:declined\pnra:decided	1008	6\p0\p4\p0\p0\p978	no	dl-online=not-applicable\pnra-real-root=incomplete\pcas-ideal-refuter=incomplete	\pexact real-polynomial decider declined: non-conjunctive (cad-arm=default)\pnonlinear system exceeds the deterministic generator/atom/inequality ceilings	\p\p	server7	1,9	1.87
nia-groebner-gate-crossdiv-QF_NRA	shipped	QF_NRA/hycomp/ball_count_2d_plain.10.redlog_global_15.smt2	3c3ba0eb2	Real	unsat	0	nra	fd:parse	5	fd:parse:probe\pprobe:probe\pdl-online:declined\pnra-real-root:declined\pnra:decided	107	51\p0\p15\p0\p5	no	dl-online=not-applicable\pnra-real-root=incomplete	\pexact real-polynomial decider declined: non-conjunctive (cad-arm=default)	\p	server7	1,9	1.87
nia-groebner-gate-crossdiv-QF_NRA	gateunbounded	QF_NRA/hycomp/ball_count_2d_plain.10.redlog_global_15.smt2	3c3ba0eb2	Real	unsat	0	nra	fd:parse	5	fd:parse:probe\pprobe:probe\pdl-online:declined\pnra-real-root:declined\pnra:decided	108	50\p0\p13\p0\p5	no	dl-online=not-applicable\pnra-real-root=incomplete	\pexact real-polynomial decider declined: non-conjunctive (cad-arm=default)	\p	server7	1,9	1.87
nia-groebner-gate-crossdiv-QF_NRA	gateunbounded	QF_NRA/hycomp/ball_count_2d_plain.10.seq_lazy_linear_enc_lemmas_global_11.smt2	3c3ba0eb2	Real	unsat	0	nra	fd:parse	6	fd:parse:probe\pprobe:probe\pdl-online:declined\pnra-real-root:declined\pcas-ideal-refuter:declined\pnra:decided	108	19\p0\p8\p0\p18\p3	no	dl-online=not-applicable\pnra-real-root=incomplete\pcas-ideal-refuter=incomplete	\pexact real-polynomial decider declined: non-conjunctive (cad-arm=default)\pno combination of the asserted equations collapsed to a constant of the refuting sign	\p\p	server7	1,9	1.87
nia-groebner-gate-crossdiv-QF_NRA	shipped	QF_NRA/hycomp/ball_count_2d_plain.10.seq_lazy_linear_enc_lemmas_global_11.smt2	3c3ba0eb2	Real	unsat	0	nra	fd:parse	6	fd:parse:probe\pprobe:probe\pdl-online:declined\pnra-real-root:declined\pcas-ideal-refuter:declined\pnra:decided	108	35\p0\p8\p0\p0\p3	no	dl-online=not-applicable\pnra-real-root=incomplete\pcas-ideal-refuter=incomplete	\pexact real-polynomial decider declined: non-conjunctive (cad-arm=default)\pnonlinear system exceeds the deterministic generator/atom/inequality ceilings	\p\p	server7	1,9	1.87
nia-groebner-gate-crossdiv-QF_NRA	shipped	QF_NRA/hycomp/ball_count_2d_slope.01.seq_lazy_linear_enc_global_9.smt2	3c3ba0eb2	Real	unsat	0	nra	nra	6	fd:parse:probe\pprobe:probe\pdl-online:declined\pnra-real-root:declined\pcas-ideal-refuter:declined\pnra:decided	3509	24\p0\p9\p0\p0\p3358	no	dl-online=not-applicable\pnra-real-root=incomplete\pcas-ideal-refuter=incomplete	\pexact real-polynomial decider declined: non-conjunctive (cad-arm=default)\pnonlinear system exceeds the deterministic generator/atom/inequality ceilings	\p\p	server7	1,9	1.87
nia-groebner-gate-crossdiv-QF_NRA	gateunbounded	QF_NRA/hycomp/ball_count_2d_slope.01.seq_lazy_linear_enc_global_9.smt2	3c3ba0eb2	Real	unsat	0	nra	nra	6	fd:parse:probe\pprobe:probe\pdl-online:declined\pnra-real-root:declined\pcas-ideal-refuter:declined\pnra:decided	3410	50\p0\p8\p0\p27\p3260	no	dl-online=not-applicable\pnra-real-root=incomplete\pcas-ideal-refuter=incomplete	\pexact real-polynomial decider declined: non-conjunctive (cad-arm=default)\pno combination of the asserted equations collapsed to a constant of the refuting sign	\p\p	server7	1,9	1.88
nia-groebner-gate-crossdiv-QF_NRA	gateunbounded	QF_NRA/hycomp/ball_count_2d_slope.02.seq_lazy_linear_enc_global_5.smt2	3c3ba0eb2	Real	unsat	0	nra	nra	6	fd:parse:probe\pprobe:probe\pdl-online:declined\pnra-real-root:declined\pcas-ideal-refuter:declined\pnra:decided	1308	9\p0\p4\p0\p13\p1182	no	dl-online=not-applicable\pnra-real-root=incomplete\pcas-ideal-refuter=incomplete	\pexact real-polynomial decider declined: non-conjunctive (cad-arm=default)\pno combination of the asserted equations collapsed to a constant of the refuting sign	\p\p	server7	1,9	1.89
nia-groebner-gate-crossdiv-QF_NRA	shipped	QF_NRA/hycomp/ball_count_2d_slope.02.seq_lazy_linear_enc_global_5.smt2	3c3ba0eb2	Real	unsat	0	nra	nra	6	fd:parse:probe\pprobe:probe\pdl-online:declined\pnra-real-root:declined\pcas-ideal-refuter:declined\pnra:decided	1308	9\p0\p4\p0\p0\p1202	no	dl-online=not-applicable\pnra-real-root=incomplete\pcas-ideal-refuter=incomplete	\pexact real-polynomial decider declined: non-conjunctive (cad-arm=default)\pnonlinear system exceeds the deterministic generator/atom/inequality ceilings	\p\p	server7	1,9	1.89
nia-groebner-gate-crossdiv-QF_NRA	shipped	QF_NRA/hycomp/ball_count_2d_slope.03.seq_lazy_linear_enc_global_15.smt2	3c3ba0eb2	Real	unsat	0	nra	fd:parse	6	fd:parse:probe\pprobe:probe\pdl-online:declined\pnra-real-root:declined\pcas-ideal-refuter:declined\pnra:decided	207	61\p1\p15\p0\p0\p4	no	dl-online=not-applicable\pnra-real-root=incomplete\pcas-ideal-refuter=incomplete	\pexact real-polynomial decider declined: non-conjunctive (cad-arm=default)\pnonlinear system exceeds the deterministic generator/atom/inequality ceilings	\p\p	server7	1,9	1.89
nia-groebner-gate-crossdiv-QF_NRA	gateunbounded	QF_NRA/hycomp/ball_count_2d_slope.03.seq_lazy_linear_enc_global_15.smt2	3c3ba0eb2	Real	unsat	0	nra	fd:parse	6	fd:parse:probe\pprobe:probe\pdl-online:declined\pnra-real-root:declined\pcas-ideal-refuter:declined\pnra:decided	207	61\p1\p15\p0\p60\p5	no	dl-online=not-applicable\pnra-real-root=incomplete\pcas-ideal-refuter=incomplete	\pexact real-polynomial decider declined: non-conjunctive (cad-arm=default)\pno combination of the asserted equations collapsed to a constant of the refuting sign	\p\p	server7	1,9	1.89
nia-groebner-gate-crossdiv-QF_NRA	gateunbounded	QF_NRA/hycomp/ball_count_2d_slope.04.seq_lazy_linear_enc_global_11.smt2	3c3ba0eb2	Real	unsat	0	nra	cas-ideal-refuter	6	fd:parse:probe\pprobe:probe\pdl-online:declined\pnra-real-root:declined\pcas-ideal-refuter:declined\pnra:decided	207	35\p0\p10\p0\p35\p4	no	dl-online=not-applicable\pnra-real-root=incomplete\pcas-ideal-refuter=incomplete	\pexact real-polynomial decider declined: non-conjunctive (cad-arm=default)\pno combination of the asserted equations collapsed to a constant of the refuting sign	\p\p	server7	1,9	1.89
nia-groebner-gate-crossdiv-QF_NRA	shipped	QF_NRA/hycomp/ball_count_2d_slope.04.seq_lazy_linear_enc_global_11.smt2	3c3ba0eb2	Real	unsat	0	nra	fd:parse	6	fd:parse:probe\pprobe:probe\pdl-online:declined\pnra-real-root:declined\pcas-ideal-refuter:declined\pnra:decided	107	34\p0\p10\p0\p0\p4	no	dl-online=not-applicable\pnra-real-root=incomplete\pcas-ideal-refuter=incomplete	\pexact real-polynomial decider declined: non-conjunctive (cad-arm=default)\pnonlinear system exceeds the deterministic generator/atom/inequality ceilings	\p\p	server7	1,9	1.90
nia-groebner-gate-crossdiv-QF_NRA	shipped	QF_NRA/hycomp/ball_count_2d_slope.05.seq_lazy_lemmas_global_9.smt2	3c3ba0eb2	Real	unsat	0	nra	nra	6	fd:parse:probe\pprobe:probe\pdl-online:declined\pnra-real-root:declined\pcas-ideal-refuter:declined\pnra:decided	8012	53\p1\p14\p0\p0\p7844	no	dl-online=not-applicable\pnra-real-root=incomplete\pcas-ideal-refuter=incomplete	\pexact real-polynomial decider declined: non-conjunctive (cad-arm=default)\pnonlinear system exceeds the deterministic generator/atom/inequality ceilings	\p\p	server7	1,9	1.90
nia-groebner-gate-crossdiv-QF_NRA	gateunbounded	QF_NRA/hycomp/ball_count_2d_slope.05.seq_lazy_lemmas_global_9.smt2	3c3ba0eb2	Real	unsat	0	nra	nra	6	fd:parse:probe\pprobe:probe\pdl-online:declined\pnra-real-root:declined\pcas-ideal-refuter:declined\pnra:decided	8013	52\p1\p15\p0\p25\p7882	no	dl-online=not-applicable\pnra-real-root=incomplete\pcas-ideal-refuter=incomplete	\pexact real-polynomial decider declined: non-conjunctive (cad-arm=default)\pno combination of the asserted equations collapsed to a constant of the refuting sign	\p\p	server7	1,9	1.91
nia-groebner-gate-crossdiv-QF_NRA	gateunbounded	QF_NRA/hycomp/ball_count_2d_slope.10.seq_lazy_lemmas_global_5.smt2	3c3ba0eb2	Real	unsat	0	nra	nra	6	fd:parse:probe\pprobe:probe\pdl-online:declined\pnra-real-root:declined\pcas-ideal-refuter:declined\pnra:decided	2909	19\p0\p7\p0\p12\p2807	no	dl-online=not-applicable\pnra-real-root=incomplete\pcas-ideal-refuter=incomplete	\pexact real-polynomial decider declined: non-conjunctive (cad-arm=default)\pno combination of the asserted equations collapsed to a constant of the refuting sign	\p\p	server7	1,9	1.92
nia-groebner-gate-crossdiv-QF_NRA	shipped	QF_NRA/hycomp/ball_count_2d_slope.10.seq_lazy_lemmas_global_5.smt2	3c3ba0eb2	Real	unsat	0	nra	nra	6	fd:parse:probe\pprobe:probe\pdl-online:declined\pnra-real-root:declined\pcas-ideal-refuter:declined\pnra:decided	2915	18\p0\p7\p0\p0\p2828	no	dl-online=not-applicable\pnra-real-root=incomplete\pcas-ideal-refuter=incomplete	\pexact real-polynomial decider declined: non-conjunctive (cad-arm=default)\pnonlinear system exceeds the deterministic generator/atom/inequality ceilings	\p\p	server7	1,9	1.92
nia-groebner-gate-crossdiv-QF_NRA	shipped	QF_NRA/hycomp/etcs_braking_2.01.redlog_global_15.smt2	3c3ba0eb2	Real	unsat	0	nra	nra	5	fd:parse:probe\pprobe:probe\pdl-online:declined\pnra-real-root:declined\pnra:decided	15016	274\p2\p32\p0\p14641	no	dl-online=not-applicable\pnra-real-root=incomplete	\pexact real-polynomial decider declined: non-conjunctive (cad-arm=default)	\p	server7	1,9	1.93
nia-groebner-gate-crossdiv-QF_NRA	gateunbounded	QF_NRA/hycomp/etcs_braking_2.01.redlog_global_15.smt2	3c3ba0eb2	Real	unsat	0	nra	nra	5	fd:parse:probe\pprobe:probe\pdl-online:declined\pnra-real-root:declined\pnra:decided	14517	284\p2\p30\p0\p14182	no	dl-online=not-applicable\pnra-real-root=incomplete	\pexact real-polynomial decider declined: non-conjunctive (cad-arm=default)	\p	server7	1,9	1.94
nia-groebner-gate-crossdiv-QF_NRA	gateunbounded	QF_NRA/hycomp/etcs_braking_2.01.seq_lazy_linear_enc_lemmas_global_11.smt2	3c3ba0eb2	Real	unsat	0	nra	nra	6	fd:parse:probe\pprobe:probe\pdl-online:declined\pnra-real-root:declined\pcas-ideal-refuter:declined\pnra:decided	10313	123\p1\p19\p0\p246\p9870	no	dl-online=not-applicable\pnra-real-root=incomplete\pcas-ideal-refuter=incomplete	\pexact real-polynomial decider declined: non-conjunctive (cad-arm=default)\pno combination of the asserted equations collapsed to a constant of the refuting sign	\p\p	server7	1,9	1.96
nia-groebner-gate-crossdiv-QF_NRA	shipped	QF_NRA/hycomp/etcs_braking_2.01.seq_lazy_linear_enc_lemmas_global_11.smt2	3c3ba0eb2	Real	unsat	0	nra	nra	6	fd:parse:probe\pprobe:probe\pdl-online:declined\pnra-real-root:declined\pcas-ideal-refuter:declined\pnra:decided	10212	124\p1\p19\p0\p0\p10012	no	dl-online=not-applicable\pnra-real-root=incomplete\pcas-ideal-refuter=incomplete	\pexact real-polynomial decider declined: non-conjunctive (cad-arm=default)\pnonlinear system exceeds the deterministic generator/atom/inequality ceilings	\p\p	server7	1,9	1.96
nia-groebner-gate-crossdiv-QF_NRA	shipped	QF_NRA/hycomp/simple_ballistics_reach.01.seq_lazy_linear_enc_global_9.smt2	3c3ba0eb2	Real	unknown	0	none	nra	17	fd:parse:probe\pprobe:probe\pdl-online:declined\pnra-real-root:declined\pcas-ideal-refuter:declined\pnra:declined\pq:skolem-qf:declined\pq:nat-induction:declined\pfd:string-gate:declined\pfd:source-string-semantic-unsat:declined\pfd:word-route:declined\pfd:online-string:declined\pfd:membership:declined\pfd:lex-order:declined\pfd:length-lia:declined\pfd:source-string-sat-probe:declined\pfd:bounded-completeness-unsat:declined	16915	21\p0\p6\p0\p0\p16737\p0\p0\p0\p0\p0\p0\p0\p0\p0\p0\p0	no	dl-online=not-applicable\pnra-real-root=incomplete\pcas-ideal-refuter=incomplete\pnra=budget\pq:skolem-qf=unsupported\pq:nat-induction=not-applicable\pfd:string-gate=budget\pfd:source-string-semantic-unsat=budget\pfd:word-route=budget\pfd:online-string=budget\pfd:membership=budget\pfd:lex-order=budget\pfd:length-lia=budget\pfd:source-string-sat-probe=budget\pfd:bounded-completeness-unsat=budget	\pexact real-polynomial decider declined: non-conjunctive (cad-arm=default)\pnonlinear system exceeds the deterministic generator/atom/inequality ceilings\pnonlinear abstraction: 180 cross-products project to 4213 linear-real atoms, past the consuming engine's capacity of 1024 (this needs a nlsat/CAD engine)\pquant-route ownership (ADR-2103): `q:skolem-qf` owns {Real, Int, BvOrFloat, Datatype, Function, UninterpretedSort, Array, NonBvArray, NonBoolBvArray} and does not own {NestedArray, WideInt}, which this quantified query carries, so its non-decision is a decline and the ladder continues. Its own reason was: nonlinear abstraction: 180 cross-products project to 4213 linear-real atoms, past the consuming engine's capacity of 1024 (this needs a nlsat/CAD engine)\p\pnonlinear abstraction: 180 cross-products project to 4213 linear-real atoms, past the consuming engine's capacity of 1024 (this needs a nlsat/CAD engine)\pnonlinear abstraction: 180 cross-products project to 4213 linear-real atoms, past the consuming engine's capacity of 1024 (this needs a nlsat/CAD engine)\pnonlinear abstraction: 180 cross-products project to 4213 linear-real atoms, past the consuming engine's capacity of 1024 (this needs a nlsat/CAD engine)\pnonlinear abstraction: 180 cross-products project to 4213 linear-real atoms, past the consuming engine's capacity of 1024 (this needs a nlsat/CAD engine)\pnonlinear abstraction: 180 cross-products project to 4213 linear-real atoms, past the consuming engine's capacity of 1024 (this needs a nlsat/CAD engine)\pnonlinear abstraction: 180 cross-products project to 4213 linear-real atoms, past the consuming engine's capacity of 1024 (this needs a nlsat/CAD engine)\pnonlinear abstraction: 180 cross-products project to 4213 linear-real atoms, past the consuming engine's capacity of 1024 (this needs a nlsat/CAD engine)\pnonlinear abstraction: 180 cross-products project to 4213 linear-real atoms, past the consuming engine's capacity of 1024 (this needs a nlsat/CAD engine)\pnonlinear abstraction: 180 cross-products project to 4213 linear-real atoms, past the consuming engine's capacity of 1024 (this needs a nlsat/CAD engine)	\p\p\pother\pquant-ownership-decline\p\pother\pother\pother\pother\pother\pother\pother\pother\pother	server7	1,9	1.97
nia-groebner-gate-crossdiv-QF_NRA	gateunbounded	QF_NRA/hycomp/simple_ballistics_reach.01.seq_lazy_linear_enc_global_9.smt2	3c3ba0eb2	Real	unknown	0	none	nra	17	fd:parse:probe\pprobe:probe\pdl-online:declined\pnra-real-root:declined\pcas-ideal-refuter:declined\pnra:declined\pq:skolem-qf:declined\pq:nat-induction:declined\pfd:string-gate:declined\pfd:source-string-semantic-unsat:declined\pfd:word-route:declined\pfd:online-string:declined\pfd:membership:declined\pfd:lex-order:declined\pfd:length-lia:declined\pfd:source-string-sat-probe:declined\pfd:bounded-completeness-unsat:declined	17116	19\p0\p6\p0\p53\p16950\p0\p0\p0\p0\p0\p0\p0\p0\p0\p0\p0	no	dl-online=not-applicable\pnra-real-root=incomplete\pcas-ideal-refuter=incomplete\pnra=budget\pq:skolem-qf=unsupported\pq:nat-induction=not-applicable\pfd:string-gate=budget\pfd:source-string-semantic-unsat=budget\pfd:word-route=budget\pfd:online-string=budget\pfd:membership=budget\pfd:lex-order=budget\pfd:length-lia=budget\pfd:source-string-sat-probe=budget\pfd:bounded-completeness-unsat=budget	\pexact real-polynomial decider declined: non-conjunctive (cad-arm=default)\pno combination of the asserted equations collapsed to a constant of the refuting sign\pnonlinear abstraction: 180 cross-products project to 4213 linear-real atoms, past the consuming engine's capacity of 1024 (this needs a nlsat/CAD engine)\pquant-route ownership (ADR-2103): `q:skolem-qf` owns {Real, Int, BvOrFloat, Datatype, Function, UninterpretedSort, Array, NonBvArray, NonBoolBvArray} and does not own {NestedArray, WideInt}, which this quantified query carries, so its non-decision is a decline and the ladder continues. Its own reason was: nonlinear abstraction: 180 cross-products project to 4213 linear-real atoms, past the consuming engine's capacity of 1024 (this needs a nlsat/CAD engine)\p\pnonlinear abstraction: 180 cross-products project to 4213 linear-real atoms, past the consuming engine's capacity of 1024 (this needs a nlsat/CAD engine)\pnonlinear abstraction: 180 cross-products project to 4213 linear-real atoms, past the consuming engine's capacity of 1024 (this needs a nlsat/CAD engine)\pnonlinear abstraction: 180 cross-products project to 4213 linear-real atoms, past the consuming engine's capacity of 1024 (this needs a nlsat/CAD engine)\pnonlinear abstraction: 180 cross-products project to 4213 linear-real atoms, past the consuming engine's capacity of 1024 (this needs a nlsat/CAD engine)\pnonlinear abstraction: 180 cross-products project to 4213 linear-real atoms, past the consuming engine's capacity of 1024 (this needs a nlsat/CAD engine)\pnonlinear abstraction: 180 cross-products project to 4213 linear-real atoms, past the consuming engine's capacity of 1024 (this needs a nlsat/CAD engine)\pnonlinear abstraction: 180 cross-products project to 4213 linear-real atoms, past the consuming engine's capacity of 1024 (this needs a nlsat/CAD engine)\pnonlinear abstraction: 180 cross-products project to 4213 linear-real atoms, past the consuming engine's capacity of 1024 (this needs a nlsat/CAD engine)\pnonlinear abstraction: 180 cross-products project to 4213 linear-real atoms, past the consuming engine's capacity of 1024 (this needs a nlsat/CAD engine)	\p\p\pother\pquant-ownership-decline\p\pother\pother\pother\pother\pother\pother\pother\pother\pother	server7	1,9	1.98
nia-groebner-gate-crossdiv-QF_NRA	gateunbounded	QF_NRA/kissing/kissing_4_8.smt2	3c3ba0eb2	Real	unknown	0	none	nra-real-root	15	fd:parse:probe\pprobe:probe\pdl-online:declined\pnra-real-root:declined\pcas-ideal-refuter:declined\pq:skolem-qf:declined\pfd:string-gate:declined\pfd:source-string-semantic-unsat:declined\pfd:word-route:declined\pfd:online-string:declined\pfd:membership:declined\pfd:lex-order:declined\pfd:length-lia:declined\pfd:source-string-sat-probe:declined\pfd:bounded-completeness-unsat:declined	24820	0\p0\p0\p24240\p385\p0\p0\p0\p0\p0\p0\p0\p0\p0\p0	no	dl-online=not-applicable\pnra-real-root=incomplete\pcas-ideal-refuter=incomplete\pq:skolem-qf=unsupported\pfd:string-gate=budget\pfd:source-string-semantic-unsat=budget\pfd:word-route=budget\pfd:online-string=budget\pfd:membership=budget\pfd:lex-order=budget\pfd:length-lia=budget\pfd:source-string-sat-probe=budget\pfd:bounded-completeness-unsat=budget	\pexact real-polynomial decider declined: projection (cad-arm=default)\pno combination of the asserted equations collapsed to a constant of the refuting sign\pquant-route ownership (ADR-2103): `q:skolem-qf` owns {Real, Int, BvOrFloat, Datatype, Function, UninterpretedSort, Array, NonBvArray, NonBoolBvArray} and does not own {NestedArray, WideInt}, which this quantified query carries, so its non-decision is a decline and the ladder continues. Its own reason was: preprocessed dispatch timeout after reduced solve; the reduced solve's own reason was [Timeout] auto-dispatch timeout after exact real-polynomial route\ppreprocessed dispatch timeout after reduced solve; the reduced solve's own reason was [Timeout] auto-dispatch timeout after exact real-polynomial route\ppreprocessed dispatch timeout after reduced solve; the reduced solve's own reason was [Timeout] auto-dispatch timeout after exact real-polynomial route\ppreprocessed dispatch timeout after reduced solve; the reduced solve's own reason was [Timeout] auto-dispatch timeout after exact real-polynomial route\ppreprocessed dispatch timeout after reduced solve; the reduced solve's own reason was [Timeout] auto-dispatch timeout after exact real-polynomial route\ppreprocessed dispatch timeout after reduced solve; the reduced solve's own reason was [Timeout] auto-dispatch timeout after exact real-polynomial route\ppreprocessed dispatch timeout after reduced solve; the reduced solve's own reason was [Timeout] auto-dispatch timeout after exact real-polynomial route\ppreprocessed dispatch timeout after reduced solve; the reduced solve's own reason was [Timeout] auto-dispatch timeout after exact real-polynomial route\ppreprocessed dispatch timeout after reduced solve; the reduced solve's own reason was [Timeout] auto-dispatch timeout after exact real-polynomial route\ppreprocessed dispatch timeout after reduced solve; the reduced solve's own reason was [Timeout] auto-dispatch timeout after exact real-polynomial route	\p\p\pquant-ownership-decline\pother\pother\pother\pother\pother\pother\pother\pother\pother	server7	1,9	1.98
nia-groebner-gate-crossdiv-QF_NRA	shipped	QF_NRA/kissing/kissing_4_8.smt2	3c3ba0eb2	Real	unknown	0	none	nra-real-root	15	fd:parse:probe\pprobe:probe\pdl-online:declined\pnra-real-root:declined\pcas-ideal-refuter:declined\pq:skolem-qf:declined\pfd:string-gate:declined\pfd:source-string-semantic-unsat:declined\pfd:word-route:declined\pfd:online-string:declined\pfd:membership:declined\pfd:lex-order:declined\pfd:length-lia:declined\pfd:source-string-sat-probe:declined\pfd:bounded-completeness-unsat:declined	24322	0\p0\p0\p24235\p0\p0\p0\p0\p0\p0\p0\p0\p0\p0\p0	no	dl-online=not-applicable\pnra-real-root=incomplete\pcas-ideal-refuter=incomplete\pq:skolem-qf=unsupported\pfd:string-gate=budget\pfd:source-string-semantic-unsat=budget\pfd:word-route=budget\pfd:online-string=budget\pfd:membership=budget\pfd:lex-order=budget\pfd:length-lia=budget\pfd:source-string-sat-probe=budget\pfd:bounded-completeness-unsat=budget	\pexact real-polynomial decider declined: projection (cad-arm=default)\pnonlinear system exceeds the deterministic generator/atom/inequality ceilings\pquant-route ownership (ADR-2103): `q:skolem-qf` owns {Real, Int, BvOrFloat, Datatype, Function, UninterpretedSort, Array, NonBvArray, NonBoolBvArray} and does not own {NestedArray, WideInt}, which this quantified query carries, so its non-decision is a decline and the ladder continues. Its own reason was: preprocessed dispatch timeout after reduced solve; the reduced solve's own reason was [Timeout] auto-dispatch timeout after exact real-polynomial route\ppreprocessed dispatch timeout after reduced solve; the reduced solve's own reason was [Timeout] auto-dispatch timeout after exact real-polynomial route\ppreprocessed dispatch timeout after reduced solve; the reduced solve's own reason was [Timeout] auto-dispatch timeout after exact real-polynomial route\ppreprocessed dispatch timeout after reduced solve; the reduced solve's own reason was [Timeout] auto-dispatch timeout after exact real-polynomial route\ppreprocessed dispatch timeout after reduced solve; the reduced solve's own reason was [Timeout] auto-dispatch timeout after exact real-polynomial route\ppreprocessed dispatch timeout after reduced solve; the reduced solve's own reason was [Timeout] auto-dispatch timeout after exact real-polynomial route\ppreprocessed dispatch timeout after reduced solve; the reduced solve's own reason was [Timeout] auto-dispatch timeout after exact real-polynomial route\ppreprocessed dispatch timeout after reduced solve; the reduced solve's own reason was [Timeout] auto-dispatch timeout after exact real-polynomial route\ppreprocessed dispatch timeout after reduced solve; the reduced solve's own reason was [Timeout] auto-dispatch timeout after exact real-polynomial route\ppreprocessed dispatch timeout after reduced solve; the reduced solve's own reason was [Timeout] auto-dispatch timeout after exact real-polynomial route	\p\p\pquant-ownership-decline\pother\pother\pother\pother\pother\pother\pother\pother\pother	server7	1,9	1.92
nia-groebner-gate-crossdiv-QF_NRA	shipped	QF_NRA/meti-tarski/CMOS/CMOS-opamp-chunk-0071.smt2	3c3ba0eb2	Real	unknown	0	none	nra	17	fd:parse:probe\pprobe:probe\pdl-online:declined\pnra-real-root:declined\pcas-ideal-refuter:declined\pnra:declined\pq:skolem-qf:declined\pq:nat-induction:declined\pfd:string-gate:declined\pfd:source-string-semantic-unsat:declined\pfd:word-route:declined\pfd:online-string:declined\pfd:membership:declined\pfd:lex-order:declined\pfd:length-lia:declined\pfd:source-string-sat-probe:declined\pfd:bounded-completeness-unsat:declined	708	0\p0\p0\p0\p0\p619\p0\p0\p0\p0\p0\p0\p0\p0\p0\p0\p0	no	dl-online=not-applicable\pnra-real-root=incomplete\pcas-ideal-refuter=incomplete\pnra=incomplete\pq:skolem-qf=unsupported\pq:nat-induction=not-applicable\pfd:string-gate=incomplete\pfd:source-string-semantic-unsat=incomplete\pfd:word-route=incomplete\pfd:online-string=incomplete\pfd:membership=incomplete\pfd:lex-order=incomplete\pfd:length-lia=incomplete\pfd:source-string-sat-probe=incomplete\pfd:bounded-completeness-unsat=incomplete	\pexact real-polynomial decider declined: projection (cad-arm=default)\pno combination of the asserted equations collapsed to a constant of the refuting sign\pnonlinear abstraction: refinement reached a fixpoint without deciding\pquant-route ownership (ADR-2103): `q:skolem-qf` owns {Real, Int, BvOrFloat, Datatype, Function, UninterpretedSort, Array, NonBvArray, NonBoolBvArray} and does not own {NestedArray, WideInt}, which this quantified query carries, so its non-decision is a decline and the ladder continues. Its own reason was: nonlinear abstraction: refinement reached a fixpoint without deciding\p\pnonlinear abstraction: refinement reached a fixpoint without deciding\pnonlinear abstraction: refinement reached a fixpoint without deciding\pnonlinear abstraction: refinement reached a fixpoint without deciding\pnonlinear abstraction: refinement reached a fixpoint without deciding\pnonlinear abstraction: refinement reached a fixpoint without deciding\pnonlinear abstraction: refinement reached a fixpoint without deciding\pnonlinear abstraction: refinement reached a fixpoint without deciding\pnonlinear abstraction: refinement reached a fixpoint without deciding\pnonlinear abstraction: refinement reached a fixpoint without deciding	\p\p\p\pquant-ownership-decline\p\p\p\p\p\p\p\p\p\p	server7	1,9	1.95
nia-groebner-gate-crossdiv-QF_NRA	gateunbounded	QF_NRA/meti-tarski/CMOS/CMOS-opamp-chunk-0071.smt2	3c3ba0eb2	Real	unknown	0	none	nra	17	fd:parse:probe\pprobe:probe\pdl-online:declined\pnra-real-root:declined\pcas-ideal-refuter:declined\pnra:declined\pq:skolem-qf:declined\pq:nat-induction:declined\pfd:string-gate:declined\pfd:source-string-semantic-unsat:declined\pfd:word-route:declined\pfd:online-string:declined\pfd:membership:declined\pfd:lex-order:declined\pfd:length-lia:declined\pfd:source-string-sat-probe:declined\pfd:bounded-completeness-unsat:declined	708	0\p0\p0\p0\p0\p620\p0\p0\p0\p0\p0\p0\p0\p0\p0\p0\p0	no	dl-online=not-applicable\pnra-real-root=incomplete\pcas-ideal-refuter=incomplete\pnra=incomplete\pq:skolem-qf=unsupported\pq:nat-induction=not-applicable\pfd:string-gate=incomplete\pfd:source-string-semantic-unsat=incomplete\pfd:word-route=incomplete\pfd:online-string=incomplete\pfd:membership=incomplete\pfd:lex-order=incomplete\pfd:length-lia=incomplete\pfd:source-string-sat-probe=incomplete\pfd:bounded-completeness-unsat=incomplete	\pexact real-polynomial decider declined: projection (cad-arm=default)\pno combination of the asserted equations collapsed to a constant of the refuting sign\pnonlinear abstraction: refinement reached a fixpoint without deciding\pquant-route ownership (ADR-2103): `q:skolem-qf` owns {Real, Int, BvOrFloat, Datatype, Function, UninterpretedSort, Array, NonBvArray, NonBoolBvArray} and does not own {NestedArray, WideInt}, which this quantified query carries, so its non-decision is a decline and the ladder continues. Its own reason was: nonlinear abstraction: refinement reached a fixpoint without deciding\p\pnonlinear abstraction: refinement reached a fixpoint without deciding\pnonlinear abstraction: refinement reached a fixpoint without deciding\pnonlinear abstraction: refinement reached a fixpoint without deciding\pnonlinear abstraction: refinement reached a fixpoint without deciding\pnonlinear abstraction: refinement reached a fixpoint without deciding\pnonlinear abstraction: refinement reached a fixpoint without deciding\pnonlinear abstraction: refinement reached a fixpoint without deciding\pnonlinear abstraction: refinement reached a fixpoint without deciding\pnonlinear abstraction: refinement reached a fixpoint without deciding	\p\p\p\pquant-ownership-decline\p\p\p\p\p\p\p\p\p\p	server7	1,9	1.95
nia-groebner-gate-crossdiv-QF_NRA	gateunbounded	QF_NRA/meti-tarski/CMOS/CMOS-opamp-chunk-0146.smt2	3c3ba0eb2	Real	unknown	0	none	nra	16	fd:parse:probe\pprobe:probe\pdl-online:declined\pnra-real-root:declined\pnra:declined\pq:skolem-qf:declined\pq:nat-induction:declined\pfd:string-gate:declined\pfd:source-string-semantic-unsat:declined\pfd:word-route:declined\pfd:online-string:declined\pfd:membership:declined\pfd:lex-order:declined\pfd:length-lia:declined\pfd:source-string-sat-probe:declined\pfd:bounded-completeness-unsat:declined	1808	0\p0\p0\p0\p732\p0\p0\p0\p0\p0\p0\p0\p0\p0\p0\p0	no	dl-online=not-applicable\pnra-real-root=incomplete\pnra=incomplete\pq:skolem-qf=unsupported\pq:nat-induction=not-applicable\pfd:string-gate=incomplete\pfd:source-string-semantic-unsat=incomplete\pfd:word-route=incomplete\pfd:online-string=incomplete\pfd:membership=incomplete\pfd:lex-order=incomplete\pfd:length-lia=incomplete\pfd:source-string-sat-probe=incomplete\pfd:bounded-completeness-unsat=incomplete	\pexact real-polynomial decider declined: projection (cad-arm=default)\pnonlinear abstraction: refinement reached a fixpoint without deciding\pquant-route ownership (ADR-2103): `q:skolem-qf` owns {Real, Int, BvOrFloat, Datatype, Function, UninterpretedSort, Array, NonBvArray, NonBoolBvArray} and does not own {NestedArray, WideInt}, which this quantified query carries, so its non-decision is a decline and the ladder continues. Its own reason was: nonlinear abstraction: refinement reached a fixpoint without deciding\p\pnonlinear abstraction: refinement reached a fixpoint without deciding\pnonlinear abstraction: refinement reached a fixpoint without deciding\pnonlinear abstraction: refinement reached a fixpoint without deciding\pnonlinear abstraction: refinement reached a fixpoint without deciding\pnonlinear abstraction: refinement reached a fixpoint without deciding\pnonlinear abstraction: refinement reached a fixpoint without deciding\pnonlinear abstraction: refinement reached a fixpoint without deciding\pnonlinear abstraction: refinement reached a fixpoint without deciding\pnonlinear abstraction: refinement reached a fixpoint without deciding	\p\p\pquant-ownership-decline\p\p\p\p\p\p\p\p\p\p	server7	1,9	1.95
nia-groebner-gate-crossdiv-QF_NRA	shipped	QF_NRA/meti-tarski/CMOS/CMOS-opamp-chunk-0146.smt2	3c3ba0eb2	Real	unknown	0	none	nra	16	fd:parse:probe\pprobe:probe\pdl-online:declined\pnra-real-root:declined\pnra:declined\pq:skolem-qf:declined\pq:nat-induction:declined\pfd:string-gate:declined\pfd:source-string-semantic-unsat:declined\pfd:word-route:declined\pfd:online-string:declined\pfd:membership:declined\pfd:lex-order:declined\pfd:length-lia:declined\pfd:source-string-sat-probe:declined\pfd:bounded-completeness-unsat:declined	1809	0\p0\p0\p0\p745\p0\p0\p0\p0\p0\p0\p0\p0\p0\p0\p0	no	dl-online=not-applicable\pnra-real-root=incomplete\pnra=incomplete\pq:skolem-qf=unsupported\pq:nat-induction=not-applicable\pfd:string-gate=incomplete\pfd:source-string-semantic-unsat=incomplete\pfd:word-route=incomplete\pfd:online-string=incomplete\pfd:membership=incomplete\pfd:lex-order=incomplete\pfd:length-lia=incomplete\pfd:source-string-sat-probe=incomplete\pfd:bounded-completeness-unsat=incomplete	\pexact real-polynomial decider declined: projection (cad-arm=default)\pnonlinear abstraction: refinement reached a fixpoint without deciding\pquant-route ownership (ADR-2103): `q:skolem-qf` owns {Real, Int, BvOrFloat, Datatype, Function, UninterpretedSort, Array, NonBvArray, NonBoolBvArray} and does not own {NestedArray, WideInt}, which this quantified query carries, so its non-decision is a decline and the ladder continues. Its own reason was: nonlinear abstraction: refinement reached a fixpoint without deciding\p\pnonlinear abstraction: refinement reached a fixpoint without deciding\pnonlinear abstraction: refinement reached a fixpoint without deciding\pnonlinear abstraction: refinement reached a fixpoint without deciding\pnonlinear abstraction: refinement reached a fixpoint without deciding\pnonlinear abstraction: refinement reached a fixpoint without deciding\pnonlinear abstraction: refinement reached a fixpoint without deciding\pnonlinear abstraction: refinement reached a fixpoint without deciding\pnonlinear abstraction: refinement reached a fixpoint without deciding\pnonlinear abstraction: refinement reached a fixpoint without deciding	\p\p\pquant-ownership-decline\p\p\p\p\p\p\p\p\p\p	server7	1,9	1.95
nia-groebner-gate-crossdiv-QF_NRA	shipped	QF_NRA/meti-tarski/CMOS/CMOS-opamp-chunk-0211.smt2	3c3ba0eb2	Real	sat	0	nra	nra	5	fd:parse:probe\pprobe:probe\pdl-online:declined\pnra-real-root:declined\pnra:decided	107	0\p0\p0\p0\p7	no	dl-online=not-applicable\pnra-real-root=not-applicable	\p	\p	server7	1,9	1.95
nia-groebner-gate-crossdiv-QF_NRA	gateunbounded	QF_NRA/meti-tarski/CMOS/CMOS-opamp-chunk-0211.smt2	3c3ba0eb2	Real	sat	0	nra	nra	5	fd:parse:probe\pprobe:probe\pdl-online:declined\pnra-real-root:declined\pnra:decided	107	0\p0\p0\p0\p7	no	dl-online=not-applicable\pnra-real-root=not-applicable	\p	\p	server7	1,9	1.95
nia-groebner-gate-crossdiv-QF_NRA	gateunbounded	QF_NRA/meti-tarski/CMOS/CMOS-opamp-chunk-0295.smt2	3c3ba0eb2	Real	unknown	0	none	nra	17	fd:parse:probe\pprobe:probe\pdl-online:declined\pnra-real-root:declined\pcas-ideal-refuter:declined\pnra:declined\pq:skolem-qf:declined\pq:nat-induction:declined\pfd:string-gate:declined\pfd:source-string-semantic-unsat:declined\pfd:word-route:declined\pfd:online-string:declined\pfd:membership:declined\pfd:lex-order:declined\pfd:length-lia:declined\pfd:source-string-sat-probe:declined\pfd:bounded-completeness-unsat:declined	3509	0\p0\p0\p0\p0\p2429\p0\p0\p0\p0\p0\p0\p0\p0\p0\p0\p0	no	dl-online=not-applicable\pnra-real-root=incomplete\pcas-ideal-refuter=incomplete\pnra=budget\pq:skolem-qf=unsupported\pq:nat-induction=not-applicable\pfd:string-gate=budget\pfd:source-string-semantic-unsat=budget\pfd:word-route=budget\pfd:online-string=budget\pfd:membership=budget\pfd:lex-order=budget\pfd:length-lia=budget\pfd:source-string-sat-probe=budget\pfd:bounded-completeness-unsat=budget	\pexact real-polynomial decider declined: projection (cad-arm=default)\pno combination of the asserted equations collapsed to a constant of the refuting sign\plra: both engines declined — the exact-rational simplex ran first and declined in exact arithmetic (its own deadline, its pivot budget, or a zero-divisor decline), then Fourier–Motzkin found the projection feasible but hit an i128 overflow reconstructing the model by back substitution (not a budget at all); the simplex was not re-run on the identical system\pquant-route ownership (ADR-2103): `q:skolem-qf` owns {Real, Int, BvOrFloat, Datatype, Function, UninterpretedSort, Array, NonBvArray, NonBoolBvArray} and does not own {NestedArray, WideInt}, which this quantified query carries, so its non-decision is a decline and the ladder continues. Its own reason was: lra: both engines declined — the exact-rational simplex ran first and declined in exact arithmetic (its own deadline, its pivot budget, or a zero-divisor decline), then Fourier–Motzkin found the projection feasible but hit an i128 overflow reconstructing the model by back substitution (not a budget at all); the simplex was not re-run on the identical system\p\plra: both engines declined — the exact-rational simplex ran first and declined in exact arithmetic (its own deadline, its pivot budget, or a zero-divisor decline), then Fourier–Motzkin found the projection feasible but hit an i128 overflow reconstructing the model by back substitution (not a budget at all); the simplex was not re-run on the identical system\plra: both engines declined — the exact-rational simplex ran first and declined in exact arithmetic (its own deadline, its pivot budget, or a zero-divisor decline), then Fourier–Motzkin found the projection feasible but hit an i128 overflow reconstructing the model by back substitution (not a budget at all); the simplex was not re-run on the identical system\plra: both engines declined — the exact-rational simplex ran first and declined in exact arithmetic (its own deadline, its pivot budget, or a zero-divisor decline), then Fourier–Motzkin found the projection feasible but hit an i128 overflow reconstructing the model by back substitution (not a budget at all); the simplex was not re-run on the identical system\plra: both engines declined — the exact-rational simplex ran first and declined in exact arithmetic (its own deadline, its pivot budget, or a zero-divisor decline), then Fourier–Motzkin found the projection feasible but hit an i128 overflow reconstructing the model by back substitution (not a budget at all); the simplex was not re-run on the identical system\plra: both engines declined — the exact-rational simplex ran first and declined in exact arithmetic (its own deadline, its pivot budget, or a zero-divisor decline), then Fourier–Motzkin found the projection feasible but hit an i128 overflow reconstructing the model by back substitution (not a budget at all); the simplex was not re-run on the identical system\plra: both engines declined — the exact-rational simplex ran first and declined in exact arithmetic (its own deadline, its pivot budget, or a zero-divisor decline), then Fourier–Motzkin found the projection feasible but hit an i128 overflow reconstructing the model by back substitution (not a budget at all); the simplex was not re-run on the identical system\plra: both engines declined — the exact-rational simplex ran first and declined in exact arithmetic (its own deadline, its pivot budget, or a zero-divisor decline), then Fourier–Motzkin found the projection feasible but hit an i128 overflow reconstructing the model by back substitution (not a budget at all); the simplex was not re-run on the identical system\plra: both engines declined — the exact-rational simplex ran first and declined in exact arithmetic (its own deadline, its pivot budget, or a zero-divisor decline), then Fourier–Motzkin found the projection feasible but hit an i128 overflow reconstructing the model by back substitution (not a budget at all); the simplex was not re-run on the identical system\plra: both engines declined — the exact-rational simplex ran first and declined in exact arithmetic (its own deadline, its pivot budget, or a zero-divisor decline), then Fourier–Motzkin found the projection feasible but hit an i128 overflow reconstructing the model by back substitution (not a budget at all); the simplex was not re-run on the identical system	\p\p\pother\pquant-ownership-decline\p\pother\pother\pother\pother\pother\pother\pother\pother\pother	server7	1,9	1.95
nia-groebner-gate-crossdiv-QF_NRA	shipped	QF_NRA/meti-tarski/CMOS/CMOS-opamp-chunk-0295.smt2	3c3ba0eb2	Real	unknown	0	none	nra	17	fd:parse:probe\pprobe:probe\pdl-online:declined\pnra-real-root:declined\pcas-ideal-refuter:declined\pnra:declined\pq:skolem-qf:declined\pq:nat-induction:declined\pfd:string-gate:declined\pfd:source-string-semantic-unsat:declined\pfd:word-route:declined\pfd:online-string:declined\pfd:membership:declined\pfd:lex-order:declined\pfd:length-lia:declined\pfd:source-string-sat-probe:declined\pfd:bounded-completeness-unsat:declined	3510	0\p0\p0\p0\p0\p2441\p0\p0\p0\p0\p0\p0\p0\p0\p0\p0\p0	no	dl-online=not-applicable\pnra-real-root=incomplete\pcas-ideal-refuter=incomplete\pnra=budget\pq:skolem-qf=unsupported\pq:nat-induction=not-applicable\pfd:string-gate=budget\pfd:source-string-semantic-unsat=budget\pfd:word-route=budget\pfd:online-string=budget\pfd:membership=budget\pfd:lex-order=budget\pfd:length-lia=budget\pfd:source-string-sat-probe=budget\pfd:bounded-completeness-unsat=budget	\pexact real-polynomial decider declined: projection (cad-arm=default)\pno combination of the asserted equations collapsed to a constant of the refuting sign\plra: both engines declined — the exact-rational simplex ran first and declined in exact arithmetic (its own deadline, its pivot budget, or a zero-divisor decline), then Fourier–Motzkin found the projection feasible but hit an i128 overflow reconstructing the model by back substitution (not a budget at all); the simplex was not re-run on the identical system\pquant-route ownership (ADR-2103): `q:skolem-qf` owns {Real, Int, BvOrFloat, Datatype, Function, UninterpretedSort, Array, NonBvArray, NonBoolBvArray} and does not own {NestedArray, WideInt}, which this quantified query carries, so its non-decision is a decline and the ladder continues. Its own reason was: lra: both engines declined — the exact-rational simplex ran first and declined in exact arithmetic (its own deadline, its pivot budget, or a zero-divisor decline), then Fourier–Motzkin found the projection feasible but hit an i128 overflow reconstructing the model by back substitution (not a budget at all); the simplex was not re-run on the identical system\p\plra: both engines declined — the exact-rational simplex ran first and declined in exact arithmetic (its own deadline, its pivot budget, or a zero-divisor decline), then Fourier–Motzkin found the projection feasible but hit an i128 overflow reconstructing the model by back substitution (not a budget at all); the simplex was not re-run on the identical system\plra: both engines declined — the exact-rational simplex ran first and declined in exact arithmetic (its own deadline, its pivot budget, or a zero-divisor decline), then Fourier–Motzkin found the projection feasible but hit an i128 overflow reconstructing the model by back substitution (not a budget at all); the simplex was not re-run on the identical system\plra: both engines declined — the exact-rational simplex ran first and declined in exact arithmetic (its own deadline, its pivot budget, or a zero-divisor decline), then Fourier–Motzkin found the projection feasible but hit an i128 overflow reconstructing the model by back substitution (not a budget at all); the simplex was not re-run on the identical system\plra: both engines declined — the exact-rational simplex ran first and declined in exact arithmetic (its own deadline, its pivot budget, or a zero-divisor decline), then Fourier–Motzkin found the projection feasible but hit an i128 overflow reconstructing the model by back substitution (not a budget at all); the simplex was not re-run on the identical system\plra: both engines declined — the exact-rational simplex ran first and declined in exact arithmetic (its own deadline, its pivot budget, or a zero-divisor decline), then Fourier–Motzkin found the projection feasible but hit an i128 overflow reconstructing the model by back substitution (not a budget at all); the simplex was not re-run on the identical system\plra: both engines declined — the exact-rational simplex ran first and declined in exact arithmetic (its own deadline, its pivot budget, or a zero-divisor decline), then Fourier–Motzkin found the projection feasible but hit an i128 overflow reconstructing the model by back substitution (not a budget at all); the simplex was not re-run on the identical system\plra: both engines declined — the exact-rational simplex ran first and declined in exact arithmetic (its own deadline, its pivot budget, or a zero-divisor decline), then Fourier–Motzkin found the projection feasible but hit an i128 overflow reconstructing the model by back substitution (not a budget at all); the simplex was not re-run on the identical system\plra: both engines declined — the exact-rational simplex ran first and declined in exact arithmetic (its own deadline, its pivot budget, or a zero-divisor decline), then Fourier–Motzkin found the projection feasible but hit an i128 overflow reconstructing the model by back substitution (not a budget at all); the simplex was not re-run on the identical system\plra: both engines declined — the exact-rational simplex ran first and declined in exact arithmetic (its own deadline, its pivot budget, or a zero-divisor decline), then Fourier–Motzkin found the projection feasible but hit an i128 overflow reconstructing the model by back substitution (not a budget at all); the simplex was not re-run on the identical system	\p\p\pother\pquant-ownership-decline\p\pother\pother\pother\pother\pother\pother\pother\pother\pother	server7	1,9	1.96
nia-groebner-gate-crossdiv-QF_NRA	shipped	QF_NRA/meti-tarski/CONVOI2/CONVOI2-chunk-0028.smt2	3c3ba0eb2	Real	sat	0	nra	nra	6	fd:parse:probe\pprobe:probe\pdl-online:declined\pnra-real-root:declined\pcas-ideal-refuter:declined\pnra:decided	108	0\p0\p0\p1\p7\p18	no	dl-online=not-applicable\pnra-real-root=incomplete\pcas-ideal-refuter=incomplete	\pexact real-polynomial decider declined: coefficient-range (cad-arm=default)\pno combination of the asserted equations collapsed to a constant of the refuting sign	\p\p	server7	1,9	1.96
nia-groebner-gate-crossdiv-QF_NRA	gateunbounded	QF_NRA/meti-tarski/CONVOI2/CONVOI2-chunk-0028.smt2	3c3ba0eb2	Real	sat	0	nra	nra	6	fd:parse:probe\pprobe:probe\pdl-online:declined\pnra-real-root:declined\pcas-ideal-refuter:declined\pnra:decided	107	0\p0\p0\p0\p7\p18	no	dl-online=not-applicable\pnra-real-root=incomplete\pcas-ideal-refuter=incomplete	\pexact real-polynomial decider declined: coefficient-range (cad-arm=default)\pno combination of the asserted equations collapsed to a constant of the refuting sign	\p\p	server7	1,9	1.96
nia-groebner-gate-crossdiv-QF_NRA	gateunbounded	QF_NRA/meti-tarski/Chua/1/IL/L/Chua-1-IL-L-chunk-0065.smt2	3c3ba0eb2	Real	unsat	0	nra	nra	6	fd:parse:probe\pprobe:probe\pdl-online:declined\pnra-real-root:declined\pcas-ideal-refuter:declined\pnra:decided	107	0\p0\p0\p0\p0\p5	no	dl-online=not-applicable\pnra-real-root=incomplete\pcas-ideal-refuter=incomplete	\pexact real-polynomial decider declined: non-conjunctive (cad-arm=default)\pno combination of the asserted equations collapsed to a constant of the refuting sign	\p\p	server7	1,9	1.96
nia-groebner-gate-crossdiv-QF_NRA	shipped	QF_NRA/meti-tarski/Chua/1/IL/L/Chua-1-IL-L-chunk-0065.smt2	3c3ba0eb2	Real	unsat	0	nra	nra	6	fd:parse:probe\pprobe:probe\pdl-online:declined\pnra-real-root:declined\pcas-ideal-refuter:declined\pnra:decided	107	0\p0\p0\p0\p0\p5	no	dl-online=not-applicable\pnra-real-root=incomplete\pcas-ideal-refuter=incomplete	\pexact real-polynomial decider declined: non-conjunctive (cad-arm=default)\pno combination of the asserted equations collapsed to a constant of the refuting sign	\p\p	server7	1,9	1.96
nia-groebner-gate-crossdiv-QF_NRA	shipped	QF_NRA/meti-tarski/Chua/1/IL/L/Chua-1-IL-L-chunk-0141.smt2	3c3ba0eb2	Real	unsat	0	nra	nra	6	fd:parse:probe\pprobe:probe\pdl-online:declined\pnra-real-root:declined\pcas-ideal-refuter:declined\pnra:decided	108	0\p0\p0\p0\p2\p5	no	dl-online=not-applicable\pnra-real-root=incomplete\pcas-ideal-refuter=incomplete	\pexact real-polynomial decider declined: non-conjunctive (cad-arm=default)\pno combination of the asserted equations collapsed to a constant of the refuting sign	\p\p	server7	1,9	1.96
nia-groebner-gate-crossdiv-QF_NRA	gateunbounded	QF_NRA/meti-tarski/Chua/1/IL/L/Chua-1-IL-L-chunk-0141.smt2	3c3ba0eb2	Real	unsat	0	nra	nra	6	fd:parse:probe\pprobe:probe\pdl-online:declined\pnra-real-root:declined\pcas-ideal-refuter:declined\pnra:decided	107	0\p0\p0\p0\p2\p4	no	dl-online=not-applicable\pnra-real-root=incomplete\pcas-ideal-refuter=incomplete	\pexact real-polynomial decider declined: non-conjunctive (cad-arm=default)\pno combination of the asserted equations collapsed to a constant of the refuting sign	\p\p	server7	1,9	1.96
nia-groebner-gate-crossdiv-QF_NRA	gateunbounded	QF_NRA/meti-tarski/Chua/1/IL/U/Chua-1-IL-U-chunk-0075.smt2	3c3ba0eb2	not-dispatched	unknown	0	none	fd:parse	14	fd:parse:probe\pprobe:probe\pwide-int-admission:declined\pq:skolem-qf:declined\pq:nat-induction:declined\pfd:string-gate:declined\pfd:source-string-semantic-unsat:declined\pfd:word-route:declined\pfd:online-string:declined\pfd:membership:declined\pfd:lex-order:declined\pfd:length-lia:declined\pfd:source-string-sat-probe:declined\pfd:bounded-completeness-unsat:declined	107	0\p0\p0\p0\p0\p0\p0\p0\p0\p0\p0\p0\p0\p0	no	wide-int-admission=incomplete\pq:skolem-qf=unsupported\pq:nat-induction=not-applicable\pfd:string-gate=incomplete\pfd:source-string-semantic-unsat=incomplete\pfd:word-route=incomplete\pfd:online-string=incomplete\pfd:membership=incomplete\pfd:lex-order=incomplete\pfd:length-lia=incomplete\pfd:source-string-sat-probe=incomplete\pfd:bounded-completeness-unsat=incomplete	query contains an integer literal outside the i128 reference range; no route has opted into wide integer constants (ADR-1702 slice 2)\pquant-route ownership (ADR-2103): `q:skolem-qf` owns {Real, Int, BvOrFloat, Datatype, Function, UninterpretedSort, Array, NonBvArray, NonBoolBvArray} and does not own {NestedArray, WideInt}, which this quantified query carries, so its non-decision is a decline and the ladder continues. Its own reason was: query contains an integer literal outside the i128 reference range; no route has opted into wide integer constants (ADR-1702 slice 2)\p\pquery contains an integer literal outside the i128 reference range; no route has opted into wide integer constants (ADR-1702 slice 2)\pquery contains an integer literal outside the i128 reference range; no route has opted into wide integer constants (ADR-1702 slice 2)\pquery contains an integer literal outside the i128 reference range; no route has opted into wide integer constants (ADR-1702 slice 2)\pquery contains an integer literal outside the i128 reference range; no route has opted into wide integer constants (ADR-1702 slice 2)\pquery contains an integer literal outside the i128 reference range; no route has opted into wide integer constants (ADR-1702 slice 2)\pquery contains an integer literal outside the i128 reference range; no route has opted into wide integer constants (ADR-1702 slice 2)\pquery contains an integer literal outside the i128 reference range; no route has opted into wide integer constants (ADR-1702 slice 2)\pquery contains an integer literal outside the i128 reference range; no route has opted into wide integer constants (ADR-1702 slice 2)\pquery contains an integer literal outside the i128 reference range; no route has opted into wide integer constants (ADR-1702 slice 2)	\pquant-ownership-decline\p\p\p\p\p\p\p\p\p\p	server7	1,9	1.88
nia-groebner-gate-crossdiv-QF_NRA	shipped	QF_NRA/meti-tarski/Chua/1/IL/U/Chua-1-IL-U-chunk-0075.smt2	3c3ba0eb2	not-dispatched	unknown	0	none	fd:parse	14	fd:parse:probe\pprobe:probe\pwide-int-admission:declined\pq:skolem-qf:declined\pq:nat-induction:declined\pfd:string-gate:declined\pfd:source-string-semantic-unsat:declined\pfd:word-route:declined\pfd:online-string:declined\pfd:membership:declined\pfd:lex-order:declined\pfd:length-lia:declined\pfd:source-string-sat-probe:declined\pfd:bounded-completeness-unsat:declined	107	0\p0\p0\p0\p0\p0\p0\p0\p0\p0\p0\p0\p0\p0	no	wide-int-admission=incomplete\pq:skolem-qf=unsupported\pq:nat-induction=not-applicable\pfd:string-gate=incomplete\pfd:source-string-semantic-unsat=incomplete\pfd:word-route=incomplete\pfd:online-string=incomplete\pfd:membership=incomplete\pfd:lex-order=incomplete\pfd:length-lia=incomplete\pfd:source-string-sat-probe=incomplete\pfd:bounded-completeness-unsat=incomplete	query contains an integer literal outside the i128 reference range; no route has opted into wide integer constants (ADR-1702 slice 2)\pquant-route ownership (ADR-2103): `q:skolem-qf` owns {Real, Int, BvOrFloat, Datatype, Function, UninterpretedSort, Array, NonBvArray, NonBoolBvArray} and does not own {NestedArray, WideInt}, which this quantified query carries, so its non-decision is a decline and the ladder continues. Its own reason was: query contains an integer literal outside the i128 reference range; no route has opted into wide integer constants (ADR-1702 slice 2)\p\pquery contains an integer literal outside the i128 reference range; no route has opted into wide integer constants (ADR-1702 slice 2)\pquery contains an integer literal outside the i128 reference range; no route has opted into wide integer constants (ADR-1702 slice 2)\pquery contains an integer literal outside the i128 reference range; no route has opted into wide integer constants (ADR-1702 slice 2)\pquery contains an integer literal outside the i128 reference range; no route has opted into wide integer constants (ADR-1702 slice 2)\pquery contains an integer literal outside the i128 reference range; no route has opted into wide integer constants (ADR-1702 slice 2)\pquery contains an integer literal outside the i128 reference range; no route has opted into wide integer constants (ADR-1702 slice 2)\pquery contains an integer literal outside the i128 reference range; no route has opted into wide integer constants (ADR-1702 slice 2)\pquery contains an integer literal outside the i128 reference range; no route has opted into wide integer constants (ADR-1702 slice 2)\pquery contains an integer literal outside the i128 reference range; no route has opted into wide integer constants (ADR-1702 slice 2)	\pquant-ownership-decline\p\p\p\p\p\p\p\p\p\p	server7	1,9	1.88
nia-groebner-gate-crossdiv-QF_NRA	shipped	QF_NRA/meti-tarski/Chua/1/VC1/L/Chua-1-VC1-L-chunk-0080.smt2	3c3ba0eb2	Real	unknown	0	none	nra	16	fd:parse:probe\pprobe:probe\pdl-online:declined\pnra-real-root:declined\pnra:declined\pq:skolem-qf:declined\pq:nat-induction:declined\pfd:string-gate:declined\pfd:source-string-semantic-unsat:declined\pfd:word-route:declined\pfd:online-string:declined\pfd:membership:declined\pfd:lex-order:declined\pfd:length-lia:declined\pfd:source-string-sat-probe:declined\pfd:bounded-completeness-unsat:declined	908	0\p0\p0\p0\p781\p0\p0\p0\p0\p0\p0\p0\p0\p0\p0\p0	no	dl-online=not-applicable\pnra-real-root=incomplete\pnra=incomplete\pq:skolem-qf=unsupported\pq:nat-induction=not-applicable\pfd:string-gate=incomplete\pfd:source-string-semantic-unsat=incomplete\pfd:word-route=incomplete\pfd:online-string=incomplete\pfd:membership=incomplete\pfd:lex-order=incomplete\pfd:length-lia=incomplete\pfd:source-string-sat-probe=incomplete\pfd:bounded-completeness-unsat=incomplete	\pexact real-polynomial decider declined: non-conjunctive (cad-arm=default)\pnonlinear abstraction: refinement reached a fixpoint without deciding\pquant-route ownership (ADR-2103): `q:skolem-qf` owns {Real, Int, BvOrFloat, Datatype, Function, UninterpretedSort, Array, NonBvArray, NonBoolBvArray} and does not own {NestedArray, WideInt}, which this quantified query carries, so its non-decision is a decline and the ladder continues. Its own reason was: nonlinear abstraction: refinement reached a fixpoint without deciding\p\pnonlinear abstraction: refinement reached a fixpoint without deciding\pnonlinear abstraction: refinement reached a fixpoint without deciding\pnonlinear abstraction: refinement reached a fixpoint without deciding\pnonlinear abstraction: refinement reached a fixpoint without deciding\pnonlinear abstraction: refinement reached a fixpoint without deciding\pnonlinear abstraction: refinement reached a fixpoint without deciding\pnonlinear abstraction: refinement reached a fixpoint without deciding\pnonlinear abstraction: refinement reached a fixpoint without deciding\pnonlinear abstraction: refinement reached a fixpoint without deciding	\p\p\pquant-ownership-decline\p\p\p\p\p\p\p\p\p\p	server7	1,9	1.88
nia-groebner-gate-crossdiv-QF_NRA	gateunbounded	QF_NRA/meti-tarski/Chua/1/VC1/L/Chua-1-VC1-L-chunk-0080.smt2	3c3ba0eb2	Real	unknown	0	none	nra	16	fd:parse:probe\pprobe:probe\pdl-online:declined\pnra-real-root:declined\pnra:declined\pq:skolem-qf:declined\pq:nat-induction:declined\pfd:string-gate:declined\pfd:source-string-semantic-unsat:declined\pfd:word-route:declined\pfd:online-string:declined\pfd:membership:declined\pfd:lex-order:declined\pfd:length-lia:declined\pfd:source-string-sat-probe:declined\pfd:bounded-completeness-unsat:declined	807	0\p0\p0\p0\p758\p0\p0\p0\p0\p0\p0\p0\p0\p0\p0\p0	no	dl-online=not-applicable\pnra-real-root=incomplete\pnra=incomplete\pq:skolem-qf=unsupported\pq:nat-induction=not-applicable\pfd:string-gate=incomplete\pfd:source-string-semantic-unsat=incomplete\pfd:word-route=incomplete\pfd:online-string=incomplete\pfd:membership=incomplete\pfd:lex-order=incomplete\pfd:length-lia=incomplete\pfd:source-string-sat-probe=incomplete\pfd:bounded-completeness-unsat=incomplete	\pexact real-polynomial decider declined: non-conjunctive (cad-arm=default)\pnonlinear abstraction: refinement reached a fixpoint without deciding\pquant-route ownership (ADR-2103): `q:skolem-qf` owns {Real, Int, BvOrFloat, Datatype, Function, UninterpretedSort, Array, NonBvArray, NonBoolBvArray} and does not own {NestedArray, WideInt}, which this quantified query carries, so its non-decision is a decline and the ladder continues. Its own reason was: nonlinear abstraction: refinement reached a fixpoint without deciding\p\pnonlinear abstraction: refinement reached a fixpoint without deciding\pnonlinear abstraction: refinement reached a fixpoint without deciding\pnonlinear abstraction: refinement reached a fixpoint without deciding\pnonlinear abstraction: refinement reached a fixpoint without deciding\pnonlinear abstraction: refinement reached a fixpoint without deciding\pnonlinear abstraction: refinement reached a fixpoint without deciding\pnonlinear abstraction: refinement reached a fixpoint without deciding\pnonlinear abstraction: refinement reached a fixpoint without deciding\pnonlinear abstraction: refinement reached a fixpoint without deciding	\p\p\pquant-ownership-decline\p\p\p\p\p\p\p\p\p\p	server7	1,9	1.88
nia-groebner-gate-crossdiv-QF_NRA	gateunbounded	QF_NRA/meti-tarski/Chua/1/VC1/L/Chua-1-VC1-L-chunk-0158.smt2	3c3ba0eb2	Real	unsat	0	nra	nra	6	fd:parse:probe\pprobe:probe\pdl-online:declined\pnra-real-root:declined\pcas-ideal-refuter:declined\pnra:decided	108	0\p0\p0\p0\p1\p7	no	dl-online=not-applicable\pnra-real-root=incomplete\pcas-ideal-refuter=incomplete	\pexact real-polynomial decider declined: non-conjunctive (cad-arm=default)\pno combination of the asserted equations collapsed to a constant of the refuting sign	\p\p	server7	1,9	1.88
nia-groebner-gate-crossdiv-QF_NRA	shipped	QF_NRA/meti-tarski/Chua/1/VC1/L/Chua-1-VC1-L-chunk-0158.smt2	3c3ba0eb2	Real	unsat	0	nra	nra	6	fd:parse:probe\pprobe:probe\pdl-online:declined\pnra-real-root:declined\pcas-ideal-refuter:declined\pnra:decided	108	0\p0\p0\p0\p1\p7	no	dl-online=not-applicable\pnra-real-root=incomplete\pcas-ideal-refuter=incomplete	\pexact real-polynomial decider declined: non-conjunctive (cad-arm=default)\pno combination of the asserted equations collapsed to a constant of the refuting sign	\p\p	server7	1,9	1.88
nia-groebner-gate-crossdiv-QF_NRA	shipped	QF_NRA/meti-tarski/Chua/1/VC2/L/Chua-1-VC2-L-chunk-0025.smt2	3c3ba0eb2	Real	sat	0	nra	cas-ideal-refuter	6	fd:parse:probe\pprobe:probe\pdl-online:declined\pnra-real-root:declined\pcas-ideal-refuter:declined\pnra:decided	107	0\p0\p0\p0\p0\p0	no	dl-online=not-applicable\pnra-real-root=incomplete\pcas-ideal-refuter=incomplete	\pexact real-polynomial decider declined: non-conjunctive (cad-arm=default)\pno combination of the asserted equations collapsed to a constant of the refuting sign	\p\p	server7	1,9	1.88
nia-groebner-gate-crossdiv-QF_NRA	gateunbounded	QF_NRA/meti-tarski/Chua/1/VC2/L/Chua-1-VC2-L-chunk-0025.smt2	3c3ba0eb2	Real	sat	0	nra	cas-ideal-refuter	6	fd:parse:probe\pprobe:probe\pdl-online:declined\pnra-real-root:declined\pcas-ideal-refuter:declined\pnra:decided	107	0\p0\p0\p0\p0\p0	no	dl-online=not-applicable\pnra-real-root=incomplete\pcas-ideal-refuter=incomplete	\pexact real-polynomial decider declined: non-conjunctive (cad-arm=default)\pno combination of the asserted equations collapsed to a constant of the refuting sign	\p\p	server7	1,9	1.88
nia-groebner-gate-crossdiv-QF_NRA	gateunbounded	QF_NRA/meti-tarski/Chua/1/VC2/U/Chua-1-VC2-U-chunk-0037.smt2	3c3ba0eb2	Real	sat	0	nra	cas-ideal-refuter	6	fd:parse:probe\pprobe:probe\pdl-online:declined\pnra-real-root:declined\pcas-ideal-refuter:declined\pnra:decided	106	0\p0\p0\p0\p0\p0	no	dl-online=not-applicable\pnra-real-root=incomplete\pcas-ideal-refuter=incomplete	\pexact real-polynomial decider declined: non-conjunctive (cad-arm=default)\pno combination of the asserted equations collapsed to a constant of the refuting sign	\p\p	server7	1,9	1.88
nia-groebner-gate-crossdiv-QF_NRA	shipped	QF_NRA/meti-tarski/Chua/1/VC2/U/Chua-1-VC2-U-chunk-0037.smt2	3c3ba0eb2	Real	sat	0	nra	cas-ideal-refuter	6	fd:parse:probe\pprobe:probe\pdl-online:declined\pnra-real-root:declined\pcas-ideal-refuter:declined\pnra:decided	107	0\p0\p0\p0\p0\p0	no	dl-online=not-applicable\pnra-real-root=incomplete\pcas-ideal-refuter=incomplete	\pexact real-polynomial decider declined: non-conjunctive (cad-arm=default)\pno combination of the asserted equations collapsed to a constant of the refuting sign	\p\p	server7	1,9	1.88
nia-groebner-gate-crossdiv-QF_NRA	shipped	QF_NRA/meti-tarski/Chua/1/VC2/U/Chua-1-VC2-U-chunk-0110.smt2	3c3ba0eb2	Real	sat	0	nra	cas-ideal-refuter	6	fd:parse:probe\pprobe:probe\pdl-online:declined\pnra-real-root:declined\pcas-ideal-refuter:declined\pnra:decided	108	0\p0\p0\p0\p1\p0	no	dl-online=not-applicable\pnra-real-root=incomplete\pcas-ideal-refuter=incomplete	\pexact real-polynomial decider declined: non-conjunctive (cad-arm=default)\pno combination of the asserted equations collapsed to a constant of the refuting sign	\p\p	server7	1,9	1.88
nia-groebner-gate-crossdiv-QF_NRA	gateunbounded	QF_NRA/meti-tarski/Chua/1/VC2/U/Chua-1-VC2-U-chunk-0110.smt2	3c3ba0eb2	Real	sat	0	nra	cas-ideal-refuter	6	fd:parse:probe\pprobe:probe\pdl-online:declined\pnra-real-root:declined\pcas-ideal-refuter:declined\pnra:decided	108	0\p0\p0\p0\p1\p0	no	dl-online=not-applicable\pnra-real-root=incomplete\pcas-ideal-refuter=incomplete	\pexact real-polynomial decider declined: non-conjunctive (cad-arm=default)\pno combination of the asserted equations collapsed to a constant of the refuting sign	\p\p	server7	1,9	1.88
nia-groebner-gate-crossdiv-QF_NRA	gateunbounded	QF_NRA/meti-tarski/Chua/2/IL/L/Chua-2-IL-L-chunk-0036.smt2	3c3ba0eb2	Real	sat	0	nra	cas-ideal-refuter	6	fd:parse:probe\pprobe:probe\pdl-online:declined\pnra-real-root:declined\pcas-ideal-refuter:declined\pnra:decided	108	0\p0\p0\p0\p0\p0	no	dl-online=not-applicable\pnra-real-root=incomplete\pcas-ideal-refuter=incomplete	\pexact real-polynomial decider declined: non-conjunctive (cad-arm=default)\pno combination of the asserted equations collapsed to a constant of the refuting sign	\p\p	server7	1,9	1.88
nia-groebner-gate-crossdiv-QF_NRA	shipped	QF_NRA/meti-tarski/Chua/2/IL/L/Chua-2-IL-L-chunk-0036.smt2	3c3ba0eb2	Real	sat	0	nra	cas-ideal-refuter	6	fd:parse:probe\pprobe:probe\pdl-online:declined\pnra-real-root:declined\pcas-ideal-refuter:declined\pnra:decided	107	0\p0\p0\p0\p0\p0	no	dl-online=not-applicable\pnra-real-root=incomplete\pcas-ideal-refuter=incomplete	\pexact real-polynomial decider declined: non-conjunctive (cad-arm=default)\pno combination of the asserted equations collapsed to a constant of the refuting sign	\p\p	server7	1,9	1.88
nia-groebner-gate-crossdiv-QF_NRA	shipped	QF_NRA/meti-tarski/Chua/2/IL/L/Chua-2-IL-L-chunk-0103.smt2	3c3ba0eb2	Real	sat	0	nra	cas-ideal-refuter	6	fd:parse:probe\pprobe:probe\pdl-online:declined\pnra-real-root:declined\pcas-ideal-refuter:declined\pnra:decided	108	0\p0\p0\p0\p0\p0	no	dl-online=not-applicable\pnra-real-root=incomplete\pcas-ideal-refuter=incomplete	\pexact real-polynomial decider declined: non-conjunctive (cad-arm=default)\pno combination of the asserted equations collapsed to a constant of the refuting sign	\p\p	server7	1,9	1.88
nia-groebner-gate-crossdiv-QF_NRA	gateunbounded	QF_NRA/meti-tarski/Chua/2/IL/L/Chua-2-IL-L-chunk-0103.smt2	3c3ba0eb2	Real	sat	0	nra	cas-ideal-refuter	6	fd:parse:probe\pprobe:probe\pdl-online:declined\pnra-real-root:declined\pcas-ideal-refuter:declined\pnra:decided	107	0\p0\p0\p0\p0\p0	no	dl-online=not-applicable\pnra-real-root=incomplete\pcas-ideal-refuter=incomplete	\pexact real-polynomial decider declined: non-conjunctive (cad-arm=default)\pno combination of the asserted equations collapsed to a constant of the refuting sign	\p\p	server7	1,9	1.88
nia-groebner-gate-crossdiv-QF_NRA	gateunbounded	QF_NRA/meti-tarski/Chua/2/IL/U/Chua-2-IL-U-chunk-0064.smt2	3c3ba0eb2	Real	sat	0	nra	dl-online	6	fd:parse:probe\pprobe:probe\pdl-online:declined\pnra-real-root:declined\pcas-ideal-refuter:declined\pnra:decided	108	0\p0\p0\p0\p0\p0	no	dl-online=not-applicable\pnra-real-root=not-applicable\pcas-ideal-refuter=incomplete	\p\pno combination of the asserted equations collapsed to a constant of the refuting sign	\p\p	server7	1,9	1.88
nia-groebner-gate-crossdiv-QF_NRA	shipped	QF_NRA/meti-tarski/Chua/2/IL/U/Chua-2-IL-U-chunk-0064.smt2	3c3ba0eb2	Real	sat	0	nra	nra	6	fd:parse:probe\pprobe:probe\pdl-online:declined\pnra-real-root:declined\pcas-ideal-refuter:declined\pnra:decided	107	0\p0\p0\p0\p0\p0	no	dl-online=not-applicable\pnra-real-root=not-applicable\pcas-ideal-refuter=incomplete	\p\pno combination of the asserted equations collapsed to a constant of the refuting sign	\p\p	server7	1,9	1.88
nia-groebner-gate-crossdiv-QF_NRA	shipped	QF_NRA/meti-tarski/Chua/2/VC1/L/Chua-2-VC1-L-chunk-0050.smt2	3c3ba0eb2	Real	sat	0	nra	cas-ideal-refuter	6	fd:parse:probe\pprobe:probe\pdl-online:declined\pnra-real-root:declined\pcas-ideal-refuter:declined\pnra:decided	107	0\p0\p0\p0\p0\p0	no	dl-online=not-applicable\pnra-real-root=incomplete\pcas-ideal-refuter=incomplete	\pexact real-polynomial decider declined: non-conjunctive (cad-arm=default)\pno combination of the asserted equations collapsed to a constant of the refuting sign	\p\p	server7	1,9	1.88
nia-groebner-gate-crossdiv-QF_NRA	gateunbounded	QF_NRA/meti-tarski/Chua/2/VC1/L/Chua-2-VC1-L-chunk-0050.smt2	3c3ba0eb2	Real	sat	0	nra	cas-ideal-refuter	6	fd:parse:probe\pprobe:probe\pdl-online:declined\pnra-real-root:declined\pcas-ideal-refuter:declined\pnra:decided	108	0\p0\p0\p0\p0\p0	no	dl-online=not-applicable\pnra-real-root=incomplete\pcas-ideal-refuter=incomplete	\pexact real-polynomial decider declined: non-conjunctive (cad-arm=default)\pno combination of the asserted equations collapsed to a constant of the refuting sign	\p\p	server7	1,9	1.88
nia-groebner-gate-crossdiv-QF_NRA	gateunbounded	QF_NRA/meti-tarski/Chua/2/VC1/L/Chua-2-VC1-L-chunk-0118.smt2	3c3ba0eb2	Real	sat	0	nra	nra	5	fd:parse:probe\pprobe:probe\pdl-online:declined\pnra-real-root:declined\pnra:decided	107	0\p0\p0\p0\p0	no	dl-online=not-applicable\pnra-real-root=incomplete	\pexact real-polynomial decider declined: non-conjunctive (cad-arm=default)	\p	server7	1,9	1.89
nia-groebner-gate-crossdiv-QF_NRA	shipped	QF_NRA/meti-tarski/Chua/2/VC1/L/Chua-2-VC1-L-chunk-0118.smt2	3c3ba0eb2	Real	sat	0	nra	nra	5	fd:parse:probe\pprobe:probe\pdl-online:declined\pnra-real-root:declined\pnra:decided	108	0\p0\p0\p0\p0	no	dl-online=not-applicable\pnra-real-root=incomplete	\pexact real-polynomial decider declined: non-conjunctive (cad-arm=default)	\p	server7	1,9	1.89
nia-groebner-gate-crossdiv-QF_NRA	shipped	QF_NRA/meti-tarski/Chua/2/VC1/U/Chua-2-VC1-U-chunk-0070.smt2	3c3ba0eb2	Real	sat	0	nra	fd:parse	5	fd:parse:probe\pprobe:probe\pdl-online:declined\pnra-real-root:declined\pnra:decided	108	0\p0\p0\p0\p0	no	dl-online=not-applicable\pnra-real-root=incomplete	\pexact real-polynomial decider declined: projection (cad-arm=default)	\p	server7	1,9	1.89
nia-groebner-gate-crossdiv-QF_NRA	gateunbounded	QF_NRA/meti-tarski/Chua/2/VC1/U/Chua-2-VC1-U-chunk-0070.smt2	3c3ba0eb2	Real	sat	0	nra	nra	5	fd:parse:probe\pprobe:probe\pdl-online:declined\pnra-real-root:declined\pnra:decided	108	0\p0\p0\p0\p0	no	dl-online=not-applicable\pnra-real-root=incomplete	\pexact real-polynomial decider declined: projection (cad-arm=default)	\p	server7	1,9	1.89
nia-groebner-gate-crossdiv-QF_NRA	gateunbounded	QF_NRA/meti-tarski/Chua/2/VC2/L/Chua-2-VC2-L-chunk-0039.smt2	3c3ba0eb2	Real	unsat	0	nra	nra	6	fd:parse:probe\pprobe:probe\pdl-online:declined\pnra-real-root:declined\pcas-ideal-refuter:declined\pnra:decided	108	0\p0\p0\p0\p1\p5	no	dl-online=not-applicable\pnra-real-root=incomplete\pcas-ideal-refuter=incomplete	\pexact real-polynomial decider declined: non-conjunctive (cad-arm=default)\pno combination of the asserted equations collapsed to a constant of the refuting sign	\p\p	server7	1,9	1.89
nia-groebner-gate-crossdiv-QF_NRA	shipped	QF_NRA/meti-tarski/Chua/2/VC2/L/Chua-2-VC2-L-chunk-0039.smt2	3c3ba0eb2	Real	unsat	0	nra	nra	6	fd:parse:probe\pprobe:probe\pdl-online:declined\pnra-real-root:declined\pcas-ideal-refuter:declined\pnra:decided	107	0\p0\p0\p0\p1\p5	no	dl-online=not-applicable\pnra-real-root=incomplete\pcas-ideal-refuter=incomplete	\pexact real-polynomial decider declined: non-conjunctive (cad-arm=default)\pno combination of the asserted equations collapsed to a constant of the refuting sign	\p\p	server7	1,9	1.89
nia-groebner-gate-crossdiv-QF_NRA	shipped	QF_NRA/meti-tarski/Chua/2/VC2/U/Chua-2-VC2-U-chunk-0049.smt2	3c3ba0eb2	Real	unsat	0	nra	cas-ideal-refuter	6	fd:parse:probe\pprobe:probe\pdl-online:declined\pnra-real-root:declined\pcas-ideal-refuter:declined\pnra:decided	108	0\p0\p0\p0\p16\p16	no	dl-online=not-applicable\pnra-real-root=incomplete\pcas-ideal-refuter=incomplete	\pexact real-polynomial decider declined: projection (cad-arm=default)\pno combination of the asserted equations collapsed to a constant of the refuting sign	\p\p	server7	1,9	1.89
nia-groebner-gate-crossdiv-QF_NRA	gateunbounded	QF_NRA/meti-tarski/Chua/2/VC2/U/Chua-2-VC2-U-chunk-0049.smt2	3c3ba0eb2	Real	unsat	0	nra	cas-ideal-refuter	6	fd:parse:probe\pprobe:probe\pdl-online:declined\pnra-real-root:declined\pcas-ideal-refuter:declined\pnra:decided	108	0\p0\p0\p0\p16\p16	no	dl-online=not-applicable\pnra-real-root=incomplete\pcas-ideal-refuter=incomplete	\pexact real-polynomial decider declined: projection (cad-arm=default)\pno combination of the asserted equations collapsed to a constant of the refuting sign	\p\p	server7	1,9	1.89
nia-groebner-gate-crossdiv-QF_NRA	gateunbounded	QF_NRA/meti-tarski/Lyapunov/Lyapunov1a-chunk-0004.smt2	3c3ba0eb2	Real	sat	0	nra	dl-online	5	fd:parse:probe\pprobe:probe\pdl-online:declined\pnra-real-root:declined\pnra:decided	107	0\p0\p0\p0\p0	no	dl-online=not-applicable\pnra-real-root=incomplete	\pexact real-polynomial decider declined: non-conjunctive (cad-arm=default)	\p	server7	1,9	1.89
nia-groebner-gate-crossdiv-QF_NRA	shipped	QF_NRA/meti-tarski/Lyapunov/Lyapunov1a-chunk-0004.smt2	3c3ba0eb2	Real	sat	0	nra	dl-online	5	fd:parse:probe\pprobe:probe\pdl-online:declined\pnra-real-root:declined\pnra:decided	108	0\p0\p0\p0\p0	no	dl-online=not-applicable\pnra-real-root=incomplete	\pexact real-polynomial decider declined: non-conjunctive (cad-arm=default)	\p	server7	1,9	1.89
nia-groebner-gate-crossdiv-QF_NRA	shipped	QF_NRA/meti-tarski/Nichols-Plot/Inverted-Pendulum/Nichols-Plot-Inverted-Pendulum-Fails-1-6-chunk-0040.smt2	3c3ba0eb2	not-dispatched	unknown	0	none	fd:parse	14	fd:parse:probe\pprobe:probe\pwide-int-admission:declined\pq:skolem-qf:declined\pq:nat-induction:declined\pfd:string-gate:declined\pfd:source-string-semantic-unsat:declined\pfd:word-route:declined\pfd:online-string:declined\pfd:membership:declined\pfd:lex-order:declined\pfd:length-lia:declined\pfd:source-string-sat-probe:declined\pfd:bounded-completeness-unsat:declined	2109	0\p0\p0\p0\p0\p0\p0\p0\p0\p0\p0\p0\p0\p0	no	wide-int-admission=incomplete\pq:skolem-qf=unsupported\pq:nat-induction=not-applicable\pfd:string-gate=incomplete\pfd:source-string-semantic-unsat=incomplete\pfd:word-route=incomplete\pfd:online-string=incomplete\pfd:membership=incomplete\pfd:lex-order=incomplete\pfd:length-lia=incomplete\pfd:source-string-sat-probe=incomplete\pfd:bounded-completeness-unsat=incomplete	query contains an integer literal outside the i128 reference range; no route has opted into wide integer constants (ADR-1702 slice 2)\pquant-route ownership (ADR-2103): `q:skolem-qf` owns {Real, Int, BvOrFloat, Datatype, Function, UninterpretedSort, Array, NonBvArray, NonBoolBvArray} and does not own {NestedArray, WideInt}, which this quantified query carries, so its non-decision is a decline and the ladder continues. Its own reason was: query contains an integer literal outside the i128 reference range; no route has opted into wide integer constants (ADR-1702 slice 2)\p\pquery contains an integer literal outside the i128 reference range; no route has opted into wide integer constants (ADR-1702 slice 2)\pquery contains an integer literal outside the i128 reference range; no route has opted into wide integer constants (ADR-1702 slice 2)\pquery contains an integer literal outside the i128 reference range; no route has opted into wide integer constants (ADR-1702 slice 2)\pquery contains an integer literal outside the i128 reference range; no route has opted into wide integer constants (ADR-1702 slice 2)\pquery contains an integer literal outside the i128 reference range; no route has opted into wide integer constants (ADR-1702 slice 2)\pquery contains an integer literal outside the i128 reference range; no route has opted into wide integer constants (ADR-1702 slice 2)\pquery contains an integer literal outside the i128 reference range; no route has opted into wide integer constants (ADR-1702 slice 2)\pquery contains an integer literal outside the i128 reference range; no route has opted into wide integer constants (ADR-1702 slice 2)\pquery contains an integer literal outside the i128 reference range; no route has opted into wide integer constants (ADR-1702 slice 2)	\pquant-ownership-decline\p\p\p\p\p\p\p\p\p\p	server7	1,9	1.89
nia-groebner-gate-crossdiv-QF_NRA	gateunbounded	QF_NRA/meti-tarski/Nichols-Plot/Inverted-Pendulum/Nichols-Plot-Inverted-Pendulum-Fails-1-6-chunk-0040.smt2	3c3ba0eb2	not-dispatched	unknown	0	none	fd:parse	14	fd:parse:probe\pprobe:probe\pwide-int-admission:declined\pq:skolem-qf:declined\pq:nat-induction:declined\pfd:string-gate:declined\pfd:source-string-semantic-unsat:declined\pfd:word-route:declined\pfd:online-string:declined\pfd:membership:declined\pfd:lex-order:declined\pfd:length-lia:declined\pfd:source-string-sat-probe:declined\pfd:bounded-completeness-unsat:declined	2109	0\p0\p0\p0\p0\p0\p0\p0\p0\p0\p0\p0\p0\p0	no	wide-int-admission=incomplete\pq:skolem-qf=unsupported\pq:nat-induction=not-applicable\pfd:string-gate=incomplete\pfd:source-string-semantic-unsat=incomplete\pfd:word-route=incomplete\pfd:online-string=incomplete\pfd:membership=incomplete\pfd:lex-order=incomplete\pfd:length-lia=incomplete\pfd:source-string-sat-probe=incomplete\pfd:bounded-completeness-unsat=incomplete	query contains an integer literal outside the i128 reference range; no route has opted into wide integer constants (ADR-1702 slice 2)\pquant-route ownership (ADR-2103): `q:skolem-qf` owns {Real, Int, BvOrFloat, Datatype, Function, UninterpretedSort, Array, NonBvArray, NonBoolBvArray} and does not own {NestedArray, WideInt}, which this quantified query carries, so its non-decision is a decline and the ladder continues. Its own reason was: query contains an integer literal outside the i128 reference range; no route has opted into wide integer constants (ADR-1702 slice 2)\p\pquery contains an integer literal outside the i128 reference range; no route has opted into wide integer constants (ADR-1702 slice 2)\pquery contains an integer literal outside the i128 reference range; no route has opted into wide integer constants (ADR-1702 slice 2)\pquery contains an integer literal outside the i128 reference range; no route has opted into wide integer constants (ADR-1702 slice 2)\pquery contains an integer literal outside the i128 reference range; no route has opted into wide integer constants (ADR-1702 slice 2)\pquery contains an integer literal outside the i128 reference range; no route has opted into wide integer constants (ADR-1702 slice 2)\pquery contains an integer literal outside the i128 reference range; no route has opted into wide integer constants (ADR-1702 slice 2)\pquery contains an integer literal outside the i128 reference range; no route has opted into wide integer constants (ADR-1702 slice 2)\pquery contains an integer literal outside the i128 reference range; no route has opted into wide integer constants (ADR-1702 slice 2)\pquery contains an integer literal outside the i128 reference range; no route has opted into wide integer constants (ADR-1702 slice 2)	\pquant-ownership-decline\p\p\p\p\p\p\p\p\p\p	server7	1,9	1.89
nia-groebner-gate-crossdiv-QF_NRA	gateunbounded	QF_NRA/meti-tarski/Nichols-Plot/Inverted-Pendulum/Nichols-Plot-Inverted-Pendulum-Fails-1-6-chunk-0160.smt2	3c3ba0eb2	not-dispatched	unknown	0	none	fd:parse	14	fd:parse:probe\pprobe:probe\pwide-int-admission:declined\pq:skolem-qf:declined\pq:nat-induction:declined\pfd:string-gate:declined\pfd:source-string-semantic-unsat:declined\pfd:word-route:declined\pfd:online-string:declined\pfd:membership:declined\pfd:lex-order:declined\pfd:length-lia:declined\pfd:source-string-sat-probe:declined\pfd:bounded-completeness-unsat:declined	2109	0\p0\p0\p0\p0\p0\p0\p0\p0\p0\p0\p0\p0\p0	no	wide-int-admission=incomplete\pq:skolem-qf=unsupported\pq:nat-induction=not-applicable\pfd:string-gate=incomplete\pfd:source-string-semantic-unsat=incomplete\pfd:word-route=incomplete\pfd:online-string=incomplete\pfd:membership=incomplete\pfd:lex-order=incomplete\pfd:length-lia=incomplete\pfd:source-string-sat-probe=incomplete\pfd:bounded-completeness-unsat=incomplete	query contains an integer literal outside the i128 reference range; no route has opted into wide integer constants (ADR-1702 slice 2)\pquant-route ownership (ADR-2103): `q:skolem-qf` owns {Real, Int, BvOrFloat, Datatype, Function, UninterpretedSort, Array, NonBvArray, NonBoolBvArray} and does not own {NestedArray, WideInt}, which this quantified query carries, so its non-decision is a decline and the ladder continues. Its own reason was: query contains an integer literal outside the i128 reference range; no route has opted into wide integer constants (ADR-1702 slice 2)\p\pquery contains an integer literal outside the i128 reference range; no route has opted into wide integer constants (ADR-1702 slice 2)\pquery contains an integer literal outside the i128 reference range; no route has opted into wide integer constants (ADR-1702 slice 2)\pquery contains an integer literal outside the i128 reference range; no route has opted into wide integer constants (ADR-1702 slice 2)\pquery contains an integer literal outside the i128 reference range; no route has opted into wide integer constants (ADR-1702 slice 2)\pquery contains an integer literal outside the i128 reference range; no route has opted into wide integer constants (ADR-1702 slice 2)\pquery contains an integer literal outside the i128 reference range; no route has opted into wide integer constants (ADR-1702 slice 2)\pquery contains an integer literal outside the i128 reference range; no route has opted into wide integer constants (ADR-1702 slice 2)\pquery contains an integer literal outside the i128 reference range; no route has opted into wide integer constants (ADR-1702 slice 2)\pquery contains an integer literal outside the i128 reference range; no route has opted into wide integer constants (ADR-1702 slice 2)	\pquant-ownership-decline\p\p\p\p\p\p\p\p\p\p	server7	1,9	1.90
nia-groebner-gate-crossdiv-QF_NRA	shipped	QF_NRA/meti-tarski/Nichols-Plot/Inverted-Pendulum/Nichols-Plot-Inverted-Pendulum-Fails-1-6-chunk-0160.smt2	3c3ba0eb2	not-dispatched	unknown	0	none	fd:parse	14	fd:parse:probe\pprobe:probe\pwide-int-admission:declined\pq:skolem-qf:declined\pq:nat-induction:declined\pfd:string-gate:declined\pfd:source-string-semantic-unsat:declined\pfd:word-route:declined\pfd:online-string:declined\pfd:membership:declined\pfd:lex-order:declined\pfd:length-lia:declined\pfd:source-string-sat-probe:declined\pfd:bounded-completeness-unsat:declined	2109	0\p0\p0\p0\p0\p0\p0\p0\p0\p0\p0\p0\p0\p0	no	wide-int-admission=incomplete\pq:skolem-qf=unsupported\pq:nat-induction=not-applicable\pfd:string-gate=incomplete\pfd:source-string-semantic-unsat=incomplete\pfd:word-route=incomplete\pfd:online-string=incomplete\pfd:membership=incomplete\pfd:lex-order=incomplete\pfd:length-lia=incomplete\pfd:source-string-sat-probe=incomplete\pfd:bounded-completeness-unsat=incomplete	query contains an integer literal outside the i128 reference range; no route has opted into wide integer constants (ADR-1702 slice 2)\pquant-route ownership (ADR-2103): `q:skolem-qf` owns {Real, Int, BvOrFloat, Datatype, Function, UninterpretedSort, Array, NonBvArray, NonBoolBvArray} and does not own {NestedArray, WideInt}, which this quantified query carries, so its non-decision is a decline and the ladder continues. Its own reason was: query contains an integer literal outside the i128 reference range; no route has opted into wide integer constants (ADR-1702 slice 2)\p\pquery contains an integer literal outside the i128 reference range; no route has opted into wide integer constants (ADR-1702 slice 2)\pquery contains an integer literal outside the i128 reference range; no route has opted into wide integer constants (ADR-1702 slice 2)\pquery contains an integer literal outside the i128 reference range; no route has opted into wide integer constants (ADR-1702 slice 2)\pquery contains an integer literal outside the i128 reference range; no route has opted into wide integer constants (ADR-1702 slice 2)\pquery contains an integer literal outside the i128 reference range; no route has opted into wide integer constants (ADR-1702 slice 2)\pquery contains an integer literal outside the i128 reference range; no route has opted into wide integer constants (ADR-1702 slice 2)\pquery contains an integer literal outside the i128 reference range; no route has opted into wide integer constants (ADR-1702 slice 2)\pquery contains an integer literal outside the i128 reference range; no route has opted into wide integer constants (ADR-1702 slice 2)\pquery contains an integer literal outside the i128 reference range; no route has opted into wide integer constants (ADR-1702 slice 2)	\pquant-ownership-decline\p\p\p\p\p\p\p\p\p\p	server7	1,9	1.90
nia-groebner-gate-crossdiv-QF_NRA	shipped	QF_NRA/meti-tarski/RL-high-pass-circuit/RL-high-pass-circuit-gain-chunk-0012.smt2	3c3ba0eb2	Real	unknown	0	none	nra	17	fd:parse:probe\pprobe:probe\pdl-online:declined\pnra-real-root:declined\pcas-ideal-refuter:declined\pnra:declined\pq:skolem-qf:declined\pq:nat-induction:declined\pfd:string-gate:declined\pfd:source-string-semantic-unsat:declined\pfd:word-route:declined\pfd:online-string:declined\pfd:membership:declined\pfd:lex-order:declined\pfd:length-lia:declined\pfd:source-string-sat-probe:declined\pfd:bounded-completeness-unsat:declined	3609	0\p0\p0\p0\p0\p3534\p0\p0\p0\p0\p0\p0\p0\p0\p0\p0\p0	no	dl-online=not-applicable\pnra-real-root=incomplete\pcas-ideal-refuter=incomplete\pnra=incomplete\pq:skolem-qf=unsupported\pq:nat-induction=not-applicable\pfd:string-gate=incomplete\pfd:source-string-semantic-unsat=incomplete\pfd:word-route=incomplete\pfd:online-string=incomplete\pfd:membership=incomplete\pfd:lex-order=incomplete\pfd:length-lia=incomplete\pfd:source-string-sat-probe=incomplete\pfd:bounded-completeness-unsat=incomplete	\pexact real-polynomial decider declined: projection (cad-arm=default)\pno combination of the asserted equations collapsed to a constant of the refuting sign\pnonlinear abstraction: refinement reached a fixpoint without deciding\pquant-route ownership (ADR-2103): `q:skolem-qf` owns {Real, Int, BvOrFloat, Datatype, Function, UninterpretedSort, Array, NonBvArray, NonBoolBvArray} and does not own {NestedArray, WideInt}, which this quantified query carries, so its non-decision is a decline and the ladder continues. Its own reason was: nonlinear abstraction: refinement reached a fixpoint without deciding\p\pnonlinear abstraction: refinement reached a fixpoint without deciding\pnonlinear abstraction: refinement reached a fixpoint without deciding\pnonlinear abstraction: refinement reached a fixpoint without deciding\pnonlinear abstraction: refinement reached a fixpoint without deciding\pnonlinear abstraction: refinement reached a fixpoint without deciding\pnonlinear abstraction: refinement reached a fixpoint without deciding\pnonlinear abstraction: refinement reached a fixpoint without deciding\pnonlinear abstraction: refinement reached a fixpoint without deciding\pnonlinear abstraction: refinement reached a fixpoint without deciding	\p\p\p\pquant-ownership-decline\p\p\p\p\p\p\p\p\p\p	server7	1,9	1.91
nia-groebner-gate-crossdiv-QF_NRA	gateunbounded	QF_NRA/meti-tarski/RL-high-pass-circuit/RL-high-pass-circuit-gain-chunk-0012.smt2	3c3ba0eb2	Real	unknown	0	none	nra	17	fd:parse:probe\pprobe:probe\pdl-online:declined\pnra-real-root:declined\pcas-ideal-refuter:declined\pnra:declined\pq:skolem-qf:declined\pq:nat-induction:declined\pfd:string-gate:declined\pfd:source-string-semantic-unsat:declined\pfd:word-route:declined\pfd:online-string:declined\pfd:membership:declined\pfd:lex-order:declined\pfd:length-lia:declined\pfd:source-string-sat-probe:declined\pfd:bounded-completeness-unsat:declined	3510	0\p0\p0\p0\p0\p3457\p0\p0\p0\p0\p0\p0\p0\p0\p0\p0\p0	no	dl-online=not-applicable\pnra-real-root=incomplete\pcas-ideal-refuter=incomplete\pnra=incomplete\pq:skolem-qf=unsupported\pq:nat-induction=not-applicable\pfd:string-gate=incomplete\pfd:source-string-semantic-unsat=incomplete\pfd:word-route=incomplete\pfd:online-string=incomplete\pfd:membership=incomplete\pfd:lex-order=incomplete\pfd:length-lia=incomplete\pfd:source-string-sat-probe=incomplete\pfd:bounded-completeness-unsat=incomplete	\pexact real-polynomial decider declined: projection (cad-arm=default)\pno combination of the asserted equations collapsed to a constant of the refuting sign\pnonlinear abstraction: refinement reached a fixpoint without deciding\pquant-route ownership (ADR-2103): `q:skolem-qf` owns {Real, Int, BvOrFloat, Datatype, Function, UninterpretedSort, Array, NonBvArray, NonBoolBvArray} and does not own {NestedArray, WideInt}, which this quantified query carries, so its non-decision is a decline and the ladder continues. Its own reason was: nonlinear abstraction: refinement reached a fixpoint without deciding\p\pnonlinear abstraction: refinement reached a fixpoint without deciding\pnonlinear abstraction: refinement reached a fixpoint without deciding\pnonlinear abstraction: refinement reached a fixpoint without deciding\pnonlinear abstraction: refinement reached a fixpoint without deciding\pnonlinear abstraction: refinement reached a fixpoint without deciding\pnonlinear abstraction: refinement reached a fixpoint without deciding\pnonlinear abstraction: refinement reached a fixpoint without deciding\pnonlinear abstraction: refinement reached a fixpoint without deciding\pnonlinear abstraction: refinement reached a fixpoint without deciding	\p\p\p\pquant-ownership-decline\p\p\p\p\p\p\p\p\p\p	server7	1,9	1.91
nia-groebner-gate-crossdiv-QF_NRA	gateunbounded	QF_NRA/meti-tarski/asin/8/vars4/asin-8-vars4-chunk-0049.smt2	3c3ba0eb2	Real	sat	0	nra	nra-real-root	5	fd:parse:probe\pprobe:probe\pdl-online:declined\pnra-real-root:declined\pnra:decided	108	0\p0\p0\p6\p6	no	dl-online=not-applicable\pnra-real-root=incomplete	\pexact real-polynomial decider declined: coefficient-range (cad-arm=default)	\p	server7	1,9	1.92
nia-groebner-gate-crossdiv-QF_NRA	shipped	QF_NRA/meti-tarski/asin/8/vars4/asin-8-vars4-chunk-0049.smt2	3c3ba0eb2	Real	sat	0	nra	nra-real-root	5	fd:parse:probe\pprobe:probe\pdl-online:declined\pnra-real-root:declined\pnra:decided	108	0\p0\p0\p6\p6	no	dl-online=not-applicable\pnra-real-root=incomplete	\pexact real-polynomial decider declined: coefficient-range (cad-arm=default)	\p	server7	1,9	1.92
nia-groebner-gate-crossdiv-QF_NRA	shipped	QF_NRA/meti-tarski/atan/problem/1/atan-problem-1-chunk-0073.smt2	3c3ba0eb2	Real	sat	0	nra	nra	5	fd:parse:probe\pprobe:probe\pdl-online:declined\pnra-real-root:declined\pnra:decided	107	0\p0\p0\p0\p4	no	dl-online=not-applicable\pnra-real-root=incomplete	\pexact real-polynomial decider declined: projection (cad-arm=default)	\p	server7	1,9	1.92
nia-groebner-gate-crossdiv-QF_NRA	gateunbounded	QF_NRA/meti-tarski/atan/problem/1/atan-problem-1-chunk-0073.smt2	3c3ba0eb2	Real	sat	0	nra	nra	5	fd:parse:probe\pprobe:probe\pdl-online:declined\pnra-real-root:declined\pnra:decided	107	0\p0\p0\p0\p4	no	dl-online=not-applicable\pnra-real-root=incomplete	\pexact real-polynomial decider declined: projection (cad-arm=default)	\p	server7	1,9	1.92
nia-groebner-gate-crossdiv-QF_NRA	gateunbounded	QF_NRA/meti-tarski/atan/problem/2/atan-problem-2-chunk-0014.smt2	3c3ba0eb2	Real	unknown	0	none	nra	18	fd:parse:probe\pprobe:probe\pcas-identity-refuter:declined\pdl-online:declined\pnra-real-root:declined\pcas-ideal-refuter:declined\pnra:declined\pq:skolem-qf:declined\pq:nat-induction:declined\pfd:string-gate:declined\pfd:source-string-semantic-unsat:declined\pfd:word-route:declined\pfd:online-string:declined\pfd:membership:declined\pfd:lex-order:declined\pfd:length-lia:declined\pfd:source-string-sat-probe:declined\pfd:bounded-completeness-unsat:declined	12417	0\p0\p0\p0\p0\p0\p12298\p0\p0\p0\p0\p0\p0\p0\p0\p0\p0\p0	no	cas-identity-refuter=incomplete\pdl-online=not-applicable\pnra-real-root=incomplete\pcas-ideal-refuter=incomplete\pnra=budget\pq:skolem-qf=unsupported\pq:nat-induction=not-applicable\pfd:string-gate=budget\pfd:source-string-semantic-unsat=budget\pfd:word-route=budget\pfd:online-string=budget\pfd:membership=budget\pfd:lex-order=budget\pfd:length-lia=budget\pfd:source-string-sat-probe=budget\pfd:bounded-completeness-unsat=budget	no arithmetic disequality had equal polynomial normal forms\p\pexact real-polynomial decider declined: projection (cad-arm=default)\pno combination of the asserted equations collapsed to a constant of the refuting sign\plra: both engines declined — Fourier–Motzkin stopped on the deadline inside a variable's cross product, then the exact-rational simplex fallback stopped on the deadline building its dense tableau rows\pquant-route ownership (ADR-2103): `q:skolem-qf` owns {Real, Int, BvOrFloat, Datatype, Function, UninterpretedSort, Array, NonBvArray, NonBoolBvArray} and does not own {NestedArray, WideInt}, which this quantified query carries, so its non-decision is a decline and the ladder continues. Its own reason was: lra: both engines declined — Fourier–Motzkin stopped on the deadline inside a variable's cross product, then the exact-rational simplex fallback stopped on the deadline building its dense tableau rows\p\plra: both engines declined — Fourier–Motzkin stopped on the deadline inside a variable's cross product, then the exact-rational simplex fallback stopped on the deadline building its dense tableau rows\plra: both engines declined — Fourier–Motzkin stopped on the deadline inside a variable's cross product, then the exact-rational simplex fallback stopped on the deadline building its dense tableau rows\plra: both engines declined — Fourier–Motzkin stopped on the deadline inside a variable's cross product, then the exact-rational simplex fallback stopped on the deadline building its dense tableau rows\plra: both engines declined — Fourier–Motzkin stopped on the deadline inside a variable's cross product, then the exact-rational simplex fallback stopped on the deadline building its dense tableau rows\plra: both engines declined — Fourier–Motzkin stopped on the deadline inside a variable's cross product, then the exact-rational simplex fallback stopped on the deadline building its dense tableau rows\plra: both engines declined — Fourier–Motzkin stopped on the deadline inside a variable's cross product, then the exact-rational simplex fallback stopped on the deadline building its dense tableau rows\plra: both engines declined — Fourier–Motzkin stopped on the deadline inside a variable's cross product, then the exact-rational simplex fallback stopped on the deadline building its dense tableau rows\plra: both engines declined — Fourier–Motzkin stopped on the deadline inside a variable's cross product, then the exact-rational simplex fallback stopped on the deadline building its dense tableau rows\plra: both engines declined — Fourier–Motzkin stopped on the deadline inside a variable's cross product, then the exact-rational simplex fallback stopped on the deadline building its dense tableau rows	\p\p\p\pother\pquant-ownership-decline\p\pother\pother\pother\pother\pother\pother\pother\pother\pother	server7	1,9	1.92
nia-groebner-gate-crossdiv-QF_NRA	shipped	QF_NRA/meti-tarski/atan/problem/2/atan-problem-2-chunk-0014.smt2	3c3ba0eb2	Real	unknown	0	none	nra	18	fd:parse:probe\pprobe:probe\pcas-identity-refuter:declined\pdl-online:declined\pnra-real-root:declined\pcas-ideal-refuter:declined\pnra:declined\pq:skolem-qf:declined\pq:nat-induction:declined\pfd:string-gate:declined\pfd:source-string-semantic-unsat:declined\pfd:word-route:declined\pfd:online-string:declined\pfd:membership:declined\pfd:lex-order:declined\pfd:length-lia:declined\pfd:source-string-sat-probe:declined\pfd:bounded-completeness-unsat:declined	12415	0\p0\p0\p0\p0\p0\p12299\p0\p0\p0\p0\p0\p0\p0\p0\p0\p0\p0	no	cas-identity-refuter=incomplete\pdl-online=not-applicable\pnra-real-root=incomplete\pcas-ideal-refuter=incomplete\pnra=budget\pq:skolem-qf=unsupported\pq:nat-induction=not-applicable\pfd:string-gate=budget\pfd:source-string-semantic-unsat=budget\pfd:word-route=budget\pfd:online-string=budget\pfd:membership=budget\pfd:lex-order=budget\pfd:length-lia=budget\pfd:source-string-sat-probe=budget\pfd:bounded-completeness-unsat=budget	no arithmetic disequality had equal polynomial normal forms\p\pexact real-polynomial decider declined: projection (cad-arm=default)\pno combination of the asserted equations collapsed to a constant of the refuting sign\plra: both engines declined — Fourier–Motzkin stopped on the deadline inside a variable's cross product, then the exact-rational simplex fallback stopped on the deadline building its dense tableau rows\pquant-route ownership (ADR-2103): `q:skolem-qf` owns {Real, Int, BvOrFloat, Datatype, Function, UninterpretedSort, Array, NonBvArray, NonBoolBvArray} and does not own {NestedArray, WideInt}, which this quantified query carries, so its non-decision is a decline and the ladder continues. Its own reason was: lra: both engines declined — Fourier–Motzkin stopped on the deadline inside a variable's cross product, then the exact-rational simplex fallback stopped on the deadline building its dense tableau rows\p\plra: both engines declined — Fourier–Motzkin stopped on the deadline inside a variable's cross product, then the exact-rational simplex fallback stopped on the deadline building its dense tableau rows\plra: both engines declined — Fourier–Motzkin stopped on the deadline inside a variable's cross product, then the exact-rational simplex fallback stopped on the deadline building its dense tableau rows\plra: both engines declined — Fourier–Motzkin stopped on the deadline inside a variable's cross product, then the exact-rational simplex fallback stopped on the deadline building its dense tableau rows\plra: both engines declined — Fourier–Motzkin stopped on the deadline inside a variable's cross product, then the exact-rational simplex fallback stopped on the deadline building its dense tableau rows\plra: both engines declined — Fourier–Motzkin stopped on the deadline inside a variable's cross product, then the exact-rational simplex fallback stopped on the deadline building its dense tableau rows\plra: both engines declined — Fourier–Motzkin stopped on the deadline inside a variable's cross product, then the exact-rational simplex fallback stopped on the deadline building its dense tableau rows\plra: both engines declined — Fourier–Motzkin stopped on the deadline inside a variable's cross product, then the exact-rational simplex fallback stopped on the deadline building its dense tableau rows\plra: both engines declined — Fourier–Motzkin stopped on the deadline inside a variable's cross product, then the exact-rational simplex fallback stopped on the deadline building its dense tableau rows\plra: both engines declined — Fourier–Motzkin stopped on the deadline inside a variable's cross product, then the exact-rational simplex fallback stopped on the deadline building its dense tableau rows	\p\p\p\pother\pquant-ownership-decline\p\pother\pother\pother\pother\pother\pother\pother\pother\pother	server7	1,9	1.93
nia-groebner-gate-crossdiv-QF_NRA	shipped	QF_NRA/meti-tarski/atan/problem/2/atan-problem-2-chunk-0083.smt2	3c3ba0eb2	Real	sat	0	nra-real-root	fd:parse	5	fd:parse:probe\pprobe:probe\pcas-identity-refuter:declined\pdl-online:declined\pnra-real-root:decided	108	0\p0\p0\p0\p0	no	cas-identity-refuter=incomplete\pdl-online=not-applicable	no arithmetic disequality had equal polynomial normal forms\p	\p	server7	1,9	1.94
nia-groebner-gate-crossdiv-QF_NRA	gateunbounded	QF_NRA/meti-tarski/atan/problem/2/atan-problem-2-chunk-0083.smt2	3c3ba0eb2	Real	sat	0	nra-real-root	dl-online	5	fd:parse:probe\pprobe:probe\pcas-identity-refuter:declined\pdl-online:declined\pnra-real-root:decided	108	0\p0\p0\p0\p0	no	cas-identity-refuter=incomplete\pdl-online=not-applicable	no arithmetic disequality had equal polynomial normal forms\p	\p	server7	1,9	1.94
nia-groebner-gate-crossdiv-QF_NRA	gateunbounded	QF_NRA/meti-tarski/atan/problem/2/sqrt/weak/atan-problem-2-sqrt-weak-chunk-0024.smt2	3c3ba0eb2	Real	unsat	0	nra	nra	5	fd:parse:probe\pprobe:probe\pdl-online:declined\pnra-real-root:declined\pnra:decided	108	0\p0\p0\p3\p10	no	dl-online=not-applicable\pnra-real-root=incomplete	\pexact real-polynomial decider declined: critical-count-cap (cad-arm=default)	\p	server7	1,9	1.94
nia-groebner-gate-crossdiv-QF_NRA	shipped	QF_NRA/meti-tarski/atan/problem/2/sqrt/weak/atan-problem-2-sqrt-weak-chunk-0024.smt2	3c3ba0eb2	Real	unsat	0	nra	nra	5	fd:parse:probe\pprobe:probe\pdl-online:declined\pnra-real-root:declined\pnra:decided	108	0\p0\p0\p3\p10	no	dl-online=not-applicable\pnra-real-root=incomplete	\pexact real-polynomial decider declined: critical-count-cap (cad-arm=default)	\p	server7	1,9	1.94
nia-groebner-gate-crossdiv-QF_NRA	shipped	QF_NRA/meti-tarski/atan/problem/2/weak/atan-problem-2-weak-chunk-0018.smt2	3c3ba0eb2	Real	unknown	0	none	nra	17	fd:parse:probe\pprobe:probe\pdl-online:declined\pnra-real-root:declined\pcas-ideal-refuter:declined\pnra:declined\pq:skolem-qf:declined\pq:nat-induction:declined\pfd:string-gate:declined\pfd:source-string-semantic-unsat:declined\pfd:word-route:declined\pfd:online-string:declined\pfd:membership:declined\pfd:lex-order:declined\pfd:length-lia:declined\pfd:source-string-sat-probe:declined\pfd:bounded-completeness-unsat:declined	19020	0\p0\p0\p0\p0\p12338\p0\p0\p0\p0\p0\p0\p0\p0\p0\p0\p0	no	dl-online=not-applicable\pnra-real-root=incomplete\pcas-ideal-refuter=incomplete\pnra=budget\pq:skolem-qf=unsupported\pq:nat-induction=not-applicable\pfd:string-gate=budget\pfd:source-string-semantic-unsat=budget\pfd:word-route=budget\pfd:online-string=budget\pfd:membership=budget\pfd:lex-order=budget\pfd:length-lia=budget\pfd:source-string-sat-probe=budget\pfd:bounded-completeness-unsat=budget	\pexact real-polynomial decider declined: non-conjunctive (cad-arm=default)\pno combination of the asserted equations collapsed to a constant of the refuting sign\plra: both engines declined — Fourier–Motzkin stopped on the deadline inside a variable's cross product, then the exact-rational simplex fallback stopped on the deadline building its dense tableau rows\pquant-route ownership (ADR-2103): `q:skolem-qf` owns {Real, Int, BvOrFloat, Datatype, Function, UninterpretedSort, Array, NonBvArray, NonBoolBvArray} and does not own {NestedArray, WideInt}, which this quantified query carries, so its non-decision is a decline and the ladder continues. Its own reason was: lra: both engines declined — Fourier–Motzkin stopped on the deadline inside a variable's cross product, then the exact-rational simplex fallback stopped on the deadline building its dense tableau rows\p\plra: both engines declined — Fourier–Motzkin stopped on the deadline inside a variable's cross product, then the exact-rational simplex fallback stopped on the deadline building its dense tableau rows\plra: both engines declined — Fourier–Motzkin stopped on the deadline inside a variable's cross product, then the exact-rational simplex fallback stopped on the deadline building its dense tableau rows\plra: both engines declined — Fourier–Motzkin stopped on the deadline inside a variable's cross product, then the exact-rational simplex fallback stopped on the deadline building its dense tableau rows\plra: both engines declined — Fourier–Motzkin stopped on the deadline inside a variable's cross product, then the exact-rational simplex fallback stopped on the deadline building its dense tableau rows\plra: both engines declined — Fourier–Motzkin stopped on the deadline inside a variable's cross product, then the exact-rational simplex fallback stopped on the deadline building its dense tableau rows\plra: both engines declined — Fourier–Motzkin stopped on the deadline inside a variable's cross product, then the exact-rational simplex fallback stopped on the deadline building its dense tableau rows\plra: both engines declined — Fourier–Motzkin stopped on the deadline inside a variable's cross product, then the exact-rational simplex fallback stopped on the deadline building its dense tableau rows\plra: both engines declined — Fourier–Motzkin stopped on the deadline inside a variable's cross product, then the exact-rational simplex fallback stopped on the deadline building its dense tableau rows\plra: both engines declined — Fourier–Motzkin stopped on the deadline inside a variable's cross product, then the exact-rational simplex fallback stopped on the deadline building its dense tableau rows	\p\p\pother\pquant-ownership-decline\p\pother\pother\pother\pother\pother\pother\pother\pother\pother	server7	1,9	1.94
nia-groebner-gate-crossdiv-QF_NRA	gateunbounded	QF_NRA/meti-tarski/atan/problem/2/weak/atan-problem-2-weak-chunk-0018.smt2	3c3ba0eb2	Real	unknown	0	none	nra	17	fd:parse:probe\pprobe:probe\pdl-online:declined\pnra-real-root:declined\pcas-ideal-refuter:declined\pnra:declined\pq:skolem-qf:declined\pq:nat-induction:declined\pfd:string-gate:declined\pfd:source-string-semantic-unsat:declined\pfd:word-route:declined\pfd:online-string:declined\pfd:membership:declined\pfd:lex-order:declined\pfd:length-lia:declined\pfd:source-string-sat-probe:declined\pfd:bounded-completeness-unsat:declined	18923	0\p0\p0\p0\p0\p12341\p0\p0\p0\p0\p0\p0\p0\p0\p0\p0\p0	no	dl-online=not-applicable\pnra-real-root=incomplete\pcas-ideal-refuter=incomplete\pnra=budget\pq:skolem-qf=unsupported\pq:nat-induction=not-applicable\pfd:string-gate=budget\pfd:source-string-semantic-unsat=budget\pfd:word-route=budget\pfd:online-string=budget\pfd:membership=budget\pfd:lex-order=budget\pfd:length-lia=budget\pfd:source-string-sat-probe=budget\pfd:bounded-completeness-unsat=budget	\pexact real-polynomial decider declined: non-conjunctive (cad-arm=default)\pno combination of the asserted equations collapsed to a constant of the refuting sign\plra: both engines declined — Fourier–Motzkin stopped on the deadline inside a variable's cross product, then the exact-rational simplex fallback stopped on the deadline building its dense tableau rows\pquant-route ownership (ADR-2103): `q:skolem-qf` owns {Real, Int, BvOrFloat, Datatype, Function, UninterpretedSort, Array, NonBvArray, NonBoolBvArray} and does not own {NestedArray, WideInt}, which this quantified query carries, so its non-decision is a decline and the ladder continues. Its own reason was: lra: both engines declined — Fourier–Motzkin stopped on the deadline inside a variable's cross product, then the exact-rational simplex fallback stopped on the deadline building its dense tableau rows\p\plra: both engines declined — Fourier–Motzkin stopped on the deadline inside a variable's cross product, then the exact-rational simplex fallback stopped on the deadline building its dense tableau rows\plra: both engines declined — Fourier–Motzkin stopped on the deadline inside a variable's cross product, then the exact-rational simplex fallback stopped on the deadline building its dense tableau rows\plra: both engines declined — Fourier–Motzkin stopped on the deadline inside a variable's cross product, then the exact-rational simplex fallback stopped on the deadline building its dense tableau rows\plra: both engines declined — Fourier–Motzkin stopped on the deadline inside a variable's cross product, then the exact-rational simplex fallback stopped on the deadline building its dense tableau rows\plra: both engines declined — Fourier–Motzkin stopped on the deadline inside a variable's cross product, then the exact-rational simplex fallback stopped on the deadline building its dense tableau rows\plra: both engines declined — Fourier–Motzkin stopped on the deadline inside a variable's cross product, then the exact-rational simplex fallback stopped on the deadline building its dense tableau rows\plra: both engines declined — Fourier–Motzkin stopped on the deadline inside a variable's cross product, then the exact-rational simplex fallback stopped on the deadline building its dense tableau rows\plra: both engines declined — Fourier–Motzkin stopped on the deadline inside a variable's cross product, then the exact-rational simplex fallback stopped on the deadline building its dense tableau rows\plra: both engines declined — Fourier–Motzkin stopped on the deadline inside a variable's cross product, then the exact-rational simplex fallback stopped on the deadline building its dense tableau rows	\p\p\pother\pquant-ownership-decline\p\pother\pother\pother\pother\pother\pother\pother\pother\pother	server7	1,9	1.96
nia-groebner-gate-crossdiv-QF_NRA	gateunbounded	QF_NRA/meti-tarski/atan/problem/2/weak/atan-problem-2-weak-chunk-0089.smt2	3c3ba0eb2	Real	unknown	0	none	nra	17	fd:parse:probe\pprobe:probe\pdl-online:declined\pnra-real-root:declined\pcas-ideal-refuter:declined\pnra:declined\pq:skolem-qf:declined\pq:nat-induction:declined\pfd:string-gate:declined\pfd:source-string-semantic-unsat:declined\pfd:word-route:declined\pfd:online-string:declined\pfd:membership:declined\pfd:lex-order:declined\pfd:length-lia:declined\pfd:source-string-sat-probe:declined\pfd:bounded-completeness-unsat:declined	14218	0\p0\p0\p0\p0\p12312\p0\p0\p0\p0\p0\p0\p0\p0\p0\p0\p0	no	dl-online=not-applicable\pnra-real-root=incomplete\pcas-ideal-refuter=incomplete\pnra=budget\pq:skolem-qf=unsupported\pq:nat-induction=not-applicable\pfd:string-gate=budget\pfd:source-string-semantic-unsat=budget\pfd:word-route=budget\pfd:online-string=budget\pfd:membership=budget\pfd:lex-order=budget\pfd:length-lia=budget\pfd:source-string-sat-probe=budget\pfd:bounded-completeness-unsat=budget	\pexact real-polynomial decider declined: non-conjunctive (cad-arm=default)\pno combination of the asserted equations collapsed to a constant of the refuting sign\plra: both engines declined — Fourier–Motzkin hit its deterministic MAX_FM_CONSTRAINTS size guard (a size bound, not the clock), then the exact-rational simplex fallback stopped on the deadline building its dense tableau rows\pquant-route ownership (ADR-2103): `q:skolem-qf` owns {Real, Int, BvOrFloat, Datatype, Function, UninterpretedSort, Array, NonBvArray, NonBoolBvArray} and does not own {NestedArray, WideInt}, which this quantified query carries, so its non-decision is a decline and the ladder continues. Its own reason was: lra: both engines declined — Fourier–Motzkin hit its deterministic MAX_FM_CONSTRAINTS size guard (a size bound, not the clock), then the exact-rational simplex fallback stopped on the deadline building its dense tableau rows\p\plra: both engines declined — Fourier–Motzkin hit its deterministic MAX_FM_CONSTRAINTS size guard (a size bound, not the clock), then the exact-rational simplex fallback stopped on the deadline building its dense tableau rows\plra: both engines declined — Fourier–Motzkin hit its deterministic MAX_FM_CONSTRAINTS size guard (a size bound, not the clock), then the exact-rational simplex fallback stopped on the deadline building its dense tableau rows\plra: both engines declined — Fourier–Motzkin hit its deterministic MAX_FM_CONSTRAINTS size guard (a size bound, not the clock), then the exact-rational simplex fallback stopped on the deadline building its dense tableau rows\plra: both engines declined — Fourier–Motzkin hit its deterministic MAX_FM_CONSTRAINTS size guard (a size bound, not the clock), then the exact-rational simplex fallback stopped on the deadline building its dense tableau rows\plra: both engines declined — Fourier–Motzkin hit its deterministic MAX_FM_CONSTRAINTS size guard (a size bound, not the clock), then the exact-rational simplex fallback stopped on the deadline building its dense tableau rows\plra: both engines declined — Fourier–Motzkin hit its deterministic MAX_FM_CONSTRAINTS size guard (a size bound, not the clock), then the exact-rational simplex fallback stopped on the deadline building its dense tableau rows\plra: both engines declined — Fourier–Motzkin hit its deterministic MAX_FM_CONSTRAINTS size guard (a size bound, not the clock), then the exact-rational simplex fallback stopped on the deadline building its dense tableau rows\plra: both engines declined — Fourier–Motzkin hit its deterministic MAX_FM_CONSTRAINTS size guard (a size bound, not the clock), then the exact-rational simplex fallback stopped on the deadline building its dense tableau rows\plra: both engines declined — Fourier–Motzkin hit its deterministic MAX_FM_CONSTRAINTS size guard (a size bound, not the clock), then the exact-rational simplex fallback stopped on the deadline building its dense tableau rows	\p\p\pother\pquant-ownership-decline\p\pother\pother\pother\pother\pother\pother\pother\pother\pother	server7	1,9	1.97
nia-groebner-gate-crossdiv-QF_NRA	shipped	QF_NRA/meti-tarski/atan/problem/2/weak/atan-problem-2-weak-chunk-0089.smt2	3c3ba0eb2	Real	unknown	0	none	nra	17	fd:parse:probe\pprobe:probe\pdl-online:declined\pnra-real-root:declined\pcas-ideal-refuter:declined\pnra:declined\pq:skolem-qf:declined\pq:nat-induction:declined\pfd:string-gate:declined\pfd:source-string-semantic-unsat:declined\pfd:word-route:declined\pfd:online-string:declined\pfd:membership:declined\pfd:lex-order:declined\pfd:length-lia:declined\pfd:source-string-sat-probe:declined\pfd:bounded-completeness-unsat:declined	14215	0\p0\p0\p0\p0\p12308\p0\p0\p0\p0\p0\p0\p0\p0\p0\p0\p0	no	dl-online=not-applicable\pnra-real-root=incomplete\pcas-ideal-refuter=incomplete\pnra=budget\pq:skolem-qf=unsupported\pq:nat-induction=not-applicable\pfd:string-gate=budget\pfd:source-string-semantic-unsat=budget\pfd:word-route=budget\pfd:online-string=budget\pfd:membership=budget\pfd:lex-order=budget\pfd:length-lia=budget\pfd:source-string-sat-probe=budget\pfd:bounded-completeness-unsat=budget	\pexact real-polynomial decider declined: non-conjunctive (cad-arm=default)\pno combination of the asserted equations collapsed to a constant of the refuting sign\plra: both engines declined — Fourier–Motzkin stopped on the deadline inside a variable's cross product, then the exact-rational simplex fallback stopped on the deadline building its dense tableau rows\pquant-route ownership (ADR-2103): `q:skolem-qf` owns {Real, Int, BvOrFloat, Datatype, Function, UninterpretedSort, Array, NonBvArray, NonBoolBvArray} and does not own {NestedArray, WideInt}, which this quantified query carries, so its non-decision is a decline and the ladder continues. Its own reason was: lra: both engines declined — Fourier–Motzkin stopped on the deadline inside a variable's cross product, then the exact-rational simplex fallback stopped on the deadline building its dense tableau rows\p\plra: both engines declined — Fourier–Motzkin stopped on the deadline inside a variable's cross product, then the exact-rational simplex fallback stopped on the deadline building its dense tableau rows\plra: both engines declined — Fourier–Motzkin stopped on the deadline inside a variable's cross product, then the exact-rational simplex fallback stopped on the deadline building its dense tableau rows\plra: both engines declined — Fourier–Motzkin stopped on the deadline inside a variable's cross product, then the exact-rational simplex fallback stopped on the deadline building its dense tableau rows\plra: both engines declined — Fourier–Motzkin stopped on the deadline inside a variable's cross product, then the exact-rational simplex fallback stopped on the deadline building its dense tableau rows\plra: both engines declined — Fourier–Motzkin stopped on the deadline inside a variable's cross product, then the exact-rational simplex fallback stopped on the deadline building its dense tableau rows\plra: both engines declined — Fourier–Motzkin stopped on the deadline inside a variable's cross product, then the exact-rational simplex fallback stopped on the deadline building its dense tableau rows\plra: both engines declined — Fourier–Motzkin stopped on the deadline inside a variable's cross product, then the exact-rational simplex fallback stopped on the deadline building its dense tableau rows\plra: both engines declined — Fourier–Motzkin stopped on the deadline inside a variable's cross product, then the exact-rational simplex fallback stopped on the deadline building its dense tableau rows\plra: both engines declined — Fourier–Motzkin stopped on the deadline inside a variable's cross product, then the exact-rational simplex fallback stopped on the deadline building its dense tableau rows	\p\p\pother\pquant-ownership-decline\p\pother\pother\pother\pother\pother\pother\pother\pother\pother	server7	1,9	1.98
nia-groebner-gate-crossdiv-QF_NRA	shipped	QF_NRA/meti-tarski/atan/problem/2/weak/atan-problem-2-weak-chunk-0159.smt2	3c3ba0eb2	Real	unknown	0	none	nra	17	fd:parse:probe\pprobe:probe\pdl-online:declined\pnra-real-root:declined\pcas-ideal-refuter:declined\pnra:declined\pq:skolem-qf:declined\pq:nat-induction:declined\pfd:string-gate:declined\pfd:source-string-semantic-unsat:declined\pfd:word-route:declined\pfd:online-string:declined\pfd:membership:declined\pfd:lex-order:declined\pfd:length-lia:declined\pfd:source-string-sat-probe:declined\pfd:bounded-completeness-unsat:declined	13516	0\p0\p0\p0\p0\p12344\p0\p0\p0\p0\p0\p0\p0\p0\p0\p0\p0	no	dl-online=not-applicable\pnra-real-root=incomplete\pcas-ideal-refuter=incomplete\pnra=budget\pq:skolem-qf=unsupported\pq:nat-induction=not-applicable\pfd:string-gate=budget\pfd:source-string-semantic-unsat=budget\pfd:word-route=budget\pfd:online-string=budget\pfd:membership=budget\pfd:lex-order=budget\pfd:length-lia=budget\pfd:source-string-sat-probe=budget\pfd:bounded-completeness-unsat=budget	\pexact real-polynomial decider declined: non-conjunctive (cad-arm=default)\pno combination of the asserted equations collapsed to a constant of the refuting sign\plra: both engines declined — Fourier–Motzkin stopped on the deadline inside a variable's cross product, then the exact-rational simplex fallback stopped on the deadline building its dense tableau rows\pquant-route ownership (ADR-2103): `q:skolem-qf` owns {Real, Int, BvOrFloat, Datatype, Function, UninterpretedSort, Array, NonBvArray, NonBoolBvArray} and does not own {NestedArray, WideInt}, which this quantified query carries, so its non-decision is a decline and the ladder continues. Its own reason was: lra: both engines declined — Fourier–Motzkin stopped on the deadline inside a variable's cross product, then the exact-rational simplex fallback stopped on the deadline building its dense tableau rows\p\plra: both engines declined — Fourier–Motzkin stopped on the deadline inside a variable's cross product, then the exact-rational simplex fallback stopped on the deadline building its dense tableau rows\plra: both engines declined — Fourier–Motzkin stopped on the deadline inside a variable's cross product, then the exact-rational simplex fallback stopped on the deadline building its dense tableau rows\plra: both engines declined — Fourier–Motzkin stopped on the deadline inside a variable's cross product, then the exact-rational simplex fallback stopped on the deadline building its dense tableau rows\plra: both engines declined — Fourier–Motzkin stopped on the deadline inside a variable's cross product, then the exact-rational simplex fallback stopped on the deadline building its dense tableau rows\plra: both engines declined — Fourier–Motzkin stopped on the deadline inside a variable's cross product, then the exact-rational simplex fallback stopped on the deadline building its dense tableau rows\plra: both engines declined — Fourier–Motzkin stopped on the deadline inside a variable's cross product, then the exact-rational simplex fallback stopped on the deadline building its dense tableau rows\plra: both engines declined — Fourier–Motzkin stopped on the deadline inside a variable's cross product, then the exact-rational simplex fallback stopped on the deadline building its dense tableau rows\plra: both engines declined — Fourier–Motzkin stopped on the deadline inside a variable's cross product, then the exact-rational simplex fallback stopped on the deadline building its dense tableau rows\plra: both engines declined — Fourier–Motzkin stopped on the deadline inside a variable's cross product, then the exact-rational simplex fallback stopped on the deadline building its dense tableau rows	\p\p\pother\pquant-ownership-decline\p\pother\pother\pother\pother\pother\pother\pother\pother\pother	server7	1,9	1.98
nia-groebner-gate-crossdiv-QF_NRA	gateunbounded	QF_NRA/meti-tarski/atan/problem/2/weak/atan-problem-2-weak-chunk-0159.smt2	3c3ba0eb2	Real	unknown	0	none	nra	17	fd:parse:probe\pprobe:probe\pdl-online:declined\pnra-real-root:declined\pcas-ideal-refuter:declined\pnra:declined\pq:skolem-qf:declined\pq:nat-induction:declined\pfd:string-gate:declined\pfd:source-string-semantic-unsat:declined\pfd:word-route:declined\pfd:online-string:declined\pfd:membership:declined\pfd:lex-order:declined\pfd:length-lia:declined\pfd:source-string-sat-probe:declined\pfd:bounded-completeness-unsat:declined	13517	0\p0\p0\p0\p0\p12340\p0\p0\p0\p0\p0\p0\p0\p0\p0\p0\p0	no	dl-online=not-applicable\pnra-real-root=incomplete\pcas-ideal-refuter=incomplete\pnra=budget\pq:skolem-qf=unsupported\pq:nat-induction=not-applicable\pfd:string-gate=budget\pfd:source-string-semantic-unsat=budget\pfd:word-route=budget\pfd:online-string=budget\pfd:membership=budget\pfd:lex-order=budget\pfd:length-lia=budget\pfd:source-string-sat-probe=budget\pfd:bounded-completeness-unsat=budget	\pexact real-polynomial decider declined: non-conjunctive (cad-arm=default)\pno combination of the asserted equations collapsed to a constant of the refuting sign\plra: both engines declined — Fourier–Motzkin stopped on the deadline inside a variable's cross product, then the exact-rational simplex fallback stopped on the deadline building its dense tableau rows\pquant-route ownership (ADR-2103): `q:skolem-qf` owns {Real, Int, BvOrFloat, Datatype, Function, UninterpretedSort, Array, NonBvArray, NonBoolBvArray} and does not own {NestedArray, WideInt}, which this quantified query carries, so its non-decision is a decline and the ladder continues. Its own reason was: lra: both engines declined — Fourier–Motzkin stopped on the deadline inside a variable's cross product, then the exact-rational simplex fallback stopped on the deadline building its dense tableau rows\p\plra: both engines declined — Fourier–Motzkin stopped on the deadline inside a variable's cross product, then the exact-rational simplex fallback stopped on the deadline building its dense tableau rows\plra: both engines declined — Fourier–Motzkin stopped on the deadline inside a variable's cross product, then the exact-rational simplex fallback stopped on the deadline building its dense tableau rows\plra: both engines declined — Fourier–Motzkin stopped on the deadline inside a variable's cross product, then the exact-rational simplex fallback stopped on the deadline building its dense tableau rows\plra: both engines declined — Fourier–Motzkin stopped on the deadline inside a variable's cross product, then the exact-rational simplex fallback stopped on the deadline building its dense tableau rows\plra: both engines declined — Fourier–Motzkin stopped on the deadline inside a variable's cross product, then the exact-rational simplex fallback stopped on the deadline building its dense tableau rows\plra: both engines declined — Fourier–Motzkin stopped on the deadline inside a variable's cross product, then the exact-rational simplex fallback stopped on the deadline building its dense tableau rows\plra: both engines declined — Fourier–Motzkin stopped on the deadline inside a variable's cross product, then the exact-rational simplex fallback stopped on the deadline building its dense tableau rows\plra: both engines declined — Fourier–Motzkin stopped on the deadline inside a variable's cross product, then the exact-rational simplex fallback stopped on the deadline building its dense tableau rows\plra: both engines declined — Fourier–Motzkin stopped on the deadline inside a variable's cross product, then the exact-rational simplex fallback stopped on the deadline building its dense tableau rows	\p\p\pother\pquant-ownership-decline\p\pother\pother\pother\pother\pother\pother\pother\pother\pother	server7	1,9	1.99
nia-groebner-gate-crossdiv-QF_NRA	gateunbounded	QF_NRA/meti-tarski/atan/problem/2/weak/atan-problem-2-weak-chunk-0224.smt2	3c3ba0eb2	Real	unsat	0	nra	nra	5	fd:parse:probe\pprobe:probe\pdl-online:declined\pnra-real-root:declined\pnra:decided	108	0\p0\p0\p0\p4	no	dl-online=not-applicable\pnra-real-root=incomplete	\pexact real-polynomial decider declined: non-conjunctive (cad-arm=default)	\p	server7	1,9	1.99
nia-groebner-gate-crossdiv-QF_NRA	shipped	QF_NRA/meti-tarski/atan/problem/2/weak/atan-problem-2-weak-chunk-0224.smt2	3c3ba0eb2	Real	unsat	0	nra	nra	5	fd:parse:probe\pprobe:probe\pdl-online:declined\pnra-real-root:declined\pnra:decided	108	0\p0\p0\p0\p3	no	dl-online=not-applicable\pnra-real-root=incomplete	\pexact real-polynomial decider declined: non-conjunctive (cad-arm=default)	\p	server7	1,9	1.99
nia-groebner-gate-crossdiv-QF_NRA	shipped	QF_NRA/meti-tarski/atan/problem/2/weak2/atan-problem-2-weak2-chunk-0085.smt2	3c3ba0eb2	Real	unsat	0	nra	nra	5	fd:parse:probe\pprobe:probe\pdl-online:declined\pnra-real-root:declined\pnra:decided	108	0\p0\p0\p0\p7	no	dl-online=not-applicable\pnra-real-root=incomplete	\pexact real-polynomial decider declined: non-conjunctive (cad-arm=default)	\p	server7	1,9	1.99
nia-groebner-gate-crossdiv-QF_NRA	gateunbounded	QF_NRA/meti-tarski/atan/problem/2/weak2/atan-problem-2-weak2-chunk-0085.smt2	3c3ba0eb2	Real	unsat	0	nra	nra	5	fd:parse:probe\pprobe:probe\pdl-online:declined\pnra-real-root:declined\pnra:decided	108	0\p0\p0\p0\p7	no	dl-online=not-applicable\pnra-real-root=incomplete	\pexact real-polynomial decider declined: non-conjunctive (cad-arm=default)	\p	server7	1,9	1.99
nia-groebner-gate-crossdiv-QF_NRA	gateunbounded	QF_NRA/meti-tarski/atan/problem/2/weakT/atan-problem-2-weakT-chunk-0032.smt2	3c3ba0eb2	Real	sat	0	nra-real-root	dl-online	4	fd:parse:probe\pprobe:probe\pdl-online:declined\pnra-real-root:decided	107	0\p0\p0\p0	no	dl-online=not-applicable			server7	1,9	1.99
nia-groebner-gate-crossdiv-QF_NRA	shipped	QF_NRA/meti-tarski/atan/problem/2/weakT/atan-problem-2-weakT-chunk-0032.smt2	3c3ba0eb2	Real	sat	0	nra-real-root	nra-real-root	4	fd:parse:probe\pprobe:probe\pdl-online:declined\pnra-real-root:decided	106	0\p0\p0\p0	no	dl-online=not-applicable			server7	1,9	1.99
nia-groebner-gate-crossdiv-QF_NRA	shipped	QF_NRA/meti-tarski/atan/vega/3/atan-vega-3-chunk-0059.smt2	3c3ba0eb2	Real	unsat	0	nra	nra	5	fd:parse:probe\pprobe:probe\pdl-online:declined\pnra-real-root:declined\pnra:decided	107	0\p0\p0\p1\p6	no	dl-online=not-applicable\pnra-real-root=incomplete	\pexact real-polynomial decider declined: critical-count-cap (cad-arm=default)	\p	server7	1,9	1.99
nia-groebner-gate-crossdiv-QF_NRA	gateunbounded	QF_NRA/meti-tarski/atan/vega/3/atan-vega-3-chunk-0059.smt2	3c3ba0eb2	Real	unsat	0	nra	nra	5	fd:parse:probe\pprobe:probe\pdl-online:declined\pnra-real-root:declined\pnra:decided	108	0\p0\p0\p1\p6	no	dl-online=not-applicable\pnra-real-root=incomplete	\pexact real-polynomial decider declined: critical-count-cap (cad-arm=default)	\p	server7	1,9	1.99
nia-groebner-gate-crossdiv-QF_NRA	gateunbounded	QF_NRA/meti-tarski/atan/vega/3/atan-vega-3-chunk-0121.smt2	3c3ba0eb2	Real	sat	0	nra	fd:parse	5	fd:parse:probe\pprobe:probe\pdl-online:declined\pnra-real-root:declined\pnra:decided	108	0\p0\p0\p0\p0	no	dl-online=not-applicable\pnra-real-root=incomplete	\pexact real-polynomial decider declined: non-conjunctive (cad-arm=default)	\p	server7	1,9	1.99
nia-groebner-gate-crossdiv-QF_NRA	shipped	QF_NRA/meti-tarski/atan/vega/3/atan-vega-3-chunk-0121.smt2	3c3ba0eb2	Real	sat	0	nra	nra	5	fd:parse:probe\pprobe:probe\pdl-online:declined\pnra-real-root:declined\pnra:decided	108	0\p0\p0\p0\p0	no	dl-online=not-applicable\pnra-real-root=incomplete	\pexact real-polynomial decider declined: non-conjunctive (cad-arm=default)	\p	server7	1,9	1.99
nia-groebner-gate-crossdiv-QF_NRA	shipped	QF_NRA/meti-tarski/atan/vega/3/atan-vega-3-chunk-0181.smt2	3c3ba0eb2	Real	sat	0	nra	nra	5	fd:parse:probe\pprobe:probe\pdl-online:declined\pnra-real-root:declined\pnra:decided	108	0\p0\p0\p3\p3	no	dl-online=not-applicable\pnra-real-root=incomplete	\pexact real-polynomial decider declined: projection (cad-arm=default)	\p	server7	1,9	1.99
nia-groebner-gate-crossdiv-QF_NRA	gateunbounded	QF_NRA/meti-tarski/atan/vega/3/atan-vega-3-chunk-0181.smt2	3c3ba0eb2	Real	sat	0	nra	nra	5	fd:parse:probe\pprobe:probe\pdl-online:declined\pnra-real-root:declined\pnra:decided	107	0\p0\p0\p2\p3	no	dl-online=not-applicable\pnra-real-root=incomplete	\pexact real-polynomial decider declined: projection (cad-arm=default)	\p	server7	1,9	1.99
nia-groebner-gate-crossdiv-QF_NRA	gateunbounded	QF_NRA/meti-tarski/atan/vega/3/atan-vega-3-chunk-0242.smt2	3c3ba0eb2	Real	unknown	0	none	nra	17	fd:parse:probe\pprobe:probe\pdl-online:declined\pnra-real-root:declined\pcas-ideal-refuter:declined\pnra:declined\pq:skolem-qf:declined\pq:nat-induction:declined\pfd:string-gate:declined\pfd:source-string-semantic-unsat:declined\pfd:word-route:declined\pfd:online-string:declined\pfd:membership:declined\pfd:lex-order:declined\pfd:length-lia:declined\pfd:source-string-sat-probe:declined\pfd:bounded-completeness-unsat:declined	9514	0\p0\p0\p0\p20\p2588\p0\p0\p0\p0\p0\p0\p0\p0\p0\p0\p0	no	dl-online=not-applicable\pnra-real-root=incomplete\pcas-ideal-refuter=incomplete\pnra=incomplete\pq:skolem-qf=unsupported\pq:nat-induction=not-applicable\pfd:string-gate=incomplete\pfd:source-string-semantic-unsat=incomplete\pfd:word-route=incomplete\pfd:online-string=incomplete\pfd:membership=incomplete\pfd:lex-order=incomplete\pfd:length-lia=incomplete\pfd:source-string-sat-probe=incomplete\pfd:bounded-completeness-unsat=incomplete	\pexact real-polynomial decider declined: non-conjunctive (cad-arm=default)\pno combination of the asserted equations collapsed to a constant of the refuting sign\pnonlinear abstraction: refinement reached a fixpoint without deciding\pquant-route ownership (ADR-2103): `q:skolem-qf` owns {Real, Int, BvOrFloat, Datatype, Function, UninterpretedSort, Array, NonBvArray, NonBoolBvArray} and does not own {NestedArray, WideInt}, which this quantified query carries, so its non-decision is a decline and the ladder continues. Its own reason was: nonlinear abstraction: refinement reached a fixpoint without deciding\p\pnonlinear abstraction: refinement reached a fixpoint without deciding\pnonlinear abstraction: refinement reached a fixpoint without deciding\pnonlinear abstraction: refinement reached a fixpoint without deciding\pnonlinear abstraction: refinement reached a fixpoint without deciding\pnonlinear abstraction: refinement reached a fixpoint without deciding\pnonlinear abstraction: refinement reached a fixpoint without deciding\pnonlinear abstraction: refinement reached a fixpoint without deciding\pnonlinear abstraction: refinement reached a fixpoint without deciding\pnonlinear abstraction: refinement reached a fixpoint without deciding	\p\p\p\pquant-ownership-decline\p\p\p\p\p\p\p\p\p\p	server7	1,9	1.99
nia-groebner-gate-crossdiv-QF_NRA	shipped	QF_NRA/meti-tarski/atan/vega/3/atan-vega-3-chunk-0242.smt2	3c3ba0eb2	Real	unknown	0	none	nra	17	fd:parse:probe\pprobe:probe\pdl-online:declined\pnra-real-root:declined\pcas-ideal-refuter:declined\pnra:declined\pq:skolem-qf:declined\pq:nat-induction:declined\pfd:string-gate:declined\pfd:source-string-semantic-unsat:declined\pfd:word-route:declined\pfd:online-string:declined\pfd:membership:declined\pfd:lex-order:declined\pfd:length-lia:declined\pfd:source-string-sat-probe:declined\pfd:bounded-completeness-unsat:declined	9413	0\p0\p0\p0\p20\p2532\p0\p0\p0\p0\p0\p0\p0\p0\p0\p0\p0	no	dl-online=not-applicable\pnra-real-root=incomplete\pcas-ideal-refuter=incomplete\pnra=incomplete\pq:skolem-qf=unsupported\pq:nat-induction=not-applicable\pfd:string-gate=incomplete\pfd:source-string-semantic-unsat=incomplete\pfd:word-route=incomplete\pfd:online-string=incomplete\pfd:membership=incomplete\pfd:lex-order=incomplete\pfd:length-lia=incomplete\pfd:source-string-sat-probe=incomplete\pfd:bounded-completeness-unsat=incomplete	\pexact real-polynomial decider declined: non-conjunctive (cad-arm=default)\pno combination of the asserted equations collapsed to a constant of the refuting sign\pnonlinear abstraction: refinement reached a fixpoint without deciding\pquant-route ownership (ADR-2103): `q:skolem-qf` owns {Real, Int, BvOrFloat, Datatype, Function, UninterpretedSort, Array, NonBvArray, NonBoolBvArray} and does not own {NestedArray, WideInt}, which this quantified query carries, so its non-decision is a decline and the ladder continues. Its own reason was: nonlinear abstraction: refinement reached a fixpoint without deciding\p\pnonlinear abstraction: refinement reached a fixpoint without deciding\pnonlinear abstraction: refinement reached a fixpoint without deciding\pnonlinear abstraction: refinement reached a fixpoint without deciding\pnonlinear abstraction: refinement reached a fixpoint without deciding\pnonlinear abstraction: refinement reached a fixpoint without deciding\pnonlinear abstraction: refinement reached a fixpoint without deciding\pnonlinear abstraction: refinement reached a fixpoint without deciding\pnonlinear abstraction: refinement reached a fixpoint without deciding\pnonlinear abstraction: refinement reached a fixpoint without deciding	\p\p\p\pquant-ownership-decline\p\p\p\p\p\p\p\p\p\p	server7	1,9	1.99
nia-groebner-gate-crossdiv-QF_NRA	shipped	QF_NRA/meti-tarski/atan/vega/3/atan-vega-3-chunk-0302.smt2	3c3ba0eb2	Real	sat	0	nra	nra	5	fd:parse:probe\pprobe:probe\pdl-online:declined\pnra-real-root:declined\pnra:decided	106	0\p0\p0\p0\p1	no	dl-online=not-applicable\pnra-real-root=incomplete	\pexact real-polynomial decider declined: non-conjunctive (cad-arm=default)	\p	server7	1,9	1.99
nia-groebner-gate-crossdiv-QF_NRA	gateunbounded	QF_NRA/meti-tarski/atan/vega/3/atan-vega-3-chunk-0302.smt2	3c3ba0eb2	Real	sat	0	nra	nra	5	fd:parse:probe\pprobe:probe\pdl-online:declined\pnra-real-root:declined\pnra:decided	107	0\p0\p0\p0\p1	no	dl-online=not-applicable\pnra-real-root=incomplete	\pexact real-polynomial decider declined: non-conjunctive (cad-arm=default)	\p	server7	1,9	1.99
nia-groebner-gate-crossdiv-QF_NRA	gateunbounded	QF_NRA/meti-tarski/atan/vega/3/atan-vega-3-chunk-0362.smt2	3c3ba0eb2	Real	sat	0	nra	nra	6	fd:parse:probe\pprobe:probe\pdl-online:declined\pnra-real-root:declined\pcas-ideal-refuter:declined\pnra:decided	107	0\p0\p0\p0\p0\p0	no	dl-online=not-applicable\pnra-real-root=incomplete\pcas-ideal-refuter=incomplete	\pexact real-polynomial decider declined: non-conjunctive (cad-arm=default)\pno combination of the asserted equations collapsed to a constant of the refuting sign	\p\p	server7	1,9	1.99
nia-groebner-gate-crossdiv-QF_NRA	shipped	QF_NRA/meti-tarski/atan/vega/3/atan-vega-3-chunk-0362.smt2	3c3ba0eb2	Real	sat	0	nra	nra	6	fd:parse:probe\pprobe:probe\pdl-online:declined\pnra-real-root:declined\pcas-ideal-refuter:declined\pnra:decided	106	0\p0\p0\p0\p0\p0	no	dl-online=not-applicable\pnra-real-root=incomplete\pcas-ideal-refuter=incomplete	\pexact real-polynomial decider declined: non-conjunctive (cad-arm=default)\pno combination of the asserted equations collapsed to a constant of the refuting sign	\p\p	server7	1,9	1.99
nia-groebner-gate-crossdiv-QF_NRA	shipped	QF_NRA/meti-tarski/atan/vega/3/atan-vega-3-chunk-0425.smt2	3c3ba0eb2	Real	sat	0	nra	nra	6	fd:parse:probe\pprobe:probe\pcas-identity-refuter:declined\pdl-online:declined\pnra-real-root:declined\pnra:decided	107	0\p0\p0\p0\p0\p0	no	cas-identity-refuter=incomplete\pdl-online=not-applicable\pnra-real-root=incomplete	no arithmetic disequality had equal polynomial normal forms\p\pexact real-polynomial decider declined: non-conjunctive (cad-arm=default)	\p\p	server7	1,9	1.99
nia-groebner-gate-crossdiv-QF_NRA	gateunbounded	QF_NRA/meti-tarski/atan/vega/3/atan-vega-3-chunk-0425.smt2	3c3ba0eb2	Real	sat	0	nra	nra	6	fd:parse:probe\pprobe:probe\pcas-identity-refuter:declined\pdl-online:declined\pnra-real-root:declined\pnra:decided	107	0\p0\p0\p0\p0\p0	no	cas-identity-refuter=incomplete\pdl-online=not-applicable\pnra-real-root=incomplete	no arithmetic disequality had equal polynomial normal forms\p\pexact real-polynomial decider declined: non-conjunctive (cad-arm=default)	\p\p	server7	1,9	1.99
nia-groebner-gate-crossdiv-QF_NRA	gateunbounded	QF_NRA/meti-tarski/atan/vega/3/atan-vega-3-chunk-0485.smt2	3c3ba0eb2	Real	sat	0	nra	nra	6	fd:parse:probe\pprobe:probe\pdl-online:declined\pnra-real-root:declined\pcas-ideal-refuter:declined\pnra:decided	106	0\p0\p0\p0\p0\p0	no	dl-online=not-applicable\pnra-real-root=incomplete\pcas-ideal-refuter=incomplete	\pexact real-polynomial decider declined: non-conjunctive (cad-arm=default)\pno combination of the asserted equations collapsed to a constant of the refuting sign	\p\p	server7	1,9	1.91
nia-groebner-gate-crossdiv-QF_NRA	shipped	QF_NRA/meti-tarski/atan/vega/3/atan-vega-3-chunk-0485.smt2	3c3ba0eb2	Real	sat	0	nra	nra	6	fd:parse:probe\pprobe:probe\pdl-online:declined\pnra-real-root:declined\pcas-ideal-refuter:declined\pnra:decided	106	0\p0\p0\p0\p0\p0	no	dl-online=not-applicable\pnra-real-root=incomplete\pcas-ideal-refuter=incomplete	\pexact real-polynomial decider declined: non-conjunctive (cad-arm=default)\pno combination of the asserted equations collapsed to a constant of the refuting sign	\p\p	server7	1,9	1.91
nia-groebner-gate-crossdiv-QF_NRA	shipped	QF_NRA/meti-tarski/atan/vega/3/atan-vega-3-chunk-0545.smt2	3c3ba0eb2	Real	unknown	0	none	nra	17	fd:parse:probe\pprobe:probe\pdl-online:declined\pnra-real-root:declined\pcas-ideal-refuter:declined\pnra:declined\pq:skolem-qf:declined\pq:nat-induction:declined\pfd:string-gate:declined\pfd:source-string-semantic-unsat:declined\pfd:word-route:declined\pfd:online-string:declined\pfd:membership:declined\pfd:lex-order:declined\pfd:length-lia:declined\pfd:source-string-sat-probe:declined\pfd:bounded-completeness-unsat:declined	11413	0\p0\p0\p0\p93\p3165\p0\p0\p0\p0\p0\p0\p0\p0\p0\p0\p0	no	dl-online=not-applicable\pnra-real-root=incomplete\pcas-ideal-refuter=incomplete\pnra=incomplete\pq:skolem-qf=unsupported\pq:nat-induction=not-applicable\pfd:string-gate=incomplete\pfd:source-string-semantic-unsat=incomplete\pfd:word-route=incomplete\pfd:online-string=incomplete\pfd:membership=incomplete\pfd:lex-order=incomplete\pfd:length-lia=incomplete\pfd:source-string-sat-probe=incomplete\pfd:bounded-completeness-unsat=incomplete	\pexact real-polynomial decider declined: non-conjunctive (cad-arm=default)\pno combination of the asserted equations collapsed to a constant of the refuting sign\pnonlinear abstraction: refinement reached a fixpoint without deciding\pquant-route ownership (ADR-2103): `q:skolem-qf` owns {Real, Int, BvOrFloat, Datatype, Function, UninterpretedSort, Array, NonBvArray, NonBoolBvArray} and does not own {NestedArray, WideInt}, which this quantified query carries, so its non-decision is a decline and the ladder continues. Its own reason was: nonlinear abstraction: refinement reached a fixpoint without deciding\p\pnonlinear abstraction: refinement reached a fixpoint without deciding\pnonlinear abstraction: refinement reached a fixpoint without deciding\pnonlinear abstraction: refinement reached a fixpoint without deciding\pnonlinear abstraction: refinement reached a fixpoint without deciding\pnonlinear abstraction: refinement reached a fixpoint without deciding\pnonlinear abstraction: refinement reached a fixpoint without deciding\pnonlinear abstraction: refinement reached a fixpoint without deciding\pnonlinear abstraction: refinement reached a fixpoint without deciding\pnonlinear abstraction: refinement reached a fixpoint without deciding	\p\p\p\pquant-ownership-decline\p\p\p\p\p\p\p\p\p\p	server7	1,9	1.91
nia-groebner-gate-crossdiv-QF_NRA	gateunbounded	QF_NRA/meti-tarski/atan/vega/3/atan-vega-3-chunk-0545.smt2	3c3ba0eb2	Real	unknown	0	none	nra	17	fd:parse:probe\pprobe:probe\pdl-online:declined\pnra-real-root:declined\pcas-ideal-refuter:declined\pnra:declined\pq:skolem-qf:declined\pq:nat-induction:declined\pfd:string-gate:declined\pfd:source-string-semantic-unsat:declined\pfd:word-route:declined\pfd:online-string:declined\pfd:membership:declined\pfd:lex-order:declined\pfd:length-lia:declined\pfd:source-string-sat-probe:declined\pfd:bounded-completeness-unsat:declined	11213	0\p0\p0\p0\p92\p3180\p0\p0\p0\p0\p0\p0\p0\p0\p0\p0\p0	no	dl-online=not-applicable\pnra-real-root=incomplete\pcas-ideal-refuter=incomplete\pnra=incomplete\pq:skolem-qf=unsupported\pq:nat-induction=not-applicable\pfd:string-gate=incomplete\pfd:source-string-semantic-unsat=incomplete\pfd:word-route=incomplete\pfd:online-string=incomplete\pfd:membership=incomplete\pfd:lex-order=incomplete\pfd:length-lia=incomplete\pfd:source-string-sat-probe=incomplete\pfd:bounded-completeness-unsat=incomplete	\pexact real-polynomial decider declined: non-conjunctive (cad-arm=default)\pno combination of the asserted equations collapsed to a constant of the refuting sign\pnonlinear abstraction: refinement reached a fixpoint without deciding\pquant-route ownership (ADR-2103): `q:skolem-qf` owns {Real, Int, BvOrFloat, Datatype, Function, UninterpretedSort, Array, NonBvArray, NonBoolBvArray} and does not own {NestedArray, WideInt}, which this quantified query carries, so its non-decision is a decline and the ladder continues. Its own reason was: nonlinear abstraction: refinement reached a fixpoint without deciding\p\pnonlinear abstraction: refinement reached a fixpoint without deciding\pnonlinear abstraction: refinement reached a fixpoint without deciding\pnonlinear abstraction: refinement reached a fixpoint without deciding\pnonlinear abstraction: refinement reached a fixpoint without deciding\pnonlinear abstraction: refinement reached a fixpoint without deciding\pnonlinear abstraction: refinement reached a fixpoint without deciding\pnonlinear abstraction: refinement reached a fixpoint without deciding\pnonlinear abstraction: refinement reached a fixpoint without deciding\pnonlinear abstraction: refinement reached a fixpoint without deciding	\p\p\p\pquant-ownership-decline\p\p\p\p\p\p\p\p\p\p	server7	1,9	1.93
nia-groebner-gate-crossdiv-QF_NRA	gateunbounded	QF_NRA/meti-tarski/atan/vega/3/atan-vega-3-chunk-0605.smt2	3c3ba0eb2	Real	unsat	0	nra	nra	6	fd:parse:probe\pprobe:probe\pdl-online:declined\pnra-real-root:declined\pcas-ideal-refuter:declined\pnra:decided	107	0\p0\p0\p0\p0\p42	no	dl-online=not-applicable\pnra-real-root=incomplete\pcas-ideal-refuter=incomplete	\pexact real-polynomial decider declined: non-conjunctive (cad-arm=default)\pno combination of the asserted equations collapsed to a constant of the refuting sign	\p\p	server7	1,9	1.94
nia-groebner-gate-crossdiv-QF_NRA	shipped	QF_NRA/meti-tarski/atan/vega/3/atan-vega-3-chunk-0605.smt2	3c3ba0eb2	Real	unsat	0	nra	nra	6	fd:parse:probe\pprobe:probe\pdl-online:declined\pnra-real-root:declined\pcas-ideal-refuter:declined\pnra:decided	107	0\p0\p0\p0\p0\p42	no	dl-online=not-applicable\pnra-real-root=incomplete\pcas-ideal-refuter=incomplete	\pexact real-polynomial decider declined: non-conjunctive (cad-arm=default)\pno combination of the asserted equations collapsed to a constant of the refuting sign	\p\p	server7	1,9	1.94
nia-groebner-gate-crossdiv-QF_NRA	shipped	QF_NRA/meti-tarski/atan/vega/3/weak/atan-vega-3-weak-chunk-0104.smt2	3c3ba0eb2	Real	unsat	0	nra	nra	6	fd:parse:probe\pprobe:probe\pdl-online:declined\pnra-real-root:declined\pcas-ideal-refuter:declined\pnra:decided	107	0\p0\p0\p1\p0\p8	no	dl-online=not-applicable\pnra-real-root=incomplete\pcas-ideal-refuter=incomplete	\pexact real-polynomial decider declined: critical-count-cap (cad-arm=default)\pno combination of the asserted equations collapsed to a constant of the refuting sign	\p\p	server7	1,9	1.94
nia-groebner-gate-crossdiv-QF_NRA	gateunbounded	QF_NRA/meti-tarski/atan/vega/3/weak/atan-vega-3-weak-chunk-0104.smt2	3c3ba0eb2	Real	unsat	0	nra	nra	6	fd:parse:probe\pprobe:probe\pdl-online:declined\pnra-real-root:declined\pcas-ideal-refuter:declined\pnra:decided	106	0\p0\p0\p1\p0\p8	no	dl-online=not-applicable\pnra-real-root=incomplete\pcas-ideal-refuter=incomplete	\pexact real-polynomial decider declined: critical-count-cap (cad-arm=default)\pno combination of the asserted equations collapsed to a constant of the refuting sign	\p\p	server7	1,9	1.94
nia-groebner-gate-crossdiv-QF_NRA	gateunbounded	QF_NRA/meti-tarski/atan/vega/3/weak/atan-vega-3-weak-chunk-0174.smt2	3c3ba0eb2	Real	unsat	0	nra	nra	6	fd:parse:probe\pprobe:probe\pdl-online:declined\pnra-real-root:declined\pcas-ideal-refuter:declined\pnra:decided	107	0\p0\p0\p0\p0\p11	no	dl-online=not-applicable\pnra-real-root=incomplete\pcas-ideal-refuter=incomplete	\pexact real-polynomial decider declined: non-conjunctive (cad-arm=default)\pno combination of the asserted equations collapsed to a constant of the refuting sign	\p\p	server7	1,9	1.94
nia-groebner-gate-crossdiv-QF_NRA	shipped	QF_NRA/meti-tarski/atan/vega/3/weak/atan-vega-3-weak-chunk-0174.smt2	3c3ba0eb2	Real	unsat	0	nra	nra	6	fd:parse:probe\pprobe:probe\pdl-online:declined\pnra-real-root:declined\pcas-ideal-refuter:declined\pnra:decided	107	0\p0\p0\p0\p0\p12	no	dl-online=not-applicable\pnra-real-root=incomplete\pcas-ideal-refuter=incomplete	\pexact real-polynomial decider declined: non-conjunctive (cad-arm=default)\pno combination of the asserted equations collapsed to a constant of the refuting sign	\p\p	server7	1,9	1.94
nia-groebner-gate-crossdiv-QF_NRA	shipped	QF_NRA/meti-tarski/atan/vega/3/weak/atan-vega-3-weak-chunk-0243.smt2	3c3ba0eb2	Real	unknown	0	none	nra	16	fd:parse:probe\pprobe:probe\pdl-online:declined\pnra-real-root:declined\pnra:declined\pq:skolem-qf:declined\pq:nat-induction:declined\pfd:string-gate:declined\pfd:source-string-semantic-unsat:declined\pfd:word-route:declined\pfd:online-string:declined\pfd:membership:declined\pfd:lex-order:declined\pfd:length-lia:declined\pfd:source-string-sat-probe:declined\pfd:bounded-completeness-unsat:declined	10615	0\p0\p0\p0\p3818\p0\p0\p0\p0\p0\p0\p0\p0\p0\p0\p0	no	dl-online=not-applicable\pnra-real-root=incomplete\pnra=incomplete\pq:skolem-qf=unsupported\pq:nat-induction=not-applicable\pfd:string-gate=incomplete\pfd:source-string-semantic-unsat=incomplete\pfd:word-route=incomplete\pfd:online-string=incomplete\pfd:membership=incomplete\pfd:lex-order=incomplete\pfd:length-lia=incomplete\pfd:source-string-sat-probe=incomplete\pfd:bounded-completeness-unsat=incomplete	\pexact real-polynomial decider declined: non-conjunctive (cad-arm=default)\pnonlinear abstraction: refinement reached a fixpoint without deciding\pquant-route ownership (ADR-2103): `q:skolem-qf` owns {Real, Int, BvOrFloat, Datatype, Function, UninterpretedSort, Array, NonBvArray, NonBoolBvArray} and does not own {NestedArray, WideInt}, which this quantified query carries, so its non-decision is a decline and the ladder continues. Its own reason was: nonlinear abstraction: refinement reached a fixpoint without deciding\p\pnonlinear abstraction: refinement reached a fixpoint without deciding\pnonlinear abstraction: refinement reached a fixpoint without deciding\pnonlinear abstraction: refinement reached a fixpoint without deciding\pnonlinear abstraction: refinement reached a fixpoint without deciding\pnonlinear abstraction: refinement reached a fixpoint without deciding\pnonlinear abstraction: refinement reached a fixpoint without deciding\pnonlinear abstraction: refinement reached a fixpoint without deciding\pnonlinear abstraction: refinement reached a fixpoint without deciding\pnonlinear abstraction: refinement reached a fixpoint without deciding	\p\p\pquant-ownership-decline\p\p\p\p\p\p\p\p\p\p	server7	1,9	1.94
nia-groebner-gate-crossdiv-QF_NRA	gateunbounded	QF_NRA/meti-tarski/atan/vega/3/weak/atan-vega-3-weak-chunk-0243.smt2	3c3ba0eb2	Real	unknown	0	none	nra	16	fd:parse:probe\pprobe:probe\pdl-online:declined\pnra-real-root:declined\pnra:declined\pq:skolem-qf:declined\pq:nat-induction:declined\pfd:string-gate:declined\pfd:source-string-semantic-unsat:declined\pfd:word-route:declined\pfd:online-string:declined\pfd:membership:declined\pfd:lex-order:declined\pfd:length-lia:declined\pfd:source-string-sat-probe:declined\pfd:bounded-completeness-unsat:declined	10611	0\p0\p0\p0\p3827\p0\p0\p0\p0\p0\p0\p0\p0\p0\p0\p0	no	dl-online=not-applicable\pnra-real-root=incomplete\pnra=incomplete\pq:skolem-qf=unsupported\pq:nat-induction=not-applicable\pfd:string-gate=incomplete\pfd:source-string-semantic-unsat=incomplete\pfd:word-route=incomplete\pfd:online-string=incomplete\pfd:membership=incomplete\pfd:lex-order=incomplete\pfd:length-lia=incomplete\pfd:source-string-sat-probe=incomplete\pfd:bounded-completeness-unsat=incomplete	\pexact real-polynomial decider declined: non-conjunctive (cad-arm=default)\pnonlinear abstraction: refinement reached a fixpoint without deciding\pquant-route ownership (ADR-2103): `q:skolem-qf` owns {Real, Int, BvOrFloat, Datatype, Function, UninterpretedSort, Array, NonBvArray, NonBoolBvArray} and does not own {NestedArray, WideInt}, which this quantified query carries, so its non-decision is a decline and the ladder continues. Its own reason was: nonlinear abstraction: refinement reached a fixpoint without deciding\p\pnonlinear abstraction: refinement reached a fixpoint without deciding\pnonlinear abstraction: refinement reached a fixpoint without deciding\pnonlinear abstraction: refinement reached a fixpoint without deciding\pnonlinear abstraction: refinement reached a fixpoint without deciding\pnonlinear abstraction: refinement reached a fixpoint without deciding\pnonlinear abstraction: refinement reached a fixpoint without deciding\pnonlinear abstraction: refinement reached a fixpoint without deciding\pnonlinear abstraction: refinement reached a fixpoint without deciding\pnonlinear abstraction: refinement reached a fixpoint without deciding	\p\p\pquant-ownership-decline\p\p\p\p\p\p\p\p\p\p	server7	1,9	1.95
nia-groebner-gate-crossdiv-QF_NRA	gateunbounded	QF_NRA/meti-tarski/atan/vega/3/weak/atan-vega-3-weak-chunk-0314.smt2	3c3ba0eb2	Real	sat	0	nra	nra	5	fd:parse:probe\pprobe:probe\pdl-online:declined\pnra-real-root:declined\pnra:decided	107	0\p0\p0\p0\p2	no	dl-online=not-applicable\pnra-real-root=incomplete	\pexact real-polynomial decider declined: non-conjunctive (cad-arm=default)	\p	server7	1,9	1.96
nia-groebner-gate-crossdiv-QF_NRA	shipped	QF_NRA/meti-tarski/atan/vega/3/weak/atan-vega-3-weak-chunk-0314.smt2	3c3ba0eb2	Real	sat	0	nra	nra	5	fd:parse:probe\pprobe:probe\pdl-online:declined\pnra-real-root:declined\pnra:decided	107	0\p0\p0\p0\p2	no	dl-online=not-applicable\pnra-real-root=incomplete	\pexact real-polynomial decider declined: non-conjunctive (cad-arm=default)	\p	server7	1,9	1.96
nia-groebner-gate-crossdiv-QF_NRA	shipped	QF_NRA/meti-tarski/atan/vega/3/weak/atan-vega-3-weak-chunk-0388.smt2	3c3ba0eb2	Real	unknown	0	none	nra	16	fd:parse:probe\pprobe:probe\pdl-online:declined\pnra-real-root:declined\pnra:declined\pq:skolem-qf:declined\pq:nat-induction:declined\pfd:string-gate:declined\pfd:source-string-semantic-unsat:declined\pfd:word-route:declined\pfd:online-string:declined\pfd:membership:declined\pfd:lex-order:declined\pfd:length-lia:declined\pfd:source-string-sat-probe:declined\pfd:bounded-completeness-unsat:declined	12614	0\p0\p0\p0\p7272\p0\p0\p0\p0\p0\p0\p0\p0\p0\p0\p0	no	dl-online=not-applicable\pnra-real-root=incomplete\pnra=incomplete\pq:skolem-qf=unsupported\pq:nat-induction=not-applicable\pfd:string-gate=incomplete\pfd:source-string-semantic-unsat=incomplete\pfd:word-route=incomplete\pfd:online-string=incomplete\pfd:membership=incomplete\pfd:lex-order=incomplete\pfd:length-lia=incomplete\pfd:source-string-sat-probe=incomplete\pfd:bounded-completeness-unsat=incomplete	\pexact real-polynomial decider declined: non-conjunctive (cad-arm=default)\pnonlinear abstraction: refinement reached a fixpoint without deciding\pquant-route ownership (ADR-2103): `q:skolem-qf` owns {Real, Int, BvOrFloat, Datatype, Function, UninterpretedSort, Array, NonBvArray, NonBoolBvArray} and does not own {NestedArray, WideInt}, which this quantified query carries, so its non-decision is a decline and the ladder continues. Its own reason was: nonlinear abstraction: refinement reached a fixpoint without deciding\p\pnonlinear abstraction: refinement reached a fixpoint without deciding\pnonlinear abstraction: refinement reached a fixpoint without deciding\pnonlinear abstraction: refinement reached a fixpoint without deciding\pnonlinear abstraction: refinement reached a fixpoint without deciding\pnonlinear abstraction: refinement reached a fixpoint without deciding\pnonlinear abstraction: refinement reached a fixpoint without deciding\pnonlinear abstraction: refinement reached a fixpoint without deciding\pnonlinear abstraction: refinement reached a fixpoint without deciding\pnonlinear abstraction: refinement reached a fixpoint without deciding	\p\p\pquant-ownership-decline\p\p\p\p\p\p\p\p\p\p	server7	1,9	1.96
nia-groebner-gate-crossdiv-QF_NRA	gateunbounded	QF_NRA/meti-tarski/atan/vega/3/weak/atan-vega-3-weak-chunk-0388.smt2	3c3ba0eb2	Real	unknown	0	none	nra	16	fd:parse:probe\pprobe:probe\pdl-online:declined\pnra-real-root:declined\pnra:declined\pq:skolem-qf:declined\pq:nat-induction:declined\pfd:string-gate:declined\pfd:source-string-semantic-unsat:declined\pfd:word-route:declined\pfd:online-string:declined\pfd:membership:declined\pfd:lex-order:declined\pfd:length-lia:declined\pfd:source-string-sat-probe:declined\pfd:bounded-completeness-unsat:declined	12614	0\p0\p0\p0\p7272\p0\p0\p0\p0\p0\p0\p0\p0\p0\p0\p0	no	dl-online=not-applicable\pnra-real-root=incomplete\pnra=incomplete\pq:skolem-qf=unsupported\pq:nat-induction=not-applicable\pfd:string-gate=incomplete\pfd:source-string-semantic-unsat=incomplete\pfd:word-route=incomplete\pfd:online-string=incomplete\pfd:membership=incomplete\pfd:lex-order=incomplete\pfd:length-lia=incomplete\pfd:source-string-sat-probe=incomplete\pfd:bounded-completeness-unsat=incomplete	\pexact real-polynomial decider declined: non-conjunctive (cad-arm=default)\pnonlinear abstraction: refinement reached a fixpoint without deciding\pquant-route ownership (ADR-2103): `q:skolem-qf` owns {Real, Int, BvOrFloat, Datatype, Function, UninterpretedSort, Array, NonBvArray, NonBoolBvArray} and does not own {NestedArray, WideInt}, which this quantified query carries, so its non-decision is a decline and the ladder continues. Its own reason was: nonlinear abstraction: refinement reached a fixpoint without deciding\p\pnonlinear abstraction: refinement reached a fixpoint without deciding\pnonlinear abstraction: refinement reached a fixpoint without deciding\pnonlinear abstraction: refinement reached a fixpoint without deciding\pnonlinear abstraction: refinement reached a fixpoint without deciding\pnonlinear abstraction: refinement reached a fixpoint without deciding\pnonlinear abstraction: refinement reached a fixpoint without deciding\pnonlinear abstraction: refinement reached a fixpoint without deciding\pnonlinear abstraction: refinement reached a fixpoint without deciding\pnonlinear abstraction: refinement reached a fixpoint without deciding	\p\p\pquant-ownership-decline\p\p\p\p\p\p\p\p\p\p	server7	1,9	1.97
nia-groebner-gate-crossdiv-QF_NRA	gateunbounded	QF_NRA/meti-tarski/atan/vega/3/weak/atan-vega-3-weak-chunk-0459.smt2	3c3ba0eb2	Real	sat	0	nra	nra	5	fd:parse:probe\pprobe:probe\pdl-online:declined\pnra-real-root:declined\pnra:decided	107	0\p0\p0\p0\p2	no	dl-online=not-applicable\pnra-real-root=incomplete	\pexact real-polynomial decider declined: projection (cad-arm=default)	\p	server7	1,9	1.97
nia-groebner-gate-crossdiv-QF_NRA	shipped	QF_NRA/meti-tarski/atan/vega/3/weak/atan-vega-3-weak-chunk-0459.smt2	3c3ba0eb2	Real	sat	0	nra	nra	5	fd:parse:probe\pprobe:probe\pdl-online:declined\pnra-real-root:declined\pnra:decided	107	0\p0\p0\p0\p2	no	dl-online=not-applicable\pnra-real-root=incomplete	\pexact real-polynomial decider declined: projection (cad-arm=default)	\p	server7	1,9	1.97
nia-groebner-gate-crossdiv-QF_NRA	shipped	QF_NRA/meti-tarski/atan/vega/3/weak/atan-vega-3-weak-chunk-0525.smt2	3c3ba0eb2	Real	sat	0	nra	nra	5	fd:parse:probe\pprobe:probe\pdl-online:declined\pnra-real-root:declined\pnra:decided	108	0\p0\p0\p0\p1	no	dl-online=not-applicable\pnra-real-root=incomplete	\pexact real-polynomial decider declined: non-conjunctive (cad-arm=default)	\p	server7	1,9	1.97
nia-groebner-gate-crossdiv-QF_NRA	gateunbounded	QF_NRA/meti-tarski/atan/vega/3/weak/atan-vega-3-weak-chunk-0525.smt2	3c3ba0eb2	Real	sat	0	nra	nra	5	fd:parse:probe\pprobe:probe\pdl-online:declined\pnra-real-root:declined\pnra:decided	108	0\p0\p0\p0\p1	no	dl-online=not-applicable\pnra-real-root=incomplete	\pexact real-polynomial decider declined: non-conjunctive (cad-arm=default)	\p	server7	1,9	1.97
nia-groebner-gate-crossdiv-QF_NRA	gateunbounded	QF_NRA/meti-tarski/atan/vega/3/weak/atan-vega-3-weak-chunk-0588.smt2	3c3ba0eb2	Real	sat	0	nra	nra	5	fd:parse:probe\pprobe:probe\pdl-online:declined\pnra-real-root:declined\pnra:decided	107	0\p0\p0\p0\p4	no	dl-online=not-applicable\pnra-real-root=incomplete	\pexact real-polynomial decider declined: non-conjunctive (cad-arm=default)	\p	server7	1,9	1.97
nia-groebner-gate-crossdiv-QF_NRA	shipped	QF_NRA/meti-tarski/atan/vega/3/weak/atan-vega-3-weak-chunk-0588.smt2	3c3ba0eb2	Real	sat	0	nra	nra	5	fd:parse:probe\pprobe:probe\pdl-online:declined\pnra-real-root:declined\pnra:decided	107	0\p0\p0\p0\p4	no	dl-online=not-applicable\pnra-real-root=incomplete	\pexact real-polynomial decider declined: non-conjunctive (cad-arm=default)	\p	server7	1,9	1.97
nia-groebner-gate-crossdiv-QF_NRA	shipped	QF_NRA/meti-tarski/atan/vega/3/weak/atan-vega-3-weak-chunk-0653.smt2	3c3ba0eb2	Real	unknown	0	none	nra	16	fd:parse:probe\pprobe:probe\pdl-online:declined\pnra-real-root:declined\pnra:declined\pq:skolem-qf:declined\pq:nat-induction:declined\pfd:string-gate:declined\pfd:source-string-semantic-unsat:declined\pfd:word-route:declined\pfd:online-string:declined\pfd:membership:declined\pfd:lex-order:declined\pfd:length-lia:declined\pfd:source-string-sat-probe:declined\pfd:bounded-completeness-unsat:declined	2809	0\p0\p0\p0\p1032\p0\p0\p0\p0\p0\p0\p0\p0\p0\p0\p0	no	dl-online=not-applicable\pnra-real-root=incomplete\pnra=budget\pq:skolem-qf=unsupported\pq:nat-induction=not-applicable\pfd:string-gate=budget\pfd:source-string-semantic-unsat=budget\pfd:word-route=budget\pfd:online-string=budget\pfd:membership=budget\pfd:lex-order=budget\pfd:length-lia=budget\pfd:source-string-sat-probe=budget\pfd:bounded-completeness-unsat=budget	\pexact real-polynomial decider declined: non-conjunctive (cad-arm=default)\pnonlinear abstraction: 58 cross-products project to 1149 linear-real atoms, past the consuming engine's capacity of 1024 (this needs a nlsat/CAD engine)\pquant-route ownership (ADR-2103): `q:skolem-qf` owns {Real, Int, BvOrFloat, Datatype, Function, UninterpretedSort, Array, NonBvArray, NonBoolBvArray} and does not own {NestedArray, WideInt}, which this quantified query carries, so its non-decision is a decline and the ladder continues. Its own reason was: nonlinear abstraction: 58 cross-products project to 1149 linear-real atoms, past the consuming engine's capacity of 1024 (this needs a nlsat/CAD engine)\p\pnonlinear abstraction: 58 cross-products project to 1149 linear-real atoms, past the consuming engine's capacity of 1024 (this needs a nlsat/CAD engine)\pnonlinear abstraction: 58 cross-products project to 1149 linear-real atoms, past the consuming engine's capacity of 1024 (this needs a nlsat/CAD engine)\pnonlinear abstraction: 58 cross-products project to 1149 linear-real atoms, past the consuming engine's capacity of 1024 (this needs a nlsat/CAD engine)\pnonlinear abstraction: 58 cross-products project to 1149 linear-real atoms, past the consuming engine's capacity of 1024 (this needs a nlsat/CAD engine)\pnonlinear abstraction: 58 cross-products project to 1149 linear-real atoms, past the consuming engine's capacity of 1024 (this needs a nlsat/CAD engine)\pnonlinear abstraction: 58 cross-products project to 1149 linear-real atoms, past the consuming engine's capacity of 1024 (this needs a nlsat/CAD engine)\pnonlinear abstraction: 58 cross-products project to 1149 linear-real atoms, past the consuming engine's capacity of 1024 (this needs a nlsat/CAD engine)\pnonlinear abstraction: 58 cross-products project to 1149 linear-real atoms, past the consuming engine's capacity of 1024 (this needs a nlsat/CAD engine)\pnonlinear abstraction: 58 cross-products project to 1149 linear-real atoms, past the consuming engine's capacity of 1024 (this needs a nlsat/CAD engine)	\p\pother\pquant-ownership-decline\p\pother\pother\pother\pother\pother\pother\pother\pother\pother	server7	1,9	1.97
nia-groebner-gate-crossdiv-QF_NRA	gateunbounded	QF_NRA/meti-tarski/atan/vega/3/weak/atan-vega-3-weak-chunk-0653.smt2	3c3ba0eb2	Real	unknown	0	none	nra	16	fd:parse:probe\pprobe:probe\pdl-online:declined\pnra-real-root:declined\pnra:declined\pq:skolem-qf:declined\pq:nat-induction:declined\pfd:string-gate:declined\pfd:source-string-semantic-unsat:declined\pfd:word-route:declined\pfd:online-string:declined\pfd:membership:declined\pfd:lex-order:declined\pfd:length-lia:declined\pfd:source-string-sat-probe:declined\pfd:bounded-completeness-unsat:declined	2709	0\p0\p0\p0\p1037\p0\p0\p0\p0\p0\p0\p0\p0\p0\p0\p0	no	dl-online=not-applicable\pnra-real-root=incomplete\pnra=budget\pq:skolem-qf=unsupported\pq:nat-induction=not-applicable\pfd:string-gate=budget\pfd:source-string-semantic-unsat=budget\pfd:word-route=budget\pfd:online-string=budget\pfd:membership=budget\pfd:lex-order=budget\pfd:length-lia=budget\pfd:source-string-sat-probe=budget\pfd:bounded-completeness-unsat=budget	\pexact real-polynomial decider declined: non-conjunctive (cad-arm=default)\pnonlinear abstraction: 58 cross-products project to 1149 linear-real atoms, past the consuming engine's capacity of 1024 (this needs a nlsat/CAD engine)\pquant-route ownership (ADR-2103): `q:skolem-qf` owns {Real, Int, BvOrFloat, Datatype, Function, UninterpretedSort, Array, NonBvArray, NonBoolBvArray} and does not own {NestedArray, WideInt}, which this quantified query carries, so its non-decision is a decline and the ladder continues. Its own reason was: nonlinear abstraction: 58 cross-products project to 1149 linear-real atoms, past the consuming engine's capacity of 1024 (this needs a nlsat/CAD engine)\p\pnonlinear abstraction: 58 cross-products project to 1149 linear-real atoms, past the consuming engine's capacity of 1024 (this needs a nlsat/CAD engine)\pnonlinear abstraction: 58 cross-products project to 1149 linear-real atoms, past the consuming engine's capacity of 1024 (this needs a nlsat/CAD engine)\pnonlinear abstraction: 58 cross-products project to 1149 linear-real atoms, past the consuming engine's capacity of 1024 (this needs a nlsat/CAD engine)\pnonlinear abstraction: 58 cross-products project to 1149 linear-real atoms, past the consuming engine's capacity of 1024 (this needs a nlsat/CAD engine)\pnonlinear abstraction: 58 cross-products project to 1149 linear-real atoms, past the consuming engine's capacity of 1024 (this needs a nlsat/CAD engine)\pnonlinear abstraction: 58 cross-products project to 1149 linear-real atoms, past the consuming engine's capacity of 1024 (this needs a nlsat/CAD engine)\pnonlinear abstraction: 58 cross-products project to 1149 linear-real atoms, past the consuming engine's capacity of 1024 (this needs a nlsat/CAD engine)\pnonlinear abstraction: 58 cross-products project to 1149 linear-real atoms, past the consuming engine's capacity of 1024 (this needs a nlsat/CAD engine)\pnonlinear abstraction: 58 cross-products project to 1149 linear-real atoms, past the consuming engine's capacity of 1024 (this needs a nlsat/CAD engine)	\p\pother\pquant-ownership-decline\p\pother\pother\pother\pother\pother\pother\pother\pother\pother	server7	1,9	1.98
nia-groebner-gate-crossdiv-QF_NRA	gateunbounded	QF_NRA/meti-tarski/atan/vega/3/weak/atan-vega-3-weak-chunk-0713.smt2	3c3ba0eb2	Real	sat	0	nra	nra	5	fd:parse:probe\pprobe:probe\pdl-online:declined\pnra-real-root:declined\pnra:decided	106	0\p0\p0\p0\p13	no	dl-online=not-applicable\pnra-real-root=incomplete	\pexact real-polynomial decider declined: projection (cad-arm=default)	\p	server7	1,9	1.98
nia-groebner-gate-crossdiv-QF_NRA	shipped	QF_NRA/meti-tarski/atan/vega/3/weak/atan-vega-3-weak-chunk-0713.smt2	3c3ba0eb2	Real	sat	0	nra	nra	5	fd:parse:probe\pprobe:probe\pdl-online:declined\pnra-real-root:declined\pnra:decided	107	0\p0\p0\p0\p13	no	dl-online=not-applicable\pnra-real-root=incomplete	\pexact real-polynomial decider declined: projection (cad-arm=default)	\p	server7	1,9	1.98
nia-groebner-gate-crossdiv-QF_NRA	shipped	QF_NRA/meti-tarski/cbrt/3/cbrt-problem-3-chunk-0076.smt2	3c3ba0eb2	Real	sat	0	nra	nra-real-root	5	fd:parse:probe\pprobe:probe\pdl-online:declined\pnra-real-root:declined\pnra:decided	107	0\p0\p0\p6\p6	no	dl-online=not-applicable\pnra-real-root=incomplete	\pexact real-polynomial decider declined: projection (cad-arm=default)	\p	server7	1,9	1.98
nia-groebner-gate-crossdiv-QF_NRA	gateunbounded	QF_NRA/meti-tarski/cbrt/3/cbrt-problem-3-chunk-0076.smt2	3c3ba0eb2	Real	sat	0	nra	nra-real-root	5	fd:parse:probe\pprobe:probe\pdl-online:declined\pnra-real-root:declined\pnra:decided	107	0\p0\p0\p6\p6	no	dl-online=not-applicable\pnra-real-root=incomplete	\pexact real-polynomial decider declined: projection (cad-arm=default)	\p	server7	1,9	1.98
nia-groebner-gate-crossdiv-QF_NRA	gateunbounded	QF_NRA/meti-tarski/cbrt/3/weak/cbrt-problem-3-weak-chunk-0110.smt2	3c3ba0eb2	Real	sat	0	nra	nra-real-root	5	fd:parse:probe\pprobe:probe\pdl-online:declined\pnra-real-root:declined\pnra:decided	109	0\p0\p0\p0\p0	no	dl-online=not-applicable\pnra-real-root=incomplete	\pexact real-polynomial decider declined: projection (cad-arm=default)	\p	server7	1,9	1.98
nia-groebner-gate-crossdiv-QF_NRA	shipped	QF_NRA/meti-tarski/cbrt/3/weak/cbrt-problem-3-weak-chunk-0110.smt2	3c3ba0eb2	Real	sat	0	nra	nra-real-root	5	fd:parse:probe\pprobe:probe\pdl-online:declined\pnra-real-root:declined\pnra:decided	107	0\p0\p0\p0\p0	no	dl-online=not-applicable\pnra-real-root=incomplete	\pexact real-polynomial decider declined: projection (cad-arm=default)	\p	server7	1,9	1.98
nia-groebner-gate-crossdiv-QF_NRA	shipped	QF_NRA/meti-tarski/exp/problem/10/2/exp-problem-10-2-chunk-0017.smt2	3c3ba0eb2	Real	unknown	0	none	nra	18	fd:parse:probe\pprobe:probe\pcas-identity-refuter:declined\pdl-online:declined\pnra-real-root:declined\pcas-ideal-refuter:declined\pnra:declined\pq:skolem-qf:declined\pq:nat-induction:declined\pfd:string-gate:declined\pfd:source-string-semantic-unsat:declined\pfd:word-route:declined\pfd:online-string:declined\pfd:membership:declined\pfd:lex-order:declined\pfd:length-lia:declined\pfd:source-string-sat-probe:declined\pfd:bounded-completeness-unsat:declined	4309	0\p0\p0\p0\p7\p0\p4218\p0\p0\p0\p0\p0\p0\p0\p0\p0\p0\p0	no	cas-identity-refuter=incomplete\pdl-online=not-applicable\pnra-real-root=incomplete\pcas-ideal-refuter=incomplete\pnra=budget\pq:skolem-qf=unsupported\pq:nat-induction=not-applicable\pfd:string-gate=budget\pfd:source-string-semantic-unsat=budget\pfd:word-route=budget\pfd:online-string=budget\pfd:membership=budget\pfd:lex-order=budget\pfd:length-lia=budget\pfd:source-string-sat-probe=budget\pfd:bounded-completeness-unsat=budget	no arithmetic disequality had equal polynomial normal forms\p\pexact real-polynomial decider declined: critical-count-cap (cad-arm=default)\pno combination of the asserted equations collapsed to a constant of the refuting sign\pnonlinear abstraction: refinement round bound reached (raise the budget to attempt more)\pquant-route ownership (ADR-2103): `q:skolem-qf` owns {Real, Int, BvOrFloat, Datatype, Function, UninterpretedSort, Array, NonBvArray, NonBoolBvArray} and does not own {NestedArray, WideInt}, which this quantified query carries, so its non-decision is a decline and the ladder continues. Its own reason was: nonlinear abstraction: refinement round bound reached (raise the budget to attempt more)\p\pnonlinear abstraction: refinement round bound reached (raise the budget to attempt more)\pnonlinear abstraction: refinement round bound reached (raise the budget to attempt more)\pnonlinear abstraction: refinement round bound reached (raise the budget to attempt more)\pnonlinear abstraction: refinement round bound reached (raise the budget to attempt more)\pnonlinear abstraction: refinement round bound reached (raise the budget to attempt more)\pnonlinear abstraction: refinement round bound reached (raise the budget to attempt more)\pnonlinear abstraction: refinement round bound reached (raise the budget to attempt more)\pnonlinear abstraction: refinement round bound reached (raise the budget to attempt more)\pnonlinear abstraction: refinement round bound reached (raise the budget to attempt more)	\p\p\p\pother\pquant-ownership-decline\p\pother\pother\pother\pother\pother\pother\pother\pother\pother	server7	1,9	1.98
nia-groebner-gate-crossdiv-QF_NRA	gateunbounded	QF_NRA/meti-tarski/exp/problem/10/2/exp-problem-10-2-chunk-0017.smt2	3c3ba0eb2	Real	unknown	0	none	nra	18	fd:parse:probe\pprobe:probe\pcas-identity-refuter:declined\pdl-online:declined\pnra-real-root:declined\pcas-ideal-refuter:declined\pnra:declined\pq:skolem-qf:declined\pq:nat-induction:declined\pfd:string-gate:declined\pfd:source-string-semantic-unsat:declined\pfd:word-route:declined\pfd:online-string:declined\pfd:membership:declined\pfd:lex-order:declined\pfd:length-lia:declined\pfd:source-string-sat-probe:declined\pfd:bounded-completeness-unsat:declined	4712	0\p0\p0\p0\p7\p0\p4637\p0\p0\p0\p0\p0\p0\p0\p0\p0\p0\p0	no	cas-identity-refuter=incomplete\pdl-online=not-applicable\pnra-real-root=incomplete\pcas-ideal-refuter=incomplete\pnra=budget\pq:skolem-qf=unsupported\pq:nat-induction=not-applicable\pfd:string-gate=budget\pfd:source-string-semantic-unsat=budget\pfd:word-route=budget\pfd:online-string=budget\pfd:membership=budget\pfd:lex-order=budget\pfd:length-lia=budget\pfd:source-string-sat-probe=budget\pfd:bounded-completeness-unsat=budget	no arithmetic disequality had equal polynomial normal forms\p\pexact real-polynomial decider declined: critical-count-cap (cad-arm=default)\pno combination of the asserted equations collapsed to a constant of the refuting sign\pnonlinear abstraction: refinement round bound reached (raise the budget to attempt more)\pquant-route ownership (ADR-2103): `q:skolem-qf` owns {Real, Int, BvOrFloat, Datatype, Function, UninterpretedSort, Array, NonBvArray, NonBoolBvArray} and does not own {NestedArray, WideInt}, which this quantified query carries, so its non-decision is a decline and the ladder continues. Its own reason was: nonlinear abstraction: refinement round bound reached (raise the budget to attempt more)\p\pnonlinear abstraction: refinement round bound reached (raise the budget to attempt more)\pnonlinear abstraction: refinement round bound reached (raise the budget to attempt more)\pnonlinear abstraction: refinement round bound reached (raise the budget to attempt more)\pnonlinear abstraction: refinement round bound reached (raise the budget to attempt more)\pnonlinear abstraction: refinement round bound reached (raise the budget to attempt more)\pnonlinear abstraction: refinement round bound reached (raise the budget to attempt more)\pnonlinear abstraction: refinement round bound reached (raise the budget to attempt more)\pnonlinear abstraction: refinement round bound reached (raise the budget to attempt more)\pnonlinear abstraction: refinement round bound reached (raise the budget to attempt more)	\p\p\p\pother\pquant-ownership-decline\p\pother\pother\pother\pother\pother\pother\pother\pother\pother	server7	1,9	1.98
nia-groebner-gate-crossdiv-QF_NRA	gateunbounded	QF_NRA/meti-tarski/exp/problem/10/2/exp-problem-10-2-chunk-0081.smt2	3c3ba0eb2	Real	unsat	0	cas-ideal-refuter	nra-real-root	6	fd:parse:probe\pprobe:probe\pcas-identity-refuter:declined\pdl-online:declined\pnra-real-root:declined\pcas-ideal-refuter:decided	107	0\p0\p0\p0\p11\p1	no	cas-identity-refuter=incomplete\pdl-online=not-applicable\pnra-real-root=incomplete	no arithmetic disequality had equal polynomial normal forms\p\pexact real-polynomial decider declined: critical-count-cap (cad-arm=default)	\p\p	server7	1,9	1.98
nia-groebner-gate-crossdiv-QF_NRA	shipped	QF_NRA/meti-tarski/exp/problem/10/2/exp-problem-10-2-chunk-0081.smt2	3c3ba0eb2	Real	unsat	0	cas-ideal-refuter	nra-real-root	6	fd:parse:probe\pprobe:probe\pcas-identity-refuter:declined\pdl-online:declined\pnra-real-root:declined\pcas-ideal-refuter:decided	107	0\p0\p0\p0\p10\p1	no	cas-identity-refuter=incomplete\pdl-online=not-applicable\pnra-real-root=incomplete	no arithmetic disequality had equal polynomial normal forms\p\pexact real-polynomial decider declined: critical-count-cap (cad-arm=default)	\p\p	server7	1,9	1.98
nia-groebner-gate-crossdiv-QF_NRA	shipped	QF_NRA/meti-tarski/exp/problem/10/2/exp-problem-10-2-chunk-0145.smt2	3c3ba0eb2	Real	unsat	0	nra	nra	5	fd:parse:probe\pprobe:probe\pdl-online:declined\pnra-real-root:declined\pnra:decided	109	0\p0\p0\p0\p0	no	dl-online=not-applicable\pnra-real-root=incomplete	\pexact real-polynomial decider declined: non-conjunctive (cad-arm=default)	\p	server7	1,9	1.98
nia-groebner-gate-crossdiv-QF_NRA	gateunbounded	QF_NRA/meti-tarski/exp/problem/10/2/exp-problem-10-2-chunk-0145.smt2	3c3ba0eb2	Real	unsat	0	nra	nra	5	fd:parse:probe\pprobe:probe\pdl-online:declined\pnra-real-root:declined\pnra:decided	107	0\p0\p0\p0\p0	no	dl-online=not-applicable\pnra-real-root=incomplete	\pexact real-polynomial decider declined: non-conjunctive (cad-arm=default)	\p	server7	1,9	1.98
nia-groebner-gate-crossdiv-QF_NRA	gateunbounded	QF_NRA/meti-tarski/exp/problem/10/2/exp-problem-10-2-chunk-0205.smt2	3c3ba0eb2	Real	sat	0	nra	dl-online	5	fd:parse:probe\pprobe:probe\pdl-online:declined\pnra-real-root:declined\pnra:decided	107	0\p0\p0\p0\p0	no	dl-online=not-applicable\pnra-real-root=incomplete	\pexact real-polynomial decider declined: non-conjunctive (cad-arm=default)	\p	server7	1,9	1.98
nia-groebner-gate-crossdiv-QF_NRA	shipped	QF_NRA/meti-tarski/exp/problem/10/2/exp-problem-10-2-chunk-0205.smt2	3c3ba0eb2	Real	sat	0	nra	nra	5	fd:parse:probe\pprobe:probe\pdl-online:declined\pnra-real-root:declined\pnra:decided	107	0\p0\p0\p0\p0	no	dl-online=not-applicable\pnra-real-root=incomplete	\pexact real-polynomial decider declined: non-conjunctive (cad-arm=default)	\p	server7	1,9	1.98
nia-groebner-gate-crossdiv-QF_NRA	shipped	QF_NRA/meti-tarski/exp/problem/10/2/exp-problem-10-2-chunk-0266.smt2	3c3ba0eb2	Real	unknown	0	none	nra	17	fd:parse:probe\pprobe:probe\pdl-online:declined\pnra-real-root:declined\pcas-ideal-refuter:declined\pnra:declined\pq:skolem-qf:declined\pq:nat-induction:declined\pfd:string-gate:declined\pfd:source-string-semantic-unsat:declined\pfd:word-route:declined\pfd:online-string:declined\pfd:membership:declined\pfd:lex-order:declined\pfd:length-lia:declined\pfd:source-string-sat-probe:declined\pfd:bounded-completeness-unsat:declined	4510	0\p0\p0\p0\p1\p4418\p0\p0\p0\p0\p0\p0\p0\p0\p0\p0\p0	no	dl-online=not-applicable\pnra-real-root=incomplete\pcas-ideal-refuter=incomplete\pnra=incomplete\pq:skolem-qf=unsupported\pq:nat-induction=not-applicable\pfd:string-gate=incomplete\pfd:source-string-semantic-unsat=incomplete\pfd:word-route=incomplete\pfd:online-string=incomplete\pfd:membership=incomplete\pfd:lex-order=incomplete\pfd:length-lia=incomplete\pfd:source-string-sat-probe=incomplete\pfd:bounded-completeness-unsat=incomplete	\pexact real-polynomial decider declined: critical-count-cap (cad-arm=default)\pno combination of the asserted equations collapsed to a constant of the refuting sign\pnonlinear abstraction: refinement reached a fixpoint without deciding\pquant-route ownership (ADR-2103): `q:skolem-qf` owns {Real, Int, BvOrFloat, Datatype, Function, UninterpretedSort, Array, NonBvArray, NonBoolBvArray} and does not own {NestedArray, WideInt}, which this quantified query carries, so its non-decision is a decline and the ladder continues. Its own reason was: nonlinear abstraction: refinement reached a fixpoint without deciding\p\pnonlinear abstraction: refinement reached a fixpoint without deciding\pnonlinear abstraction: refinement reached a fixpoint without deciding\pnonlinear abstraction: refinement reached a fixpoint without deciding\pnonlinear abstraction: refinement reached a fixpoint without deciding\pnonlinear abstraction: refinement reached a fixpoint without deciding\pnonlinear abstraction: refinement reached a fixpoint without deciding\pnonlinear abstraction: refinement reached a fixpoint without deciding\pnonlinear abstraction: refinement reached a fixpoint without deciding\pnonlinear abstraction: refinement reached a fixpoint without deciding	\p\p\p\pquant-ownership-decline\p\p\p\p\p\p\p\p\p\p	server7	1,9	1.98
nia-groebner-gate-crossdiv-QF_NRA	gateunbounded	QF_NRA/meti-tarski/exp/problem/10/2/exp-problem-10-2-chunk-0266.smt2	3c3ba0eb2	Real	unknown	0	none	nra	17	fd:parse:probe\pprobe:probe\pdl-online:declined\pnra-real-root:declined\pcas-ideal-refuter:declined\pnra:declined\pq:skolem-qf:declined\pq:nat-induction:declined\pfd:string-gate:declined\pfd:source-string-semantic-unsat:declined\pfd:word-route:declined\pfd:online-string:declined\pfd:membership:declined\pfd:lex-order:declined\pfd:length-lia:declined\pfd:source-string-sat-probe:declined\pfd:bounded-completeness-unsat:declined	4811	0\p0\p0\p0\p1\p4685\p0\p0\p0\p0\p0\p0\p0\p0\p0\p0\p0	no	dl-online=not-applicable\pnra-real-root=incomplete\pcas-ideal-refuter=incomplete\pnra=incomplete\pq:skolem-qf=unsupported\pq:nat-induction=not-applicable\pfd:string-gate=incomplete\pfd:source-string-semantic-unsat=incomplete\pfd:word-route=incomplete\pfd:online-string=incomplete\pfd:membership=incomplete\pfd:lex-order=incomplete\pfd:length-lia=incomplete\pfd:source-string-sat-probe=incomplete\pfd:bounded-completeness-unsat=incomplete	\pexact real-polynomial decider declined: critical-count-cap (cad-arm=default)\pno combination of the asserted equations collapsed to a constant of the refuting sign\pnonlinear abstraction: refinement reached a fixpoint without deciding\pquant-route ownership (ADR-2103): `q:skolem-qf` owns {Real, Int, BvOrFloat, Datatype, Function, UninterpretedSort, Array, NonBvArray, NonBoolBvArray} and does not own {NestedArray, WideInt}, which this quantified query carries, so its non-decision is a decline and the ladder continues. Its own reason was: nonlinear abstraction: refinement reached a fixpoint without deciding\p\pnonlinear abstraction: refinement reached a fixpoint without deciding\pnonlinear abstraction: refinement reached a fixpoint without deciding\pnonlinear abstraction: refinement reached a fixpoint without deciding\pnonlinear abstraction: refinement reached a fixpoint without deciding\pnonlinear abstraction: refinement reached a fixpoint without deciding\pnonlinear abstraction: refinement reached a fixpoint without deciding\pnonlinear abstraction: refinement reached a fixpoint without deciding\pnonlinear abstraction: refinement reached a fixpoint without deciding\pnonlinear abstraction: refinement reached a fixpoint without deciding	\p\p\p\pquant-ownership-decline\p\p\p\p\p\p\p\p\p\p	server7	1,9	1.98
nia-groebner-gate-crossdiv-QF_NRA	gateunbounded	QF_NRA/meti-tarski/exp/problem/10/2/exp-problem-10-2-chunk-0326.smt2	3c3ba0eb2	Real	unsat	0	nra	nra	5	fd:parse:probe\pprobe:probe\pdl-online:declined\pnra-real-root:declined\pnra:decided	108	0\p0\p0\p0\p0	no	dl-online=not-applicable\pnra-real-root=incomplete	\pexact real-polynomial decider declined: non-conjunctive (cad-arm=default)	\p	server7	1,9	1.98
nia-groebner-gate-crossdiv-QF_NRA	shipped	QF_NRA/meti-tarski/exp/problem/10/2/exp-problem-10-2-chunk-0326.smt2	3c3ba0eb2	Real	unsat	0	nra	nra	5	fd:parse:probe\pprobe:probe\pdl-online:declined\pnra-real-root:declined\pnra:decided	109	0\p0\p0\p0\p0	no	dl-online=not-applicable\pnra-real-root=incomplete	\pexact real-polynomial decider declined: non-conjunctive (cad-arm=default)	\p	server7	1,9	1.98
nia-groebner-gate-crossdiv-QF_NRA	shipped	QF_NRA/meti-tarski/exp/problem/10/3/exp-problem-10-3-chunk-0011.smt2	3c3ba0eb2	Real	sat	0	nra	nra	6	fd:parse:probe\pprobe:probe\pcas-identity-refuter:declined\pdl-online:declined\pnra-real-root:declined\pnra:decided	107	0\p0\p0\p0\p0\p1	no	cas-identity-refuter=incomplete\pdl-online=not-applicable\pnra-real-root=incomplete	no arithmetic disequality had equal polynomial normal forms\p\pexact real-polynomial decider declined: non-conjunctive (cad-arm=default)	\p\p	server7	1,9	1.98
nia-groebner-gate-crossdiv-QF_NRA	gateunbounded	QF_NRA/meti-tarski/exp/problem/10/3/exp-problem-10-3-chunk-0011.smt2	3c3ba0eb2	Real	sat	0	nra	nra	6	fd:parse:probe\pprobe:probe\pcas-identity-refuter:declined\pdl-online:declined\pnra-real-root:declined\pnra:decided	108	0\p0\p0\p0\p0\p0	no	cas-identity-refuter=incomplete\pdl-online=not-applicable\pnra-real-root=incomplete	no arithmetic disequality had equal polynomial normal forms\p\pexact real-polynomial decider declined: non-conjunctive (cad-arm=default)	\p\p	server7	1,9	1.98
nia-groebner-gate-crossdiv-QF_NRA	gateunbounded	QF_NRA/meti-tarski/exp/problem/10/3/exp-problem-10-3-chunk-0074.smt2	3c3ba0eb2	Real	unsat	0	nra	nra	7	fd:parse:probe\pprobe:probe\pcas-identity-refuter:declined\pdl-online:declined\pnra-real-root:declined\pcas-ideal-refuter:declined\pnra:decided	507	0\p0\p0\p0\p100\p2\p317	no	cas-identity-refuter=incomplete\pdl-online=not-applicable\pnra-real-root=incomplete\pcas-ideal-refuter=incomplete	no arithmetic disequality had equal polynomial normal forms\p\pexact real-polynomial decider declined: critical-count-cap (cad-arm=default)\pno combination of the asserted equations collapsed to a constant of the refuting sign	\p\p\p	server7	1,9	1.98
nia-groebner-gate-crossdiv-QF_NRA	shipped	QF_NRA/meti-tarski/exp/problem/10/3/exp-problem-10-3-chunk-0074.smt2	3c3ba0eb2	Real	unsat	0	nra	nra	7	fd:parse:probe\pprobe:probe\pcas-identity-refuter:declined\pdl-online:declined\pnra-real-root:declined\pcas-ideal-refuter:declined\pnra:decided	507	0\p0\p0\p0\p100\p2\p311	no	cas-identity-refuter=incomplete\pdl-online=not-applicable\pnra-real-root=incomplete\pcas-ideal-refuter=incomplete	no arithmetic disequality had equal polynomial normal forms\p\pexact real-polynomial decider declined: critical-count-cap (cad-arm=default)\pno combination of the asserted equations collapsed to a constant of the refuting sign	\p\p\p	server7	1,9	1.98
nia-groebner-gate-crossdiv-QF_NRA	shipped	QF_NRA/meti-tarski/exp/problem/10/3/exp-problem-10-3-chunk-0139.smt2	3c3ba0eb2	Real	unknown	0	none	nra	16	fd:parse:probe\pprobe:probe\pdl-online:declined\pnra-real-root:declined\pcas-ideal-refuter:declined\pnra:declined\pq:skolem-qf:declined\pfd:string-gate:declined\pfd:source-string-semantic-unsat:declined\pfd:word-route:declined\pfd:online-string:declined\pfd:membership:declined\pfd:lex-order:declined\pfd:length-lia:declined\pfd:source-string-sat-probe:declined\pfd:bounded-completeness-unsat:declined	24123	0\p0\p0\p386\p4\p23644\p0\p0\p0\p0\p0\p0\p0\p0\p0\p0	no	dl-online=not-applicable\pnra-real-root=incomplete\pcas-ideal-refuter=incomplete\pnra=budget\pq:skolem-qf=unsupported\pfd:string-gate=budget\pfd:source-string-semantic-unsat=budget\pfd:word-route=budget\pfd:online-string=budget\pfd:membership=budget\pfd:lex-order=budget\pfd:length-lia=budget\pfd:source-string-sat-probe=budget\pfd:bounded-completeness-unsat=budget	\pexact real-polynomial decider declined: critical-count-cap (cad-arm=default)\pno combination of the asserted equations collapsed to a constant of the refuting sign\plra: both engines declined — Fourier–Motzkin hit its deterministic MAX_FM_CONSTRAINTS size guard (a size bound, not the clock), then the exact-rational simplex fallback stopped on the deadline building its dense tableau rows\pquant-route ownership (ADR-2103): `q:skolem-qf` owns {Real, Int, BvOrFloat, Datatype, Function, UninterpretedSort, Array, NonBvArray, NonBoolBvArray} and does not own {NestedArray, WideInt}, which this quantified query carries, so its non-decision is a decline and the ladder continues. Its own reason was: preprocessed dispatch timeout after reduced solve; the reduced solve's own reason was [ResourceLimit] lra: both engines declined — Fourier–Motzkin hit its deterministic MAX_FM_CONSTRAINTS size guard (a size bound, not the clock), then the exact-rational simplex fallback stopped on the deadline building its dense tableau rows\ppreprocessed dispatch timeout after reduced solve; the reduced solve's own reason was [ResourceLimit] lra: both engines declined — Fourier–Motzkin hit its deterministic MAX_FM_CONSTRAINTS size guard (a size bound, not the clock), then the exact-rational simplex fallback stopped on the deadline building its dense tableau rows\ppreprocessed dispatch timeout after reduced solve; the reduced solve's own reason was [ResourceLimit] lra: both engines declined — Fourier–Motzkin hit its deterministic MAX_FM_CONSTRAINTS size guard (a size bound, not the clock), then the exact-rational simplex fallback stopped on the deadline building its dense tableau rows\ppreprocessed dispatch timeout after reduced solve; the reduced solve's own reason was [ResourceLimit] lra: both engines declined — Fourier–Motzkin hit its deterministic MAX_FM_CONSTRAINTS size guard (a size bound, not the clock), then the exact-rational simplex fallback stopped on the deadline building its dense tableau rows\ppreprocessed dispatch timeout after reduced solve; the reduced solve's own reason was [ResourceLimit] lra: both engines declined — Fourier–Motzkin hit its deterministic MAX_FM_CONSTRAINTS size guard (a size bound, not the clock), then the exact-rational simplex fallback stopped on the deadline building its dense tableau rows\ppreprocessed dispatch timeout after reduced solve; the reduced solve's own reason was [ResourceLimit] lra: both engines declined — Fourier–Motzkin hit its deterministic MAX_FM_CONSTRAINTS size guard (a size bound, not the clock), then the exact-rational simplex fallback stopped on the deadline building its dense tableau rows\ppreprocessed dispatch timeout after reduced solve; the reduced solve's own reason was [ResourceLimit] lra: both engines declined — Fourier–Motzkin hit its deterministic MAX_FM_CONSTRAINTS size guard (a size bound, not the clock), then the exact-rational simplex fallback stopped on the deadline building its dense tableau rows\ppreprocessed dispatch timeout after reduced solve; the reduced solve's own reason was [ResourceLimit] lra: both engines declined — Fourier–Motzkin hit its deterministic MAX_FM_CONSTRAINTS size guard (a size bound, not the clock), then the exact-rational simplex fallback stopped on the deadline building its dense tableau rows\ppreprocessed dispatch timeout after reduced solve; the reduced solve's own reason was [ResourceLimit] lra: both engines declined — Fourier–Motzkin hit its deterministic MAX_FM_CONSTRAINTS size guard (a size bound, not the clock), then the exact-rational simplex fallback stopped on the deadline building its dense tableau rows\ppreprocessed dispatch timeout after reduced solve; the reduced solve's own reason was [ResourceLimit] lra: both engines declined — Fourier–Motzkin hit its deterministic MAX_FM_CONSTRAINTS size guard (a size bound, not the clock), then the exact-rational simplex fallback stopped on the deadline building its dense tableau rows	\p\p\pother\pquant-ownership-decline\pother\pother\pother\pother\pother\pother\pother\pother\pother	server7	1,9	1.99
nia-groebner-gate-crossdiv-QF_NRA	gateunbounded	QF_NRA/meti-tarski/exp/problem/10/3/exp-problem-10-3-chunk-0139.smt2	3c3ba0eb2	Real	unknown	0	none	nra	16	fd:parse:probe\pprobe:probe\pdl-online:declined\pnra-real-root:declined\pcas-ideal-refuter:declined\pnra:declined\pq:skolem-qf:declined\pfd:string-gate:declined\pfd:source-string-semantic-unsat:declined\pfd:word-route:declined\pfd:online-string:declined\pfd:membership:declined\pfd:lex-order:declined\pfd:length-lia:declined\pfd:source-string-sat-probe:declined\pfd:bounded-completeness-unsat:declined	24129	0\p0\p0\p393\p4\p23603\p0\p0\p0\p0\p0\p0\p0\p0\p0\p0	no	dl-online=not-applicable\pnra-real-root=incomplete\pcas-ideal-refuter=incomplete\pnra=budget\pq:skolem-qf=unsupported\pfd:string-gate=budget\pfd:source-string-semantic-unsat=budget\pfd:word-route=budget\pfd:online-string=budget\pfd:membership=budget\pfd:lex-order=budget\pfd:length-lia=budget\pfd:source-string-sat-probe=budget\pfd:bounded-completeness-unsat=budget	\pexact real-polynomial decider declined: critical-count-cap (cad-arm=default)\pno combination of the asserted equations collapsed to a constant of the refuting sign\plra: both engines declined — Fourier–Motzkin stopped on the deadline inside a variable's cross product, then the exact-rational simplex fallback stopped on the deadline building its dense tableau rows\pquant-route ownership (ADR-2103): `q:skolem-qf` owns {Real, Int, BvOrFloat, Datatype, Function, UninterpretedSort, Array, NonBvArray, NonBoolBvArray} and does not own {NestedArray, WideInt}, which this quantified query carries, so its non-decision is a decline and the ladder continues. Its own reason was: preprocessed dispatch timeout after reduced solve; the reduced solve's own reason was [ResourceLimit] lra: both engines declined — Fourier–Motzkin stopped on the deadline inside a variable's cross product, then the exact-rational simplex fallback stopped on the deadline building its dense tableau rows\ppreprocessed dispatch timeout after reduced solve; the reduced solve's own reason was [ResourceLimit] lra: both engines declined — Fourier–Motzkin stopped on the deadline inside a variable's cross product, then the exact-rational simplex fallback stopped on the deadline building its dense tableau rows\ppreprocessed dispatch timeout after reduced solve; the reduced solve's own reason was [ResourceLimit] lra: both engines declined — Fourier–Motzkin stopped on the deadline inside a variable's cross product, then the exact-rational simplex fallback stopped on the deadline building its dense tableau rows\ppreprocessed dispatch timeout after reduced solve; the reduced solve's own reason was [ResourceLimit] lra: both engines declined — Fourier–Motzkin stopped on the deadline inside a variable's cross product, then the exact-rational simplex fallback stopped on the deadline building its dense tableau rows\ppreprocessed dispatch timeout after reduced solve; the reduced solve's own reason was [ResourceLimit] lra: both engines declined — Fourier–Motzkin stopped on the deadline inside a variable's cross product, then the exact-rational simplex fallback stopped on the deadline building its dense tableau rows\ppreprocessed dispatch timeout after reduced solve; the reduced solve's own reason was [ResourceLimit] lra: both engines declined — Fourier–Motzkin stopped on the deadline inside a variable's cross product, then the exact-rational simplex fallback stopped on the deadline building its dense tableau rows\ppreprocessed dispatch timeout after reduced solve; the reduced solve's own reason was [ResourceLimit] lra: both engines declined — Fourier–Motzkin stopped on the deadline inside a variable's cross product, then the exact-rational simplex fallback stopped on the deadline building its dense tableau rows\ppreprocessed dispatch timeout after reduced solve; the reduced solve's own reason was [ResourceLimit] lra: both engines declined — Fourier–Motzkin stopped on the deadline inside a variable's cross product, then the exact-rational simplex fallback stopped on the deadline building its dense tableau rows\ppreprocessed dispatch timeout after reduced solve; the reduced solve's own reason was [ResourceLimit] lra: both engines declined — Fourier–Motzkin stopped on the deadline inside a variable's cross product, then the exact-rational simplex fallback stopped on the deadline building its dense tableau rows\ppreprocessed dispatch timeout after reduced solve; the reduced solve's own reason was [ResourceLimit] lra: both engines declined — Fourier–Motzkin stopped on the deadline inside a variable's cross product, then the exact-rational simplex fallback stopped on the deadline building its dense tableau rows	\p\p\pother\pquant-ownership-decline\pother\pother\pother\pother\pother\pother\pother\pother\pother	server7	1,9	1.99
nia-groebner-gate-crossdiv-QF_NRA	gateunbounded	QF_NRA/meti-tarski/exp/problem/10/3/weak/exp-problem-10-3-weak-chunk-0016.smt2	3c3ba0eb2	Real	unknown	0	none	dl-online	4	fd:parse:probe\pprobe:probe\pcas-identity-refuter:declined\pdl-online:declined	25023	0\p0\p0\p0	yes	cas-identity-refuter=incomplete\pdl-online=not-applicable	no arithmetic disequality had equal polynomial normal forms\p	\p	server7	1,9	2.00
nia-groebner-gate-crossdiv-QF_NRA	shipped	QF_NRA/meti-tarski/exp/problem/10/3/weak/exp-problem-10-3-weak-chunk-0016.smt2	3c3ba0eb2	Real	unknown	0	none	dl-online	4	fd:parse:probe\pprobe:probe\pcas-identity-refuter:declined\pdl-online:declined	25020	0\p0\p0\p0	yes	cas-identity-refuter=incomplete\pdl-online=not-applicable	no arithmetic disequality had equal polynomial normal forms\p	\p	server7	1,9	2.00
nia-groebner-gate-crossdiv-QF_NRA	shipped	QF_NRA/meti-tarski/exp/problem/10/3/weak/exp-problem-10-3-weak-chunk-0081.smt2	3c3ba0eb2	Real	unknown	0	none	nra	16	fd:parse:probe\pprobe:probe\pdl-online:declined\pnra-real-root:declined\pcas-ideal-refuter:declined\pnra:declined\pq:skolem-qf:declined\pfd:string-gate:declined\pfd:source-string-semantic-unsat:declined\pfd:word-route:declined\pfd:online-string:declined\pfd:membership:declined\pfd:lex-order:declined\pfd:length-lia:declined\pfd:source-string-sat-probe:declined\pfd:bounded-completeness-unsat:declined	24119	0\p0\p0\p0\p0\p24001\p0\p0\p0\p0\p0\p0\p0\p0\p0\p0	no	dl-online=not-applicable\pnra-real-root=incomplete\pcas-ideal-refuter=incomplete\pnra=budget\pq:skolem-qf=unsupported\pfd:string-gate=budget\pfd:source-string-semantic-unsat=budget\pfd:word-route=budget\pfd:online-string=budget\pfd:membership=budget\pfd:lex-order=budget\pfd:length-lia=budget\pfd:source-string-sat-probe=budget\pfd:bounded-completeness-unsat=budget	\pexact real-polynomial decider declined: projection (cad-arm=default)\pno combination of the asserted equations collapsed to a constant of the refuting sign\plra: both engines declined — Fourier–Motzkin stopped on the deadline inside a variable's cross product, then the exact-rational simplex fallback stopped on the deadline building its dense tableau rows\pquant-route ownership (ADR-2103): `q:skolem-qf` owns {Real, Int, BvOrFloat, Datatype, Function, UninterpretedSort, Array, NonBvArray, NonBoolBvArray} and does not own {NestedArray, WideInt}, which this quantified query carries, so its non-decision is a decline and the ladder continues. Its own reason was: preprocessed dispatch timeout after reduced solve; the reduced solve's own reason was [ResourceLimit] lra: both engines declined — Fourier–Motzkin stopped on the deadline inside a variable's cross product, then the exact-rational simplex fallback stopped on the deadline building its dense tableau rows\ppreprocessed dispatch timeout after reduced solve; the reduced solve's own reason was [ResourceLimit] lra: both engines declined — Fourier–Motzkin stopped on the deadline inside a variable's cross product, then the exact-rational simplex fallback stopped on the deadline building its dense tableau rows\ppreprocessed dispatch timeout after reduced solve; the reduced solve's own reason was [ResourceLimit] lra: both engines declined — Fourier–Motzkin stopped on the deadline inside a variable's cross product, then the exact-rational simplex fallback stopped on the deadline building its dense tableau rows\ppreprocessed dispatch timeout after reduced solve; the reduced solve's own reason was [ResourceLimit] lra: both engines declined — Fourier–Motzkin stopped on the deadline inside a variable's cross product, then the exact-rational simplex fallback stopped on the deadline building its dense tableau rows\ppreprocessed dispatch timeout after reduced solve; the reduced solve's own reason was [ResourceLimit] lra: both engines declined — Fourier–Motzkin stopped on the deadline inside a variable's cross product, then the exact-rational simplex fallback stopped on the deadline building its dense tableau rows\ppreprocessed dispatch timeout after reduced solve; the reduced solve's own reason was [ResourceLimit] lra: both engines declined — Fourier–Motzkin stopped on the deadline inside a variable's cross product, then the exact-rational simplex fallback stopped on the deadline building its dense tableau rows\ppreprocessed dispatch timeout after reduced solve; the reduced solve's own reason was [ResourceLimit] lra: both engines declined — Fourier–Motzkin stopped on the deadline inside a variable's cross product, then the exact-rational simplex fallback stopped on the deadline building its dense tableau rows\ppreprocessed dispatch timeout after reduced solve; the reduced solve's own reason was [ResourceLimit] lra: both engines declined — Fourier–Motzkin stopped on the deadline inside a variable's cross product, then the exact-rational simplex fallback stopped on the deadline building its dense tableau rows\ppreprocessed dispatch timeout after reduced solve; the reduced solve's own reason was [ResourceLimit] lra: both engines declined — Fourier–Motzkin stopped on the deadline inside a variable's cross product, then the exact-rational simplex fallback stopped on the deadline building its dense tableau rows\ppreprocessed dispatch timeout after reduced solve; the reduced solve's own reason was [ResourceLimit] lra: both engines declined — Fourier–Motzkin stopped on the deadline inside a variable's cross product, then the exact-rational simplex fallback stopped on the deadline building its dense tableau rows	\p\p\pother\pquant-ownership-decline\pother\pother\pother\pother\pother\pother\pother\pother\pother	server7	1,9	2.00
nia-groebner-gate-crossdiv-QF_NRA	gateunbounded	QF_NRA/meti-tarski/exp/problem/10/3/weak/exp-problem-10-3-weak-chunk-0081.smt2	3c3ba0eb2	Real	unknown	0	none	nra	16	fd:parse:probe\pprobe:probe\pdl-online:declined\pnra-real-root:declined\pcas-ideal-refuter:declined\pnra:declined\pq:skolem-qf:declined\pfd:string-gate:declined\pfd:source-string-semantic-unsat:declined\pfd:word-route:declined\pfd:online-string:declined\pfd:membership:declined\pfd:lex-order:declined\pfd:length-lia:declined\pfd:source-string-sat-probe:declined\pfd:bounded-completeness-unsat:declined	24122	0\p0\p0\p0\p0\p24001\p0\p0\p0\p0\p0\p0\p0\p0\p0\p0	no	dl-online=not-applicable\pnra-real-root=incomplete\pcas-ideal-refuter=incomplete\pnra=budget\pq:skolem-qf=unsupported\pfd:string-gate=budget\pfd:source-string-semantic-unsat=budget\pfd:word-route=budget\pfd:online-string=budget\pfd:membership=budget\pfd:lex-order=budget\pfd:length-lia=budget\pfd:source-string-sat-probe=budget\pfd:bounded-completeness-unsat=budget	\pexact real-polynomial decider declined: projection (cad-arm=default)\pno combination of the asserted equations collapsed to a constant of the refuting sign\plra: both engines declined — Fourier–Motzkin stopped on the deadline inside a variable's cross product, then the exact-rational simplex fallback stopped on the deadline building its dense tableau rows\pquant-route ownership (ADR-2103): `q:skolem-qf` owns {Real, Int, BvOrFloat, Datatype, Function, UninterpretedSort, Array, NonBvArray, NonBoolBvArray} and does not own {NestedArray, WideInt}, which this quantified query carries, so its non-decision is a decline and the ladder continues. Its own reason was: preprocessed dispatch timeout after reduced solve; the reduced solve's own reason was [ResourceLimit] lra: both engines declined — Fourier–Motzkin stopped on the deadline inside a variable's cross product, then the exact-rational simplex fallback stopped on the deadline building its dense tableau rows\ppreprocessed dispatch timeout after reduced solve; the reduced solve's own reason was [ResourceLimit] lra: both engines declined — Fourier–Motzkin stopped on the deadline inside a variable's cross product, then the exact-rational simplex fallback stopped on the deadline building its dense tableau rows\ppreprocessed dispatch timeout after reduced solve; the reduced solve's own reason was [ResourceLimit] lra: both engines declined — Fourier–Motzkin stopped on the deadline inside a variable's cross product, then the exact-rational simplex fallback stopped on the deadline building its dense tableau rows\ppreprocessed dispatch timeout after reduced solve; the reduced solve's own reason was [ResourceLimit] lra: both engines declined — Fourier–Motzkin stopped on the deadline inside a variable's cross product, then the exact-rational simplex fallback stopped on the deadline building its dense tableau rows\ppreprocessed dispatch timeout after reduced solve; the reduced solve's own reason was [ResourceLimit] lra: both engines declined — Fourier–Motzkin stopped on the deadline inside a variable's cross product, then the exact-rational simplex fallback stopped on the deadline building its dense tableau rows\ppreprocessed dispatch timeout after reduced solve; the reduced solve's own reason was [ResourceLimit] lra: both engines declined — Fourier–Motzkin stopped on the deadline inside a variable's cross product, then the exact-rational simplex fallback stopped on the deadline building its dense tableau rows\ppreprocessed dispatch timeout after reduced solve; the reduced solve's own reason was [ResourceLimit] lra: both engines declined — Fourier–Motzkin stopped on the deadline inside a variable's cross product, then the exact-rational simplex fallback stopped on the deadline building its dense tableau rows\ppreprocessed dispatch timeout after reduced solve; the reduced solve's own reason was [ResourceLimit] lra: both engines declined — Fourier–Motzkin stopped on the deadline inside a variable's cross product, then the exact-rational simplex fallback stopped on the deadline building its dense tableau rows\ppreprocessed dispatch timeout after reduced solve; the reduced solve's own reason was [ResourceLimit] lra: both engines declined — Fourier–Motzkin stopped on the deadline inside a variable's cross product, then the exact-rational simplex fallback stopped on the deadline building its dense tableau rows\ppreprocessed dispatch timeout after reduced solve; the reduced solve's own reason was [ResourceLimit] lra: both engines declined — Fourier–Motzkin stopped on the deadline inside a variable's cross product, then the exact-rational simplex fallback stopped on the deadline building its dense tableau rows	\p\p\pother\pquant-ownership-decline\pother\pother\pother\pother\pother\pother\pother\pother\pother	server7	1,9	2.00
nia-groebner-gate-crossdiv-QF_NRA	gateunbounded	QF_NRA/meti-tarski/exp/problem/10/3/weak/exp-problem-10-3-weak-chunk-0142.smt2	3c3ba0eb2	Real	unknown	0	none	nra	16	fd:parse:probe\pprobe:probe\pdl-online:declined\pnra-real-root:declined\pcas-ideal-refuter:declined\pnra:declined\pq:skolem-qf:declined\pfd:string-gate:declined\pfd:source-string-semantic-unsat:declined\pfd:word-route:declined\pfd:online-string:declined\pfd:membership:declined\pfd:lex-order:declined\pfd:length-lia:declined\pfd:source-string-sat-probe:declined\pfd:bounded-completeness-unsat:declined	24121	0\p0\p0\p4075\p0\p19928\p0\p0\p0\p0\p0\p0\p0\p0\p0\p0	no	dl-online=not-applicable\pnra-real-root=incomplete\pcas-ideal-refuter=incomplete\pnra=budget\pq:skolem-qf=unsupported\pfd:string-gate=budget\pfd:source-string-semantic-unsat=budget\pfd:word-route=budget\pfd:online-string=budget\pfd:membership=budget\pfd:lex-order=budget\pfd:length-lia=budget\pfd:source-string-sat-probe=budget\pfd:bounded-completeness-unsat=budget	\pexact real-polynomial decider declined: critical-count-cap (cad-arm=default)\pno combination of the asserted equations collapsed to a constant of the refuting sign\plra: both engines declined — Fourier–Motzkin stopped on the deadline inside a variable's cross product, then the exact-rational simplex fallback stopped on the deadline building its dense tableau rows\pquant-route ownership (ADR-2103): `q:skolem-qf` owns {Real, Int, BvOrFloat, Datatype, Function, UninterpretedSort, Array, NonBvArray, NonBoolBvArray} and does not own {NestedArray, WideInt}, which this quantified query carries, so its non-decision is a decline and the ladder continues. Its own reason was: preprocessed dispatch timeout after reduced solve; the reduced solve's own reason was [ResourceLimit] lra: both engines declined — Fourier–Motzkin stopped on the deadline inside a variable's cross product, then the exact-rational simplex fallback stopped on the deadline building its dense tableau rows\ppreprocessed dispatch timeout after reduced solve; the reduced solve's own reason was [ResourceLimit] lra: both engines declined — Fourier–Motzkin stopped on the deadline inside a variable's cross product, then the exact-rational simplex fallback stopped on the deadline building its dense tableau rows\ppreprocessed dispatch timeout after reduced solve; the reduced solve's own reason was [ResourceLimit] lra: both engines declined — Fourier–Motzkin stopped on the deadline inside a variable's cross product, then the exact-rational simplex fallback stopped on the deadline building its dense tableau rows\ppreprocessed dispatch timeout after reduced solve; the reduced solve's own reason was [ResourceLimit] lra: both engines declined — Fourier–Motzkin stopped on the deadline inside a variable's cross product, then the exact-rational simplex fallback stopped on the deadline building its dense tableau rows\ppreprocessed dispatch timeout after reduced solve; the reduced solve's own reason was [ResourceLimit] lra: both engines declined — Fourier–Motzkin stopped on the deadline inside a variable's cross product, then the exact-rational simplex fallback stopped on the deadline building its dense tableau rows\ppreprocessed dispatch timeout after reduced solve; the reduced solve's own reason was [ResourceLimit] lra: both engines declined — Fourier–Motzkin stopped on the deadline inside a variable's cross product, then the exact-rational simplex fallback stopped on the deadline building its dense tableau rows\ppreprocessed dispatch timeout after reduced solve; the reduced solve's own reason was [ResourceLimit] lra: both engines declined — Fourier–Motzkin stopped on the deadline inside a variable's cross product, then the exact-rational simplex fallback stopped on the deadline building its dense tableau rows\ppreprocessed dispatch timeout after reduced solve; the reduced solve's own reason was [ResourceLimit] lra: both engines declined — Fourier–Motzkin stopped on the deadline inside a variable's cross product, then the exact-rational simplex fallback stopped on the deadline building its dense tableau rows\ppreprocessed dispatch timeout after reduced solve; the reduced solve's own reason was [ResourceLimit] lra: both engines declined — Fourier–Motzkin stopped on the deadline inside a variable's cross product, then the exact-rational simplex fallback stopped on the deadline building its dense tableau rows\ppreprocessed dispatch timeout after reduced solve; the reduced solve's own reason was [ResourceLimit] lra: both engines declined — Fourier–Motzkin stopped on the deadline inside a variable's cross product, then the exact-rational simplex fallback stopped on the deadline building its dense tableau rows	\p\p\pother\pquant-ownership-decline\pother\pother\pother\pother\pother\pother\pother\pother\pother	server7	1,9	2.00
nia-groebner-gate-crossdiv-QF_NRA	shipped	QF_NRA/meti-tarski/exp/problem/10/3/weak/exp-problem-10-3-weak-chunk-0142.smt2	3c3ba0eb2	Real	unknown	0	none	nra	16	fd:parse:probe\pprobe:probe\pdl-online:declined\pnra-real-root:declined\pcas-ideal-refuter:declined\pnra:declined\pq:skolem-qf:declined\pfd:string-gate:declined\pfd:source-string-semantic-unsat:declined\pfd:word-route:declined\pfd:online-string:declined\pfd:membership:declined\pfd:lex-order:declined\pfd:length-lia:declined\pfd:source-string-sat-probe:declined\pfd:bounded-completeness-unsat:declined	24120	0\p0\p0\p4092\p0\p19916\p0\p0\p0\p0\p0\p0\p0\p0\p0\p0	no	dl-online=not-applicable\pnra-real-root=incomplete\pcas-ideal-refuter=incomplete\pnra=budget\pq:skolem-qf=unsupported\pfd:string-gate=budget\pfd:source-string-semantic-unsat=budget\pfd:word-route=budget\pfd:online-string=budget\pfd:membership=budget\pfd:lex-order=budget\pfd:length-lia=budget\pfd:source-string-sat-probe=budget\pfd:bounded-completeness-unsat=budget	\pexact real-polynomial decider declined: critical-count-cap (cad-arm=default)\pno combination of the asserted equations collapsed to a constant of the refuting sign\plra: both engines declined — Fourier–Motzkin hit its deterministic MAX_FM_CONSTRAINTS size guard (a size bound, not the clock), then the exact-rational simplex fallback stopped on the deadline building its dense tableau rows\pquant-route ownership (ADR-2103): `q:skolem-qf` owns {Real, Int, BvOrFloat, Datatype, Function, UninterpretedSort, Array, NonBvArray, NonBoolBvArray} and does not own {NestedArray, WideInt}, which this quantified query carries, so its non-decision is a decline and the ladder continues. Its own reason was: preprocessed dispatch timeout after reduced solve; the reduced solve's own reason was [ResourceLimit] lra: both engines declined — Fourier–Motzkin hit its deterministic MAX_FM_CONSTRAINTS size guard (a size bound, not the clock), then the exact-rational simplex fallback stopped on the deadline building its dense tableau rows\ppreprocessed dispatch timeout after reduced solve; the reduced solve's own reason was [ResourceLimit] lra: both engines declined — Fourier–Motzkin hit its deterministic MAX_FM_CONSTRAINTS size guard (a size bound, not the clock), then the exact-rational simplex fallback stopped on the deadline building its dense tableau rows\ppreprocessed dispatch timeout after reduced solve; the reduced solve's own reason was [ResourceLimit] lra: both engines declined — Fourier–Motzkin hit its deterministic MAX_FM_CONSTRAINTS size guard (a size bound, not the clock), then the exact-rational simplex fallback stopped on the deadline building its dense tableau rows\ppreprocessed dispatch timeout after reduced solve; the reduced solve's own reason was [ResourceLimit] lra: both engines declined — Fourier–Motzkin hit its deterministic MAX_FM_CONSTRAINTS size guard (a size bound, not the clock), then the exact-rational simplex fallback stopped on the deadline building its dense tableau rows\ppreprocessed dispatch timeout after reduced solve; the reduced solve's own reason was [ResourceLimit] lra: both engines declined — Fourier–Motzkin hit its deterministic MAX_FM_CONSTRAINTS size guard (a size bound, not the clock), then the exact-rational simplex fallback stopped on the deadline building its dense tableau rows\ppreprocessed dispatch timeout after reduced solve; the reduced solve's own reason was [ResourceLimit] lra: both engines declined — Fourier–Motzkin hit its deterministic MAX_FM_CONSTRAINTS size guard (a size bound, not the clock), then the exact-rational simplex fallback stopped on the deadline building its dense tableau rows\ppreprocessed dispatch timeout after reduced solve; the reduced solve's own reason was [ResourceLimit] lra: both engines declined — Fourier–Motzkin hit its deterministic MAX_FM_CONSTRAINTS size guard (a size bound, not the clock), then the exact-rational simplex fallback stopped on the deadline building its dense tableau rows\ppreprocessed dispatch timeout after reduced solve; the reduced solve's own reason was [ResourceLimit] lra: both engines declined — Fourier–Motzkin hit its deterministic MAX_FM_CONSTRAINTS size guard (a size bound, not the clock), then the exact-rational simplex fallback stopped on the deadline building its dense tableau rows\ppreprocessed dispatch timeout after reduced solve; the reduced solve's own reason was [ResourceLimit] lra: both engines declined — Fourier–Motzkin hit its deterministic MAX_FM_CONSTRAINTS size guard (a size bound, not the clock), then the exact-rational simplex fallback stopped on the deadline building its dense tableau rows\ppreprocessed dispatch timeout after reduced solve; the reduced solve's own reason was [ResourceLimit] lra: both engines declined — Fourier–Motzkin hit its deterministic MAX_FM_CONSTRAINTS size guard (a size bound, not the clock), then the exact-rational simplex fallback stopped on the deadline building its dense tableau rows	\p\p\pother\pquant-ownership-decline\pother\pother\pother\pother\pother\pother\pother\pother\pother	server7	1,9	2.00
nia-groebner-gate-crossdiv-QF_NRA	shipped	QF_NRA/meti-tarski/exp/problem/10/3/weak/exp-problem-10-3-weak-chunk-0204.smt2	3c3ba0eb2	Real	unknown	0	none	nra	17	fd:parse:probe\pprobe:probe\pdl-online:declined\pnra-real-root:declined\pcas-ideal-refuter:declined\pnra:declined\pq:skolem-qf:declined\pq:nat-induction:declined\pfd:string-gate:declined\pfd:source-string-semantic-unsat:declined\pfd:word-route:declined\pfd:online-string:declined\pfd:membership:declined\pfd:lex-order:declined\pfd:length-lia:declined\pfd:source-string-sat-probe:declined\pfd:bounded-completeness-unsat:declined	12516	0\p0\p0\p0\p118\p12262\p0\p0\p0\p0\p0\p0\p0\p0\p0\p0\p0	no	dl-online=not-applicable\pnra-real-root=incomplete\pcas-ideal-refuter=incomplete\pnra=budget\pq:skolem-qf=unsupported\pq:nat-induction=not-applicable\pfd:string-gate=budget\pfd:source-string-semantic-unsat=budget\pfd:word-route=budget\pfd:online-string=budget\pfd:membership=budget\pfd:lex-order=budget\pfd:length-lia=budget\pfd:source-string-sat-probe=budget\pfd:bounded-completeness-unsat=budget	\pexact real-polynomial decider declined: projection (cad-arm=default)\pno combination of the asserted equations collapsed to a constant of the refuting sign\plra: both engines declined — Fourier–Motzkin stopped on the deadline inside a variable's cross product, then the exact-rational simplex fallback stopped on the deadline building its dense tableau rows\pquant-route ownership (ADR-2103): `q:skolem-qf` owns {Real, Int, BvOrFloat, Datatype, Function, UninterpretedSort, Array, NonBvArray, NonBoolBvArray} and does not own {NestedArray, WideInt}, which this quantified query carries, so its non-decision is a decline and the ladder continues. Its own reason was: lra: both engines declined — Fourier–Motzkin stopped on the deadline inside a variable's cross product, then the exact-rational simplex fallback stopped on the deadline building its dense tableau rows\p\plra: both engines declined — Fourier–Motzkin stopped on the deadline inside a variable's cross product, then the exact-rational simplex fallback stopped on the deadline building its dense tableau rows\plra: both engines declined — Fourier–Motzkin stopped on the deadline inside a variable's cross product, then the exact-rational simplex fallback stopped on the deadline building its dense tableau rows\plra: both engines declined — Fourier–Motzkin stopped on the deadline inside a variable's cross product, then the exact-rational simplex fallback stopped on the deadline building its dense tableau rows\plra: both engines declined — Fourier–Motzkin stopped on the deadline inside a variable's cross product, then the exact-rational simplex fallback stopped on the deadline building its dense tableau rows\plra: both engines declined — Fourier–Motzkin stopped on the deadline inside a variable's cross product, then the exact-rational simplex fallback stopped on the deadline building its dense tableau rows\plra: both engines declined — Fourier–Motzkin stopped on the deadline inside a variable's cross product, then the exact-rational simplex fallback stopped on the deadline building its dense tableau rows\plra: both engines declined — Fourier–Motzkin stopped on the deadline inside a variable's cross product, then the exact-rational simplex fallback stopped on the deadline building its dense tableau rows\plra: both engines declined — Fourier–Motzkin stopped on the deadline inside a variable's cross product, then the exact-rational simplex fallback stopped on the deadline building its dense tableau rows\plra: both engines declined — Fourier–Motzkin stopped on the deadline inside a variable's cross product, then the exact-rational simplex fallback stopped on the deadline building its dense tableau rows	\p\p\pother\pquant-ownership-decline\p\pother\pother\pother\pother\pother\pother\pother\pother\pother	server7	1,9	2.00
nia-groebner-gate-crossdiv-QF_NRA	gateunbounded	QF_NRA/meti-tarski/exp/problem/10/3/weak/exp-problem-10-3-weak-chunk-0204.smt2	3c3ba0eb2	Real	unknown	0	none	nra	17	fd:parse:probe\pprobe:probe\pdl-online:declined\pnra-real-root:declined\pcas-ideal-refuter:declined\pnra:declined\pq:skolem-qf:declined\pq:nat-induction:declined\pfd:string-gate:declined\pfd:source-string-semantic-unsat:declined\pfd:word-route:declined\pfd:online-string:declined\pfd:membership:declined\pfd:lex-order:declined\pfd:length-lia:declined\pfd:source-string-sat-probe:declined\pfd:bounded-completeness-unsat:declined	12515	0\p0\p0\p0\p117\p12253\p0\p0\p0\p0\p0\p0\p0\p0\p0\p0\p0	no	dl-online=not-applicable\pnra-real-root=incomplete\pcas-ideal-refuter=incomplete\pnra=budget\pq:skolem-qf=unsupported\pq:nat-induction=not-applicable\pfd:string-gate=budget\pfd:source-string-semantic-unsat=budget\pfd:word-route=budget\pfd:online-string=budget\pfd:membership=budget\pfd:lex-order=budget\pfd:length-lia=budget\pfd:source-string-sat-probe=budget\pfd:bounded-completeness-unsat=budget	\pexact real-polynomial decider declined: projection (cad-arm=default)\pno combination of the asserted equations collapsed to a constant of the refuting sign\plra: both engines declined — Fourier–Motzkin stopped on the deadline inside a variable's cross product, then the exact-rational simplex fallback stopped on the deadline building its dense tableau rows\pquant-route ownership (ADR-2103): `q:skolem-qf` owns {Real, Int, BvOrFloat, Datatype, Function, UninterpretedSort, Array, NonBvArray, NonBoolBvArray} and does not own {NestedArray, WideInt}, which this quantified query carries, so its non-decision is a decline and the ladder continues. Its own reason was: lra: both engines declined — Fourier–Motzkin stopped on the deadline inside a variable's cross product, then the exact-rational simplex fallback stopped on the deadline building its dense tableau rows\p\plra: both engines declined — Fourier–Motzkin stopped on the deadline inside a variable's cross product, then the exact-rational simplex fallback stopped on the deadline building its dense tableau rows\plra: both engines declined — Fourier–Motzkin stopped on the deadline inside a variable's cross product, then the exact-rational simplex fallback stopped on the deadline building its dense tableau rows\plra: both engines declined — Fourier–Motzkin stopped on the deadline inside a variable's cross product, then the exact-rational simplex fallback stopped on the deadline building its dense tableau rows\plra: both engines declined — Fourier–Motzkin stopped on the deadline inside a variable's cross product, then the exact-rational simplex fallback stopped on the deadline building its dense tableau rows\plra: both engines declined — Fourier–Motzkin stopped on the deadline inside a variable's cross product, then the exact-rational simplex fallback stopped on the deadline building its dense tableau rows\plra: both engines declined — Fourier–Motzkin stopped on the deadline inside a variable's cross product, then the exact-rational simplex fallback stopped on the deadline building its dense tableau rows\plra: both engines declined — Fourier–Motzkin stopped on the deadline inside a variable's cross product, then the exact-rational simplex fallback stopped on the deadline building its dense tableau rows\plra: both engines declined — Fourier–Motzkin stopped on the deadline inside a variable's cross product, then the exact-rational simplex fallback stopped on the deadline building its dense tableau rows\plra: both engines declined — Fourier–Motzkin stopped on the deadline inside a variable's cross product, then the exact-rational simplex fallback stopped on the deadline building its dense tableau rows	\p\p\pother\pquant-ownership-decline\p\pother\pother\pother\pother\pother\pother\pother\pother\pother	server7	1,9	2.00
nia-groebner-gate-crossdiv-QF_NRA	gateunbounded	QF_NRA/meti-tarski/polypaver/bench-exp-3d/polypaver-bench-exp-3d-chunk-0105.smt2	3c3ba0eb2	Real	unknown	0	none	nra	17	fd:parse:probe\pprobe:probe\pdl-online:declined\pnra-real-root:declined\pcas-ideal-refuter:declined\pnra:declined\pq:skolem-qf:declined\pq:nat-induction:declined\pfd:string-gate:declined\pfd:source-string-semantic-unsat:declined\pfd:word-route:declined\pfd:online-string:declined\pfd:membership:declined\pfd:lex-order:declined\pfd:length-lia:declined\pfd:source-string-sat-probe:declined\pfd:bounded-completeness-unsat:declined	11914	0\p0\p0\p0\p133\p11682\p0\p0\p0\p0\p0\p0\p0\p0\p0\p0\p0	no	dl-online=not-applicable\pnra-real-root=incomplete\pcas-ideal-refuter=incomplete\pnra=incomplete\pq:skolem-qf=unsupported\pq:nat-induction=not-applicable\pfd:string-gate=incomplete\pfd:source-string-semantic-unsat=incomplete\pfd:word-route=incomplete\pfd:online-string=incomplete\pfd:membership=incomplete\pfd:lex-order=incomplete\pfd:length-lia=incomplete\pfd:source-string-sat-probe=incomplete\pfd:bounded-completeness-unsat=incomplete	\pexact real-polynomial decider declined: projection (cad-arm=default)\pno combination of the asserted equations collapsed to a constant of the refuting sign\pnonlinear abstraction: refinement reached a fixpoint without deciding\pquant-route ownership (ADR-2103): `q:skolem-qf` owns {Real, Int, BvOrFloat, Datatype, Function, UninterpretedSort, Array, NonBvArray, NonBoolBvArray} and does not own {NestedArray, WideInt}, which this quantified query carries, so its non-decision is a decline and the ladder continues. Its own reason was: nonlinear abstraction: refinement reached a fixpoint without deciding\p\pnonlinear abstraction: refinement reached a fixpoint without deciding\pnonlinear abstraction: refinement reached a fixpoint without deciding\pnonlinear abstraction: refinement reached a fixpoint without deciding\pnonlinear abstraction: refinement reached a fixpoint without deciding\pnonlinear abstraction: refinement reached a fixpoint without deciding\pnonlinear abstraction: refinement reached a fixpoint without deciding\pnonlinear abstraction: refinement reached a fixpoint without deciding\pnonlinear abstraction: refinement reached a fixpoint without deciding\pnonlinear abstraction: refinement reached a fixpoint without deciding	\p\p\p\pquant-ownership-decline\p\p\p\p\p\p\p\p\p\p	server7	1,9	2.00
nia-groebner-gate-crossdiv-QF_NRA	shipped	QF_NRA/meti-tarski/polypaver/bench-exp-3d/polypaver-bench-exp-3d-chunk-0105.smt2	3c3ba0eb2	Real	unknown	0	none	nra	17	fd:parse:probe\pprobe:probe\pdl-online:declined\pnra-real-root:declined\pcas-ideal-refuter:declined\pnra:declined\pq:skolem-qf:declined\pq:nat-induction:declined\pfd:string-gate:declined\pfd:source-string-semantic-unsat:declined\pfd:word-route:declined\pfd:online-string:declined\pfd:membership:declined\pfd:lex-order:declined\pfd:length-lia:declined\pfd:source-string-sat-probe:declined\pfd:bounded-completeness-unsat:declined	11315	0\p0\p0\p0\p0\p11261\p0\p0\p0\p0\p0\p0\p0\p0\p0\p0\p0	no	dl-online=not-applicable\pnra-real-root=incomplete\pcas-ideal-refuter=incomplete\pnra=incomplete\pq:skolem-qf=unsupported\pq:nat-induction=not-applicable\pfd:string-gate=incomplete\pfd:source-string-semantic-unsat=incomplete\pfd:word-route=incomplete\pfd:online-string=incomplete\pfd:membership=incomplete\pfd:lex-order=incomplete\pfd:length-lia=incomplete\pfd:source-string-sat-probe=incomplete\pfd:bounded-completeness-unsat=incomplete	\pexact real-polynomial decider declined: projection (cad-arm=default)\pnonlinear system exceeds the deterministic generator/atom/inequality ceilings\pnonlinear abstraction: refinement reached a fixpoint without deciding\pquant-route ownership (ADR-2103): `q:skolem-qf` owns {Real, Int, BvOrFloat, Datatype, Function, UninterpretedSort, Array, NonBvArray, NonBoolBvArray} and does not own {NestedArray, WideInt}, which this quantified query carries, so its non-decision is a decline and the ladder continues. Its own reason was: nonlinear abstraction: refinement reached a fixpoint without deciding\p\pnonlinear abstraction: refinement reached a fixpoint without deciding\pnonlinear abstraction: refinement reached a fixpoint without deciding\pnonlinear abstraction: refinement reached a fixpoint without deciding\pnonlinear abstraction: refinement reached a fixpoint without deciding\pnonlinear abstraction: refinement reached a fixpoint without deciding\pnonlinear abstraction: refinement reached a fixpoint without deciding\pnonlinear abstraction: refinement reached a fixpoint without deciding\pnonlinear abstraction: refinement reached a fixpoint without deciding\pnonlinear abstraction: refinement reached a fixpoint without deciding	\p\p\p\pquant-ownership-decline\p\p\p\p\p\p\p\p\p\p	server7	1,9	2.00
nia-groebner-gate-crossdiv-QF_NRA	shipped	QF_NRA/meti-tarski/polypaver/bench-sqrt-3d/polypaver-bench-sqrt-3d-chunk-0097.smt2	3c3ba0eb2	Real	sat	0	nra	nra	6	fd:parse:probe\pprobe:probe\pdl-online:declined\pnra-real-root:declined\pcas-ideal-refuter:declined\pnra:decided	108	0\p0\p0\p0\p0\p1	no	dl-online=not-applicable\pnra-real-root=incomplete\pcas-ideal-refuter=incomplete	\pexact real-polynomial decider declined: non-conjunctive (cad-arm=default)\pnonlinear system exceeds the deterministic generator/atom/inequality ceilings	\p\p	server7	1,9	2.00
nia-groebner-gate-crossdiv-QF_NRA	gateunbounded	QF_NRA/meti-tarski/polypaver/bench-sqrt-3d/polypaver-bench-sqrt-3d-chunk-0097.smt2	3c3ba0eb2	Real	sat	0	nra	cas-ideal-refuter	6	fd:parse:probe\pprobe:probe\pdl-online:declined\pnra-real-root:declined\pcas-ideal-refuter:declined\pnra:decided	108	0\p0\p0\p0\p2\p1	no	dl-online=not-applicable\pnra-real-root=incomplete\pcas-ideal-refuter=incomplete	\pexact real-polynomial decider declined: non-conjunctive (cad-arm=default)\pno combination of the asserted equations collapsed to a constant of the refuting sign	\p\p	server7	1,9	2.00
nia-groebner-gate-crossdiv-QF_NRA	gateunbounded	QF_NRA/meti-tarski/polypaver/bench-sqrt-3d/polypaver-bench-sqrt-3d-chunk-0213.smt2	3c3ba0eb2	Real	sat	0	nra	dl-online	5	fd:parse:probe\pprobe:probe\pdl-online:declined\pnra-real-root:declined\pnra:decided	108	0\p0\p0\p0\p0	no	dl-online=not-applicable\pnra-real-root=incomplete	\pexact real-polynomial decider declined: non-conjunctive (cad-arm=default)	\p	server7	1,9	2.00
nia-groebner-gate-crossdiv-QF_NRA	shipped	QF_NRA/meti-tarski/polypaver/bench-sqrt-3d/polypaver-bench-sqrt-3d-chunk-0213.smt2	3c3ba0eb2	Real	sat	0	nra	dl-online	5	fd:parse:probe\pprobe:probe\pdl-online:declined\pnra-real-root:declined\pnra:decided	108	0\p0\p0\p0\p0	no	dl-online=not-applicable\pnra-real-root=incomplete	\pexact real-polynomial decider declined: non-conjunctive (cad-arm=default)	\p	server7	1,9	2.00
nia-groebner-gate-crossdiv-QF_NRA	shipped	QF_NRA/meti-tarski/polypaver/bench-sqrt-3d/polypaver-bench-sqrt-3d-chunk-0285.smt2	3c3ba0eb2	Real	sat	0	nra	dl-online	5	fd:parse:probe\pprobe:probe\pdl-online:declined\pnra-real-root:declined\pnra:decided	108	0\p0\p0\p0\p0	no	dl-online=not-applicable\pnra-real-root=incomplete	\pexact real-polynomial decider declined: non-conjunctive (cad-arm=default)	\p	server7	1,9	1.92
nia-groebner-gate-crossdiv-QF_NRA	gateunbounded	QF_NRA/meti-tarski/polypaver/bench-sqrt-3d/polypaver-bench-sqrt-3d-chunk-0285.smt2	3c3ba0eb2	Real	sat	0	nra	dl-online	5	fd:parse:probe\pprobe:probe\pdl-online:declined\pnra-real-root:declined\pnra:decided	108	0\p0\p0\p0\p0	no	dl-online=not-applicable\pnra-real-root=incomplete	\pexact real-polynomial decider declined: non-conjunctive (cad-arm=default)	\p	server7	1,9	1.92
nia-groebner-gate-crossdiv-QF_NRA	gateunbounded	QF_NRA/meti-tarski/polypaver/bench-sqrt-3d/polypaver-bench-sqrt-3d-chunk-0349.smt2	3c3ba0eb2	Real	sat	0	nra	cas-ideal-refuter	6	fd:parse:probe\pprobe:probe\pdl-online:declined\pnra-real-root:declined\pcas-ideal-refuter:declined\pnra:decided	107	0\p0\p0\p0\p3\p0	no	dl-online=not-applicable\pnra-real-root=incomplete\pcas-ideal-refuter=incomplete	\pexact real-polynomial decider declined: non-conjunctive (cad-arm=default)\pno combination of the asserted equations collapsed to a constant of the refuting sign	\p\p	server7	1,9	1.92
nia-groebner-gate-crossdiv-QF_NRA	shipped	QF_NRA/meti-tarski/polypaver/bench-sqrt-3d/polypaver-bench-sqrt-3d-chunk-0349.smt2	3c3ba0eb2	Real	sat	0	nra	cas-ideal-refuter	6	fd:parse:probe\pprobe:probe\pdl-online:declined\pnra-real-root:declined\pcas-ideal-refuter:declined\pnra:decided	107	0\p0\p0\p0\p3\p0	no	dl-online=not-applicable\pnra-real-root=incomplete\pcas-ideal-refuter=incomplete	\pexact real-polynomial decider declined: non-conjunctive (cad-arm=default)\pno combination of the asserted equations collapsed to a constant of the refuting sign	\p\p	server7	1,9	1.92
nia-groebner-gate-crossdiv-QF_NRA	shipped	QF_NRA/meti-tarski/polypaver/bench-sqrt-3d/polypaver-bench-sqrt-3d-chunk-0422.smt2	3c3ba0eb2	Real	sat	0	nra	dl-online	5	fd:parse:probe\pprobe:probe\pdl-online:declined\pnra-real-root:declined\pnra:decided	107	0\p0\p0\p0\p0	no	dl-online=not-applicable\pnra-real-root=incomplete	\pexact real-polynomial decider declined: non-conjunctive (cad-arm=default)	\p	server7	1,9	1.92
nia-groebner-gate-crossdiv-QF_NRA	gateunbounded	QF_NRA/meti-tarski/polypaver/bench-sqrt-3d/polypaver-bench-sqrt-3d-chunk-0422.smt2	3c3ba0eb2	Real	sat	0	nra	dl-online	5	fd:parse:probe\pprobe:probe\pdl-online:declined\pnra-real-root:declined\pnra:decided	108	0\p0\p0\p0\p0	no	dl-online=not-applicable\pnra-real-root=incomplete	\pexact real-polynomial decider declined: non-conjunctive (cad-arm=default)	\p	server7	1,9	1.92
nia-groebner-gate-crossdiv-QF_NRA	gateunbounded	QF_NRA/meti-tarski/polypaver/bench-sqrt-3d/polypaver-bench-sqrt-3d-chunk-0490.smt2	3c3ba0eb2	Real	sat	0	nra	dl-online	5	fd:parse:probe\pprobe:probe\pdl-online:declined\pnra-real-root:declined\pnra:decided	107	0\p0\p0\p0\p0	no	dl-online=not-applicable\pnra-real-root=incomplete	\pexact real-polynomial decider declined: non-conjunctive (cad-arm=default)	\p	server7	1,9	1.92
nia-groebner-gate-crossdiv-QF_NRA	shipped	QF_NRA/meti-tarski/polypaver/bench-sqrt-3d/polypaver-bench-sqrt-3d-chunk-0490.smt2	3c3ba0eb2	Real	sat	0	nra	dl-online	5	fd:parse:probe\pprobe:probe\pdl-online:declined\pnra-real-root:declined\pnra:decided	108	0\p0\p0\p0\p0	no	dl-online=not-applicable\pnra-real-root=incomplete	\pexact real-polynomial decider declined: non-conjunctive (cad-arm=default)	\p	server7	1,9	1.92
nia-groebner-gate-crossdiv-QF_NRA	shipped	QF_NRA/meti-tarski/polypaver/sqrt43-int/3vars/polypaver-sqrt43-int-3vars-chunk-0046.smt2	3c3ba0eb2	Real	unknown	0	none	nra	17	fd:parse:probe\pprobe:probe\pdl-online:declined\pnra-real-root:declined\pcas-ideal-refuter:declined\pnra:declined\pq:skolem-qf:declined\pq:nat-induction:declined\pfd:string-gate:declined\pfd:source-string-semantic-unsat:declined\pfd:word-route:declined\pfd:online-string:declined\pfd:membership:declined\pfd:lex-order:declined\pfd:length-lia:declined\pfd:source-string-sat-probe:declined\pfd:bounded-completeness-unsat:declined	12815	0\p0\p0\p4\p0\p12323\p0\p0\p0\p0\p0\p0\p0\p0\p0\p0\p0	no	dl-online=not-applicable\pnra-real-root=incomplete\pcas-ideal-refuter=incomplete\pnra=budget\pq:skolem-qf=unsupported\pq:nat-induction=not-applicable\pfd:string-gate=budget\pfd:source-string-semantic-unsat=budget\pfd:word-route=budget\pfd:online-string=budget\pfd:membership=budget\pfd:lex-order=budget\pfd:length-lia=budget\pfd:source-string-sat-probe=budget\pfd:bounded-completeness-unsat=budget	\pexact real-polynomial decider declined: projection (cad-arm=default)\pnonlinear system exceeds the deterministic generator/atom/inequality ceilings\plra: both engines declined — Fourier–Motzkin stopped on the deadline inside a variable's cross product, then the exact-rational simplex fallback stopped on the deadline building its dense tableau rows\pquant-route ownership (ADR-2103): `q:skolem-qf` owns {Real, Int, BvOrFloat, Datatype, Function, UninterpretedSort, Array, NonBvArray, NonBoolBvArray} and does not own {NestedArray, WideInt}, which this quantified query carries, so its non-decision is a decline and the ladder continues. Its own reason was: lra: both engines declined — Fourier–Motzkin stopped on the deadline inside a variable's cross product, then the exact-rational simplex fallback stopped on the deadline building its dense tableau rows\p\plra: both engines declined — Fourier–Motzkin stopped on the deadline inside a variable's cross product, then the exact-rational simplex fallback stopped on the deadline building its dense tableau rows\plra: both engines declined — Fourier–Motzkin stopped on the deadline inside a variable's cross product, then the exact-rational simplex fallback stopped on the deadline building its dense tableau rows\plra: both engines declined — Fourier–Motzkin stopped on the deadline inside a variable's cross product, then the exact-rational simplex fallback stopped on the deadline building its dense tableau rows\plra: both engines declined — Fourier–Motzkin stopped on the deadline inside a variable's cross product, then the exact-rational simplex fallback stopped on the deadline building its dense tableau rows\plra: both engines declined — Fourier–Motzkin stopped on the deadline inside a variable's cross product, then the exact-rational simplex fallback stopped on the deadline building its dense tableau rows\plra: both engines declined — Fourier–Motzkin stopped on the deadline inside a variable's cross product, then the exact-rational simplex fallback stopped on the deadline building its dense tableau rows\plra: both engines declined — Fourier–Motzkin stopped on the deadline inside a variable's cross product, then the exact-rational simplex fallback stopped on the deadline building its dense tableau rows\plra: both engines declined — Fourier–Motzkin stopped on the deadline inside a variable's cross product, then the exact-rational simplex fallback stopped on the deadline building its dense tableau rows\plra: both engines declined — Fourier–Motzkin stopped on the deadline inside a variable's cross product, then the exact-rational simplex fallback stopped on the deadline building its dense tableau rows	\p\p\pother\pquant-ownership-decline\p\pother\pother\pother\pother\pother\pother\pother\pother\pother	server7	1,9	1.92
nia-groebner-gate-crossdiv-QF_NRA	gateunbounded	QF_NRA/meti-tarski/polypaver/sqrt43-int/3vars/polypaver-sqrt43-int-3vars-chunk-0046.smt2	3c3ba0eb2	Real	unknown	0	none	nra	17	fd:parse:probe\pprobe:probe\pdl-online:declined\pnra-real-root:declined\pcas-ideal-refuter:declined\pnra:declined\pq:skolem-qf:declined\pq:nat-induction:declined\pfd:string-gate:declined\pfd:source-string-semantic-unsat:declined\pfd:word-route:declined\pfd:online-string:declined\pfd:membership:declined\pfd:lex-order:declined\pfd:length-lia:declined\pfd:source-string-sat-probe:declined\pfd:bounded-completeness-unsat:declined	12716	0\p0\p0\p4\p15\p12295\p0\p0\p0\p0\p0\p0\p0\p0\p0\p0\p0	no	dl-online=not-applicable\pnra-real-root=incomplete\pcas-ideal-refuter=incomplete\pnra=budget\pq:skolem-qf=unsupported\pq:nat-induction=not-applicable\pfd:string-gate=budget\pfd:source-string-semantic-unsat=budget\pfd:word-route=budget\pfd:online-string=budget\pfd:membership=budget\pfd:lex-order=budget\pfd:length-lia=budget\pfd:source-string-sat-probe=budget\pfd:bounded-completeness-unsat=budget	\pexact real-polynomial decider declined: projection (cad-arm=default)\pno combination of the asserted equations collapsed to a constant of the refuting sign\plra: both engines declined — Fourier–Motzkin stopped on the deadline inside a variable's cross product, then the exact-rational simplex fallback stopped on the deadline building its dense tableau rows\pquant-route ownership (ADR-2103): `q:skolem-qf` owns {Real, Int, BvOrFloat, Datatype, Function, UninterpretedSort, Array, NonBvArray, NonBoolBvArray} and does not own {NestedArray, WideInt}, which this quantified query carries, so its non-decision is a decline and the ladder continues. Its own reason was: lra: both engines declined — Fourier–Motzkin stopped on the deadline inside a variable's cross product, then the exact-rational simplex fallback stopped on the deadline building its dense tableau rows\p\plra: both engines declined — Fourier–Motzkin stopped on the deadline inside a variable's cross product, then the exact-rational simplex fallback stopped on the deadline building its dense tableau rows\plra: both engines declined — Fourier–Motzkin stopped on the deadline inside a variable's cross product, then the exact-rational simplex fallback stopped on the deadline building its dense tableau rows\plra: both engines declined — Fourier–Motzkin stopped on the deadline inside a variable's cross product, then the exact-rational simplex fallback stopped on the deadline building its dense tableau rows\plra: both engines declined — Fourier–Motzkin stopped on the deadline inside a variable's cross product, then the exact-rational simplex fallback stopped on the deadline building its dense tableau rows\plra: both engines declined — Fourier–Motzkin stopped on the deadline inside a variable's cross product, then the exact-rational simplex fallback stopped on the deadline building its dense tableau rows\plra: both engines declined — Fourier–Motzkin stopped on the deadline inside a variable's cross product, then the exact-rational simplex fallback stopped on the deadline building its dense tableau rows\plra: both engines declined — Fourier–Motzkin stopped on the deadline inside a variable's cross product, then the exact-rational simplex fallback stopped on the deadline building its dense tableau rows\plra: both engines declined — Fourier–Motzkin stopped on the deadline inside a variable's cross product, then the exact-rational simplex fallback stopped on the deadline building its dense tableau rows\plra: both engines declined — Fourier–Motzkin stopped on the deadline inside a variable's cross product, then the exact-rational simplex fallback stopped on the deadline building its dense tableau rows	\p\p\pother\pquant-ownership-decline\p\pother\pother\pother\pother\pother\pother\pother\pother\pother	server7	1,9	1.93
nia-groebner-gate-crossdiv-QF_NRA	gateunbounded	QF_NRA/meti-tarski/sin/344/3/sin-344-3-chunk-0018.smt2	3c3ba0eb2	Real	sat	0	nra	nra-real-root	5	fd:parse:probe\pprobe:probe\pdl-online:declined\pnra-real-root:declined\pnra:decided	3509	0\p0\p0\p1711\p1706	no	dl-online=not-applicable\pnra-real-root=incomplete	\pexact real-polynomial decider declined: critical-count-cap (cad-arm=default)	\p	server7	1,9	1.95
nia-groebner-gate-crossdiv-QF_NRA	shipped	QF_NRA/meti-tarski/sin/344/3/sin-344-3-chunk-0018.smt2	3c3ba0eb2	Real	sat	0	nra	nra-real-root	5	fd:parse:probe\pprobe:probe\pdl-online:declined\pnra-real-root:declined\pnra:decided	3510	0\p0\p0\p1720\p1706	no	dl-online=not-applicable\pnra-real-root=incomplete	\pexact real-polynomial decider declined: critical-count-cap (cad-arm=default)	\p	server7	1,9	1.95
nia-groebner-gate-crossdiv-QF_NRA	shipped	QF_NRA/meti-tarski/sin/344/4/sin-344-4-chunk-0045.smt2	3c3ba0eb2	Real	unsat	0	nra	nra	5	fd:parse:probe\pprobe:probe\pdl-online:declined\pnra-real-root:declined\pnra:decided	309	0\p0\p0\p0\p180	no	dl-online=not-applicable\pnra-real-root=incomplete	\pexact real-polynomial decider declined: projection (cad-arm=default)	\p	server7	1,9	1.95
nia-groebner-gate-crossdiv-QF_NRA	gateunbounded	QF_NRA/meti-tarski/sin/344/4/sin-344-4-chunk-0045.smt2	3c3ba0eb2	Real	unsat	0	nra	nra	5	fd:parse:probe\pprobe:probe\pdl-online:declined\pnra-real-root:declined\pnra:decided	207	0\p0\p0\p0\p180	no	dl-online=not-applicable\pnra-real-root=incomplete	\pexact real-polynomial decider declined: projection (cad-arm=default)	\p	server7	1,9	1.95
nia-groebner-gate-crossdiv-QF_NRA	gateunbounded	QF_NRA/meti-tarski/sin/cos/sin-cos-346-b-chunk-0073.smt2	3c3ba0eb2	Real	sat	0	nra-real-root	nra-real-root	4	fd:parse:probe\pprobe:probe\pdl-online:declined\pnra-real-root:decided	108	0\p0\p0\p1	no	dl-online=not-applicable			server7	1,9	1.95
nia-groebner-gate-crossdiv-QF_NRA	shipped	QF_NRA/meti-tarski/sin/cos/sin-cos-346-b-chunk-0073.smt2	3c3ba0eb2	Real	sat	0	nra-real-root	nra-real-root	4	fd:parse:probe\pprobe:probe\pdl-online:declined\pnra-real-root:decided	108	0\p0\p0\p1	no	dl-online=not-applicable			server7	1,9	1.88
nia-groebner-gate-crossdiv-QF_NRA	shipped	QF_NRA/meti-tarski/sin/cos/sin-cos-346-b-chunk-0147.smt2	3c3ba0eb2	Real	unknown	0	none	nra	17	fd:parse:probe\pprobe:probe\pdl-online:declined\pnra-real-root:declined\pcas-ideal-refuter:declined\pnra:declined\pq:skolem-qf:declined\pq:nat-induction:declined\pfd:string-gate:declined\pfd:source-string-semantic-unsat:declined\pfd:word-route:declined\pfd:online-string:declined\pfd:membership:declined\pfd:lex-order:declined\pfd:length-lia:declined\pfd:source-string-sat-probe:declined\pfd:bounded-completeness-unsat:declined	17522	0\p0\p0\p0\p0\p17421\p0\p0\p0\p0\p0\p0\p0\p0\p0\p0\p0	no	dl-online=not-applicable\pnra-real-root=not-applicable\pcas-ideal-refuter=incomplete\pnra=budget\pq:skolem-qf=unsupported\pq:nat-induction=not-applicable\pfd:string-gate=budget\pfd:source-string-semantic-unsat=budget\pfd:word-route=budget\pfd:online-string=budget\pfd:membership=budget\pfd:lex-order=budget\pfd:length-lia=budget\pfd:source-string-sat-probe=budget\pfd:bounded-completeness-unsat=budget	\p\pno combination of the asserted equations collapsed to a constant of the refuting sign\pnonlinear abstraction: refinement round bound reached (raise the budget to attempt more)\pquant-route ownership (ADR-2103): `q:skolem-qf` owns {Real, Int, BvOrFloat, Datatype, Function, UninterpretedSort, Array, NonBvArray, NonBoolBvArray} and does not own {NestedArray, WideInt}, which this quantified query carries, so its non-decision is a decline and the ladder continues. Its own reason was: nonlinear abstraction: refinement round bound reached (raise the budget to attempt more)\p\pnonlinear abstraction: refinement round bound reached (raise the budget to attempt more)\pnonlinear abstraction: refinement round bound reached (raise the budget to attempt more)\pnonlinear abstraction: refinement round bound reached (raise the budget to attempt more)\pnonlinear abstraction: refinement round bound reached (raise the budget to attempt more)\pnonlinear abstraction: refinement round bound reached (raise the budget to attempt more)\pnonlinear abstraction: refinement round bound reached (raise the budget to attempt more)\pnonlinear abstraction: refinement round bound reached (raise the budget to attempt more)\pnonlinear abstraction: refinement round bound reached (raise the budget to attempt more)\pnonlinear abstraction: refinement round bound reached (raise the budget to attempt more)	\p\p\pother\pquant-ownership-decline\p\pother\pother\pother\pother\pother\pother\pother\pother\pother	server7	1,9	1.88
nia-groebner-gate-crossdiv-QF_NRA	gateunbounded	QF_NRA/meti-tarski/sin/cos/sin-cos-346-b-chunk-0147.smt2	3c3ba0eb2	Real	unknown	0	none	nra	17	fd:parse:probe\pprobe:probe\pdl-online:declined\pnra-real-root:declined\pcas-ideal-refuter:declined\pnra:declined\pq:skolem-qf:declined\pq:nat-induction:declined\pfd:string-gate:declined\pfd:source-string-semantic-unsat:declined\pfd:word-route:declined\pfd:online-string:declined\pfd:membership:declined\pfd:lex-order:declined\pfd:length-lia:declined\pfd:source-string-sat-probe:declined\pfd:bounded-completeness-unsat:declined	17618	0\p0\p0\p0\p0\p17557\p0\p0\p0\p0\p0\p0\p0\p0\p0\p0\p0	no	dl-online=not-applicable\pnra-real-root=not-applicable\pcas-ideal-refuter=incomplete\pnra=budget\pq:skolem-qf=unsupported\pq:nat-induction=not-applicable\pfd:string-gate=budget\pfd:source-string-semantic-unsat=budget\pfd:word-route=budget\pfd:online-string=budget\pfd:membership=budget\pfd:lex-order=budget\pfd:length-lia=budget\pfd:source-string-sat-probe=budget\pfd:bounded-completeness-unsat=budget	\p\pno combination of the asserted equations collapsed to a constant of the refuting sign\pnonlinear abstraction: refinement round bound reached (raise the budget to attempt more)\pquant-route ownership (ADR-2103): `q:skolem-qf` owns {Real, Int, BvOrFloat, Datatype, Function, UninterpretedSort, Array, NonBvArray, NonBoolBvArray} and does not own {NestedArray, WideInt}, which this quantified query carries, so its non-decision is a decline and the ladder continues. Its own reason was: nonlinear abstraction: refinement round bound reached (raise the budget to attempt more)\p\pnonlinear abstraction: refinement round bound reached (raise the budget to attempt more)\pnonlinear abstraction: refinement round bound reached (raise the budget to attempt more)\pnonlinear abstraction: refinement round bound reached (raise the budget to attempt more)\pnonlinear abstraction: refinement round bound reached (raise the budget to attempt more)\pnonlinear abstraction: refinement round bound reached (raise the budget to attempt more)\pnonlinear abstraction: refinement round bound reached (raise the budget to attempt more)\pnonlinear abstraction: refinement round bound reached (raise the budget to attempt more)\pnonlinear abstraction: refinement round bound reached (raise the budget to attempt more)\pnonlinear abstraction: refinement round bound reached (raise the budget to attempt more)	\p\p\pother\pquant-ownership-decline\p\pother\pother\pother\pother\pother\pother\pother\pother\pother	server7	1,9	1.90
nia-groebner-gate-crossdiv-QF_NRA	gateunbounded	QF_NRA/meti-tarski/sin/cos/sin-cos-346-b-chunk-0227.smt2	3c3ba0eb2	Real	unknown	0	none	nra	16	fd:parse:probe\pprobe:probe\pdl-online:declined\pnra-real-root:declined\pnra:declined\pq:skolem-qf:declined\pq:nat-induction:declined\pfd:string-gate:declined\pfd:source-string-semantic-unsat:declined\pfd:word-route:declined\pfd:online-string:declined\pfd:membership:declined\pfd:lex-order:declined\pfd:length-lia:declined\pfd:source-string-sat-probe:declined\pfd:bounded-completeness-unsat:declined	4811	0\p0\p0\p0\p4741\p0\p0\p0\p0\p0\p0\p0\p0\p0\p0\p0	no	dl-online=not-applicable\pnra-real-root=incomplete\pnra=incomplete\pq:skolem-qf=unsupported\pq:nat-induction=not-applicable\pfd:string-gate=incomplete\pfd:source-string-semantic-unsat=incomplete\pfd:word-route=incomplete\pfd:online-string=incomplete\pfd:membership=incomplete\pfd:lex-order=incomplete\pfd:length-lia=incomplete\pfd:source-string-sat-probe=incomplete\pfd:bounded-completeness-unsat=incomplete	\pexact real-polynomial decider declined: projection (cad-arm=default)\pnonlinear abstraction: refinement reached a fixpoint without deciding\pquant-route ownership (ADR-2103): `q:skolem-qf` owns {Real, Int, BvOrFloat, Datatype, Function, UninterpretedSort, Array, NonBvArray, NonBoolBvArray} and does not own {NestedArray, WideInt}, which this quantified query carries, so its non-decision is a decline and the ladder continues. Its own reason was: nonlinear abstraction: refinement reached a fixpoint without deciding\p\pnonlinear abstraction: refinement reached a fixpoint without deciding\pnonlinear abstraction: refinement reached a fixpoint without deciding\pnonlinear abstraction: refinement reached a fixpoint without deciding\pnonlinear abstraction: refinement reached a fixpoint without deciding\pnonlinear abstraction: refinement reached a fixpoint without deciding\pnonlinear abstraction: refinement reached a fixpoint without deciding\pnonlinear abstraction: refinement reached a fixpoint without deciding\pnonlinear abstraction: refinement reached a fixpoint without deciding\pnonlinear abstraction: refinement reached a fixpoint without deciding	\p\p\pquant-ownership-decline\p\p\p\p\p\p\p\p\p\p	server7	1,9	1.93
nia-groebner-gate-crossdiv-QF_NRA	shipped	QF_NRA/meti-tarski/sin/cos/sin-cos-346-b-chunk-0227.smt2	3c3ba0eb2	Real	unknown	0	none	nra	16	fd:parse:probe\pprobe:probe\pdl-online:declined\pnra-real-root:declined\pnra:declined\pq:skolem-qf:declined\pq:nat-induction:declined\pfd:string-gate:declined\pfd:source-string-semantic-unsat:declined\pfd:word-route:declined\pfd:online-string:declined\pfd:membership:declined\pfd:lex-order:declined\pfd:length-lia:declined\pfd:source-string-sat-probe:declined\pfd:bounded-completeness-unsat:declined	4810	0\p0\p0\p0\p4726\p0\p0\p0\p0\p0\p0\p0\p0\p0\p0\p0	no	dl-online=not-applicable\pnra-real-root=incomplete\pnra=incomplete\pq:skolem-qf=unsupported\pq:nat-induction=not-applicable\pfd:string-gate=incomplete\pfd:source-string-semantic-unsat=incomplete\pfd:word-route=incomplete\pfd:online-string=incomplete\pfd:membership=incomplete\pfd:lex-order=incomplete\pfd:length-lia=incomplete\pfd:source-string-sat-probe=incomplete\pfd:bounded-completeness-unsat=incomplete	\pexact real-polynomial decider declined: projection (cad-arm=default)\pnonlinear abstraction: refinement reached a fixpoint without deciding\pquant-route ownership (ADR-2103): `q:skolem-qf` owns {Real, Int, BvOrFloat, Datatype, Function, UninterpretedSort, Array, NonBvArray, NonBoolBvArray} and does not own {NestedArray, WideInt}, which this quantified query carries, so its non-decision is a decline and the ladder continues. Its own reason was: nonlinear abstraction: refinement reached a fixpoint without deciding\p\pnonlinear abstraction: refinement reached a fixpoint without deciding\pnonlinear abstraction: refinement reached a fixpoint without deciding\pnonlinear abstraction: refinement reached a fixpoint without deciding\pnonlinear abstraction: refinement reached a fixpoint without deciding\pnonlinear abstraction: refinement reached a fixpoint without deciding\pnonlinear abstraction: refinement reached a fixpoint without deciding\pnonlinear abstraction: refinement reached a fixpoint without deciding\pnonlinear abstraction: refinement reached a fixpoint without deciding\pnonlinear abstraction: refinement reached a fixpoint without deciding	\p\p\pquant-ownership-decline\p\p\p\p\p\p\p\p\p\p	server7	1,9	1.94
nia-groebner-gate-crossdiv-QF_NRA	shipped	QF_NRA/meti-tarski/sin/cos/sin-cos-346-b-chunk-0291.smt2	3c3ba0eb2	Real	unknown	0	none	nra	16	fd:parse:probe\pprobe:probe\pdl-online:declined\pnra-real-root:declined\pnra:declined\pq:skolem-qf:declined\pq:nat-induction:declined\pfd:string-gate:declined\pfd:source-string-semantic-unsat:declined\pfd:word-route:declined\pfd:online-string:declined\pfd:membership:declined\pfd:lex-order:declined\pfd:length-lia:declined\pfd:source-string-sat-probe:declined\pfd:bounded-completeness-unsat:declined	4111	0\p0\p0\p0\p4052\p0\p0\p0\p0\p0\p0\p0\p0\p0\p0\p0	no	dl-online=not-applicable\pnra-real-root=incomplete\pnra=incomplete\pq:skolem-qf=unsupported\pq:nat-induction=not-applicable\pfd:string-gate=incomplete\pfd:source-string-semantic-unsat=incomplete\pfd:word-route=incomplete\pfd:online-string=incomplete\pfd:membership=incomplete\pfd:lex-order=incomplete\pfd:length-lia=incomplete\pfd:source-string-sat-probe=incomplete\pfd:bounded-completeness-unsat=incomplete	\pexact real-polynomial decider declined: projection (cad-arm=default)\pnonlinear abstraction: refinement reached a fixpoint without deciding\pquant-route ownership (ADR-2103): `q:skolem-qf` owns {Real, Int, BvOrFloat, Datatype, Function, UninterpretedSort, Array, NonBvArray, NonBoolBvArray} and does not own {NestedArray, WideInt}, which this quantified query carries, so its non-decision is a decline and the ladder continues. Its own reason was: nonlinear abstraction: refinement reached a fixpoint without deciding\p\pnonlinear abstraction: refinement reached a fixpoint without deciding\pnonlinear abstraction: refinement reached a fixpoint without deciding\pnonlinear abstraction: refinement reached a fixpoint without deciding\pnonlinear abstraction: refinement reached a fixpoint without deciding\pnonlinear abstraction: refinement reached a fixpoint without deciding\pnonlinear abstraction: refinement reached a fixpoint without deciding\pnonlinear abstraction: refinement reached a fixpoint without deciding\pnonlinear abstraction: refinement reached a fixpoint without deciding\pnonlinear abstraction: refinement reached a fixpoint without deciding	\p\p\pquant-ownership-decline\p\p\p\p\p\p\p\p\p\p	server7	1,9	1.94
nia-groebner-gate-crossdiv-QF_NRA	gateunbounded	QF_NRA/meti-tarski/sin/cos/sin-cos-346-b-chunk-0291.smt2	3c3ba0eb2	Real	unknown	0	none	nra	16	fd:parse:probe\pprobe:probe\pdl-online:declined\pnra-real-root:declined\pnra:declined\pq:skolem-qf:declined\pq:nat-induction:declined\pfd:string-gate:declined\pfd:source-string-semantic-unsat:declined\pfd:word-route:declined\pfd:online-string:declined\pfd:membership:declined\pfd:lex-order:declined\pfd:length-lia:declined\pfd:source-string-sat-probe:declined\pfd:bounded-completeness-unsat:declined	4110	0\p0\p0\p0\p4005\p0\p0\p0\p0\p0\p0\p0\p0\p0\p0\p0	no	dl-online=not-applicable\pnra-real-root=incomplete\pnra=incomplete\pq:skolem-qf=unsupported\pq:nat-induction=not-applicable\pfd:string-gate=incomplete\pfd:source-string-semantic-unsat=incomplete\pfd:word-route=incomplete\pfd:online-string=incomplete\pfd:membership=incomplete\pfd:lex-order=incomplete\pfd:length-lia=incomplete\pfd:source-string-sat-probe=incomplete\pfd:bounded-completeness-unsat=incomplete	\pexact real-polynomial decider declined: projection (cad-arm=default)\pnonlinear abstraction: refinement reached a fixpoint without deciding\pquant-route ownership (ADR-2103): `q:skolem-qf` owns {Real, Int, BvOrFloat, Datatype, Function, UninterpretedSort, Array, NonBvArray, NonBoolBvArray} and does not own {NestedArray, WideInt}, which this quantified query carries, so its non-decision is a decline and the ladder continues. Its own reason was: nonlinear abstraction: refinement reached a fixpoint without deciding\p\pnonlinear abstraction: refinement reached a fixpoint without deciding\pnonlinear abstraction: refinement reached a fixpoint without deciding\pnonlinear abstraction: refinement reached a fixpoint without deciding\pnonlinear abstraction: refinement reached a fixpoint without deciding\pnonlinear abstraction: refinement reached a fixpoint without deciding\pnonlinear abstraction: refinement reached a fixpoint without deciding\pnonlinear abstraction: refinement reached a fixpoint without deciding\pnonlinear abstraction: refinement reached a fixpoint without deciding\pnonlinear abstraction: refinement reached a fixpoint without deciding	\p\p\pquant-ownership-decline\p\p\p\p\p\p\p\p\p\p	server7	1,9	1.94
nia-groebner-gate-crossdiv-QF_NRA	gateunbounded	QF_NRA/meti-tarski/sin/cos/sin-cos-346-b-chunk-0353.smt2	3c3ba0eb2	Real	unknown	0	none	nra	16	fd:parse:probe\pprobe:probe\pdl-online:declined\pnra-real-root:declined\pnra:declined\pq:skolem-qf:declined\pq:nat-induction:declined\pfd:string-gate:declined\pfd:source-string-semantic-unsat:declined\pfd:word-route:declined\pfd:online-string:declined\pfd:membership:declined\pfd:lex-order:declined\pfd:length-lia:declined\pfd:source-string-sat-probe:declined\pfd:bounded-completeness-unsat:declined	4911	0\p0\p0\p0\p4821\p0\p0\p0\p0\p0\p0\p0\p0\p0\p0\p0	no	dl-online=not-applicable\pnra-real-root=incomplete\pnra=incomplete\pq:skolem-qf=unsupported\pq:nat-induction=not-applicable\pfd:string-gate=incomplete\pfd:source-string-semantic-unsat=incomplete\pfd:word-route=incomplete\pfd:online-string=incomplete\pfd:membership=incomplete\pfd:lex-order=incomplete\pfd:length-lia=incomplete\pfd:source-string-sat-probe=incomplete\pfd:bounded-completeness-unsat=incomplete	\pexact real-polynomial decider declined: projection (cad-arm=default)\pnonlinear abstraction: refinement reached a fixpoint without deciding\pquant-route ownership (ADR-2103): `q:skolem-qf` owns {Real, Int, BvOrFloat, Datatype, Function, UninterpretedSort, Array, NonBvArray, NonBoolBvArray} and does not own {NestedArray, WideInt}, which this quantified query carries, so its non-decision is a decline and the ladder continues. Its own reason was: nonlinear abstraction: refinement reached a fixpoint without deciding\p\pnonlinear abstraction: refinement reached a fixpoint without deciding\pnonlinear abstraction: refinement reached a fixpoint without deciding\pnonlinear abstraction: refinement reached a fixpoint without deciding\pnonlinear abstraction: refinement reached a fixpoint without deciding\pnonlinear abstraction: refinement reached a fixpoint without deciding\pnonlinear abstraction: refinement reached a fixpoint without deciding\pnonlinear abstraction: refinement reached a fixpoint without deciding\pnonlinear abstraction: refinement reached a fixpoint without deciding\pnonlinear abstraction: refinement reached a fixpoint without deciding	\p\p\pquant-ownership-decline\p\p\p\p\p\p\p\p\p\p	server7	1,9	1.95
nia-groebner-gate-crossdiv-QF_NRA	shipped	QF_NRA/meti-tarski/sin/cos/sin-cos-346-b-chunk-0353.smt2	3c3ba0eb2	Real	unknown	0	none	nra	16	fd:parse:probe\pprobe:probe\pdl-online:declined\pnra-real-root:declined\pnra:declined\pq:skolem-qf:declined\pq:nat-induction:declined\pfd:string-gate:declined\pfd:source-string-semantic-unsat:declined\pfd:word-route:declined\pfd:online-string:declined\pfd:membership:declined\pfd:lex-order:declined\pfd:length-lia:declined\pfd:source-string-sat-probe:declined\pfd:bounded-completeness-unsat:declined	4912	0\p0\p0\p0\p4867\p0\p0\p0\p0\p0\p0\p0\p0\p0\p0\p0	no	dl-online=not-applicable\pnra-real-root=incomplete\pnra=incomplete\pq:skolem-qf=unsupported\pq:nat-induction=not-applicable\pfd:string-gate=incomplete\pfd:source-string-semantic-unsat=incomplete\pfd:word-route=incomplete\pfd:online-string=incomplete\pfd:membership=incomplete\pfd:lex-order=incomplete\pfd:length-lia=incomplete\pfd:source-string-sat-probe=incomplete\pfd:bounded-completeness-unsat=incomplete	\pexact real-polynomial decider declined: projection (cad-arm=default)\pnonlinear abstraction: refinement reached a fixpoint without deciding\pquant-route ownership (ADR-2103): `q:skolem-qf` owns {Real, Int, BvOrFloat, Datatype, Function, UninterpretedSort, Array, NonBvArray, NonBoolBvArray} and does not own {NestedArray, WideInt}, which this quantified query carries, so its non-decision is a decline and the ladder continues. Its own reason was: nonlinear abstraction: refinement reached a fixpoint without deciding\p\pnonlinear abstraction: refinement reached a fixpoint without deciding\pnonlinear abstraction: refinement reached a fixpoint without deciding\pnonlinear abstraction: refinement reached a fixpoint without deciding\pnonlinear abstraction: refinement reached a fixpoint without deciding\pnonlinear abstraction: refinement reached a fixpoint without deciding\pnonlinear abstraction: refinement reached a fixpoint without deciding\pnonlinear abstraction: refinement reached a fixpoint without deciding\pnonlinear abstraction: refinement reached a fixpoint without deciding\pnonlinear abstraction: refinement reached a fixpoint without deciding	\p\p\pquant-ownership-decline\p\p\p\p\p\p\p\p\p\p	server7	1,9	1.95
nia-groebner-gate-crossdiv-QF_NRA	shipped	QF_NRA/meti-tarski/sin/cos/sin-cos-346-b-chunk-0419.smt2	3c3ba0eb2	Real	unknown	0	none	nra	17	fd:parse:probe\pprobe:probe\pdl-online:declined\pnra-real-root:declined\pcas-ideal-refuter:declined\pnra:declined\pq:skolem-qf:declined\pq:nat-induction:declined\pfd:string-gate:declined\pfd:source-string-semantic-unsat:declined\pfd:word-route:declined\pfd:online-string:declined\pfd:membership:declined\pfd:lex-order:declined\pfd:length-lia:declined\pfd:source-string-sat-probe:declined\pfd:bounded-completeness-unsat:declined	708	0\p0\p0\p0\p2\p630\p0\p0\p0\p0\p0\p0\p0\p0\p0\p0\p0	no	dl-online=not-applicable\pnra-real-root=incomplete\pcas-ideal-refuter=incomplete\pnra=incomplete\pq:skolem-qf=unsupported\pq:nat-induction=not-applicable\pfd:string-gate=incomplete\pfd:source-string-semantic-unsat=incomplete\pfd:word-route=incomplete\pfd:online-string=incomplete\pfd:membership=incomplete\pfd:lex-order=incomplete\pfd:length-lia=incomplete\pfd:source-string-sat-probe=incomplete\pfd:bounded-completeness-unsat=incomplete	\pexact real-polynomial decider declined: projection (cad-arm=default)\pno combination of the asserted equations collapsed to a constant of the refuting sign\pnonlinear abstraction: refinement reached a fixpoint without deciding\pquant-route ownership (ADR-2103): `q:skolem-qf` owns {Real, Int, BvOrFloat, Datatype, Function, UninterpretedSort, Array, NonBvArray, NonBoolBvArray} and does not own {NestedArray, WideInt}, which this quantified query carries, so its non-decision is a decline and the ladder continues. Its own reason was: nonlinear abstraction: refinement reached a fixpoint without deciding\p\pnonlinear abstraction: refinement reached a fixpoint without deciding\pnonlinear abstraction: refinement reached a fixpoint without deciding\pnonlinear abstraction: refinement reached a fixpoint without deciding\pnonlinear abstraction: refinement reached a fixpoint without deciding\pnonlinear abstraction: refinement reached a fixpoint without deciding\pnonlinear abstraction: refinement reached a fixpoint without deciding\pnonlinear abstraction: refinement reached a fixpoint without deciding\pnonlinear abstraction: refinement reached a fixpoint without deciding\pnonlinear abstraction: refinement reached a fixpoint without deciding	\p\p\p\pquant-ownership-decline\p\p\p\p\p\p\p\p\p\p	server7	1,9	1.96
nia-groebner-gate-crossdiv-QF_NRA	gateunbounded	QF_NRA/meti-tarski/sin/cos/sin-cos-346-b-chunk-0419.smt2	3c3ba0eb2	Real	unknown	0	none	nra	17	fd:parse:probe\pprobe:probe\pdl-online:declined\pnra-real-root:declined\pcas-ideal-refuter:declined\pnra:declined\pq:skolem-qf:declined\pq:nat-induction:declined\pfd:string-gate:declined\pfd:source-string-semantic-unsat:declined\pfd:word-route:declined\pfd:online-string:declined\pfd:membership:declined\pfd:lex-order:declined\pfd:length-lia:declined\pfd:source-string-sat-probe:declined\pfd:bounded-completeness-unsat:declined	708	0\p0\p0\p0\p2\p629\p0\p0\p0\p0\p0\p0\p0\p0\p0\p0\p0	no	dl-online=not-applicable\pnra-real-root=incomplete\pcas-ideal-refuter=incomplete\pnra=incomplete\pq:skolem-qf=unsupported\pq:nat-induction=not-applicable\pfd:string-gate=incomplete\pfd:source-string-semantic-unsat=incomplete\pfd:word-route=incomplete\pfd:online-string=incomplete\pfd:membership=incomplete\pfd:lex-order=incomplete\pfd:length-lia=incomplete\pfd:source-string-sat-probe=incomplete\pfd:bounded-completeness-unsat=incomplete	\pexact real-polynomial decider declined: projection (cad-arm=default)\pno combination of the asserted equations collapsed to a constant of the refuting sign\pnonlinear abstraction: refinement reached a fixpoint without deciding\pquant-route ownership (ADR-2103): `q:skolem-qf` owns {Real, Int, BvOrFloat, Datatype, Function, UninterpretedSort, Array, NonBvArray, NonBoolBvArray} and does not own {NestedArray, WideInt}, which this quantified query carries, so its non-decision is a decline and the ladder continues. Its own reason was: nonlinear abstraction: refinement reached a fixpoint without deciding\p\pnonlinear abstraction: refinement reached a fixpoint without deciding\pnonlinear abstraction: refinement reached a fixpoint without deciding\pnonlinear abstraction: refinement reached a fixpoint without deciding\pnonlinear abstraction: refinement reached a fixpoint without deciding\pnonlinear abstraction: refinement reached a fixpoint without deciding\pnonlinear abstraction: refinement reached a fixpoint without deciding\pnonlinear abstraction: refinement reached a fixpoint without deciding\pnonlinear abstraction: refinement reached a fixpoint without deciding\pnonlinear abstraction: refinement reached a fixpoint without deciding	\p\p\p\pquant-ownership-decline\p\p\p\p\p\p\p\p\p\p	server7	1,9	1.96
nia-groebner-gate-crossdiv-QF_NRA	gateunbounded	QF_NRA/meti-tarski/sin/cos/sin-cos-346-b-chunk-0479.smt2	3c3ba0eb2	Real	unknown	0	none	nra	16	fd:parse:probe\pprobe:probe\pdl-online:declined\pnra-real-root:declined\pnra:declined\pq:skolem-qf:declined\pq:nat-induction:declined\pfd:string-gate:declined\pfd:source-string-semantic-unsat:declined\pfd:word-route:declined\pfd:online-string:declined\pfd:membership:declined\pfd:lex-order:declined\pfd:length-lia:declined\pfd:source-string-sat-probe:declined\pfd:bounded-completeness-unsat:declined	1208	0\p0\p0\p0\p1121\p0\p0\p0\p0\p0\p0\p0\p0\p0\p0\p0	no	dl-online=not-applicable\pnra-real-root=incomplete\pnra=incomplete\pq:skolem-qf=unsupported\pq:nat-induction=not-applicable\pfd:string-gate=incomplete\pfd:source-string-semantic-unsat=incomplete\pfd:word-route=incomplete\pfd:online-string=incomplete\pfd:membership=incomplete\pfd:lex-order=incomplete\pfd:length-lia=incomplete\pfd:source-string-sat-probe=incomplete\pfd:bounded-completeness-unsat=incomplete	\pexact real-polynomial decider declined: projection (cad-arm=default)\pnonlinear abstraction: refinement reached a fixpoint without deciding\pquant-route ownership (ADR-2103): `q:skolem-qf` owns {Real, Int, BvOrFloat, Datatype, Function, UninterpretedSort, Array, NonBvArray, NonBoolBvArray} and does not own {NestedArray, WideInt}, which this quantified query carries, so its non-decision is a decline and the ladder continues. Its own reason was: nonlinear abstraction: refinement reached a fixpoint without deciding\p\pnonlinear abstraction: refinement reached a fixpoint without deciding\pnonlinear abstraction: refinement reached a fixpoint without deciding\pnonlinear abstraction: refinement reached a fixpoint without deciding\pnonlinear abstraction: refinement reached a fixpoint without deciding\pnonlinear abstraction: refinement reached a fixpoint without deciding\pnonlinear abstraction: refinement reached a fixpoint without deciding\pnonlinear abstraction: refinement reached a fixpoint without deciding\pnonlinear abstraction: refinement reached a fixpoint without deciding\pnonlinear abstraction: refinement reached a fixpoint without deciding	\p\p\pquant-ownership-decline\p\p\p\p\p\p\p\p\p\p	server7	1,9	1.96
nia-groebner-gate-crossdiv-QF_NRA	shipped	QF_NRA/meti-tarski/sin/cos/sin-cos-346-b-chunk-0479.smt2	3c3ba0eb2	Real	unknown	0	none	nra	16	fd:parse:probe\pprobe:probe\pdl-online:declined\pnra-real-root:declined\pnra:declined\pq:skolem-qf:declined\pq:nat-induction:declined\pfd:string-gate:declined\pfd:source-string-semantic-unsat:declined\pfd:word-route:declined\pfd:online-string:declined\pfd:membership:declined\pfd:lex-order:declined\pfd:length-lia:declined\pfd:source-string-sat-probe:declined\pfd:bounded-completeness-unsat:declined	1208	0\p0\p0\p0\p1128\p0\p0\p0\p0\p0\p0\p0\p0\p0\p0\p0	no	dl-online=not-applicable\pnra-real-root=incomplete\pnra=incomplete\pq:skolem-qf=unsupported\pq:nat-induction=not-applicable\pfd:string-gate=incomplete\pfd:source-string-semantic-unsat=incomplete\pfd:word-route=incomplete\pfd:online-string=incomplete\pfd:membership=incomplete\pfd:lex-order=incomplete\pfd:length-lia=incomplete\pfd:source-string-sat-probe=incomplete\pfd:bounded-completeness-unsat=incomplete	\pexact real-polynomial decider declined: projection (cad-arm=default)\pnonlinear abstraction: refinement reached a fixpoint without deciding\pquant-route ownership (ADR-2103): `q:skolem-qf` owns {Real, Int, BvOrFloat, Datatype, Function, UninterpretedSort, Array, NonBvArray, NonBoolBvArray} and does not own {NestedArray, WideInt}, which this quantified query carries, so its non-decision is a decline and the ladder continues. Its own reason was: nonlinear abstraction: refinement reached a fixpoint without deciding\p\pnonlinear abstraction: refinement reached a fixpoint without deciding\pnonlinear abstraction: refinement reached a fixpoint without deciding\pnonlinear abstraction: refinement reached a fixpoint without deciding\pnonlinear abstraction: refinement reached a fixpoint without deciding\pnonlinear abstraction: refinement reached a fixpoint without deciding\pnonlinear abstraction: refinement reached a fixpoint without deciding\pnonlinear abstraction: refinement reached a fixpoint without deciding\pnonlinear abstraction: refinement reached a fixpoint without deciding\pnonlinear abstraction: refinement reached a fixpoint without deciding	\p\p\pquant-ownership-decline\p\p\p\p\p\p\p\p\p\p	server7	1,9	1.96
nia-groebner-gate-crossdiv-QF_NRA	shipped	QF_NRA/meti-tarski/sin/cos/sin-cos-346-b-chunk-0543.smt2	3c3ba0eb2	Real	unknown	0	none	nra	16	fd:parse:probe\pprobe:probe\pdl-online:declined\pnra-real-root:declined\pnra:declined\pq:skolem-qf:declined\pq:nat-induction:declined\pfd:string-gate:declined\pfd:source-string-semantic-unsat:declined\pfd:word-route:declined\pfd:online-string:declined\pfd:membership:declined\pfd:lex-order:declined\pfd:length-lia:declined\pfd:source-string-sat-probe:declined\pfd:bounded-completeness-unsat:declined	12416	0\p0\p0\p0\p12286\p0\p0\p0\p0\p0\p0\p0\p0\p0\p0\p0	no	dl-online=not-applicable\pnra-real-root=incomplete\pnra=budget\pq:skolem-qf=unsupported\pq:nat-induction=not-applicable\pfd:string-gate=budget\pfd:source-string-semantic-unsat=budget\pfd:word-route=budget\pfd:online-string=budget\pfd:membership=budget\pfd:lex-order=budget\pfd:length-lia=budget\pfd:source-string-sat-probe=budget\pfd:bounded-completeness-unsat=budget	\pexact real-polynomial decider declined: projection (cad-arm=default)\plra: both engines declined — Fourier–Motzkin stopped on the deadline inside a variable's cross product, then the exact-rational simplex fallback stopped on the deadline building its dense tableau rows\pquant-route ownership (ADR-2103): `q:skolem-qf` owns {Real, Int, BvOrFloat, Datatype, Function, UninterpretedSort, Array, NonBvArray, NonBoolBvArray} and does not own {NestedArray, WideInt}, which this quantified query carries, so its non-decision is a decline and the ladder continues. Its own reason was: lra: both engines declined — Fourier–Motzkin stopped on the deadline inside a variable's cross product, then the exact-rational simplex fallback stopped on the deadline building its dense tableau rows\p\plra: both engines declined — Fourier–Motzkin stopped on the deadline inside a variable's cross product, then the exact-rational simplex fallback stopped on the deadline building its dense tableau rows\plra: both engines declined — Fourier–Motzkin stopped on the deadline inside a variable's cross product, then the exact-rational simplex fallback stopped on the deadline building its dense tableau rows\plra: both engines declined — Fourier–Motzkin stopped on the deadline inside a variable's cross product, then the exact-rational simplex fallback stopped on the deadline building its dense tableau rows\plra: both engines declined — Fourier–Motzkin stopped on the deadline inside a variable's cross product, then the exact-rational simplex fallback stopped on the deadline building its dense tableau rows\plra: both engines declined — Fourier–Motzkin stopped on the deadline inside a variable's cross product, then the exact-rational simplex fallback stopped on the deadline building its dense tableau rows\plra: both engines declined — Fourier–Motzkin stopped on the deadline inside a variable's cross product, then the exact-rational simplex fallback stopped on the deadline building its dense tableau rows\plra: both engines declined — Fourier–Motzkin stopped on the deadline inside a variable's cross product, then the exact-rational simplex fallback stopped on the deadline building its dense tableau rows\plra: both engines declined — Fourier–Motzkin stopped on the deadline inside a variable's cross product, then the exact-rational simplex fallback stopped on the deadline building its dense tableau rows\plra: both engines declined — Fourier–Motzkin stopped on the deadline inside a variable's cross product, then the exact-rational simplex fallback stopped on the deadline building its dense tableau rows	\p\pother\pquant-ownership-decline\p\pother\pother\pother\pother\pother\pother\pother\pother\pother	server7	1,9	1.96
nia-groebner-gate-crossdiv-QF_NRA	gateunbounded	QF_NRA/meti-tarski/sin/cos/sin-cos-346-b-chunk-0543.smt2	3c3ba0eb2	Real	unknown	0	none	nra	16	fd:parse:probe\pprobe:probe\pdl-online:declined\pnra-real-root:declined\pnra:declined\pq:skolem-qf:declined\pq:nat-induction:declined\pfd:string-gate:declined\pfd:source-string-semantic-unsat:declined\pfd:word-route:declined\pfd:online-string:declined\pfd:membership:declined\pfd:lex-order:declined\pfd:length-lia:declined\pfd:source-string-sat-probe:declined\pfd:bounded-completeness-unsat:declined	12416	0\p0\p0\p0\p12292\p0\p0\p0\p0\p0\p0\p0\p0\p0\p0\p0	no	dl-online=not-applicable\pnra-real-root=incomplete\pnra=budget\pq:skolem-qf=unsupported\pq:nat-induction=not-applicable\pfd:string-gate=budget\pfd:source-string-semantic-unsat=budget\pfd:word-route=budget\pfd:online-string=budget\pfd:membership=budget\pfd:lex-order=budget\pfd:length-lia=budget\pfd:source-string-sat-probe=budget\pfd:bounded-completeness-unsat=budget	\pexact real-polynomial decider declined: projection (cad-arm=default)\plra: both engines declined — Fourier–Motzkin stopped on the deadline inside a variable's cross product, then the exact-rational simplex fallback stopped on the deadline building its dense tableau rows\pquant-route ownership (ADR-2103): `q:skolem-qf` owns {Real, Int, BvOrFloat, Datatype, Function, UninterpretedSort, Array, NonBvArray, NonBoolBvArray} and does not own {NestedArray, WideInt}, which this quantified query carries, so its non-decision is a decline and the ladder continues. Its own reason was: lra: both engines declined — Fourier–Motzkin stopped on the deadline inside a variable's cross product, then the exact-rational simplex fallback stopped on the deadline building its dense tableau rows\p\plra: both engines declined — Fourier–Motzkin stopped on the deadline inside a variable's cross product, then the exact-rational simplex fallback stopped on the deadline building its dense tableau rows\plra: both engines declined — Fourier–Motzkin stopped on the deadline inside a variable's cross product, then the exact-rational simplex fallback stopped on the deadline building its dense tableau rows\plra: both engines declined — Fourier–Motzkin stopped on the deadline inside a variable's cross product, then the exact-rational simplex fallback stopped on the deadline building its dense tableau rows\plra: both engines declined — Fourier–Motzkin stopped on the deadline inside a variable's cross product, then the exact-rational simplex fallback stopped on the deadline building its dense tableau rows\plra: both engines declined — Fourier–Motzkin stopped on the deadline inside a variable's cross product, then the exact-rational simplex fallback stopped on the deadline building its dense tableau rows\plra: both engines declined — Fourier–Motzkin stopped on the deadline inside a variable's cross product, then the exact-rational simplex fallback stopped on the deadline building its dense tableau rows\plra: both engines declined — Fourier–Motzkin stopped on the deadline inside a variable's cross product, then the exact-rational simplex fallback stopped on the deadline building its dense tableau rows\plra: both engines declined — Fourier–Motzkin stopped on the deadline inside a variable's cross product, then the exact-rational simplex fallback stopped on the deadline building its dense tableau rows\plra: both engines declined — Fourier–Motzkin stopped on the deadline inside a variable's cross product, then the exact-rational simplex fallback stopped on the deadline building its dense tableau rows	\p\pother\pquant-ownership-decline\p\pother\pother\pother\pother\pother\pother\pother\pother\pother	server7	1,9	1.97
nia-groebner-gate-crossdiv-QF_NRA	gateunbounded	QF_NRA/meti-tarski/sin/cos/sin-cos-346-b-chunk-0612.smt2	3c3ba0eb2	Real	sat	0	nra-real-root	nra-real-root	4	fd:parse:probe\pprobe:probe\pdl-online:declined\pnra-real-root:decided	106	0\p0\p0\p0	no	dl-online=not-applicable			server7	1,9	1.97
nia-groebner-gate-crossdiv-QF_NRA	shipped	QF_NRA/meti-tarski/sin/cos/sin-cos-346-b-chunk-0612.smt2	3c3ba0eb2	Real	sat	0	nra-real-root	nra-real-root	4	fd:parse:probe\pprobe:probe\pdl-online:declined\pnra-real-root:decided	107	0\p0\p0\p0	no	dl-online=not-applicable			server7	1,9	1.97
nia-groebner-gate-crossdiv-QF_NRA	shipped	QF_NRA/meti-tarski/sin/problem/10/sin-problem-10-3-chunk-0028.smt2	3c3ba0eb2	none	sat	0	qf-bv	dl-online	4	fd:parse:probe\pprobe:probe\pdl-online:declined\pqf-bv:decided	107	0\p0\p0\p0	no	dl-online=not-applicable			server7	1,9	1.97
nia-groebner-gate-crossdiv-QF_NRA	gateunbounded	QF_NRA/meti-tarski/sin/problem/10/sin-problem-10-3-chunk-0028.smt2	3c3ba0eb2	none	sat	0	qf-bv	dl-online	4	fd:parse:probe\pprobe:probe\pdl-online:declined\pqf-bv:decided	106	0\p0\p0\p0	no	dl-online=not-applicable			server7	1,9	1.97
nia-groebner-gate-crossdiv-QF_NRA	gateunbounded	QF_NRA/meti-tarski/sin/problem/7/sin-problem-7-chunk-0124.smt2	3c3ba0eb2	Real	unknown	0	none	nra	16	fd:parse:probe\pprobe:probe\pdl-online:declined\pnra-real-root:declined\pnra:declined\pq:skolem-qf:declined\pq:nat-induction:declined\pfd:string-gate:declined\pfd:source-string-semantic-unsat:declined\pfd:word-route:declined\pfd:online-string:declined\pfd:membership:declined\pfd:lex-order:declined\pfd:length-lia:declined\pfd:source-string-sat-probe:declined\pfd:bounded-completeness-unsat:declined	12414	0\p0\p0\p1\p12268\p0\p0\p0\p0\p0\p0\p0\p0\p0\p0\p0	no	dl-online=not-applicable\pnra-real-root=not-applicable\pnra=budget\pq:skolem-qf=unsupported\pq:nat-induction=not-applicable\pfd:string-gate=budget\pfd:source-string-semantic-unsat=budget\pfd:word-route=budget\pfd:online-string=budget\pfd:membership=budget\pfd:lex-order=budget\pfd:length-lia=budget\pfd:source-string-sat-probe=budget\pfd:bounded-completeness-unsat=budget	\p\plra: both engines declined — Fourier–Motzkin stopped on the deadline inside a variable's cross product, then the exact-rational simplex fallback stopped on the deadline building its dense tableau rows\pquant-route ownership (ADR-2103): `q:skolem-qf` owns {Real, Int, BvOrFloat, Datatype, Function, UninterpretedSort, Array, NonBvArray, NonBoolBvArray} and does not own {NestedArray, WideInt}, which this quantified query carries, so its non-decision is a decline and the ladder continues. Its own reason was: lra: both engines declined — Fourier–Motzkin stopped on the deadline inside a variable's cross product, then the exact-rational simplex fallback stopped on the deadline building its dense tableau rows\p\plra: both engines declined — Fourier–Motzkin stopped on the deadline inside a variable's cross product, then the exact-rational simplex fallback stopped on the deadline building its dense tableau rows\plra: both engines declined — Fourier–Motzkin stopped on the deadline inside a variable's cross product, then the exact-rational simplex fallback stopped on the deadline building its dense tableau rows\plra: both engines declined — Fourier–Motzkin stopped on the deadline inside a variable's cross product, then the exact-rational simplex fallback stopped on the deadline building its dense tableau rows\plra: both engines declined — Fourier–Motzkin stopped on the deadline inside a variable's cross product, then the exact-rational simplex fallback stopped on the deadline building its dense tableau rows\plra: both engines declined — Fourier–Motzkin stopped on the deadline inside a variable's cross product, then the exact-rational simplex fallback stopped on the deadline building its dense tableau rows\plra: both engines declined — Fourier–Motzkin stopped on the deadline inside a variable's cross product, then the exact-rational simplex fallback stopped on the deadline building its dense tableau rows\plra: both engines declined — Fourier–Motzkin stopped on the deadline inside a variable's cross product, then the exact-rational simplex fallback stopped on the deadline building its dense tableau rows\plra: both engines declined — Fourier–Motzkin stopped on the deadline inside a variable's cross product, then the exact-rational simplex fallback stopped on the deadline building its dense tableau rows\plra: both engines declined — Fourier–Motzkin stopped on the deadline inside a variable's cross product, then the exact-rational simplex fallback stopped on the deadline building its dense tableau rows	\p\pother\pquant-ownership-decline\p\pother\pother\pother\pother\pother\pother\pother\pother\pother	server7	1,9	1.97
nia-groebner-gate-crossdiv-QF_NRA	shipped	QF_NRA/meti-tarski/sin/problem/7/sin-problem-7-chunk-0124.smt2	3c3ba0eb2	Real	unknown	0	none	nra	16	fd:parse:probe\pprobe:probe\pdl-online:declined\pnra-real-root:declined\pnra:declined\pq:skolem-qf:declined\pq:nat-induction:declined\pfd:string-gate:declined\pfd:source-string-semantic-unsat:declined\pfd:word-route:declined\pfd:online-string:declined\pfd:membership:declined\pfd:lex-order:declined\pfd:length-lia:declined\pfd:source-string-sat-probe:declined\pfd:bounded-completeness-unsat:declined	12314	0\p0\p0\p0\p12272\p0\p0\p0\p0\p0\p0\p0\p0\p0\p0\p0	no	dl-online=not-applicable\pnra-real-root=not-applicable\pnra=budget\pq:skolem-qf=unsupported\pq:nat-induction=not-applicable\pfd:string-gate=budget\pfd:source-string-semantic-unsat=budget\pfd:word-route=budget\pfd:online-string=budget\pfd:membership=budget\pfd:lex-order=budget\pfd:length-lia=budget\pfd:source-string-sat-probe=budget\pfd:bounded-completeness-unsat=budget	\p\plra: both engines declined — Fourier–Motzkin stopped on the deadline inside a variable's cross product, then the exact-rational simplex fallback stopped on the deadline building its dense tableau rows\pquant-route ownership (ADR-2103): `q:skolem-qf` owns {Real, Int, BvOrFloat, Datatype, Function, UninterpretedSort, Array, NonBvArray, NonBoolBvArray} and does not own {NestedArray, WideInt}, which this quantified query carries, so its non-decision is a decline and the ladder continues. Its own reason was: lra: both engines declined — Fourier–Motzkin stopped on the deadline inside a variable's cross product, then the exact-rational simplex fallback stopped on the deadline building its dense tableau rows\p\plra: both engines declined — Fourier–Motzkin stopped on the deadline inside a variable's cross product, then the exact-rational simplex fallback stopped on the deadline building its dense tableau rows\plra: both engines declined — Fourier–Motzkin stopped on the deadline inside a variable's cross product, then the exact-rational simplex fallback stopped on the deadline building its dense tableau rows\plra: both engines declined — Fourier–Motzkin stopped on the deadline inside a variable's cross product, then the exact-rational simplex fallback stopped on the deadline building its dense tableau rows\plra: both engines declined — Fourier–Motzkin stopped on the deadline inside a variable's cross product, then the exact-rational simplex fallback stopped on the deadline building its dense tableau rows\plra: both engines declined — Fourier–Motzkin stopped on the deadline inside a variable's cross product, then the exact-rational simplex fallback stopped on the deadline building its dense tableau rows\plra: both engines declined — Fourier–Motzkin stopped on the deadline inside a variable's cross product, then the exact-rational simplex fallback stopped on the deadline building its dense tableau rows\plra: both engines declined — Fourier–Motzkin stopped on the deadline inside a variable's cross product, then the exact-rational simplex fallback stopped on the deadline building its dense tableau rows\plra: both engines declined — Fourier–Motzkin stopped on the deadline inside a variable's cross product, then the exact-rational simplex fallback stopped on the deadline building its dense tableau rows\plra: both engines declined — Fourier–Motzkin stopped on the deadline inside a variable's cross product, then the exact-rational simplex fallback stopped on the deadline building its dense tableau rows	\p\pother\pquant-ownership-decline\p\pother\pother\pother\pother\pother\pother\pother\pother\pother	server7	1,9	1.98
nia-groebner-gate-crossdiv-QF_NRA	shipped	QF_NRA/meti-tarski/sin/problem/7/sin-problem-7-chunk-0203.smt2	3c3ba0eb2	Real	unknown	0	none	nra	17	fd:parse:probe\pprobe:probe\pcas-identity-refuter:declined\pdl-online:declined\pnra-real-root:declined\pnra:declined\pq:skolem-qf:declined\pq:nat-induction:declined\pfd:string-gate:declined\pfd:source-string-semantic-unsat:declined\pfd:word-route:declined\pfd:online-string:declined\pfd:membership:declined\pfd:lex-order:declined\pfd:length-lia:declined\pfd:source-string-sat-probe:declined\pfd:bounded-completeness-unsat:declined	2808	0\p0\p0\p0\p0\p2700\p0\p0\p0\p0\p0\p0\p0\p0\p0\p0\p0	no	cas-identity-refuter=incomplete\pdl-online=not-applicable\pnra-real-root=not-applicable\pnra=incomplete\pq:skolem-qf=unsupported\pq:nat-induction=not-applicable\pfd:string-gate=incomplete\pfd:source-string-semantic-unsat=incomplete\pfd:word-route=incomplete\pfd:online-string=incomplete\pfd:membership=incomplete\pfd:lex-order=incomplete\pfd:length-lia=incomplete\pfd:source-string-sat-probe=incomplete\pfd:bounded-completeness-unsat=incomplete	no arithmetic disequality had equal polynomial normal forms\p\p\pnonlinear abstraction: refinement reached a fixpoint without deciding\pquant-route ownership (ADR-2103): `q:skolem-qf` owns {Real, Int, BvOrFloat, Datatype, Function, UninterpretedSort, Array, NonBvArray, NonBoolBvArray} and does not own {NestedArray, WideInt}, which this quantified query carries, so its non-decision is a decline and the ladder continues. Its own reason was: nonlinear abstraction: refinement reached a fixpoint without deciding\p\pnonlinear abstraction: refinement reached a fixpoint without deciding\pnonlinear abstraction: refinement reached a fixpoint without deciding\pnonlinear abstraction: refinement reached a fixpoint without deciding\pnonlinear abstraction: refinement reached a fixpoint without deciding\pnonlinear abstraction: refinement reached a fixpoint without deciding\pnonlinear abstraction: refinement reached a fixpoint without deciding\pnonlinear abstraction: refinement reached a fixpoint without deciding\pnonlinear abstraction: refinement reached a fixpoint without deciding\pnonlinear abstraction: refinement reached a fixpoint without deciding	\p\p\p\pquant-ownership-decline\p\p\p\p\p\p\p\p\p\p	server7	1,9	1.98
nia-groebner-gate-crossdiv-QF_NRA	gateunbounded	QF_NRA/meti-tarski/sin/problem/7/sin-problem-7-chunk-0203.smt2	3c3ba0eb2	Real	unknown	0	none	nra	17	fd:parse:probe\pprobe:probe\pcas-identity-refuter:declined\pdl-online:declined\pnra-real-root:declined\pnra:declined\pq:skolem-qf:declined\pq:nat-induction:declined\pfd:string-gate:declined\pfd:source-string-semantic-unsat:declined\pfd:word-route:declined\pfd:online-string:declined\pfd:membership:declined\pfd:lex-order:declined\pfd:length-lia:declined\pfd:source-string-sat-probe:declined\pfd:bounded-completeness-unsat:declined	2809	0\p0\p0\p0\p0\p2717\p0\p0\p0\p0\p0\p0\p0\p0\p0\p0\p0	no	cas-identity-refuter=incomplete\pdl-online=not-applicable\pnra-real-root=not-applicable\pnra=incomplete\pq:skolem-qf=unsupported\pq:nat-induction=not-applicable\pfd:string-gate=incomplete\pfd:source-string-semantic-unsat=incomplete\pfd:word-route=incomplete\pfd:online-string=incomplete\pfd:membership=incomplete\pfd:lex-order=incomplete\pfd:length-lia=incomplete\pfd:source-string-sat-probe=incomplete\pfd:bounded-completeness-unsat=incomplete	no arithmetic disequality had equal polynomial normal forms\p\p\pnonlinear abstraction: refinement reached a fixpoint without deciding\pquant-route ownership (ADR-2103): `q:skolem-qf` owns {Real, Int, BvOrFloat, Datatype, Function, UninterpretedSort, Array, NonBvArray, NonBoolBvArray} and does not own {NestedArray, WideInt}, which this quantified query carries, so its non-decision is a decline and the ladder continues. Its own reason was: nonlinear abstraction: refinement reached a fixpoint without deciding\p\pnonlinear abstraction: refinement reached a fixpoint without deciding\pnonlinear abstraction: refinement reached a fixpoint without deciding\pnonlinear abstraction: refinement reached a fixpoint without deciding\pnonlinear abstraction: refinement reached a fixpoint without deciding\pnonlinear abstraction: refinement reached a fixpoint without deciding\pnonlinear abstraction: refinement reached a fixpoint without deciding\pnonlinear abstraction: refinement reached a fixpoint without deciding\pnonlinear abstraction: refinement reached a fixpoint without deciding\pnonlinear abstraction: refinement reached a fixpoint without deciding	\p\p\p\pquant-ownership-decline\p\p\p\p\p\p\p\p\p\p	server7	1,9	1.99
nia-groebner-gate-crossdiv-QF_NRA	gateunbounded	QF_NRA/meti-tarski/sin/problem/7/sin-problem-7-chunk-0278.smt2	3c3ba0eb2	Real	unsat	0	nra	nra	5	fd:parse:probe\pprobe:probe\pdl-online:declined\pnra-real-root:declined\pnra:decided	107	0\p0\p0\p1\p29	no	dl-online=not-applicable\pnra-real-root=incomplete	\pexact real-polynomial decider declined: projection (cad-arm=default)	\p	server7	1,9	1.99
nia-groebner-gate-crossdiv-QF_NRA	shipped	QF_NRA/meti-tarski/sin/problem/7/sin-problem-7-chunk-0278.smt2	3c3ba0eb2	Real	unsat	0	nra	nra	5	fd:parse:probe\pprobe:probe\pdl-online:declined\pnra-real-root:declined\pnra:decided	108	0\p0\p0\p1\p29	no	dl-online=not-applicable\pnra-real-root=incomplete	\pexact real-polynomial decider declined: projection (cad-arm=default)	\p	server7	1,9	1.99
nia-groebner-gate-crossdiv-QF_NRA	shipped	QF_NRA/meti-tarski/sin/problem/7/sin-problem-7-chunk-0353.smt2	3c3ba0eb2	Real	sat	0	nra	nra	5	fd:parse:probe\pprobe:probe\pdl-online:declined\pnra-real-root:declined\pnra:decided	1808	0\p0\p0\p0\p1701	no	dl-online=not-applicable\pnra-real-root=not-applicable	\p	\p	server7	1,9	1.99
nia-groebner-gate-crossdiv-QF_NRA	gateunbounded	QF_NRA/meti-tarski/sin/problem/7/sin-problem-7-chunk-0353.smt2	3c3ba0eb2	Real	sat	0	nra	nra	5	fd:parse:probe\pprobe:probe\pdl-online:declined\pnra-real-root:declined\pnra:decided	1808	0\p0\p0\p0\p1701	no	dl-online=not-applicable\pnra-real-root=not-applicable	\p	\p	server7	1,9	1.99
nia-groebner-gate-crossdiv-QF_NRA	gateunbounded	QF_NRA/meti-tarski/sin/problem/7/weak/sin-problem-7-weak-chunk-0131.smt2	3c3ba0eb2	Real	unknown	0	none	nra	16	fd:parse:probe\pprobe:probe\pdl-online:declined\pnra-real-root:declined\pnra:declined\pq:skolem-qf:declined\pq:nat-induction:declined\pfd:string-gate:declined\pfd:source-string-semantic-unsat:declined\pfd:word-route:declined\pfd:online-string:declined\pfd:membership:declined\pfd:lex-order:declined\pfd:length-lia:declined\pfd:source-string-sat-probe:declined\pfd:bounded-completeness-unsat:declined	7111	0\p0\p0\p0\p2363\p0\p0\p0\p0\p0\p0\p0\p0\p0\p0\p0	no	dl-online=not-applicable\pnra-real-root=incomplete\pnra=incomplete\pq:skolem-qf=unsupported\pq:nat-induction=not-applicable\pfd:string-gate=incomplete\pfd:source-string-semantic-unsat=incomplete\pfd:word-route=incomplete\pfd:online-string=incomplete\pfd:membership=incomplete\pfd:lex-order=incomplete\pfd:length-lia=incomplete\pfd:source-string-sat-probe=incomplete\pfd:bounded-completeness-unsat=incomplete	\pexact real-polynomial decider declined: non-conjunctive (cad-arm=default)\pnonlinear abstraction: refinement reached a fixpoint without deciding\pquant-route ownership (ADR-2103): `q:skolem-qf` owns {Real, Int, BvOrFloat, Datatype, Function, UninterpretedSort, Array, NonBvArray, NonBoolBvArray} and does not own {NestedArray, WideInt}, which this quantified query carries, so its non-decision is a decline and the ladder continues. Its own reason was: nonlinear abstraction: refinement reached a fixpoint without deciding\p\pnonlinear abstraction: refinement reached a fixpoint without deciding\pnonlinear abstraction: refinement reached a fixpoint without deciding\pnonlinear abstraction: refinement reached a fixpoint without deciding\pnonlinear abstraction: refinement reached a fixpoint without deciding\pnonlinear abstraction: refinement reached a fixpoint without deciding\pnonlinear abstraction: refinement reached a fixpoint without deciding\pnonlinear abstraction: refinement reached a fixpoint without deciding\pnonlinear abstraction: refinement reached a fixpoint without deciding\pnonlinear abstraction: refinement reached a fixpoint without deciding	\p\p\pquant-ownership-decline\p\p\p\p\p\p\p\p\p\p	server7	1,9	1.99
nia-groebner-gate-crossdiv-QF_NRA	shipped	QF_NRA/meti-tarski/sin/problem/7/weak/sin-problem-7-weak-chunk-0131.smt2	3c3ba0eb2	Real	unknown	0	none	nra	16	fd:parse:probe\pprobe:probe\pdl-online:declined\pnra-real-root:declined\pnra:declined\pq:skolem-qf:declined\pq:nat-induction:declined\pfd:string-gate:declined\pfd:source-string-semantic-unsat:declined\pfd:word-route:declined\pfd:online-string:declined\pfd:membership:declined\pfd:lex-order:declined\pfd:length-lia:declined\pfd:source-string-sat-probe:declined\pfd:bounded-completeness-unsat:declined	7412	0\p0\p0\p0\p2373\p0\p0\p0\p0\p0\p0\p0\p0\p0\p0\p0	no	dl-online=not-applicable\pnra-real-root=incomplete\pnra=incomplete\pq:skolem-qf=unsupported\pq:nat-induction=not-applicable\pfd:string-gate=incomplete\pfd:source-string-semantic-unsat=incomplete\pfd:word-route=incomplete\pfd:online-string=incomplete\pfd:membership=incomplete\pfd:lex-order=incomplete\pfd:length-lia=incomplete\pfd:source-string-sat-probe=incomplete\pfd:bounded-completeness-unsat=incomplete	\pexact real-polynomial decider declined: non-conjunctive (cad-arm=default)\pnonlinear abstraction: refinement reached a fixpoint without deciding\pquant-route ownership (ADR-2103): `q:skolem-qf` owns {Real, Int, BvOrFloat, Datatype, Function, UninterpretedSort, Array, NonBvArray, NonBoolBvArray} and does not own {NestedArray, WideInt}, which this quantified query carries, so its non-decision is a decline and the ladder continues. Its own reason was: nonlinear abstraction: refinement reached a fixpoint without deciding\p\pnonlinear abstraction: refinement reached a fixpoint without deciding\pnonlinear abstraction: refinement reached a fixpoint without deciding\pnonlinear abstraction: refinement reached a fixpoint without deciding\pnonlinear abstraction: refinement reached a fixpoint without deciding\pnonlinear abstraction: refinement reached a fixpoint without deciding\pnonlinear abstraction: refinement reached a fixpoint without deciding\pnonlinear abstraction: refinement reached a fixpoint without deciding\pnonlinear abstraction: refinement reached a fixpoint without deciding\pnonlinear abstraction: refinement reached a fixpoint without deciding	\p\p\pquant-ownership-decline\p\p\p\p\p\p\p\p\p\p	server7	1,9	1.99
nia-groebner-gate-crossdiv-QF_NRA	shipped	QF_NRA/meti-tarski/sin/problem/7/weak2/sin-problem-7-weak2-chunk-0051.smt2	3c3ba0eb2	Real	sat	0	nra	nra	5	fd:parse:probe\pprobe:probe\pdl-online:declined\pnra-real-root:declined\pnra:decided	408	0\p0\p0\p0\p364	no	dl-online=not-applicable\pnra-real-root=incomplete	\pexact real-polynomial decider declined: non-conjunctive (cad-arm=default)	\p	server7	1,9	1.99
nia-groebner-gate-crossdiv-QF_NRA	gateunbounded	QF_NRA/meti-tarski/sin/problem/7/weak2/sin-problem-7-weak2-chunk-0051.smt2	3c3ba0eb2	Real	sat	0	nra	nra	5	fd:parse:probe\pprobe:probe\pdl-online:declined\pnra-real-root:declined\pnra:decided	408	0\p0\p0\p0\p309	no	dl-online=not-applicable\pnra-real-root=incomplete	\pexact real-polynomial decider declined: non-conjunctive (cad-arm=default)	\p	server7	1,9	1.99
nia-groebner-gate-crossdiv-QF_NRA	gateunbounded	QF_NRA/meti-tarski/sin/problem/7/weak2/sin-problem-7-weak2-chunk-0129.smt2	3c3ba0eb2	Real	unknown	0	none	nra	16	fd:parse:probe\pprobe:probe\pdl-online:declined\pnra-real-root:declined\pnra:declined\pq:skolem-qf:declined\pq:nat-induction:declined\pfd:string-gate:declined\pfd:source-string-semantic-unsat:declined\pfd:word-route:declined\pfd:online-string:declined\pfd:membership:declined\pfd:lex-order:declined\pfd:length-lia:declined\pfd:source-string-sat-probe:declined\pfd:bounded-completeness-unsat:declined	3208	0\p0\p0\p0\p1579\p0\p0\p0\p0\p0\p0\p0\p0\p0\p0\p0	no	dl-online=not-applicable\pnra-real-root=incomplete\pnra=incomplete\pq:skolem-qf=unsupported\pq:nat-induction=not-applicable\pfd:string-gate=incomplete\pfd:source-string-semantic-unsat=incomplete\pfd:word-route=incomplete\pfd:online-string=incomplete\pfd:membership=incomplete\pfd:lex-order=incomplete\pfd:length-lia=incomplete\pfd:source-string-sat-probe=incomplete\pfd:bounded-completeness-unsat=incomplete	\pexact real-polynomial decider declined: non-conjunctive (cad-arm=default)\pnonlinear abstraction: refinement reached a fixpoint without deciding\pquant-route ownership (ADR-2103): `q:skolem-qf` owns {Real, Int, BvOrFloat, Datatype, Function, UninterpretedSort, Array, NonBvArray, NonBoolBvArray} and does not own {NestedArray, WideInt}, which this quantified query carries, so its non-decision is a decline and the ladder continues. Its own reason was: nonlinear abstraction: refinement reached a fixpoint without deciding\p\pnonlinear abstraction: refinement reached a fixpoint without deciding\pnonlinear abstraction: refinement reached a fixpoint without deciding\pnonlinear abstraction: refinement reached a fixpoint without deciding\pnonlinear abstraction: refinement reached a fixpoint without deciding\pnonlinear abstraction: refinement reached a fixpoint without deciding\pnonlinear abstraction: refinement reached a fixpoint without deciding\pnonlinear abstraction: refinement reached a fixpoint without deciding\pnonlinear abstraction: refinement reached a fixpoint without deciding\pnonlinear abstraction: refinement reached a fixpoint without deciding	\p\p\pquant-ownership-decline\p\p\p\p\p\p\p\p\p\p	server7	1,9	1.99
nia-groebner-gate-crossdiv-QF_NRA	shipped	QF_NRA/meti-tarski/sin/problem/7/weak2/sin-problem-7-weak2-chunk-0129.smt2	3c3ba0eb2	Real	unknown	0	none	nra	16	fd:parse:probe\pprobe:probe\pdl-online:declined\pnra-real-root:declined\pnra:declined\pq:skolem-qf:declined\pq:nat-induction:declined\pfd:string-gate:declined\pfd:source-string-semantic-unsat:declined\pfd:word-route:declined\pfd:online-string:declined\pfd:membership:declined\pfd:lex-order:declined\pfd:length-lia:declined\pfd:source-string-sat-probe:declined\pfd:bounded-completeness-unsat:declined	3210	0\p0\p0\p0\p1608\p0\p0\p0\p0\p0\p0\p0\p0\p0\p0\p0	no	dl-online=not-applicable\pnra-real-root=incomplete\pnra=incomplete\pq:skolem-qf=unsupported\pq:nat-induction=not-applicable\pfd:string-gate=incomplete\pfd:source-string-semantic-unsat=incomplete\pfd:word-route=incomplete\pfd:online-string=incomplete\pfd:membership=incomplete\pfd:lex-order=incomplete\pfd:length-lia=incomplete\pfd:source-string-sat-probe=incomplete\pfd:bounded-completeness-unsat=incomplete	\pexact real-polynomial decider declined: non-conjunctive (cad-arm=default)\pnonlinear abstraction: refinement reached a fixpoint without deciding\pquant-route ownership (ADR-2103): `q:skolem-qf` owns {Real, Int, BvOrFloat, Datatype, Function, UninterpretedSort, Array, NonBvArray, NonBoolBvArray} and does not own {NestedArray, WideInt}, which this quantified query carries, so its non-decision is a decline and the ladder continues. Its own reason was: nonlinear abstraction: refinement reached a fixpoint without deciding\p\pnonlinear abstraction: refinement reached a fixpoint without deciding\pnonlinear abstraction: refinement reached a fixpoint without deciding\pnonlinear abstraction: refinement reached a fixpoint without deciding\pnonlinear abstraction: refinement reached a fixpoint without deciding\pnonlinear abstraction: refinement reached a fixpoint without deciding\pnonlinear abstraction: refinement reached a fixpoint without deciding\pnonlinear abstraction: refinement reached a fixpoint without deciding\pnonlinear abstraction: refinement reached a fixpoint without deciding\pnonlinear abstraction: refinement reached a fixpoint without deciding	\p\p\pquant-ownership-decline\p\p\p\p\p\p\p\p\p\p	server7	1,9	1.99
nia-groebner-gate-crossdiv-QF_NRA	shipped	QF_NRA/meti-tarski/sin/problem/8/weak/sin-problem-8-weak-chunk-0050.smt2	3c3ba0eb2	Real	unknown	0	none	nra	17	fd:parse:probe\pprobe:probe\pcas-identity-refuter:declined\pdl-online:declined\pnra-real-root:declined\pnra:declined\pq:skolem-qf:declined\pq:nat-induction:declined\pfd:string-gate:declined\pfd:source-string-semantic-unsat:declined\pfd:word-route:declined\pfd:online-string:declined\pfd:membership:declined\pfd:lex-order:declined\pfd:length-lia:declined\pfd:source-string-sat-probe:declined\pfd:bounded-completeness-unsat:declined	208	0\p0\p0\p0\p38\p84\p0\p0\p0\p0\p0\p0\p0\p0\p0\p0\p0	no	cas-identity-refuter=incomplete\pdl-online=not-applicable\pnra-real-root=incomplete\pnra=incomplete\pq:skolem-qf=unsupported\pq:nat-induction=not-applicable\pfd:string-gate=incomplete\pfd:source-string-semantic-unsat=incomplete\pfd:word-route=incomplete\pfd:online-string=incomplete\pfd:membership=incomplete\pfd:lex-order=incomplete\pfd:length-lia=incomplete\pfd:source-string-sat-probe=incomplete\pfd:bounded-completeness-unsat=incomplete	no arithmetic disequality had equal polynomial normal forms\p\pexact real-polynomial decider declined: root-ordering (cad-arm=default)\pnonlinear abstraction: refinement reached a fixpoint without deciding\pquant-route ownership (ADR-2103): `q:skolem-qf` owns {Real, Int, BvOrFloat, Datatype, Function, UninterpretedSort, Array, NonBvArray, NonBoolBvArray} and does not own {NestedArray, WideInt}, which this quantified query carries, so its non-decision is a decline and the ladder continues. Its own reason was: nonlinear abstraction: refinement reached a fixpoint without deciding\p\pnonlinear abstraction: refinement reached a fixpoint without deciding\pnonlinear abstraction: refinement reached a fixpoint without deciding\pnonlinear abstraction: refinement reached a fixpoint without deciding\pnonlinear abstraction: refinement reached a fixpoint without deciding\pnonlinear abstraction: refinement reached a fixpoint without deciding\pnonlinear abstraction: refinement reached a fixpoint without deciding\pnonlinear abstraction: refinement reached a fixpoint without deciding\pnonlinear abstraction: refinement reached a fixpoint without deciding\pnonlinear abstraction: refinement reached a fixpoint without deciding	\p\p\p\pquant-ownership-decline\p\p\p\p\p\p\p\p\p\p	server7	1,9	1.99
nia-groebner-gate-crossdiv-QF_NRA	gateunbounded	QF_NRA/meti-tarski/sin/problem/8/weak/sin-problem-8-weak-chunk-0050.smt2	3c3ba0eb2	Real	unknown	0	none	nra	17	fd:parse:probe\pprobe:probe\pcas-identity-refuter:declined\pdl-online:declined\pnra-real-root:declined\pnra:declined\pq:skolem-qf:declined\pq:nat-induction:declined\pfd:string-gate:declined\pfd:source-string-semantic-unsat:declined\pfd:word-route:declined\pfd:online-string:declined\pfd:membership:declined\pfd:lex-order:declined\pfd:length-lia:declined\pfd:source-string-sat-probe:declined\pfd:bounded-completeness-unsat:declined	207	0\p0\p0\p0\p38\p83\p0\p0\p0\p0\p0\p0\p0\p0\p0\p0\p0	no	cas-identity-refuter=incomplete\pdl-online=not-applicable\pnra-real-root=incomplete\pnra=incomplete\pq:skolem-qf=unsupported\pq:nat-induction=not-applicable\pfd:string-gate=incomplete\pfd:source-string-semantic-unsat=incomplete\pfd:word-route=incomplete\pfd:online-string=incomplete\pfd:membership=incomplete\pfd:lex-order=incomplete\pfd:length-lia=incomplete\pfd:source-string-sat-probe=incomplete\pfd:bounded-completeness-unsat=incomplete	no arithmetic disequality had equal polynomial normal forms\p\pexact real-polynomial decider declined: root-ordering (cad-arm=default)\pnonlinear abstraction: refinement reached a fixpoint without deciding\pquant-route ownership (ADR-2103): `q:skolem-qf` owns {Real, Int, BvOrFloat, Datatype, Function, UninterpretedSort, Array, NonBvArray, NonBoolBvArray} and does not own {NestedArray, WideInt}, which this quantified query carries, so its non-decision is a decline and the ladder continues. Its own reason was: nonlinear abstraction: refinement reached a fixpoint without deciding\p\pnonlinear abstraction: refinement reached a fixpoint without deciding\pnonlinear abstraction: refinement reached a fixpoint without deciding\pnonlinear abstraction: refinement reached a fixpoint without deciding\pnonlinear abstraction: refinement reached a fixpoint without deciding\pnonlinear abstraction: refinement reached a fixpoint without deciding\pnonlinear abstraction: refinement reached a fixpoint without deciding\pnonlinear abstraction: refinement reached a fixpoint without deciding\pnonlinear abstraction: refinement reached a fixpoint without deciding\pnonlinear abstraction: refinement reached a fixpoint without deciding	\p\p\p\pquant-ownership-decline\p\p\p\p\p\p\p\p\p\p	server7	1,9	1.99
nia-groebner-gate-crossdiv-QF_NRA	gateunbounded	QF_NRA/meti-tarski/sqrt/1mcosq/7/sqrt-1mcosq-7-chunk-0070.smt2	3c3ba0eb2	Real	sat	0	nra	nra	6	fd:parse:probe\pprobe:probe\pdl-online:declined\pnra-real-root:declined\pcas-ideal-refuter:declined\pnra:decided	408	0\p0\p0\p0\p0\p347	no	dl-online=not-applicable\pnra-real-root=incomplete\pcas-ideal-refuter=incomplete	\pexact real-polynomial decider declined: projection (cad-arm=default)\pno combination of the asserted equations collapsed to a constant of the refuting sign	\p\p	server7	1,9	1.99
nia-groebner-gate-crossdiv-QF_NRA	shipped	QF_NRA/meti-tarski/sqrt/1mcosq/7/sqrt-1mcosq-7-chunk-0070.smt2	3c3ba0eb2	Real	sat	0	nra	nra	6	fd:parse:probe\pprobe:probe\pdl-online:declined\pnra-real-root:declined\pcas-ideal-refuter:declined\pnra:decided	407	0\p0\p0\p0\p0\p344	no	dl-online=not-applicable\pnra-real-root=incomplete\pcas-ideal-refuter=incomplete	\pexact real-polynomial decider declined: projection (cad-arm=default)\pno combination of the asserted equations collapsed to a constant of the refuting sign	\p\p	server7	1,9	1.99
nia-groebner-gate-crossdiv-QF_NRA	shipped	QF_NRA/meti-tarski/sqrt/1mcosq/7/sqrt-1mcosq-7-chunk-0160.smt2	3c3ba0eb2	Real	sat	0	nra	nra	5	fd:parse:probe\pprobe:probe\pdl-online:declined\pnra-real-root:declined\pnra:decided	107	0\p0\p0\p0\p0	no	dl-online=not-applicable\pnra-real-root=incomplete	\pexact real-polynomial decider declined: non-conjunctive (cad-arm=default)	\p	server7	1,9	1.99
nia-groebner-gate-crossdiv-QF_NRA	gateunbounded	QF_NRA/meti-tarski/sqrt/1mcosq/7/sqrt-1mcosq-7-chunk-0160.smt2	3c3ba0eb2	Real	sat	0	nra	nra	5	fd:parse:probe\pprobe:probe\pdl-online:declined\pnra-real-root:declined\pnra:decided	107	0\p0\p0\p0\p0	no	dl-online=not-applicable\pnra-real-root=incomplete	\pexact real-polynomial decider declined: non-conjunctive (cad-arm=default)	\p	server7	1,9	1.99
nia-groebner-gate-crossdiv-QF_NRA	gateunbounded	QF_NRA/meti-tarski/sqrt/1mcosq/8/sqrt-1mcosq-8-chunk-0014.smt2	3c3ba0eb2	Real	unsat	0	nra-real-root	nra-real-root	4	fd:parse:probe\pprobe:probe\pdl-online:declined\pnra-real-root:decided	107	0\p0\p0\p0	no	dl-online=not-applicable			server7	1,9	1.99
nia-groebner-gate-crossdiv-QF_NRA	shipped	QF_NRA/meti-tarski/sqrt/1mcosq/8/sqrt-1mcosq-8-chunk-0014.smt2	3c3ba0eb2	Real	unsat	0	nra-real-root	nra-real-root	4	fd:parse:probe\pprobe:probe\pdl-online:declined\pnra-real-root:decided	107	0\p0\p0\p0	no	dl-online=not-applicable			server7	1,9	1.99
nia-groebner-gate-crossdiv-QF_NRA	shipped	QF_NRA/meti-tarski/sqrt/1mcosq/8/sqrt-1mcosq-8-chunk-0094.smt2	3c3ba0eb2	Real	sat	0	nra	nra	5	fd:parse:probe\pprobe:probe\pdl-online:declined\pnra-real-root:declined\pnra:decided	1409	0\p0\p0\p0\p1367	no	dl-online=not-applicable\pnra-real-root=incomplete	\pexact real-polynomial decider declined: projection (cad-arm=default)	\p	server7	1,9	1.99
nia-groebner-gate-crossdiv-QF_NRA	gateunbounded	QF_NRA/meti-tarski/sqrt/1mcosq/8/sqrt-1mcosq-8-chunk-0094.smt2	3c3ba0eb2	Real	sat	0	nra	nra	5	fd:parse:probe\pprobe:probe\pdl-online:declined\pnra-real-root:declined\pnra:decided	1408	0\p0\p0\p0\p1363	no	dl-online=not-applicable\pnra-real-root=incomplete	\pexact real-polynomial decider declined: projection (cad-arm=default)	\p	server7	1,9	1.99
nia-groebner-gate-crossdiv-QF_NRA	gateunbounded	QF_NRA/meti-tarski/sqrt/1mcosq/8/sqrt-1mcosq-8-chunk-0160.smt2	3c3ba0eb2	Real	sat	0	nra	nra	5	fd:parse:probe\pprobe:probe\pdl-online:declined\pnra-real-root:declined\pnra:decided	17918	0\p0\p0\p0\p17775	no	dl-online=not-applicable\pnra-real-root=incomplete	\pexact real-polynomial decider declined: projection (cad-arm=default)	\p	server7	1,9	1.99
nia-groebner-gate-crossdiv-QF_NRA	shipped	QF_NRA/meti-tarski/sqrt/1mcosq/8/sqrt-1mcosq-8-chunk-0160.smt2	3c3ba0eb2	Real	sat	0	nra	nra	5	fd:parse:probe\pprobe:probe\pdl-online:declined\pnra-real-root:declined\pnra:decided	16818	0\p0\p0\p0\p16634	no	dl-online=not-applicable\pnra-real-root=incomplete	\pexact real-polynomial decider declined: projection (cad-arm=default)	\p	server7	1,9	2.00
nia-groebner-gate-crossdiv-QF_NRA	shipped	QF_NRA/meti-tarski/sqrt/1mcosq/8/sqrt-1mcosq-8-chunk-0228.smt2	3c3ba0eb2	Real	unknown	0	none	nra	16	fd:parse:probe\pprobe:probe\pdl-online:declined\pnra-real-root:declined\pnra:declined\pq:skolem-qf:declined\pq:nat-induction:declined\pfd:string-gate:declined\pfd:source-string-semantic-unsat:declined\pfd:word-route:declined\pfd:online-string:declined\pfd:membership:declined\pfd:lex-order:declined\pfd:length-lia:declined\pfd:source-string-sat-probe:declined\pfd:bounded-completeness-unsat:declined	12514	0\p0\p0\p0\p12330\p0\p0\p0\p0\p0\p0\p0\p0\p0\p0\p0	no	dl-online=not-applicable\pnra-real-root=incomplete\pnra=budget\pq:skolem-qf=unsupported\pq:nat-induction=not-applicable\pfd:string-gate=budget\pfd:source-string-semantic-unsat=budget\pfd:word-route=budget\pfd:online-string=budget\pfd:membership=budget\pfd:lex-order=budget\pfd:length-lia=budget\pfd:source-string-sat-probe=budget\pfd:bounded-completeness-unsat=budget	\pexact real-polynomial decider declined: non-conjunctive (cad-arm=default)\plra: both engines declined — Fourier–Motzkin stopped on the deadline inside a variable's cross product, then the exact-rational simplex fallback stopped on the deadline building its dense tableau rows\pquant-route ownership (ADR-2103): `q:skolem-qf` owns {Real, Int, BvOrFloat, Datatype, Function, UninterpretedSort, Array, NonBvArray, NonBoolBvArray} and does not own {NestedArray, WideInt}, which this quantified query carries, so its non-decision is a decline and the ladder continues. Its own reason was: lra: both engines declined — Fourier–Motzkin stopped on the deadline inside a variable's cross product, then the exact-rational simplex fallback stopped on the deadline building its dense tableau rows\p\plra: both engines declined — Fourier–Motzkin stopped on the deadline inside a variable's cross product, then the exact-rational simplex fallback stopped on the deadline building its dense tableau rows\plra: both engines declined — Fourier–Motzkin stopped on the deadline inside a variable's cross product, then the exact-rational simplex fallback stopped on the deadline building its dense tableau rows\plra: both engines declined — Fourier–Motzkin stopped on the deadline inside a variable's cross product, then the exact-rational simplex fallback stopped on the deadline building its dense tableau rows\plra: both engines declined — Fourier–Motzkin stopped on the deadline inside a variable's cross product, then the exact-rational simplex fallback stopped on the deadline building its dense tableau rows\plra: both engines declined — Fourier–Motzkin stopped on the deadline inside a variable's cross product, then the exact-rational simplex fallback stopped on the deadline building its dense tableau rows\plra: both engines declined — Fourier–Motzkin stopped on the deadline inside a variable's cross product, then the exact-rational simplex fallback stopped on the deadline building its dense tableau rows\plra: both engines declined — Fourier–Motzkin stopped on the deadline inside a variable's cross product, then the exact-rational simplex fallback stopped on the deadline building its dense tableau rows\plra: both engines declined — Fourier–Motzkin stopped on the deadline inside a variable's cross product, then the exact-rational simplex fallback stopped on the deadline building its dense tableau rows\plra: both engines declined — Fourier–Motzkin stopped on the deadline inside a variable's cross product, then the exact-rational simplex fallback stopped on the deadline building its dense tableau rows	\p\pother\pquant-ownership-decline\p\pother\pother\pother\pother\pother\pother\pother\pother\pother	server7	1,9	2.00
nia-groebner-gate-crossdiv-QF_NRA	gateunbounded	QF_NRA/meti-tarski/sqrt/1mcosq/8/sqrt-1mcosq-8-chunk-0228.smt2	3c3ba0eb2	Real	unknown	0	none	nra	16	fd:parse:probe\pprobe:probe\pdl-online:declined\pnra-real-root:declined\pnra:declined\pq:skolem-qf:declined\pq:nat-induction:declined\pfd:string-gate:declined\pfd:source-string-semantic-unsat:declined\pfd:word-route:declined\pfd:online-string:declined\pfd:membership:declined\pfd:lex-order:declined\pfd:length-lia:declined\pfd:source-string-sat-probe:declined\pfd:bounded-completeness-unsat:declined	12515	0\p0\p0\p0\p12359\p0\p0\p0\p0\p0\p0\p0\p0\p0\p0\p0	no	dl-online=not-applicable\pnra-real-root=incomplete\pnra=budget\pq:skolem-qf=unsupported\pq:nat-induction=not-applicable\pfd:string-gate=budget\pfd:source-string-semantic-unsat=budget\pfd:word-route=budget\pfd:online-string=budget\pfd:membership=budget\pfd:lex-order=budget\pfd:length-lia=budget\pfd:source-string-sat-probe=budget\pfd:bounded-completeness-unsat=budget	\pexact real-polynomial decider declined: non-conjunctive (cad-arm=default)\plra: both engines declined — Fourier–Motzkin stopped on the deadline inside a variable's cross product, then the exact-rational simplex fallback stopped on the deadline building its dense tableau rows\pquant-route ownership (ADR-2103): `q:skolem-qf` owns {Real, Int, BvOrFloat, Datatype, Function, UninterpretedSort, Array, NonBvArray, NonBoolBvArray} and does not own {NestedArray, WideInt}, which this quantified query carries, so its non-decision is a decline and the ladder continues. Its own reason was: lra: both engines declined — Fourier–Motzkin stopped on the deadline inside a variable's cross product, then the exact-rational simplex fallback stopped on the deadline building its dense tableau rows\p\plra: both engines declined — Fourier–Motzkin stopped on the deadline inside a variable's cross product, then the exact-rational simplex fallback stopped on the deadline building its dense tableau rows\plra: both engines declined — Fourier–Motzkin stopped on the deadline inside a variable's cross product, then the exact-rational simplex fallback stopped on the deadline building its dense tableau rows\plra: both engines declined — Fourier–Motzkin stopped on the deadline inside a variable's cross product, then the exact-rational simplex fallback stopped on the deadline building its dense tableau rows\plra: both engines declined — Fourier–Motzkin stopped on the deadline inside a variable's cross product, then the exact-rational simplex fallback stopped on the deadline building its dense tableau rows\plra: both engines declined — Fourier–Motzkin stopped on the deadline inside a variable's cross product, then the exact-rational simplex fallback stopped on the deadline building its dense tableau rows\plra: both engines declined — Fourier–Motzkin stopped on the deadline inside a variable's cross product, then the exact-rational simplex fallback stopped on the deadline building its dense tableau rows\plra: both engines declined — Fourier–Motzkin stopped on the deadline inside a variable's cross product, then the exact-rational simplex fallback stopped on the deadline building its dense tableau rows\plra: both engines declined — Fourier–Motzkin stopped on the deadline inside a variable's cross product, then the exact-rational simplex fallback stopped on the deadline building its dense tableau rows\plra: both engines declined — Fourier–Motzkin stopped on the deadline inside a variable's cross product, then the exact-rational simplex fallback stopped on the deadline building its dense tableau rows	\p\pother\pquant-ownership-decline\p\pother\pother\pother\pother\pother\pother\pother\pother\pother	server7	1,9	2.00
nia-groebner-gate-crossdiv-QF_NRA	gateunbounded	QF_NRA/meti-tarski/sqrt/1mcosq/8/sqrt-1mcosq-8-chunk-0291.smt2	3c3ba0eb2	Real	unknown	0	none	nra	16	fd:parse:probe\pprobe:probe\pdl-online:declined\pnra-real-root:declined\pnra:declined\pq:skolem-qf:declined\pq:nat-induction:declined\pfd:string-gate:declined\pfd:source-string-semantic-unsat:declined\pfd:word-route:declined\pfd:online-string:declined\pfd:membership:declined\pfd:lex-order:declined\pfd:length-lia:declined\pfd:source-string-sat-probe:declined\pfd:bounded-completeness-unsat:declined	1808	0\p0\p0\p1\p1624\p0\p0\p0\p0\p0\p0\p0\p0\p0\p0\p0	no	dl-online=not-applicable\pnra-real-root=incomplete\pnra=budget\pq:skolem-qf=unsupported\pq:nat-induction=not-applicable\pfd:string-gate=budget\pfd:source-string-semantic-unsat=budget\pfd:word-route=budget\pfd:online-string=budget\pfd:membership=budget\pfd:lex-order=budget\pfd:length-lia=budget\pfd:source-string-sat-probe=budget\pfd:bounded-completeness-unsat=budget	\pexact real-polynomial decider declined: projection (cad-arm=default)\plra: both engines declined — the exact-rational simplex ran first and found the system infeasible with no rational Farkas certificate, a strict-delta refutation nothing could certify (not a budget at all), then Fourier–Motzkin hit its deterministic MAX_FM_CONSTRAINTS size guard (a size bound, not the clock); the simplex was not re-run on the identical system\pquant-route ownership (ADR-2103): `q:skolem-qf` owns {Real, Int, BvOrFloat, Datatype, Function, UninterpretedSort, Array, NonBvArray, NonBoolBvArray} and does not own {NestedArray, WideInt}, which this quantified query carries, so its non-decision is a decline and the ladder continues. Its own reason was: lra: both engines declined — the exact-rational simplex ran first and found the system infeasible with no rational Farkas certificate, a strict-delta refutation nothing could certify (not a budget at all), then Fourier–Motzkin hit its deterministic MAX_FM_CONSTRAINTS size guard (a size bound, not the clock); the simplex was not re-run on the identical system\p\plra: both engines declined — the exact-rational simplex ran first and found the system infeasible with no rational Farkas certificate, a strict-delta refutation nothing could certify (not a budget at all), then Fourier–Motzkin hit its deterministic MAX_FM_CONSTRAINTS size guard (a size bound, not the clock); the simplex was not re-run on the identical system\plra: both engines declined — the exact-rational simplex ran first and found the system infeasible with no rational Farkas certificate, a strict-delta refutation nothing could certify (not a budget at all), then Fourier–Motzkin hit its deterministic MAX_FM_CONSTRAINTS size guard (a size bound, not the clock); the simplex was not re-run on the identical system\plra: both engines declined — the exact-rational simplex ran first and found the system infeasible with no rational Farkas certificate, a strict-delta refutation nothing could certify (not a budget at all), then Fourier–Motzkin hit its deterministic MAX_FM_CONSTRAINTS size guard (a size bound, not the clock); the simplex was not re-run on the identical system\plra: both engines declined — the exact-rational simplex ran first and found the system infeasible with no rational Farkas certificate, a strict-delta refutation nothing could certify (not a budget at all), then Fourier–Motzkin hit its deterministic MAX_FM_CONSTRAINTS size guard (a size bound, not the clock); the simplex was not re-run on the identical system\plra: both engines declined — the exact-rational simplex ran first and found the system infeasible with no rational Farkas certificate, a strict-delta refutation nothing could certify (not a budget at all), then Fourier–Motzkin hit its deterministic MAX_FM_CONSTRAINTS size guard (a size bound, not the clock); the simplex was not re-run on the identical system\plra: both engines declined — the exact-rational simplex ran first and found the system infeasible with no rational Farkas certificate, a strict-delta refutation nothing could certify (not a budget at all), then Fourier–Motzkin hit its deterministic MAX_FM_CONSTRAINTS size guard (a size bound, not the clock); the simplex was not re-run on the identical system\plra: both engines declined — the exact-rational simplex ran first and found the system infeasible with no rational Farkas certificate, a strict-delta refutation nothing could certify (not a budget at all), then Fourier–Motzkin hit its deterministic MAX_FM_CONSTRAINTS size guard (a size bound, not the clock); the simplex was not re-run on the identical system\plra: both engines declined — the exact-rational simplex ran first and found the system infeasible with no rational Farkas certificate, a strict-delta refutation nothing could certify (not a budget at all), then Fourier–Motzkin hit its deterministic MAX_FM_CONSTRAINTS size guard (a size bound, not the clock); the simplex was not re-run on the identical system\plra: both engines declined — the exact-rational simplex ran first and found the system infeasible with no rational Farkas certificate, a strict-delta refutation nothing could certify (not a budget at all), then Fourier–Motzkin hit its deterministic MAX_FM_CONSTRAINTS size guard (a size bound, not the clock); the simplex was not re-run on the identical system	\p\pother\pquant-ownership-decline\p\pother\pother\pother\pother\pother\pother\pother\pother\pother	server7	1,9	2.00
nia-groebner-gate-crossdiv-QF_NRA	shipped	QF_NRA/meti-tarski/sqrt/1mcosq/8/sqrt-1mcosq-8-chunk-0291.smt2	3c3ba0eb2	Real	unknown	0	none	nra	16	fd:parse:probe\pprobe:probe\pdl-online:declined\pnra-real-root:declined\pnra:declined\pq:skolem-qf:declined\pq:nat-induction:declined\pfd:string-gate:declined\pfd:source-string-semantic-unsat:declined\pfd:word-route:declined\pfd:online-string:declined\pfd:membership:declined\pfd:lex-order:declined\pfd:length-lia:declined\pfd:source-string-sat-probe:declined\pfd:bounded-completeness-unsat:declined	1809	0\p0\p0\p1\p1632\p0\p0\p0\p0\p0\p0\p0\p0\p0\p0\p0	no	dl-online=not-applicable\pnra-real-root=incomplete\pnra=budget\pq:skolem-qf=unsupported\pq:nat-induction=not-applicable\pfd:string-gate=budget\pfd:source-string-semantic-unsat=budget\pfd:word-route=budget\pfd:online-string=budget\pfd:membership=budget\pfd:lex-order=budget\pfd:length-lia=budget\pfd:source-string-sat-probe=budget\pfd:bounded-completeness-unsat=budget	\pexact real-polynomial decider declined: projection (cad-arm=default)\plra: both engines declined — the exact-rational simplex ran first and found the system infeasible with no rational Farkas certificate, a strict-delta refutation nothing could certify (not a budget at all), then Fourier–Motzkin hit its deterministic MAX_FM_CONSTRAINTS size guard (a size bound, not the clock); the simplex was not re-run on the identical system\pquant-route ownership (ADR-2103): `q:skolem-qf` owns {Real, Int, BvOrFloat, Datatype, Function, UninterpretedSort, Array, NonBvArray, NonBoolBvArray} and does not own {NestedArray, WideInt}, which this quantified query carries, so its non-decision is a decline and the ladder continues. Its own reason was: lra: both engines declined — the exact-rational simplex ran first and found the system infeasible with no rational Farkas certificate, a strict-delta refutation nothing could certify (not a budget at all), then Fourier–Motzkin hit its deterministic MAX_FM_CONSTRAINTS size guard (a size bound, not the clock); the simplex was not re-run on the identical system\p\plra: both engines declined — the exact-rational simplex ran first and found the system infeasible with no rational Farkas certificate, a strict-delta refutation nothing could certify (not a budget at all), then Fourier–Motzkin hit its deterministic MAX_FM_CONSTRAINTS size guard (a size bound, not the clock); the simplex was not re-run on the identical system\plra: both engines declined — the exact-rational simplex ran first and found the system infeasible with no rational Farkas certificate, a strict-delta refutation nothing could certify (not a budget at all), then Fourier–Motzkin hit its deterministic MAX_FM_CONSTRAINTS size guard (a size bound, not the clock); the simplex was not re-run on the identical system\plra: both engines declined — the exact-rational simplex ran first and found the system infeasible with no rational Farkas certificate, a strict-delta refutation nothing could certify (not a budget at all), then Fourier–Motzkin hit its deterministic MAX_FM_CONSTRAINTS size guard (a size bound, not the clock); the simplex was not re-run on the identical system\plra: both engines declined — the exact-rational simplex ran first and found the system infeasible with no rational Farkas certificate, a strict-delta refutation nothing could certify (not a budget at all), then Fourier–Motzkin hit its deterministic MAX_FM_CONSTRAINTS size guard (a size bound, not the clock); the simplex was not re-run on the identical system\plra: both engines declined — the exact-rational simplex ran first and found the system infeasible with no rational Farkas certificate, a strict-delta refutation nothing could certify (not a budget at all), then Fourier–Motzkin hit its deterministic MAX_FM_CONSTRAINTS size guard (a size bound, not the clock); the simplex was not re-run on the identical system\plra: both engines declined — the exact-rational simplex ran first and found the system infeasible with no rational Farkas certificate, a strict-delta refutation nothing could certify (not a budget at all), then Fourier–Motzkin hit its deterministic MAX_FM_CONSTRAINTS size guard (a size bound, not the clock); the simplex was not re-run on the identical system\plra: both engines declined — the exact-rational simplex ran first and found the system infeasible with no rational Farkas certificate, a strict-delta refutation nothing could certify (not a budget at all), then Fourier–Motzkin hit its deterministic MAX_FM_CONSTRAINTS size guard (a size bound, not the clock); the simplex was not re-run on the identical system\plra: both engines declined — the exact-rational simplex ran first and found the system infeasible with no rational Farkas certificate, a strict-delta refutation nothing could certify (not a budget at all), then Fourier–Motzkin hit its deterministic MAX_FM_CONSTRAINTS size guard (a size bound, not the clock); the simplex was not re-run on the identical system\plra: both engines declined — the exact-rational simplex ran first and found the system infeasible with no rational Farkas certificate, a strict-delta refutation nothing could certify (not a budget at all), then Fourier–Motzkin hit its deterministic MAX_FM_CONSTRAINTS size guard (a size bound, not the clock); the simplex was not re-run on the identical system	\p\pother\pquant-ownership-decline\p\pother\pother\pother\pother\pother\pother\pother\pother\pother	server7	1,9	2.00
nia-groebner-gate-crossdiv-QF_NRA	shipped	QF_NRA/meti-tarski/sqrt/1mcosq/8/sqrt-1mcosq-8-chunk-0354.smt2	3c3ba0eb2	Real	unknown	0	none	nra	17	fd:parse:probe\pprobe:probe\pdl-online:declined\pnra-real-root:declined\pcas-ideal-refuter:declined\pnra:declined\pq:skolem-qf:declined\pq:nat-induction:declined\pfd:string-gate:declined\pfd:source-string-semantic-unsat:declined\pfd:word-route:declined\pfd:online-string:declined\pfd:membership:declined\pfd:lex-order:declined\pfd:length-lia:declined\pfd:source-string-sat-probe:declined\pfd:bounded-completeness-unsat:declined	107	0\p0\p0\p0\p3\p42\p0\p0\p0\p0\p0\p0\p0\p0\p0\p0\p0	no	dl-online=not-applicable\pnra-real-root=incomplete\pcas-ideal-refuter=incomplete\pnra=incomplete\pq:skolem-qf=unsupported\pq:nat-induction=not-applicable\pfd:string-gate=incomplete\pfd:source-string-semantic-unsat=incomplete\pfd:word-route=incomplete\pfd:online-string=incomplete\pfd:membership=incomplete\pfd:lex-order=incomplete\pfd:length-lia=incomplete\pfd:source-string-sat-probe=incomplete\pfd:bounded-completeness-unsat=incomplete	\pexact real-polynomial decider declined: projection (cad-arm=default)\pno combination of the asserted equations collapsed to a constant of the refuting sign\pnonlinear abstraction: refinement reached a fixpoint without deciding\pquant-route ownership (ADR-2103): `q:skolem-qf` owns {Real, Int, BvOrFloat, Datatype, Function, UninterpretedSort, Array, NonBvArray, NonBoolBvArray} and does not own {NestedArray, WideInt}, which this quantified query carries, so its non-decision is a decline and the ladder continues. Its own reason was: nonlinear abstraction: refinement reached a fixpoint without deciding\p\pnonlinear abstraction: refinement reached a fixpoint without deciding\pnonlinear abstraction: refinement reached a fixpoint without deciding\pnonlinear abstraction: refinement reached a fixpoint without deciding\pnonlinear abstraction: refinement reached a fixpoint without deciding\pnonlinear abstraction: refinement reached a fixpoint without deciding\pnonlinear abstraction: refinement reached a fixpoint without deciding\pnonlinear abstraction: refinement reached a fixpoint without deciding\pnonlinear abstraction: refinement reached a fixpoint without deciding\pnonlinear abstraction: refinement reached a fixpoint without deciding	\p\p\p\pquant-ownership-decline\p\p\p\p\p\p\p\p\p\p	server7	1,9	2.00
nia-groebner-gate-crossdiv-QF_NRA	gateunbounded	QF_NRA/meti-tarski/sqrt/1mcosq/8/sqrt-1mcosq-8-chunk-0354.smt2	3c3ba0eb2	Real	unknown	0	none	nra	17	fd:parse:probe\pprobe:probe\pdl-online:declined\pnra-real-root:declined\pcas-ideal-refuter:declined\pnra:declined\pq:skolem-qf:declined\pq:nat-induction:declined\pfd:string-gate:declined\pfd:source-string-semantic-unsat:declined\pfd:word-route:declined\pfd:online-string:declined\pfd:membership:declined\pfd:lex-order:declined\pfd:length-lia:declined\pfd:source-string-sat-probe:declined\pfd:bounded-completeness-unsat:declined	107	0\p0\p0\p0\p3\p42\p0\p0\p0\p0\p0\p0\p0\p0\p0\p0\p0	no	dl-online=not-applicable\pnra-real-root=incomplete\pcas-ideal-refuter=incomplete\pnra=incomplete\pq:skolem-qf=unsupported\pq:nat-induction=not-applicable\pfd:string-gate=incomplete\pfd:source-string-semantic-unsat=incomplete\pfd:word-route=incomplete\pfd:online-string=incomplete\pfd:membership=incomplete\pfd:lex-order=incomplete\pfd:length-lia=incomplete\pfd:source-string-sat-probe=incomplete\pfd:bounded-completeness-unsat=incomplete	\pexact real-polynomial decider declined: projection (cad-arm=default)\pno combination of the asserted equations collapsed to a constant of the refuting sign\pnonlinear abstraction: refinement reached a fixpoint without deciding\pquant-route ownership (ADR-2103): `q:skolem-qf` owns {Real, Int, BvOrFloat, Datatype, Function, UninterpretedSort, Array, NonBvArray, NonBoolBvArray} and does not own {NestedArray, WideInt}, which this quantified query carries, so its non-decision is a decline and the ladder continues. Its own reason was: nonlinear abstraction: refinement reached a fixpoint without deciding\p\pnonlinear abstraction: refinement reached a fixpoint without deciding\pnonlinear abstraction: refinement reached a fixpoint without deciding\pnonlinear abstraction: refinement reached a fixpoint without deciding\pnonlinear abstraction: refinement reached a fixpoint without deciding\pnonlinear abstraction: refinement reached a fixpoint without deciding\pnonlinear abstraction: refinement reached a fixpoint without deciding\pnonlinear abstraction: refinement reached a fixpoint without deciding\pnonlinear abstraction: refinement reached a fixpoint without deciding\pnonlinear abstraction: refinement reached a fixpoint without deciding	\p\p\p\pquant-ownership-decline\p\p\p\p\p\p\p\p\p\p	server7	1,9	2.00
nia-groebner-gate-crossdiv-QF_NRA	gateunbounded	QF_NRA/meti-tarski/sqrt/1mcosq/8/sqrt-1mcosq-8-chunk-0421.smt2	3c3ba0eb2	Real	unknown	0	none	nra	16	fd:parse:probe\pprobe:probe\pdl-online:declined\pnra-real-root:declined\pnra:declined\pq:skolem-qf:declined\pq:nat-induction:declined\pfd:string-gate:declined\pfd:source-string-semantic-unsat:declined\pfd:word-route:declined\pfd:online-string:declined\pfd:membership:declined\pfd:lex-order:declined\pfd:length-lia:declined\pfd:source-string-sat-probe:declined\pfd:bounded-completeness-unsat:declined	12216	0\p0\p0\p0\p12131\p0\p0\p0\p0\p0\p0\p0\p0\p0\p0\p0	no	dl-online=not-applicable\pnra-real-root=incomplete\pnra=incomplete\pq:skolem-qf=unsupported\pq:nat-induction=not-applicable\pfd:string-gate=incomplete\pfd:source-string-semantic-unsat=incomplete\pfd:word-route=incomplete\pfd:online-string=incomplete\pfd:membership=incomplete\pfd:lex-order=incomplete\pfd:length-lia=incomplete\pfd:source-string-sat-probe=incomplete\pfd:bounded-completeness-unsat=incomplete	\pexact real-polynomial decider declined: non-conjunctive (cad-arm=default)\ponline CDCL(T) LRA model did not replay (arithmetic outside the incremental engine)\pquant-route ownership (ADR-2103): `q:skolem-qf` owns {Real, Int, BvOrFloat, Datatype, Function, UninterpretedSort, Array, NonBvArray, NonBoolBvArray} and does not own {NestedArray, WideInt}, which this quantified query carries, so its non-decision is a decline and the ladder continues. Its own reason was: online CDCL(T) LRA model did not replay (arithmetic outside the incremental engine)\p\ponline CDCL(T) LRA model did not replay (arithmetic outside the incremental engine)\ponline CDCL(T) LRA model did not replay (arithmetic outside the incremental engine)\ponline CDCL(T) LRA model did not replay (arithmetic outside the incremental engine)\ponline CDCL(T) LRA model did not replay (arithmetic outside the incremental engine)\ponline CDCL(T) LRA model did not replay (arithmetic outside the incremental engine)\ponline CDCL(T) LRA model did not replay (arithmetic outside the incremental engine)\ponline CDCL(T) LRA model did not replay (arithmetic outside the incremental engine)\ponline CDCL(T) LRA model did not replay (arithmetic outside the incremental engine)\ponline CDCL(T) LRA model did not replay (arithmetic outside the incremental engine)	\p\p\pquant-ownership-decline\p\p\p\p\p\p\p\p\p\p	server7	1,9	2.00
nia-groebner-gate-crossdiv-QF_NRA	shipped	QF_NRA/meti-tarski/sqrt/1mcosq/8/sqrt-1mcosq-8-chunk-0421.smt2	3c3ba0eb2	Real	unknown	0	none	nra	16	fd:parse:probe\pprobe:probe\pdl-online:declined\pnra-real-root:declined\pnra:declined\pq:skolem-qf:declined\pq:nat-induction:declined\pfd:string-gate:declined\pfd:source-string-semantic-unsat:declined\pfd:word-route:declined\pfd:online-string:declined\pfd:membership:declined\pfd:lex-order:declined\pfd:length-lia:declined\pfd:source-string-sat-probe:declined\pfd:bounded-completeness-unsat:declined	12216	0\p0\p0\p0\p12128\p0\p0\p0\p0\p0\p0\p0\p0\p0\p0\p0	no	dl-online=not-applicable\pnra-real-root=incomplete\pnra=incomplete\pq:skolem-qf=unsupported\pq:nat-induction=not-applicable\pfd:string-gate=incomplete\pfd:source-string-semantic-unsat=incomplete\pfd:word-route=incomplete\pfd:online-string=incomplete\pfd:membership=incomplete\pfd:lex-order=incomplete\pfd:length-lia=incomplete\pfd:source-string-sat-probe=incomplete\pfd:bounded-completeness-unsat=incomplete	\pexact real-polynomial decider declined: non-conjunctive (cad-arm=default)\ponline CDCL(T) LRA model did not replay (arithmetic outside the incremental engine)\pquant-route ownership (ADR-2103): `q:skolem-qf` owns {Real, Int, BvOrFloat, Datatype, Function, UninterpretedSort, Array, NonBvArray, NonBoolBvArray} and does not own {NestedArray, WideInt}, which this quantified query carries, so its non-decision is a decline and the ladder continues. Its own reason was: online CDCL(T) LRA model did not replay (arithmetic outside the incremental engine)\p\ponline CDCL(T) LRA model did not replay (arithmetic outside the incremental engine)\ponline CDCL(T) LRA model did not replay (arithmetic outside the incremental engine)\ponline CDCL(T) LRA model did not replay (arithmetic outside the incremental engine)\ponline CDCL(T) LRA model did not replay (arithmetic outside the incremental engine)\ponline CDCL(T) LRA model did not replay (arithmetic outside the incremental engine)\ponline CDCL(T) LRA model did not replay (arithmetic outside the incremental engine)\ponline CDCL(T) LRA model did not replay (arithmetic outside the incremental engine)\ponline CDCL(T) LRA model did not replay (arithmetic outside the incremental engine)\ponline CDCL(T) LRA model did not replay (arithmetic outside the incremental engine)	\p\p\pquant-ownership-decline\p\p\p\p\p\p\p\p\p\p	server7	1,9	2.00
nia-groebner-gate-crossdiv-QF_NRA	shipped	QF_NRA/meti-tarski/sqrt/1mcosq/8/sqrt-1mcosq-8-chunk-0485.smt2	3c3ba0eb2	Real	unsat	0	nra-real-root	nra-real-root	4	fd:parse:probe\pprobe:probe\pdl-online:declined\pnra-real-root:decided	207	0\p0\p0\p0	no	dl-online=not-applicable			server7	1,9	2.00
nia-groebner-gate-crossdiv-QF_NRA	gateunbounded	QF_NRA/meti-tarski/sqrt/1mcosq/8/sqrt-1mcosq-8-chunk-0485.smt2	3c3ba0eb2	Real	unsat	0	nra-real-root	nra-real-root	4	fd:parse:probe\pprobe:probe\pdl-online:declined\pnra-real-root:decided	108	0\p0\p0\p0	no	dl-online=not-applicable			server7	1,9	2.00
nia-groebner-gate-crossdiv-QF_NRA	gateunbounded	QF_NRA/meti-tarski/sqrt/1mcosq/8/sqrt-1mcosq-8-chunk-0562.smt2	3c3ba0eb2	Real	unknown	0	none	nra	17	fd:parse:probe\pprobe:probe\pdl-online:declined\pnra-real-root:declined\pcas-ideal-refuter:declined\pnra:declined\pq:skolem-qf:declined\pq:nat-induction:declined\pfd:string-gate:declined\pfd:source-string-semantic-unsat:declined\pfd:word-route:declined\pfd:online-string:declined\pfd:membership:declined\pfd:lex-order:declined\pfd:length-lia:declined\pfd:source-string-sat-probe:declined\pfd:bounded-completeness-unsat:declined	3309	0\p0\p0\p0\p1\p786\p0\p0\p0\p0\p0\p0\p0\p0\p0\p0\p0	no	dl-online=not-applicable\pnra-real-root=incomplete\pcas-ideal-refuter=incomplete\pnra=incomplete\pq:skolem-qf=unsupported\pq:nat-induction=not-applicable\pfd:string-gate=incomplete\pfd:source-string-semantic-unsat=incomplete\pfd:word-route=incomplete\pfd:online-string=incomplete\pfd:membership=incomplete\pfd:lex-order=incomplete\pfd:length-lia=incomplete\pfd:source-string-sat-probe=incomplete\pfd:bounded-completeness-unsat=incomplete	\pexact real-polynomial decider declined: projection (cad-arm=default)\pno combination of the asserted equations collapsed to a constant of the refuting sign\pnonlinear abstraction: refinement reached a fixpoint without deciding\pquant-route ownership (ADR-2103): `q:skolem-qf` owns {Real, Int, BvOrFloat, Datatype, Function, UninterpretedSort, Array, NonBvArray, NonBoolBvArray} and does not own {NestedArray, WideInt}, which this quantified query carries, so its non-decision is a decline and the ladder continues. Its own reason was: nonlinear abstraction: refinement reached a fixpoint without deciding\p\pnonlinear abstraction: refinement reached a fixpoint without deciding\pnonlinear abstraction: refinement reached a fixpoint without deciding\pnonlinear abstraction: refinement reached a fixpoint without deciding\pnonlinear abstraction: refinement reached a fixpoint without deciding\pnonlinear abstraction: refinement reached a fixpoint without deciding\pnonlinear abstraction: refinement reached a fixpoint without deciding\pnonlinear abstraction: refinement reached a fixpoint without deciding\pnonlinear abstraction: refinement reached a fixpoint without deciding\pnonlinear abstraction: refinement reached a fixpoint without deciding	\p\p\p\pquant-ownership-decline\p\p\p\p\p\p\p\p\p\p	server7	1,9	2.00
nia-groebner-gate-crossdiv-QF_NRA	shipped	QF_NRA/meti-tarski/sqrt/1mcosq/8/sqrt-1mcosq-8-chunk-0562.smt2	3c3ba0eb2	Real	unknown	0	none	nra	17	fd:parse:probe\pprobe:probe\pdl-online:declined\pnra-real-root:declined\pcas-ideal-refuter:declined\pnra:declined\pq:skolem-qf:declined\pq:nat-induction:declined\pfd:string-gate:declined\pfd:source-string-semantic-unsat:declined\pfd:word-route:declined\pfd:online-string:declined\pfd:membership:declined\pfd:lex-order:declined\pfd:length-lia:declined\pfd:source-string-sat-probe:declined\pfd:bounded-completeness-unsat:declined	3308	0\p0\p0\p0\p1\p781\p0\p0\p0\p0\p0\p0\p0\p0\p0\p0\p0	no	dl-online=not-applicable\pnra-real-root=incomplete\pcas-ideal-refuter=incomplete\pnra=incomplete\pq:skolem-qf=unsupported\pq:nat-induction=not-applicable\pfd:string-gate=incomplete\pfd:source-string-semantic-unsat=incomplete\pfd:word-route=incomplete\pfd:online-string=incomplete\pfd:membership=incomplete\pfd:lex-order=incomplete\pfd:length-lia=incomplete\pfd:source-string-sat-probe=incomplete\pfd:bounded-completeness-unsat=incomplete	\pexact real-polynomial decider declined: projection (cad-arm=default)\pno combination of the asserted equations collapsed to a constant of the refuting sign\pnonlinear abstraction: refinement reached a fixpoint without deciding\pquant-route ownership (ADR-2103): `q:skolem-qf` owns {Real, Int, BvOrFloat, Datatype, Function, UninterpretedSort, Array, NonBvArray, NonBoolBvArray} and does not own {NestedArray, WideInt}, which this quantified query carries, so its non-decision is a decline and the ladder continues. Its own reason was: nonlinear abstraction: refinement reached a fixpoint without deciding\p\pnonlinear abstraction: refinement reached a fixpoint without deciding\pnonlinear abstraction: refinement reached a fixpoint without deciding\pnonlinear abstraction: refinement reached a fixpoint without deciding\pnonlinear abstraction: refinement reached a fixpoint without deciding\pnonlinear abstraction: refinement reached a fixpoint without deciding\pnonlinear abstraction: refinement reached a fixpoint without deciding\pnonlinear abstraction: refinement reached a fixpoint without deciding\pnonlinear abstraction: refinement reached a fixpoint without deciding\pnonlinear abstraction: refinement reached a fixpoint without deciding	\p\p\p\pquant-ownership-decline\p\p\p\p\p\p\p\p\p\p	server7	1,9	2.00
nia-groebner-gate-crossdiv-QF_NRA	shipped	QF_NRA/meti-tarski/sqrt/1mcosq/8/sqrt-1mcosq-8-chunk-0627.smt2	3c3ba0eb2	Real	sat	0	nra	nra	6	fd:parse:probe\pprobe:probe\pdl-online:declined\pnra-real-root:declined\pcas-ideal-refuter:declined\pnra:decided	308	0\p0\p0\p0\p2\p188	no	dl-online=not-applicable\pnra-real-root=incomplete\pcas-ideal-refuter=incomplete	\pexact real-polynomial decider declined: projection (cad-arm=default)\pno combination of the asserted equations collapsed to a constant of the refuting sign	\p\p	server7	1,9	2.00
nia-groebner-gate-crossdiv-QF_NRA	gateunbounded	QF_NRA/meti-tarski/sqrt/1mcosq/8/sqrt-1mcosq-8-chunk-0627.smt2	3c3ba0eb2	Real	sat	0	nra	nra	6	fd:parse:probe\pprobe:probe\pdl-online:declined\pnra-real-root:declined\pcas-ideal-refuter:declined\pnra:decided	208	0\p0\p0\p0\p2\p184	no	dl-online=not-applicable\pnra-real-root=incomplete\pcas-ideal-refuter=incomplete	\pexact real-polynomial decider declined: projection (cad-arm=default)\pno combination of the asserted equations collapsed to a constant of the refuting sign	\p\p	server7	1,9	2.00
nia-groebner-gate-crossdiv-QF_NRA	gateunbounded	QF_NRA/meti-tarski/sqrt/1mcosq/8/sqrt-1mcosq-8-chunk-0695.smt2	3c3ba0eb2	Real	unknown	0	none	nra	17	fd:parse:probe\pprobe:probe\pdl-online:declined\pnra-real-root:declined\pcas-ideal-refuter:declined\pnra:declined\pq:skolem-qf:declined\pq:nat-induction:declined\pfd:string-gate:declined\pfd:source-string-semantic-unsat:declined\pfd:word-route:declined\pfd:online-string:declined\pfd:membership:declined\pfd:lex-order:declined\pfd:length-lia:declined\pfd:source-string-sat-probe:declined\pfd:bounded-completeness-unsat:declined	1708	0\p0\p0\p1\p0\p1557\p0\p0\p0\p0\p0\p0\p0\p0\p0\p0\p0	no	dl-online=not-applicable\pnra-real-root=incomplete\pcas-ideal-refuter=incomplete\pnra=budget\pq:skolem-qf=unsupported\pq:nat-induction=not-applicable\pfd:string-gate=budget\pfd:source-string-semantic-unsat=budget\pfd:word-route=budget\pfd:online-string=budget\pfd:membership=budget\pfd:lex-order=budget\pfd:length-lia=budget\pfd:source-string-sat-probe=budget\pfd:bounded-completeness-unsat=budget	\pexact real-polynomial decider declined: projection (cad-arm=default)\pno combination of the asserted equations collapsed to a constant of the refuting sign\plra: both engines declined — the exact-rational simplex ran first and found the system infeasible with no rational Farkas certificate, a strict-delta refutation nothing could certify (not a budget at all), then Fourier–Motzkin hit its deterministic MAX_FM_CONSTRAINTS size guard (a size bound, not the clock); the simplex was not re-run on the identical system\pquant-route ownership (ADR-2103): `q:skolem-qf` owns {Real, Int, BvOrFloat, Datatype, Function, UninterpretedSort, Array, NonBvArray, NonBoolBvArray} and does not own {NestedArray, WideInt}, which this quantified query carries, so its non-decision is a decline and the ladder continues. Its own reason was: lra: both engines declined — the exact-rational simplex ran first and found the system infeasible with no rational Farkas certificate, a strict-delta refutation nothing could certify (not a budget at all), then Fourier–Motzkin hit its deterministic MAX_FM_CONSTRAINTS size guard (a size bound, not the clock); the simplex was not re-run on the identical system\p\plra: both engines declined — the exact-rational simplex ran first and found the system infeasible with no rational Farkas certificate, a strict-delta refutation nothing could certify (not a budget at all), then Fourier–Motzkin hit its deterministic MAX_FM_CONSTRAINTS size guard (a size bound, not the clock); the simplex was not re-run on the identical system\plra: both engines declined — the exact-rational simplex ran first and found the system infeasible with no rational Farkas certificate, a strict-delta refutation nothing could certify (not a budget at all), then Fourier–Motzkin hit its deterministic MAX_FM_CONSTRAINTS size guard (a size bound, not the clock); the simplex was not re-run on the identical system\plra: both engines declined — the exact-rational simplex ran first and found the system infeasible with no rational Farkas certificate, a strict-delta refutation nothing could certify (not a budget at all), then Fourier–Motzkin hit its deterministic MAX_FM_CONSTRAINTS size guard (a size bound, not the clock); the simplex was not re-run on the identical system\plra: both engines declined — the exact-rational simplex ran first and found the system infeasible with no rational Farkas certificate, a strict-delta refutation nothing could certify (not a budget at all), then Fourier–Motzkin hit its deterministic MAX_FM_CONSTRAINTS size guard (a size bound, not the clock); the simplex was not re-run on the identical system\plra: both engines declined — the exact-rational simplex ran first and found the system infeasible with no rational Farkas certificate, a strict-delta refutation nothing could certify (not a budget at all), then Fourier–Motzkin hit its deterministic MAX_FM_CONSTRAINTS size guard (a size bound, not the clock); the simplex was not re-run on the identical system\plra: both engines declined — the exact-rational simplex ran first and found the system infeasible with no rational Farkas certificate, a strict-delta refutation nothing could certify (not a budget at all), then Fourier–Motzkin hit its deterministic MAX_FM_CONSTRAINTS size guard (a size bound, not the clock); the simplex was not re-run on the identical system\plra: both engines declined — the exact-rational simplex ran first and found the system infeasible with no rational Farkas certificate, a strict-delta refutation nothing could certify (not a budget at all), then Fourier–Motzkin hit its deterministic MAX_FM_CONSTRAINTS size guard (a size bound, not the clock); the simplex was not re-run on the identical system\plra: both engines declined — the exact-rational simplex ran first and found the system infeasible with no rational Farkas certificate, a strict-delta refutation nothing could certify (not a budget at all), then Fourier–Motzkin hit its deterministic MAX_FM_CONSTRAINTS size guard (a size bound, not the clock); the simplex was not re-run on the identical system\plra: both engines declined — the exact-rational simplex ran first and found the system infeasible with no rational Farkas certificate, a strict-delta refutation nothing could certify (not a budget at all), then Fourier–Motzkin hit its deterministic MAX_FM_CONSTRAINTS size guard (a size bound, not the clock); the simplex was not re-run on the identical system	\p\p\pother\pquant-ownership-decline\p\pother\pother\pother\pother\pother\pother\pother\pother\pother	server7	1,9	2.00
nia-groebner-gate-crossdiv-QF_NRA	shipped	QF_NRA/meti-tarski/sqrt/1mcosq/8/sqrt-1mcosq-8-chunk-0695.smt2	3c3ba0eb2	Real	unknown	0	none	nra	17	fd:parse:probe\pprobe:probe\pdl-online:declined\pnra-real-root:declined\pcas-ideal-refuter:declined\pnra:declined\pq:skolem-qf:declined\pq:nat-induction:declined\pfd:string-gate:declined\pfd:source-string-semantic-unsat:declined\pfd:word-route:declined\pfd:online-string:declined\pfd:membership:declined\pfd:lex-order:declined\pfd:length-lia:declined\pfd:source-string-sat-probe:declined\pfd:bounded-completeness-unsat:declined	1709	0\p0\p0\p1\p0\p1563\p0\p0\p0\p0\p0\p0\p0\p0\p0\p0\p0	no	dl-online=not-applicable\pnra-real-root=incomplete\pcas-ideal-refuter=incomplete\pnra=budget\pq:skolem-qf=unsupported\pq:nat-induction=not-applicable\pfd:string-gate=budget\pfd:source-string-semantic-unsat=budget\pfd:word-route=budget\pfd:online-string=budget\pfd:membership=budget\pfd:lex-order=budget\pfd:length-lia=budget\pfd:source-string-sat-probe=budget\pfd:bounded-completeness-unsat=budget	\pexact real-polynomial decider declined: projection (cad-arm=default)\pno combination of the asserted equations collapsed to a constant of the refuting sign\plra: both engines declined — the exact-rational simplex ran first and found the system infeasible with no rational Farkas certificate, a strict-delta refutation nothing could certify (not a budget at all), then Fourier–Motzkin hit its deterministic MAX_FM_CONSTRAINTS size guard (a size bound, not the clock); the simplex was not re-run on the identical system\pquant-route ownership (ADR-2103): `q:skolem-qf` owns {Real, Int, BvOrFloat, Datatype, Function, UninterpretedSort, Array, NonBvArray, NonBoolBvArray} and does not own {NestedArray, WideInt}, which this quantified query carries, so its non-decision is a decline and the ladder continues. Its own reason was: lra: both engines declined — the exact-rational simplex ran first and found the system infeasible with no rational Farkas certificate, a strict-delta refutation nothing could certify (not a budget at all), then Fourier–Motzkin hit its deterministic MAX_FM_CONSTRAINTS size guard (a size bound, not the clock); the simplex was not re-run on the identical system\p\plra: both engines declined — the exact-rational simplex ran first and found the system infeasible with no rational Farkas certificate, a strict-delta refutation nothing could certify (not a budget at all), then Fourier–Motzkin hit its deterministic MAX_FM_CONSTRAINTS size guard (a size bound, not the clock); the simplex was not re-run on the identical system\plra: both engines declined — the exact-rational simplex ran first and found the system infeasible with no rational Farkas certificate, a strict-delta refutation nothing could certify (not a budget at all), then Fourier–Motzkin hit its deterministic MAX_FM_CONSTRAINTS size guard (a size bound, not the clock); the simplex was not re-run on the identical system\plra: both engines declined — the exact-rational simplex ran first and found the system infeasible with no rational Farkas certificate, a strict-delta refutation nothing could certify (not a budget at all), then Fourier–Motzkin hit its deterministic MAX_FM_CONSTRAINTS size guard (a size bound, not the clock); the simplex was not re-run on the identical system\plra: both engines declined — the exact-rational simplex ran first and found the system infeasible with no rational Farkas certificate, a strict-delta refutation nothing could certify (not a budget at all), then Fourier–Motzkin hit its deterministic MAX_FM_CONSTRAINTS size guard (a size bound, not the clock); the simplex was not re-run on the identical system\plra: both engines declined — the exact-rational simplex ran first and found the system infeasible with no rational Farkas certificate, a strict-delta refutation nothing could certify (not a budget at all), then Fourier–Motzkin hit its deterministic MAX_FM_CONSTRAINTS size guard (a size bound, not the clock); the simplex was not re-run on the identical system\plra: both engines declined — the exact-rational simplex ran first and found the system infeasible with no rational Farkas certificate, a strict-delta refutation nothing could certify (not a budget at all), then Fourier–Motzkin hit its deterministic MAX_FM_CONSTRAINTS size guard (a size bound, not the clock); the simplex was not re-run on the identical system\plra: both engines declined — the exact-rational simplex ran first and found the system infeasible with no rational Farkas certificate, a strict-delta refutation nothing could certify (not a budget at all), then Fourier–Motzkin hit its deterministic MAX_FM_CONSTRAINTS size guard (a size bound, not the clock); the simplex was not re-run on the identical system\plra: both engines declined — the exact-rational simplex ran first and found the system infeasible with no rational Farkas certificate, a strict-delta refutation nothing could certify (not a budget at all), then Fourier–Motzkin hit its deterministic MAX_FM_CONSTRAINTS size guard (a size bound, not the clock); the simplex was not re-run on the identical system\plra: both engines declined — the exact-rational simplex ran first and found the system infeasible with no rational Farkas certificate, a strict-delta refutation nothing could certify (not a budget at all), then Fourier–Motzkin hit its deterministic MAX_FM_CONSTRAINTS size guard (a size bound, not the clock); the simplex was not re-run on the identical system	\p\p\pother\pquant-ownership-decline\p\pother\pother\pother\pother\pother\pother\pother\pother\pother	server7	1,9	2.00
nia-groebner-gate-crossdiv-QF_NRA	shipped	QF_NRA/meti-tarski/sqrt/circles/3/sqrt-circles-3-chunk-0021.smt2	3c3ba0eb2	Real	unknown	0	none	nra	17	fd:parse:probe\pprobe:probe\pdl-online:declined\pnra-real-root:declined\pcas-ideal-refuter:declined\pnra:declined\pq:skolem-qf:declined\pq:nat-induction:declined\pfd:string-gate:declined\pfd:source-string-semantic-unsat:declined\pfd:word-route:declined\pfd:online-string:declined\pfd:membership:declined\pfd:lex-order:declined\pfd:length-lia:declined\pfd:source-string-sat-probe:declined\pfd:bounded-completeness-unsat:declined	12415	0\p0\p0\p1\p2\p12320\p0\p0\p0\p0\p0\p0\p0\p0\p0\p0\p0	no	dl-online=not-applicable\pnra-real-root=incomplete\pcas-ideal-refuter=incomplete\pnra=budget\pq:skolem-qf=unsupported\pq:nat-induction=not-applicable\pfd:string-gate=budget\pfd:source-string-semantic-unsat=budget\pfd:word-route=budget\pfd:online-string=budget\pfd:membership=budget\pfd:lex-order=budget\pfd:length-lia=budget\pfd:source-string-sat-probe=budget\pfd:bounded-completeness-unsat=budget	\pexact real-polynomial decider declined: projection (cad-arm=default)\pno combination of the asserted equations collapsed to a constant of the refuting sign\plra: both engines declined — Fourier–Motzkin hit its deterministic MAX_FM_CONSTRAINTS size guard (a size bound, not the clock), then the exact-rational simplex fallback stopped on the deadline building its dense tableau rows\pquant-route ownership (ADR-2103): `q:skolem-qf` owns {Real, Int, BvOrFloat, Datatype, Function, UninterpretedSort, Array, NonBvArray, NonBoolBvArray} and does not own {NestedArray, WideInt}, which this quantified query carries, so its non-decision is a decline and the ladder continues. Its own reason was: lra: both engines declined — Fourier–Motzkin hit its deterministic MAX_FM_CONSTRAINTS size guard (a size bound, not the clock), then the exact-rational simplex fallback stopped on the deadline building its dense tableau rows\p\plra: both engines declined — Fourier–Motzkin hit its deterministic MAX_FM_CONSTRAINTS size guard (a size bound, not the clock), then the exact-rational simplex fallback stopped on the deadline building its dense tableau rows\plra: both engines declined — Fourier–Motzkin hit its deterministic MAX_FM_CONSTRAINTS size guard (a size bound, not the clock), then the exact-rational simplex fallback stopped on the deadline building its dense tableau rows\plra: both engines declined — Fourier–Motzkin hit its deterministic MAX_FM_CONSTRAINTS size guard (a size bound, not the clock), then the exact-rational simplex fallback stopped on the deadline building its dense tableau rows\plra: both engines declined — Fourier–Motzkin hit its deterministic MAX_FM_CONSTRAINTS size guard (a size bound, not the clock), then the exact-rational simplex fallback stopped on the deadline building its dense tableau rows\plra: both engines declined — Fourier–Motzkin hit its deterministic MAX_FM_CONSTRAINTS size guard (a size bound, not the clock), then the exact-rational simplex fallback stopped on the deadline building its dense tableau rows\plra: both engines declined — Fourier–Motzkin hit its deterministic MAX_FM_CONSTRAINTS size guard (a size bound, not the clock), then the exact-rational simplex fallback stopped on the deadline building its dense tableau rows\plra: both engines declined — Fourier–Motzkin hit its deterministic MAX_FM_CONSTRAINTS size guard (a size bound, not the clock), then the exact-rational simplex fallback stopped on the deadline building its dense tableau rows\plra: both engines declined — Fourier–Motzkin hit its deterministic MAX_FM_CONSTRAINTS size guard (a size bound, not the clock), then the exact-rational simplex fallback stopped on the deadline building its dense tableau rows\plra: both engines declined — Fourier–Motzkin hit its deterministic MAX_FM_CONSTRAINTS size guard (a size bound, not the clock), then the exact-rational simplex fallback stopped on the deadline building its dense tableau rows	\p\p\pother\pquant-ownership-decline\p\pother\pother\pother\pother\pother\pother\pother\pother\pother	server7	1,9	2.00
nia-groebner-gate-crossdiv-QF_NRA	gateunbounded	QF_NRA/meti-tarski/sqrt/circles/3/sqrt-circles-3-chunk-0021.smt2	3c3ba0eb2	Real	unknown	0	none	nra	17	fd:parse:probe\pprobe:probe\pdl-online:declined\pnra-real-root:declined\pcas-ideal-refuter:declined\pnra:declined\pq:skolem-qf:declined\pq:nat-induction:declined\pfd:string-gate:declined\pfd:source-string-semantic-unsat:declined\pfd:word-route:declined\pfd:online-string:declined\pfd:membership:declined\pfd:lex-order:declined\pfd:length-lia:declined\pfd:source-string-sat-probe:declined\pfd:bounded-completeness-unsat:declined	12416	0\p0\p0\p1\p2\p12312\p0\p0\p0\p0\p0\p0\p0\p0\p0\p0\p0	no	dl-online=not-applicable\pnra-real-root=incomplete\pcas-ideal-refuter=incomplete\pnra=budget\pq:skolem-qf=unsupported\pq:nat-induction=not-applicable\pfd:string-gate=budget\pfd:source-string-semantic-unsat=budget\pfd:word-route=budget\pfd:online-string=budget\pfd:membership=budget\pfd:lex-order=budget\pfd:length-lia=budget\pfd:source-string-sat-probe=budget\pfd:bounded-completeness-unsat=budget	\pexact real-polynomial decider declined: projection (cad-arm=default)\pno combination of the asserted equations collapsed to a constant of the refuting sign\plra: both engines declined — Fourier–Motzkin stopped on the deadline inside a variable's cross product, then the exact-rational simplex fallback stopped on the deadline building its dense tableau rows\pquant-route ownership (ADR-2103): `q:skolem-qf` owns {Real, Int, BvOrFloat, Datatype, Function, UninterpretedSort, Array, NonBvArray, NonBoolBvArray} and does not own {NestedArray, WideInt}, which this quantified query carries, so its non-decision is a decline and the ladder continues. Its own reason was: lra: both engines declined — Fourier–Motzkin stopped on the deadline inside a variable's cross product, then the exact-rational simplex fallback stopped on the deadline building its dense tableau rows\p\plra: both engines declined — Fourier–Motzkin stopped on the deadline inside a variable's cross product, then the exact-rational simplex fallback stopped on the deadline building its dense tableau rows\plra: both engines declined — Fourier–Motzkin stopped on the deadline inside a variable's cross product, then the exact-rational simplex fallback stopped on the deadline building its dense tableau rows\plra: both engines declined — Fourier–Motzkin stopped on the deadline inside a variable's cross product, then the exact-rational simplex fallback stopped on the deadline building its dense tableau rows\plra: both engines declined — Fourier–Motzkin stopped on the deadline inside a variable's cross product, then the exact-rational simplex fallback stopped on the deadline building its dense tableau rows\plra: both engines declined — Fourier–Motzkin stopped on the deadline inside a variable's cross product, then the exact-rational simplex fallback stopped on the deadline building its dense tableau rows\plra: both engines declined — Fourier–Motzkin stopped on the deadline inside a variable's cross product, then the exact-rational simplex fallback stopped on the deadline building its dense tableau rows\plra: both engines declined — Fourier–Motzkin stopped on the deadline inside a variable's cross product, then the exact-rational simplex fallback stopped on the deadline building its dense tableau rows\plra: both engines declined — Fourier–Motzkin stopped on the deadline inside a variable's cross product, then the exact-rational simplex fallback stopped on the deadline building its dense tableau rows\plra: both engines declined — Fourier–Motzkin stopped on the deadline inside a variable's cross product, then the exact-rational simplex fallback stopped on the deadline building its dense tableau rows	\p\p\pother\pquant-ownership-decline\p\pother\pother\pother\pother\pother\pother\pother\pother\pother	server7	1,9	2.00
nia-groebner-gate-crossdiv-QF_NRA	gateunbounded	QF_NRA/meti-tarski/sqrt/problem/12vars3/sqrt-problem-12vars3-chunk-0089.smt2	3c3ba0eb2	Real	unknown	0	none	nra	17	fd:parse:probe\pprobe:probe\pdl-online:declined\pnra-real-root:declined\pcas-ideal-refuter:declined\pnra:declined\pq:skolem-qf:declined\pq:nat-induction:declined\pfd:string-gate:declined\pfd:source-string-semantic-unsat:declined\pfd:word-route:declined\pfd:online-string:declined\pfd:membership:declined\pfd:lex-order:declined\pfd:length-lia:declined\pfd:source-string-sat-probe:declined\pfd:bounded-completeness-unsat:declined	9112	0\p0\p0\p0\p139\p8667\p0\p0\p0\p0\p0\p0\p0\p0\p0\p0\p0	no	dl-online=not-applicable\pnra-real-root=incomplete\pcas-ideal-refuter=incomplete\pnra=incomplete\pq:skolem-qf=unsupported\pq:nat-induction=not-applicable\pfd:string-gate=incomplete\pfd:source-string-semantic-unsat=incomplete\pfd:word-route=incomplete\pfd:online-string=incomplete\pfd:membership=incomplete\pfd:lex-order=incomplete\pfd:length-lia=incomplete\pfd:source-string-sat-probe=incomplete\pfd:bounded-completeness-unsat=incomplete	\pexact real-polynomial decider declined: projection (cad-arm=default)\pno combination of the asserted equations collapsed to a constant of the refuting sign\pnonlinear abstraction: refinement reached a fixpoint without deciding\pquant-route ownership (ADR-2103): `q:skolem-qf` owns {Real, Int, BvOrFloat, Datatype, Function, UninterpretedSort, Array, NonBvArray, NonBoolBvArray} and does not own {NestedArray, WideInt}, which this quantified query carries, so its non-decision is a decline and the ladder continues. Its own reason was: nonlinear abstraction: refinement reached a fixpoint without deciding\p\pnonlinear abstraction: refinement reached a fixpoint without deciding\pnonlinear abstraction: refinement reached a fixpoint without deciding\pnonlinear abstraction: refinement reached a fixpoint without deciding\pnonlinear abstraction: refinement reached a fixpoint without deciding\pnonlinear abstraction: refinement reached a fixpoint without deciding\pnonlinear abstraction: refinement reached a fixpoint without deciding\pnonlinear abstraction: refinement reached a fixpoint without deciding\pnonlinear abstraction: refinement reached a fixpoint without deciding\pnonlinear abstraction: refinement reached a fixpoint without deciding	\p\p\p\pquant-ownership-decline\p\p\p\p\p\p\p\p\p\p	server7	1,9	2.00
nia-groebner-gate-crossdiv-QF_NRA	shipped	QF_NRA/meti-tarski/sqrt/problem/12vars3/sqrt-problem-12vars3-chunk-0089.smt2	3c3ba0eb2	Real	unknown	0	none	nra	17	fd:parse:probe\pprobe:probe\pdl-online:declined\pnra-real-root:declined\pcas-ideal-refuter:declined\pnra:declined\pq:skolem-qf:declined\pq:nat-induction:declined\pfd:string-gate:declined\pfd:source-string-semantic-unsat:declined\pfd:word-route:declined\pfd:online-string:declined\pfd:membership:declined\pfd:lex-order:declined\pfd:length-lia:declined\pfd:source-string-sat-probe:declined\pfd:bounded-completeness-unsat:declined	9013	0\p0\p0\p0\p140\p8596\p0\p0\p0\p0\p0\p0\p0\p0\p0\p0\p0	no	dl-online=not-applicable\pnra-real-root=incomplete\pcas-ideal-refuter=incomplete\pnra=incomplete\pq:skolem-qf=unsupported\pq:nat-induction=not-applicable\pfd:string-gate=incomplete\pfd:source-string-semantic-unsat=incomplete\pfd:word-route=incomplete\pfd:online-string=incomplete\pfd:membership=incomplete\pfd:lex-order=incomplete\pfd:length-lia=incomplete\pfd:source-string-sat-probe=incomplete\pfd:bounded-completeness-unsat=incomplete	\pexact real-polynomial decider declined: projection (cad-arm=default)\pno combination of the asserted equations collapsed to a constant of the refuting sign\pnonlinear abstraction: refinement reached a fixpoint without deciding\pquant-route ownership (ADR-2103): `q:skolem-qf` owns {Real, Int, BvOrFloat, Datatype, Function, UninterpretedSort, Array, NonBvArray, NonBoolBvArray} and does not own {NestedArray, WideInt}, which this quantified query carries, so its non-decision is a decline and the ladder continues. Its own reason was: nonlinear abstraction: refinement reached a fixpoint without deciding\p\pnonlinear abstraction: refinement reached a fixpoint without deciding\pnonlinear abstraction: refinement reached a fixpoint without deciding\pnonlinear abstraction: refinement reached a fixpoint without deciding\pnonlinear abstraction: refinement reached a fixpoint without deciding\pnonlinear abstraction: refinement reached a fixpoint without deciding\pnonlinear abstraction: refinement reached a fixpoint without deciding\pnonlinear abstraction: refinement reached a fixpoint without deciding\pnonlinear abstraction: refinement reached a fixpoint without deciding\pnonlinear abstraction: refinement reached a fixpoint without deciding	\p\p\p\pquant-ownership-decline\p\p\p\p\p\p\p\p\p\p	server7	1,9	2.00
nia-groebner-gate-crossdiv-QF_NRA	shipped	QF_NRA/meti-tarski/sqrt/problem/13/sqrt1/sqrt-problem-13-sqrt1-chunk-0073.smt2	3c3ba0eb2	Real	unsat	0	nra	nra	6	fd:parse:probe\pprobe:probe\pdl-online:declined\pnra-real-root:declined\pcas-ideal-refuter:declined\pnra:decided	107	0\p0\p0\p0\p9\p11	no	dl-online=not-applicable\pnra-real-root=incomplete\pcas-ideal-refuter=incomplete	\pexact real-polynomial decider declined: projection (cad-arm=default)\pno combination of the asserted equations collapsed to a constant of the refuting sign	\p\p	server7	1,9	2.00
nia-groebner-gate-crossdiv-QF_NRA	gateunbounded	QF_NRA/meti-tarski/sqrt/problem/13/sqrt1/sqrt-problem-13-sqrt1-chunk-0073.smt2	3c3ba0eb2	Real	unsat	0	nra	nra	6	fd:parse:probe\pprobe:probe\pdl-online:declined\pnra-real-root:declined\pcas-ideal-refuter:declined\pnra:decided	106	0\p0\p0\p0\p9\p11	no	dl-online=not-applicable\pnra-real-root=incomplete\pcas-ideal-refuter=incomplete	\pexact real-polynomial decider declined: projection (cad-arm=default)\pno combination of the asserted equations collapsed to a constant of the refuting sign	\p\p	server7	1,9	2.00
nia-groebner-gate-crossdiv-QF_NRA	gateunbounded	QF_NRA/meti-tarski/sqrt/problem/sqrt-problem-Melquiond2-chunk-0063.smt2	3c3ba0eb2	Real	sat	0	nra-real-root	nra-real-root	4	fd:parse:probe\pprobe:probe\pdl-online:declined\pnra-real-root:decided	107	0\p0\p0\p2	no	dl-online=not-applicable			server7	1,9	2.00
nia-groebner-gate-crossdiv-QF_NRA	shipped	QF_NRA/meti-tarski/sqrt/problem/sqrt-problem-Melquiond2-chunk-0063.smt2	3c3ba0eb2	Real	sat	0	nra-real-root	nra-real-root	4	fd:parse:probe\pprobe:probe\pdl-online:declined\pnra-real-root:decided	107	0\p0\p0\p2	no	dl-online=not-applicable			server7	1,9	2.00
