sweep_id	arm	corpus_path	binary_sha	features	verdict	exit_status	decided_by	bound_by	attempts	attempt_trail	elapsed_ms	elapsed_ms_per_attempt	partial	decline_reasons	decline_details	decline_names	host	core	load
quant-instance-probe	z3-instances	UFLIA_boogie_AdvancedTypes_InternalSubClass..ctor-orderStrength_1.smt2.core.smt2.ground.smt2	d3ae77a02c1522df36d2d35883c9f945c0f12b6a6a2f6bfc32ec541b5884a8ff	Int\pFunction	unknown	0	none	lia-dpll	9	fd:parse:probe\pprobe:probe\pcas-identity-refuter:declined\pcas-int-units:declined\pdl-online:declined\plia-simplex:declined\plia-dpll:declined\peuf-online:declined\peuf-offline:declined	25032	1\p1\p0\p0\p20\p1\p24052\p5\p7	yes	cas-identity-refuter=incomplete\pcas-int-units=incomplete\pdl-online=not-applicable\plia-simplex=unsupported\plia-dpll=incomplete\peuf-online=incomplete\peuf-offline=incomplete	no arithmetic disequality had equal polynomial normal forms\pno integer equation normalized to a refutable k·m = c\p\pQF_LIA: integer disequality (needs DPLL(T))\plinear-arithmetic abstraction with opaque integer UF applications is satisfiable; use the UFLIA backend for model lifting\ponline CDCL(T) e-graph model did not replay (base-sort semantics outside congruence)\pe-graph model did not replay (base-sort semantics outside congruence)	\p\p\pbackend\p\p\p	s6	1,9	0.03
quant-instance-probe	z3-instances	UFLIA_boogie_Arrays_Q3-noinfer.smt2.core.smt2.ground.smt2	d3ae77a02c1522df36d2d35883c9f945c0f12b6a6a2f6bfc32ec541b5884a8ff	Int\pFunction	unsat	0	uf-arithmetic	uf-arith-online	11	fd:parse:probe\pprobe:probe\pcas-identity-refuter:declined\pcas-int-units:declined\pdl-online:declined\plia-simplex:declined\plia-dpll:declined\peuf-online:declined\peuf-offline:declined\puf-arith-online:declined\puf-arithmetic:decided	12120	0\p0\p0\p0\p0\p0\p0\p0\p0\p11999\p88	no	cas-identity-refuter=incomplete\pcas-int-units=incomplete\pdl-online=not-applicable\plia-simplex=unsupported\plia-dpll=incomplete\peuf-online=incomplete\peuf-offline=incomplete\puf-arith-online=incomplete	no arithmetic disequality had equal polynomial normal forms\pno integer equation normalized to a refutable k·m = c\p\pQF_LIA: assertion is not a conjunctive linear integer constraint\plinear-arithmetic abstraction with opaque integer UF applications is satisfiable; use the UFLIA backend for model lifting\ponline CDCL(T) e-graph model did not replay (base-sort semantics outside congruence)\pe-graph model did not replay (base-sort semantics outside congruence)\pcombined CDCL(T) leaf did not rebuild a replaying model: combined leaf model did not replay	\p\p\pbackend\p\p\p\p	s6	1,9	0.59
quant-instance-probe	z3-instances	UFLIA_boogie_AssignToRepField_AssignToRepField.N.smt2.core.smt2.ground.smt2	d3ae77a02c1522df36d2d35883c9f945c0f12b6a6a2f6bfc32ec541b5884a8ff	Int\pFunction	sat	0	uf-arithmetic	uf-arithmetic	11	fd:parse:probe\pprobe:probe\pcas-identity-refuter:declined\pcas-int-units:declined\pdl-online:declined\plia-simplex:declined\plia-dpll:declined\peuf-online:declined\peuf-offline:declined\puf-arith-online:declined\puf-arithmetic:decided	509	1\p0\p0\p0\p13\p0\p5\p3\p1\p7\p422	no	cas-identity-refuter=incomplete\pcas-int-units=incomplete\pdl-online=not-applicable\plia-simplex=unsupported\plia-dpll=unsupported\peuf-online=incomplete\peuf-offline=incomplete\puf-arith-online=incomplete	no arithmetic disequality had equal polynomial normal forms\pno integer equation normalized to a refutable k·m = c\p\pQF_LIA: integer disequality (needs DPLL(T))\plazy arithmetic: assertion is not Boolean structure over linear-arithmetic atoms\ponline CDCL(T) e-graph model did not replay (base-sort semantics outside congruence)\pboolean skeleton undecided\pboolean skeleton outside the online combination encoder: unsupported Boolean op Apply(FuncId(50)) with 2 args	\p\p\pbackend\pbackend\p\p\p	s6	1,9	0.82
quant-instance-probe	z3-instances	UFLIA_boogie_BasicMethodology_SubClass..ctor.smt2.core.smt2.ground.smt2	d3ae77a02c1522df36d2d35883c9f945c0f12b6a6a2f6bfc32ec541b5884a8ff	Int\pFunction	unknown	0	none	uf-arith-lazy-overbound-pre-lia	24	fd:parse:probe\pprobe:probe\pcas-identity-refuter:declined\pcas-int-units:declined\pdl-online:declined\puf-arith-lazy-overbound-pre-lia:declined\plia-simplex:declined\plia-dpll:declined\puf-arith-lazy-overbound:declined\peuf-online:declined\peuf-offline:declined\puf-arith-online:declined\puf-arithmetic:declined\pq:skolem-qf:declined\pq:nat-induction:declined\pfd:string-gate:declined\pfd:source-string-semantic-unsat:declined\pfd:word-route:declined\pfd:online-string:declined\pfd:membership:declined\pfd:lex-order:declined\pfd:length-lia:declined\pfd:source-string-sat-probe:declined\pfd:bounded-completeness-unsat:declined	1211	2\p1\p1\p0\p23\p427\p4\p0\p321\p15\p2\p5\p317\p0\p0\p0\p0\p0\p0\p0\p0\p0\p0\p0	no	cas-identity-refuter=incomplete\pcas-int-units=incomplete\pdl-online=not-applicable\puf-arith-lazy-overbound-pre-lia=budget\plia-simplex=unsupported\plia-dpll=budget\puf-arith-lazy-overbound=budget\peuf-online=incomplete\peuf-offline=incomplete\puf-arith-online=incomplete\puf-arithmetic=budget\pq:skolem-qf=unsupported\pq:nat-induction=not-applicable\pfd:string-gate=budget\pfd:source-string-semantic-unsat=budget\pfd:word-route=budget\pfd:online-string=budget\pfd:membership=budget\pfd:lex-order=budget\pfd:length-lia=budget\pfd:source-string-sat-probe=budget\pfd:bounded-completeness-unsat=budget	no arithmetic disequality had equal polynomial normal forms\pnormalized to k·m = c, but no asserted bound puts a factor of m outside the divisors of c/k\p\plazy function-consistency CEGAR inconclusive (applications=260, function_groups=10, potential_pairs=21331, solve_rounds=2, elapsed_ms=423, sat_candidates=1, first_candidate_ms=203, last_candidate_ms=203, pair_checks=21331, equal_arg_pairs=2148, violated_pairs=109, preseeded_lemmas=0, sibling_lemmas=0, lemmas_added=2148, last_new_lemmas=2148, lemma_batch_cap=off): linear-arithmetic sat-model reconstruction declined in the integer theory: lia simplex: wall-clock deadline passed while collecting integer constraints\pQF_LIA: integer disequality (needs DPLL(T))\pgeneric LIA DPLL skipped for overbound non-array integer UF+arithmetic query (ackermann_pairs=21331); route the single large function-free arithmetic abstraction through the UF-aware lazy CEGAR path instead\plazy function-consistency CEGAR inconclusive (applications=260, function_groups=10, potential_pairs=21331, solve_rounds=2, elapsed_ms=317, sat_candidates=1, first_candidate_ms=202, last_candidate_ms=202, pair_checks=21331, equal_arg_pairs=2148, violated_pairs=109, preseeded_lemmas=0, sibling_lemmas=0, lemmas_added=2148, last_new_lemmas=2148, lemma_batch_cap=off): lazy linear arithmetic pre-SAT skeleton exceeds the joint resource boundary (atoms=9872, cnf_vars=20075, base_trigger=>1024/>4096, moderate_envelope<=10240/<=16384, initial_clauses=0, blocking_lemmas=0); declining before the first SAT round\ponline CDCL(T) e-graph model did not replay (base-sort semantics outside congruence)\pboolean skeleton undecided\pboolean skeleton outside the online combination encoder: unsupported Boolean op Apply(FuncId(63)) with 2 args\plazy function-consistency CEGAR inconclusive (applications=260, function_groups=10, potential_pairs=21331, solve_rounds=2, elapsed_ms=313, sat_candidates=1, first_candidate_ms=200, last_candidate_ms=200, pair_checks=21331, equal_arg_pairs=2148, violated_pairs=109, preseeded_lemmas=0, sibling_lemmas=0, lemmas_added=2148, last_new_lemmas=2148, lemma_batch_cap=off): lazy linear arithmetic pre-SAT skeleton exceeds the joint resource boundary (atoms=9872, cnf_vars=20075, base_trigger=>1024/>4096, moderate_envelope<=10240/<=16384, initial_clauses=0, blocking_lemmas=0); declining before the first SAT round\pquant-route ownership (ADR-2103): `q:skolem-qf` owns {Real, Int, BvOrFloat, Datatype, Function, UninterpretedSort, Array, NonBvArray, NonBoolBvArray} and does not own {NestedArray, WideInt}, which this quantified query carries, so its non-decision is a decline and the ladder continues. Its own reason was: lazy function-consistency CEGAR inconclusive (applications=260, function_groups=10, potential_pairs=21331, solve_rounds=2, elapsed_ms=313, sat_candidates=1, first_candidate_ms=200, last_candidate_ms=200, pair_checks=21331, equal_arg_pairs=2148, violated_pairs=109, preseeded_lemmas=0, sibling_lemmas=0, lemmas_added=2148, last_new_lemmas=2148, lemma_batch_cap=off): lazy linear arithmetic pre-SAT skeleton exceeds the joint resource boundary (atoms=9872, cnf_vars=20075, base_trigger=>1024/>4096, moderate_envelope<=10240/<=16384, initial_clauses=0, blocking_lemmas=0); declining before the first SAT round\p\plazy function-consistency CEGAR inconclusive (applications=260, function_groups=10, potential_pairs=21331, solve_rounds=2, elapsed_ms=313, sat_candidates=1, first_candidate_ms=200, last_candidate_ms=200, pair_checks=21331, equal_arg_pairs=2148, violated_pairs=109, preseeded_lemmas=0, sibling_lemmas=0, lemmas_added=2148, last_new_lemmas=2148, lemma_batch_cap=off): lazy linear arithmetic pre-SAT skeleton exceeds the joint resource boundary (atoms=9872, cnf_vars=20075, base_trigger=>1024/>4096, moderate_envelope<=10240/<=16384, initial_clauses=0, blocking_lemmas=0); declining before the first SAT round\plazy function-consistency CEGAR inconclusive (applications=260, function_groups=10, potential_pairs=21331, solve_rounds=2, elapsed_ms=313, sat_candidates=1, first_candidate_ms=200, last_candidate_ms=200, pair_checks=21331, equal_arg_pairs=2148, violated_pairs=109, preseeded_lemmas=0, sibling_lemmas=0, lemmas_added=2148, last_new_lemmas=2148, lemma_batch_cap=off): lazy linear arithmetic pre-SAT skeleton exceeds the joint resource boundary (atoms=9872, cnf_vars=20075, base_trigger=>1024/>4096, moderate_envelope<=10240/<=16384, initial_clauses=0, blocking_lemmas=0); declining before the first SAT round\plazy function-consistency CEGAR inconclusive (applications=260, function_groups=10, potential_pairs=21331, solve_rounds=2, elapsed_ms=313, sat_candidates=1, first_candidate_ms=200, last_candidate_ms=200, pair_checks=21331, equal_arg_pairs=2148, violated_pairs=109, preseeded_lemmas=0, sibling_lemmas=0, lemmas_added=2148, last_new_lemmas=2148, lemma_batch_cap=off): lazy linear arithmetic pre-SAT skeleton exceeds the joint resource boundary (atoms=9872, cnf_vars=20075, base_trigger=>1024/>4096, moderate_envelope<=10240/<=16384, initial_clauses=0, blocking_lemmas=0); declining before the first SAT round\plazy function-consistency CEGAR inconclusive (applications=260, function_groups=10, potential_pairs=21331, solve_rounds=2, elapsed_ms=313, sat_candidates=1, first_candidate_ms=200, last_candidate_ms=200, pair_checks=21331, equal_arg_pairs=2148, violated_pairs=109, preseeded_lemmas=0, sibling_lemmas=0, lemmas_added=2148, last_new_lemmas=2148, lemma_batch_cap=off): lazy linear arithmetic pre-SAT skeleton exceeds the joint resource boundary (atoms=9872, cnf_vars=20075, base_trigger=>1024/>4096, moderate_envelope<=10240/<=16384, initial_clauses=0, blocking_lemmas=0); declining before the first SAT round\plazy function-consistency CEGAR inconclusive (applications=260, function_groups=10, potential_pairs=21331, solve_rounds=2, elapsed_ms=313, sat_candidates=1, first_candidate_ms=200, last_candidate_ms=200, pair_checks=21331, equal_arg_pairs=2148, violated_pairs=109, preseeded_lemmas=0, sibling_lemmas=0, lemmas_added=2148, last_new_lemmas=2148, lemma_batch_cap=off): lazy linear arithmetic pre-SAT skeleton exceeds the joint resource boundary (atoms=9872, cnf_vars=20075, base_trigger=>1024/>4096, moderate_envelope<=10240/<=16384, initial_clauses=0, blocking_lemmas=0); declining before the first SAT round\plazy function-consistency CEGAR inconclusive (applications=260, function_groups=10, potential_pairs=21331, solve_rounds=2, elapsed_ms=313, sat_candidates=1, first_candidate_ms=200, last_candidate_ms=200, pair_checks=21331, equal_arg_pairs=2148, violated_pairs=109, preseeded_lemmas=0, sibling_lemmas=0, lemmas_added=2148, last_new_lemmas=2148, lemma_batch_cap=off): lazy linear arithmetic pre-SAT skeleton exceeds the joint resource boundary (atoms=9872, cnf_vars=20075, base_trigger=>1024/>4096, moderate_envelope<=10240/<=16384, initial_clauses=0, blocking_lemmas=0); declining before the first SAT round\plazy function-consistency CEGAR inconclusive (applications=260, function_groups=10, potential_pairs=21331, solve_rounds=2, elapsed_ms=313, sat_candidates=1, first_candidate_ms=200, last_candidate_ms=200, pair_checks=21331, equal_arg_pairs=2148, violated_pairs=109, preseeded_lemmas=0, sibling_lemmas=0, lemmas_added=2148, last_new_lemmas=2148, lemma_batch_cap=off): lazy linear arithmetic pre-SAT skeleton exceeds the joint resource boundary (atoms=9872, cnf_vars=20075, base_trigger=>1024/>4096, moderate_envelope<=10240/<=16384, initial_clauses=0, blocking_lemmas=0); declining before the first SAT round\plazy function-consistency CEGAR inconclusive (applications=260, function_groups=10, potential_pairs=21331, solve_rounds=2, elapsed_ms=313, sat_candidates=1, first_candidate_ms=200, last_candidate_ms=200, pair_checks=21331, equal_arg_pairs=2148, violated_pairs=109, preseeded_lemmas=0, sibling_lemmas=0, lemmas_added=2148, last_new_lemmas=2148, lemma_batch_cap=off): lazy linear arithmetic pre-SAT skeleton exceeds the joint resource boundary (atoms=9872, cnf_vars=20075, base_trigger=>1024/>4096, moderate_envelope<=10240/<=16384, initial_clauses=0, blocking_lemmas=0); declining before the first SAT round\plazy function-consistency CEGAR inconclusive (applications=260, function_groups=10, potential_pairs=21331, solve_rounds=2, elapsed_ms=313, sat_candidates=1, first_candidate_ms=200, last_candidate_ms=200, pair_checks=21331, equal_arg_pairs=2148, violated_pairs=109, preseeded_lemmas=0, sibling_lemmas=0, lemmas_added=2148, last_new_lemmas=2148, lemma_batch_cap=off): lazy linear arithmetic pre-SAT skeleton exceeds the joint resource boundary (atoms=9872, cnf_vars=20075, base_trigger=>1024/>4096, moderate_envelope<=10240/<=16384, initial_clauses=0, blocking_lemmas=0); declining before the first SAT round	\p\p\pother\pbackend\pother\pother\p\p\p\pother\pquant-ownership-decline\p\pother\pother\pother\pother\pother\pother\pother\pother\pother	s6	1,9	0.82
quant-instance-probe	z3-instances	UFLIA_boogie_Cast_Cast.R_System.Object_System.Int32.smt2.core.smt2.ground.smt2	d3ae77a02c1522df36d2d35883c9f945c0f12b6a6a2f6bfc32ec541b5884a8ff	Int\pFunction	sat	0	uf-arithmetic	uf-arith-online	16	fd:parse:probe\pprobe:probe\pdl-online:declined\plia-simplex:declined\plia-dpll:declined\peuf-online:declined\peuf-offline:declined\puf-arith-online:decided\ppreprocess:declined\pdl-online:declined\plia-simplex:declined\plia-dpll:declined\peuf-online:declined\peuf-offline:declined\puf-arith-online:declined\puf-arithmetic:decided	109	0\p0\p0\p0\p0\p0\p0\p0\p0\p0\p0\p0\p0\p0\p40\p0	no	dl-online=not-applicable\plia-simplex=unsupported\plia-dpll=incomplete\peuf-online=incomplete\peuf-offline=incomplete\ppreprocess=incomplete\pdl-online=not-applicable\plia-simplex=unsupported\plia-dpll=incomplete\peuf-online=incomplete\peuf-offline=incomplete\puf-arith-online=incomplete	\pQF_LIA: non-linear or non-integer subterm in a constraint\plinear-arithmetic abstraction with opaque integer UF applications is satisfiable; use the UFLIA backend for model lifting\ponline CDCL(T) e-graph model did not replay (base-sort semantics outside congruence)\pe-graph model did not replay (base-sort semantics outside congruence)\ppreprocessed path errored; degraded to the original query: backend failure: preprocessed sat model replay failed: assertion #11 failed evaluation: no interpretation bound for function #55\p\pQF_LIA: assertion is not a conjunctive linear integer constraint\plinear-arithmetic abstraction with opaque integer UF applications is satisfiable; use the UFLIA backend for model lifting\ponline CDCL(T) e-graph model did not replay (base-sort semantics outside congruence)\pboolean skeleton undecided\pcombined leaf model did not replay	\pbackend\p\p\p\p\p\pbackend\p\p\p\p	s6	1,9	0.82
quant-instance-probe	z3-instances	UFLIA_boogie_Chunker11c_Chunker.SpecSharp.CheckInvariant_System.Boolean.smt2.core.smt2.ground.smt2	d3ae77a02c1522df36d2d35883c9f945c0f12b6a6a2f6bfc32ec541b5884a8ff	Int\pFunction	sat	0	uf-arith-online	uf-arith-online	9	fd:parse:probe\pprobe:probe\pcas-int-units:declined\pdl-online:declined\plia-simplex:declined\plia-dpll:declined\peuf-online:declined\peuf-offline:declined\puf-arith-online:decided	110	0\p0\p0\p0\p0\p0\p0\p0\p3	no	cas-int-units=incomplete\pdl-online=not-applicable\plia-simplex=unsupported\plia-dpll=incomplete\peuf-online=incomplete\peuf-offline=incomplete	no integer equation normalized to a refutable k·m = c\p\pQF_LIA: non-linear or non-integer subterm in a constraint\plinear-arithmetic abstraction with opaque integer UF applications is satisfiable; use the UFLIA backend for model lifting\ponline CDCL(T) e-graph model did not replay (base-sort semantics outside congruence)\pe-graph model did not replay (base-sort semantics outside congruence)	\p\pbackend\p\p\p	s6	1,9	0.82
quant-instance-probe	z3-instances	UFLIA_boogie_DefaultLoopInv0_A.M-modifiesOnLoop-noinfer.smt2.core.smt2.ground.smt2	d3ae77a02c1522df36d2d35883c9f945c0f12b6a6a2f6bfc32ec541b5884a8ff	Int\pFunction	sat	0	uf-arith-lazy-overbound	uf-arith-lazy-overbound	9	fd:parse:probe\pprobe:probe\pcas-identity-refuter:declined\pcas-int-units:declined\pdl-online:declined\puf-arith-lazy-overbound-pre-lia:declined\plia-simplex:declined\plia-dpll:declined\puf-arith-lazy-overbound:decided	2511	0\p0\p0\p0\p11\p261\p1\p0\p2150	no	cas-identity-refuter=incomplete\pcas-int-units=incomplete\pdl-online=not-applicable\puf-arith-lazy-overbound-pre-lia=budget\plia-simplex=unsupported\plia-dpll=budget	no arithmetic disequality had equal polynomial normal forms\pno integer equation normalized to a refutable k·m = c\p\plazy function-consistency CEGAR inconclusive (applications=67, function_groups=6, potential_pairs=1403, solve_rounds=2, elapsed_ms=260, sat_candidates=1, first_candidate_ms=52, last_candidate_ms=52, pair_checks=1403, equal_arg_pairs=264, violated_pairs=9, preseeded_lemmas=0, sibling_lemmas=0, lemmas_added=264, last_new_lemmas=264, lemma_batch_cap=off): linear-arithmetic sat-model reconstruction declined in the integer theory: lia simplex: wall-clock deadline passed while collecting integer constraints\pQF_LIA: integer disequality (needs DPLL(T))\pgeneric LIA DPLL skipped for overbound non-array integer UF+arithmetic query (ackermann_pairs=1403); route the single large function-free arithmetic abstraction through the UF-aware lazy CEGAR path instead	\p\p\pother\pbackend\pother	s6	1,9	0.82
quant-instance-probe	z3-instances	UFLIA_boogie_ExposeVersion_D..ctor-level_2.smt2.core.smt2.ground.smt2	d3ae77a02c1522df36d2d35883c9f945c0f12b6a6a2f6bfc32ec541b5884a8ff	Int\pFunction	sat	0	uf-arithmetic	uf-arithmetic	11	fd:parse:probe\pprobe:probe\pcas-identity-refuter:declined\pcas-int-units:declined\pdl-online:declined\plia-simplex:declined\plia-dpll:declined\peuf-online:declined\peuf-offline:declined\puf-arith-online:declined\puf-arithmetic:decided	708	2\p1\p1\p0\p33\p1\p13\p8\p2\p15\p592	no	cas-identity-refuter=incomplete\pcas-int-units=incomplete\pdl-online=not-applicable\plia-simplex=unsupported\plia-dpll=unsupported\peuf-online=incomplete\peuf-offline=incomplete\puf-arith-online=incomplete	no arithmetic disequality had equal polynomial normal forms\pno integer equation normalized to a refutable k·m = c\p\pQF_LIA: integer disequality (needs DPLL(T))\plazy arithmetic: assertion is not Boolean structure over linear-arithmetic atoms\ponline CDCL(T) e-graph model did not replay (base-sort semantics outside congruence)\pboolean skeleton undecided\pboolean skeleton outside the online combination encoder: unsupported Boolean op Apply(FuncId(58)) with 2 args	\p\p\pbackend\pbackend\p\p\p	s6	1,9	0.83
quant-instance-probe	z3-instances	UFLIA_boogie_Interval_Cell.Shift_System.Int32.smt2.core.smt2.ground.smt2	d3ae77a02c1522df36d2d35883c9f945c0f12b6a6a2f6bfc32ec541b5884a8ff	Int\pFunction	sat	0	uf-arith-lazy-overbound-pre-lia	uf-arith-lazy-overbound-pre-lia	6	fd:parse:probe\pprobe:probe\pcas-identity-refuter:declined\pcas-int-units:declined\pdl-online:declined\puf-arith-lazy-overbound-pre-lia:decided	209	1\p0\p0\p0\p15\p79	no	cas-identity-refuter=incomplete\pcas-int-units=incomplete\pdl-online=not-applicable	no arithmetic disequality had equal polynomial normal forms\pno integer equation normalized to a refutable k·m = c\p	\p\p	s6	1,9	0.83
quant-instance-probe	z3-instances	UFLIA_boogie_loopinv1_LoopInv1.Test1a_F_notnull-infer_eh.smt2.core.smt2.ground.smt2	d3ae77a02c1522df36d2d35883c9f945c0f12b6a6a2f6bfc32ec541b5884a8ff	Int\pFunction	unknown	0	none	uf-arithmetic	23	fd:parse:probe\pprobe:probe\pcas-identity-refuter:declined\pdl-online:declined\puf-arith-lazy-overbound-pre-lia:declined\plia-simplex:declined\plia-dpll:declined\puf-arith-lazy-overbound:declined\peuf-online:declined\peuf-offline:declined\puf-arith-online:declined\puf-arithmetic:declined\pq:skolem-qf:declined\pq:nat-induction:declined\pfd:string-gate:declined\pfd:source-string-semantic-unsat:declined\pfd:word-route:declined\pfd:online-string:declined\pfd:membership:declined\pfd:lex-order:declined\pfd:length-lia:declined\pfd:source-string-sat-probe:declined\pfd:bounded-completeness-unsat:declined	1311	1\p0\p0\p15\p263\p1\p0\p462\p7\p1\p3\p466\p0\p0\p0\p0\p0\p0\p0\p0\p0\p0\p0	no	cas-identity-refuter=incomplete\pdl-online=not-applicable\puf-arith-lazy-overbound-pre-lia=budget\plia-simplex=unsupported\plia-dpll=budget\puf-arith-lazy-overbound=budget\peuf-online=incomplete\peuf-offline=incomplete\puf-arith-online=incomplete\puf-arithmetic=budget\pq:skolem-qf=unsupported\pq:nat-induction=not-applicable\pfd:string-gate=budget\pfd:source-string-semantic-unsat=budget\pfd:word-route=budget\pfd:online-string=budget\pfd:membership=budget\pfd:lex-order=budget\pfd:length-lia=budget\pfd:source-string-sat-probe=budget\pfd:bounded-completeness-unsat=budget	no arithmetic disequality had equal polynomial normal forms\p\plazy function-consistency CEGAR inconclusive (applications=203, function_groups=10, potential_pairs=14634, solve_rounds=1, elapsed_ms=261, sat_candidates=0, first_candidate_ms=none, last_candidate_ms=none, pair_checks=0, equal_arg_pairs=0, violated_pairs=0, preseeded_lemmas=0, sibling_lemmas=0, lemmas_added=0, last_new_lemmas=0, lemma_batch_cap=off): lazy linear arithmetic exhausted the configured timeout after 4 rounds this solve (solve_calls=1, total_rounds=4, atoms=3014, bound_lemmas=0, blocking_lemmas=4, core_len_last=38, core_len_min=3, core_len_max=38, core_len_avg=12.2, core_src_bound=0, core_src_diff=0, core_src_affine=0, core_src_lp=4, core_src_minimized=0, core_src_large=0, core_large_literals=0, support_attempts=4, support_unavailable=0, support_conflict_batches=4, support_model_attempts=0, support_replay_failures=0, full_fallbacks=0, min_oracle_calls=0, min_oracle_budget_left=32768, min_declined_cores=0)\pQF_LIA: integer disequality (needs DPLL(T))\pgeneric LIA DPLL skipped for overbound non-array integer UF+arithmetic query (ackermann_pairs=14634); route the single large function-free arithmetic abstraction through the UF-aware lazy CEGAR path instead\plazy function-consistency CEGAR inconclusive (applications=203, function_groups=10, potential_pairs=14634, solve_rounds=2, elapsed_ms=459, sat_candidates=1, first_candidate_ms=327, last_candidate_ms=327, pair_checks=14634, equal_arg_pairs=2942, violated_pairs=2, preseeded_lemmas=0, sibling_lemmas=0, lemmas_added=2942, last_new_lemmas=2942, lemma_batch_cap=off): lazy linear arithmetic pre-SAT skeleton exceeds the joint resource boundary (atoms=9176, cnf_vars=20997, base_trigger=>1024/>4096, moderate_envelope<=10240/<=16384, initial_clauses=0, blocking_lemmas=4); declining before the first SAT round\ponline CDCL(T) e-graph model did not replay (base-sort semantics outside congruence)\pboolean skeleton undecided\pboolean skeleton outside the online combination encoder: unsupported Boolean op Apply(FuncId(64)) with 2 args\plazy function-consistency CEGAR inconclusive (applications=203, function_groups=10, potential_pairs=14634, solve_rounds=2, elapsed_ms=462, sat_candidates=1, first_candidate_ms=327, last_candidate_ms=327, pair_checks=14634, equal_arg_pairs=2942, violated_pairs=2, preseeded_lemmas=0, sibling_lemmas=0, lemmas_added=2942, last_new_lemmas=2942, lemma_batch_cap=off): lazy linear arithmetic pre-SAT skeleton exceeds the joint resource boundary (atoms=9176, cnf_vars=20997, base_trigger=>1024/>4096, moderate_envelope<=10240/<=16384, initial_clauses=0, blocking_lemmas=4); declining before the first SAT round\pquant-route ownership (ADR-2103): `q:skolem-qf` owns {Real, Int, BvOrFloat, Datatype, Function, UninterpretedSort, Array, NonBvArray, NonBoolBvArray} and does not own {NestedArray, WideInt}, which this quantified query carries, so its non-decision is a decline and the ladder continues. Its own reason was: lazy function-consistency CEGAR inconclusive (applications=203, function_groups=10, potential_pairs=14634, solve_rounds=2, elapsed_ms=462, sat_candidates=1, first_candidate_ms=327, last_candidate_ms=327, pair_checks=14634, equal_arg_pairs=2942, violated_pairs=2, preseeded_lemmas=0, sibling_lemmas=0, lemmas_added=2942, last_new_lemmas=2942, lemma_batch_cap=off): lazy linear arithmetic pre-SAT skeleton exceeds the joint resource boundary (atoms=9176, cnf_vars=20997, base_trigger=>1024/>4096, moderate_envelope<=10240/<=16384, initial_clauses=0, blocking_lemmas=4); declining before the first SAT round\p\plazy function-consistency CEGAR inconclusive (applications=203, function_groups=10, potential_pairs=14634, solve_rounds=2, elapsed_ms=462, sat_candidates=1, first_candidate_ms=327, last_candidate_ms=327, pair_checks=14634, equal_arg_pairs=2942, violated_pairs=2, preseeded_lemmas=0, sibling_lemmas=0, lemmas_added=2942, last_new_lemmas=2942, lemma_batch_cap=off): lazy linear arithmetic pre-SAT skeleton exceeds the joint resource boundary (atoms=9176, cnf_vars=20997, base_trigger=>1024/>4096, moderate_envelope<=10240/<=16384, initial_clauses=0, blocking_lemmas=4); declining before the first SAT round\plazy function-consistency CEGAR inconclusive (applications=203, function_groups=10, potential_pairs=14634, solve_rounds=2, elapsed_ms=462, sat_candidates=1, first_candidate_ms=327, last_candidate_ms=327, pair_checks=14634, equal_arg_pairs=2942, violated_pairs=2, preseeded_lemmas=0, sibling_lemmas=0, lemmas_added=2942, last_new_lemmas=2942, lemma_batch_cap=off): lazy linear arithmetic pre-SAT skeleton exceeds the joint resource boundary (atoms=9176, cnf_vars=20997, base_trigger=>1024/>4096, moderate_envelope<=10240/<=16384, initial_clauses=0, blocking_lemmas=4); declining before the first SAT round\plazy function-consistency CEGAR inconclusive (applications=203, function_groups=10, potential_pairs=14634, solve_rounds=2, elapsed_ms=462, sat_candidates=1, first_candidate_ms=327, last_candidate_ms=327, pair_checks=14634, equal_arg_pairs=2942, violated_pairs=2, preseeded_lemmas=0, sibling_lemmas=0, lemmas_added=2942, last_new_lemmas=2942, lemma_batch_cap=off): lazy linear arithmetic pre-SAT skeleton exceeds the joint resource boundary (atoms=9176, cnf_vars=20997, base_trigger=>1024/>4096, moderate_envelope<=10240/<=16384, initial_clauses=0, blocking_lemmas=4); declining before the first SAT round\plazy function-consistency CEGAR inconclusive (applications=203, function_groups=10, potential_pairs=14634, solve_rounds=2, elapsed_ms=462, sat_candidates=1, first_candidate_ms=327, last_candidate_ms=327, pair_checks=14634, equal_arg_pairs=2942, violated_pairs=2, preseeded_lemmas=0, sibling_lemmas=0, lemmas_added=2942, last_new_lemmas=2942, lemma_batch_cap=off): lazy linear arithmetic pre-SAT skeleton exceeds the joint resource boundary (atoms=9176, cnf_vars=20997, base_trigger=>1024/>4096, moderate_envelope<=10240/<=16384, initial_clauses=0, blocking_lemmas=4); declining before the first SAT round\plazy function-consistency CEGAR inconclusive (applications=203, function_groups=10, potential_pairs=14634, solve_rounds=2, elapsed_ms=462, sat_candidates=1, first_candidate_ms=327, last_candidate_ms=327, pair_checks=14634, equal_arg_pairs=2942, violated_pairs=2, preseeded_lemmas=0, sibling_lemmas=0, lemmas_added=2942, last_new_lemmas=2942, lemma_batch_cap=off): lazy linear arithmetic pre-SAT skeleton exceeds the joint resource boundary (atoms=9176, cnf_vars=20997, base_trigger=>1024/>4096, moderate_envelope<=10240/<=16384, initial_clauses=0, blocking_lemmas=4); declining before the first SAT round\plazy function-consistency CEGAR inconclusive (applications=203, function_groups=10, potential_pairs=14634, solve_rounds=2, elapsed_ms=462, sat_candidates=1, first_candidate_ms=327, last_candidate_ms=327, pair_checks=14634, equal_arg_pairs=2942, violated_pairs=2, preseeded_lemmas=0, sibling_lemmas=0, lemmas_added=2942, last_new_lemmas=2942, lemma_batch_cap=off): lazy linear arithmetic pre-SAT skeleton exceeds the joint resource boundary (atoms=9176, cnf_vars=20997, base_trigger=>1024/>4096, moderate_envelope<=10240/<=16384, initial_clauses=0, blocking_lemmas=4); declining before the first SAT round\plazy function-consistency CEGAR inconclusive (applications=203, function_groups=10, potential_pairs=14634, solve_rounds=2, elapsed_ms=462, sat_candidates=1, first_candidate_ms=327, last_candidate_ms=327, pair_checks=14634, equal_arg_pairs=2942, violated_pairs=2, preseeded_lemmas=0, sibling_lemmas=0, lemmas_added=2942, last_new_lemmas=2942, lemma_batch_cap=off): lazy linear arithmetic pre-SAT skeleton exceeds the joint resource boundary (atoms=9176, cnf_vars=20997, base_trigger=>1024/>4096, moderate_envelope<=10240/<=16384, initial_clauses=0, blocking_lemmas=4); declining before the first SAT round\plazy function-consistency CEGAR inconclusive (applications=203, function_groups=10, potential_pairs=14634, solve_rounds=2, elapsed_ms=462, sat_candidates=1, first_candidate_ms=327, last_candidate_ms=327, pair_checks=14634, equal_arg_pairs=2942, violated_pairs=2, preseeded_lemmas=0, sibling_lemmas=0, lemmas_added=2942, last_new_lemmas=2942, lemma_batch_cap=off): lazy linear arithmetic pre-SAT skeleton exceeds the joint resource boundary (atoms=9176, cnf_vars=20997, base_trigger=>1024/>4096, moderate_envelope<=10240/<=16384, initial_clauses=0, blocking_lemmas=4); declining before the first SAT round\plazy function-consistency CEGAR inconclusive (applications=203, function_groups=10, potential_pairs=14634, solve_rounds=2, elapsed_ms=462, sat_candidates=1, first_candidate_ms=327, last_candidate_ms=327, pair_checks=14634, equal_arg_pairs=2942, violated_pairs=2, preseeded_lemmas=0, sibling_lemmas=0, lemmas_added=2942, last_new_lemmas=2942, lemma_batch_cap=off): lazy linear arithmetic pre-SAT skeleton exceeds the joint resource boundary (atoms=9176, cnf_vars=20997, base_trigger=>1024/>4096, moderate_envelope<=10240/<=16384, initial_clauses=0, blocking_lemmas=4); declining before the first SAT round	\p\pother\pbackend\pother\pother\p\p\p\pother\pquant-ownership-decline\p\pother\pother\pother\pother\pother\pother\pother\pother\pother	s6	1,9	0.83
quant-instance-probe	z3-instances	UFLIA_boogie_Spouse_Person..ctor.smt2.core.smt2.ground.smt2	d3ae77a02c1522df36d2d35883c9f945c0f12b6a6a2f6bfc32ec541b5884a8ff	Int\pFunction	sat	0	uf-arith-lazy-overbound-pre-lia	uf-arith-lazy-overbound-pre-lia	6	fd:parse:probe\pprobe:probe\pcas-identity-refuter:declined\pcas-int-units:declined\pdl-online:declined\puf-arith-lazy-overbound-pre-lia:decided	310	1\p0\p0\p0\p20\p237	no	cas-identity-refuter=incomplete\pcas-int-units=incomplete\pdl-online=not-applicable	no arithmetic disequality had equal polynomial normal forms\pno integer equation normalized to a refutable k·m = c\p	\p\p	s6	1,9	0.83
quant-instance-probe	z3-instances	UFLIA_grasshopper_instantiated_delete_check_heap_access_53_12.smt2.core.smt2.ground.smt2	d3ae77a02c1522df36d2d35883c9f945c0f12b6a6a2f6bfc32ec541b5884a8ff	Int\pFunction\pUninterpretedSort	unsat	0	euf-online	dl-online	6	fd:parse:probe\pprobe:probe\pdl-online:declined\plia-simplex:declined\plia-dpll:declined\peuf-online:decided	109	0\p0\p0\p0\p0\p0	no	dl-online=not-applicable\plia-simplex=unsupported\plia-dpll=unsupported	\pQF_LIA: assertion is not a conjunctive linear integer constraint\plazy arithmetic: assertion is not Boolean structure over linear-arithmetic atoms	\pbackend\pbackend	s6	1,9	0.83
quant-instance-probe	z3-instances	UFLIA_grasshopper_instantiated_insertion_sort_postcondition_of_insertion_sort_63_1.smt2.core.smt2.ground.smt2	d3ae77a02c1522df36d2d35883c9f945c0f12b6a6a2f6bfc32ec541b5884a8ff	Int\pFunction\pUninterpretedSort	sat	0	uf-arith-lazy-overbound-pre-lia	uf-arith-lazy-overbound-pre-lia	4	fd:parse:probe\pprobe:probe\pdl-online:declined\puf-arith-lazy-overbound-pre-lia:decided	110	0\p0\p1\p19	no	dl-online=not-applicable			s6	1,9	0.83
quant-instance-probe	z3-instances	UFLIA_grasshopper_uninstantiated_merge_loop_check_heap_access_60_6.smt2.core.smt2.ground.smt2	d3ae77a02c1522df36d2d35883c9f945c0f12b6a6a2f6bfc32ec541b5884a8ff	Int\pFunction\pUninterpretedSort	sat	0	uf-arith-lazy-overbound-pre-lia	uf-arith-lazy-overbound-pre-lia	4	fd:parse:probe\pprobe:probe\pdl-online:declined\puf-arith-lazy-overbound-pre-lia:decided	110	0\p0\p0\p0	no	dl-online=not-applicable			s6	1,9	0.83
quant-instance-probe	z3-instances	UFLIA_simplify2_front_end_suite_javafe.ast.ImportDeclVec.015.smt2.core.smt2.ground.smt2	d3ae77a02c1522df36d2d35883c9f945c0f12b6a6a2f6bfc32ec541b5884a8ff	not-dispatched	unknown	0	none	fd:parse	2	fd:parse:probe\pfd:parse:declined	110	0\p0	no	fd:parse=unsupported	syntax error: let name	ingest-refusal	s6	1,9	0.83
quant-instance-probe	z3-instances	UFLIA_simplify2_front_end_suite_javafe.ast.LabelStmt.011.smt2.core.smt2.ground.smt2	d3ae77a02c1522df36d2d35883c9f945c0f12b6a6a2f6bfc32ec541b5884a8ff	Int\pFunction	sat	0	uf-arith-online	fd:parse	8	fd:parse:probe\pprobe:probe\pdl-online:declined\plia-simplex:declined\plia-dpll:declined\peuf-online:declined\peuf-offline:declined\puf-arith-online:decided	109	0\p0\p0\p0\p0\p0\p0\p0	no	dl-online=not-applicable\plia-simplex=unsupported\plia-dpll=incomplete\peuf-online=incomplete\peuf-offline=incomplete	\pQF_LIA: assertion is not a conjunctive linear integer constraint\plinear-arithmetic abstraction with opaque integer UF applications is satisfiable; use the UFLIA backend for model lifting\ponline CDCL(T) e-graph model did not replay (base-sort semantics outside congruence)\pe-graph model did not replay (base-sort semantics outside congruence)	\pbackend\p\p\p	s6	1,9	0.83
quant-instance-probe	z3-instances	UFLIA_simplify2_front_end_suite_javafe.ast.MethodDecl.005.smt2.core.smt2.ground.smt2	d3ae77a02c1522df36d2d35883c9f945c0f12b6a6a2f6bfc32ec541b5884a8ff	Int\pFunction	unknown	0	none	dl-online	24	fd:parse:probe\pprobe:probe\pcas-identity-refuter:declined\pcas-int-units:declined\pdl-online:declined\puf-arith-lazy-overbound-pre-lia:declined\plia-simplex:declined\plia-dpll:declined\puf-arith-lazy-overbound:declined\peuf-online:declined\peuf-offline:declined\puf-arith-online:declined\puf-arithmetic:declined\pq:skolem-qf:declined\pq:nat-induction:declined\pfd:string-gate:declined\pfd:source-string-semantic-unsat:declined\pfd:word-route:declined\pfd:online-string:declined\pfd:membership:declined\pfd:lex-order:declined\pfd:length-lia:declined\pfd:source-string-sat-probe:declined\pfd:bounded-completeness-unsat:declined	409	4\p4\p3\p2\p116\p50\p10\p1\p43\p59\p6\p17\p50\p0\p0\p0\p0\p0\p0\p0\p0\p0\p0\p0	no	cas-identity-refuter=incomplete\pcas-int-units=incomplete\pdl-online=not-applicable\puf-arith-lazy-overbound-pre-lia=budget\plia-simplex=unsupported\plia-dpll=budget\puf-arith-lazy-overbound=budget\peuf-online=incomplete\peuf-offline=incomplete\puf-arith-online=incomplete\puf-arithmetic=budget\pq:skolem-qf=unsupported\pq:nat-induction=not-applicable\pfd:string-gate=budget\pfd:source-string-semantic-unsat=budget\pfd:word-route=budget\pfd:online-string=budget\pfd:membership=budget\pfd:lex-order=budget\pfd:length-lia=budget\pfd:source-string-sat-probe=budget\pfd:bounded-completeness-unsat=budget	no arithmetic disequality had equal polynomial normal forms\pnormalized to k·m = c, but no asserted bound puts a factor of m outside the divisors of c/k\p\plazy function-consistency CEGAR inconclusive (applications=62, function_groups=5, potential_pairs=949, solve_rounds=1, elapsed_ms=38, sat_candidates=0, first_candidate_ms=none, last_candidate_ms=none, pair_checks=0, equal_arg_pairs=0, violated_pairs=0, preseeded_lemmas=0, sibling_lemmas=0, lemmas_added=0, last_new_lemmas=0, lemma_batch_cap=off): lazy linear arithmetic pre-SAT skeleton exceeds the joint resource boundary (atoms=15042, cnf_vars=30158, base_trigger=>1024/>4096, moderate_envelope<=10240/<=16384, initial_clauses=0, blocking_lemmas=0); declining before the first SAT round\pQF_LIA: assertion is not a conjunctive linear integer constraint\pgeneric LIA DPLL skipped for overbound non-array integer UF+arithmetic query (ackermann_pairs=949); route the single large function-free arithmetic abstraction through the UF-aware lazy CEGAR path instead\plazy function-consistency CEGAR inconclusive (applications=62, function_groups=5, potential_pairs=949, solve_rounds=1, elapsed_ms=34, sat_candidates=0, first_candidate_ms=none, last_candidate_ms=none, pair_checks=0, equal_arg_pairs=0, violated_pairs=0, preseeded_lemmas=0, sibling_lemmas=0, lemmas_added=0, last_new_lemmas=0, lemma_batch_cap=off): lazy linear arithmetic pre-SAT skeleton exceeds the joint resource boundary (atoms=15042, cnf_vars=30158, base_trigger=>1024/>4096, moderate_envelope<=10240/<=16384, initial_clauses=0, blocking_lemmas=0); declining before the first SAT round\ponline CDCL(T) e-graph model did not replay (base-sort semantics outside congruence)\pboolean skeleton undecided\pboolean skeleton outside the online combination encoder: unsupported Boolean op Apply(FuncId(46)) with 2 args\plazy function-consistency CEGAR inconclusive (applications=62, function_groups=5, potential_pairs=949, solve_rounds=1, elapsed_ms=41, sat_candidates=0, first_candidate_ms=none, last_candidate_ms=none, pair_checks=0, equal_arg_pairs=0, violated_pairs=0, preseeded_lemmas=0, sibling_lemmas=0, lemmas_added=0, last_new_lemmas=0, lemma_batch_cap=off): lazy linear arithmetic pre-SAT skeleton exceeds the joint resource boundary (atoms=15042, cnf_vars=30158, base_trigger=>1024/>4096, moderate_envelope<=10240/<=16384, initial_clauses=0, blocking_lemmas=0); declining before the first SAT round\pquant-route ownership (ADR-2103): `q:skolem-qf` owns {Real, Int, BvOrFloat, Datatype, Function, UninterpretedSort, Array, NonBvArray, NonBoolBvArray} and does not own {NestedArray, WideInt}, which this quantified query carries, so its non-decision is a decline and the ladder continues. Its own reason was: lazy function-consistency CEGAR inconclusive (applications=62, function_groups=5, potential_pairs=949, solve_rounds=1, elapsed_ms=41, sat_candidates=0, first_candidate_ms=none, last_candidate_ms=none, pair_checks=0, equal_arg_pairs=0, violated_pairs=0, preseeded_lemmas=0, sibling_lemmas=0, lemmas_added=0, last_new_lemmas=0, lemma_batch_cap=off): lazy linear arithmetic pre-SAT skeleton exceeds the joint resource boundary (atoms=15042, cnf_vars=30158, base_trigger=>1024/>4096, moderate_envelope<=10240/<=16384, initial_clauses=0, blocking_lemmas=0); declining before the first SAT round\p\plazy function-consistency CEGAR inconclusive (applications=62, function_groups=5, potential_pairs=949, solve_rounds=1, elapsed_ms=41, sat_candidates=0, first_candidate_ms=none, last_candidate_ms=none, pair_checks=0, equal_arg_pairs=0, violated_pairs=0, preseeded_lemmas=0, sibling_lemmas=0, lemmas_added=0, last_new_lemmas=0, lemma_batch_cap=off): lazy linear arithmetic pre-SAT skeleton exceeds the joint resource boundary (atoms=15042, cnf_vars=30158, base_trigger=>1024/>4096, moderate_envelope<=10240/<=16384, initial_clauses=0, blocking_lemmas=0); declining before the first SAT round\plazy function-consistency CEGAR inconclusive (applications=62, function_groups=5, potential_pairs=949, solve_rounds=1, elapsed_ms=41, sat_candidates=0, first_candidate_ms=none, last_candidate_ms=none, pair_checks=0, equal_arg_pairs=0, violated_pairs=0, preseeded_lemmas=0, sibling_lemmas=0, lemmas_added=0, last_new_lemmas=0, lemma_batch_cap=off): lazy linear arithmetic pre-SAT skeleton exceeds the joint resource boundary (atoms=15042, cnf_vars=30158, base_trigger=>1024/>4096, moderate_envelope<=10240/<=16384, initial_clauses=0, blocking_lemmas=0); declining before the first SAT round\plazy function-consistency CEGAR inconclusive (applications=62, function_groups=5, potential_pairs=949, solve_rounds=1, elapsed_ms=41, sat_candidates=0, first_candidate_ms=none, last_candidate_ms=none, pair_checks=0, equal_arg_pairs=0, violated_pairs=0, preseeded_lemmas=0, sibling_lemmas=0, lemmas_added=0, last_new_lemmas=0, lemma_batch_cap=off): lazy linear arithmetic pre-SAT skeleton exceeds the joint resource boundary (atoms=15042, cnf_vars=30158, base_trigger=>1024/>4096, moderate_envelope<=10240/<=16384, initial_clauses=0, blocking_lemmas=0); declining before the first SAT round\plazy function-consistency CEGAR inconclusive (applications=62, function_groups=5, potential_pairs=949, solve_rounds=1, elapsed_ms=41, sat_candidates=0, first_candidate_ms=none, last_candidate_ms=none, pair_checks=0, equal_arg_pairs=0, violated_pairs=0, preseeded_lemmas=0, sibling_lemmas=0, lemmas_added=0, last_new_lemmas=0, lemma_batch_cap=off): lazy linear arithmetic pre-SAT skeleton exceeds the joint resource boundary (atoms=15042, cnf_vars=30158, base_trigger=>1024/>4096, moderate_envelope<=10240/<=16384, initial_clauses=0, blocking_lemmas=0); declining before the first SAT round\plazy function-consistency CEGAR inconclusive (applications=62, function_groups=5, potential_pairs=949, solve_rounds=1, elapsed_ms=41, sat_candidates=0, first_candidate_ms=none, last_candidate_ms=none, pair_checks=0, equal_arg_pairs=0, violated_pairs=0, preseeded_lemmas=0, sibling_lemmas=0, lemmas_added=0, last_new_lemmas=0, lemma_batch_cap=off): lazy linear arithmetic pre-SAT skeleton exceeds the joint resource boundary (atoms=15042, cnf_vars=30158, base_trigger=>1024/>4096, moderate_envelope<=10240/<=16384, initial_clauses=0, blocking_lemmas=0); declining before the first SAT round\plazy function-consistency CEGAR inconclusive (applications=62, function_groups=5, potential_pairs=949, solve_rounds=1, elapsed_ms=41, sat_candidates=0, first_candidate_ms=none, last_candidate_ms=none, pair_checks=0, equal_arg_pairs=0, violated_pairs=0, preseeded_lemmas=0, sibling_lemmas=0, lemmas_added=0, last_new_lemmas=0, lemma_batch_cap=off): lazy linear arithmetic pre-SAT skeleton exceeds the joint resource boundary (atoms=15042, cnf_vars=30158, base_trigger=>1024/>4096, moderate_envelope<=10240/<=16384, initial_clauses=0, blocking_lemmas=0); declining before the first SAT round\plazy function-consistency CEGAR inconclusive (applications=62, function_groups=5, potential_pairs=949, solve_rounds=1, elapsed_ms=41, sat_candidates=0, first_candidate_ms=none, last_candidate_ms=none, pair_checks=0, equal_arg_pairs=0, violated_pairs=0, preseeded_lemmas=0, sibling_lemmas=0, lemmas_added=0, last_new_lemmas=0, lemma_batch_cap=off): lazy linear arithmetic pre-SAT skeleton exceeds the joint resource boundary (atoms=15042, cnf_vars=30158, base_trigger=>1024/>4096, moderate_envelope<=10240/<=16384, initial_clauses=0, blocking_lemmas=0); declining before the first SAT round\plazy function-consistency CEGAR inconclusive (applications=62, function_groups=5, potential_pairs=949, solve_rounds=1, elapsed_ms=41, sat_candidates=0, first_candidate_ms=none, last_candidate_ms=none, pair_checks=0, equal_arg_pairs=0, violated_pairs=0, preseeded_lemmas=0, sibling_lemmas=0, lemmas_added=0, last_new_lemmas=0, lemma_batch_cap=off): lazy linear arithmetic pre-SAT skeleton exceeds the joint resource boundary (atoms=15042, cnf_vars=30158, base_trigger=>1024/>4096, moderate_envelope<=10240/<=16384, initial_clauses=0, blocking_lemmas=0); declining before the first SAT round\plazy function-consistency CEGAR inconclusive (applications=62, function_groups=5, potential_pairs=949, solve_rounds=1, elapsed_ms=41, sat_candidates=0, first_candidate_ms=none, last_candidate_ms=none, pair_checks=0, equal_arg_pairs=0, violated_pairs=0, preseeded_lemmas=0, sibling_lemmas=0, lemmas_added=0, last_new_lemmas=0, lemma_batch_cap=off): lazy linear arithmetic pre-SAT skeleton exceeds the joint resource boundary (atoms=15042, cnf_vars=30158, base_trigger=>1024/>4096, moderate_envelope<=10240/<=16384, initial_clauses=0, blocking_lemmas=0); declining before the first SAT round	\p\p\pother\pbackend\pother\pother\p\p\p\pother\pquant-ownership-decline\p\pother\pother\pother\pother\pother\pother\pother\pother\pother	s6	1,9	0.83
quant-instance-probe	z3-instances	UFLIA_simplify2_front_end_suite_javafe.ast.TypeModifierPragmaVec.013.smt2.core.smt2.ground.smt2	d3ae77a02c1522df36d2d35883c9f945c0f12b6a6a2f6bfc32ec541b5884a8ff	not-dispatched	unknown	0	none	fd:parse	2	fd:parse:probe\pfd:parse:declined	110	0\p0	no	fd:parse=unsupported	syntax error: let name	ingest-refusal	s6	1,9	0.83
quant-instance-probe	z3-instances	UFLIA_simplify2_front_end_suite_javafe.ast.VariableAccess.001.smt2.core.smt2.ground.smt2	d3ae77a02c1522df36d2d35883c9f945c0f12b6a6a2f6bfc32ec541b5884a8ff	Int\pFunction	sat	0	uf-arith-online	uf-arith-online	8	fd:parse:probe\pprobe:probe\pdl-online:declined\plia-simplex:declined\plia-dpll:declined\peuf-online:declined\peuf-offline:declined\puf-arith-online:decided	110	0\p0\p0\p0\p0\p0\p0\p1	no	dl-online=not-applicable\plia-simplex=unsupported\plia-dpll=incomplete\peuf-online=incomplete\peuf-offline=incomplete	\pQF_LIA: assertion is not a conjunctive linear integer constraint\plinear-arithmetic abstraction with opaque integer UF applications is satisfiable; use the UFLIA backend for model lifting\ponline CDCL(T) e-graph model did not replay (base-sort semantics outside congruence)\pe-graph model did not replay (base-sort semantics outside congruence)	\pbackend\p\p\p	s6	1,9	0.85
quant-instance-probe	z3-instances	UFLIA_simplify2_front_end_suite_javafe.filespace.HashTree.001.smt2.core.smt2.ground.smt2	d3ae77a02c1522df36d2d35883c9f945c0f12b6a6a2f6bfc32ec541b5884a8ff	Int\pFunction	sat	0	uf-arithmetic	uf-arith-online	17	fd:parse:probe\pprobe:probe\pcas-int-units:declined\pdl-online:declined\plia-simplex:declined\plia-dpll:declined\peuf-online:declined\peuf-offline:declined\puf-arith-online:decided\ppreprocess:declined\pdl-online:declined\plia-simplex:declined\plia-dpll:declined\peuf-online:declined\peuf-offline:declined\puf-arith-online:declined\puf-arithmetic:decided	1711	0\p0\p0\p0\p0\p0\p0\p0\p2\p0\p0\p0\p0\p0\p0\p1633\p2	no	cas-int-units=incomplete\pdl-online=not-applicable\plia-simplex=unsupported\plia-dpll=incomplete\peuf-online=incomplete\peuf-offline=incomplete\ppreprocess=incomplete\pdl-online=not-applicable\plia-simplex=unsupported\plia-dpll=incomplete\peuf-online=incomplete\peuf-offline=incomplete\puf-arith-online=incomplete	no integer equation normalized to a refutable k·m = c\p\pQF_LIA: non-linear or non-integer subterm in a constraint\plinear-arithmetic abstraction with opaque integer UF applications is satisfiable; use the UFLIA backend for model lifting\ponline CDCL(T) e-graph model did not replay (base-sort semantics outside congruence)\pe-graph model did not replay (base-sort semantics outside congruence)\ppreprocessed path errored; degraded to the original query: backend failure: preprocessing model reconstruction failed: no interpretation bound for function #29\p\pQF_LIA: non-linear or non-integer subterm in a constraint\plinear-arithmetic abstraction with opaque integer UF applications is satisfiable; use the UFLIA backend for model lifting\ponline CDCL(T) e-graph model did not replay (base-sort semantics outside congruence)\pe-graph model did not replay (base-sort semantics outside congruence)\pcombined CDCL(T) leaf did not rebuild a replaying model: combined leaf model did not replay	\p\pbackend\p\p\p\p\p\pbackend\p\p\p\p	s6	1,9	0.85
quant-instance-probe	z3-instances	UFLIA_simplify2_front_end_suite_javafe.filespace.ZipTree.005.smt2.core.smt2.ground.smt2	d3ae77a02c1522df36d2d35883c9f945c0f12b6a6a2f6bfc32ec541b5884a8ff	Int\pFunction	sat	0	uf-arithmetic	uf-arithmetic	9	fd:parse:probe\pprobe:probe\pdl-online:declined\plia-simplex:declined\plia-dpll:declined\peuf-online:declined\peuf-offline:declined\puf-arith-online:declined\puf-arithmetic:decided	108	0\p0\p0\p0\p0\p0\p0\p0\p1	no	dl-online=not-applicable\plia-simplex=unsupported\plia-dpll=unsupported\peuf-online=incomplete\peuf-offline=incomplete\puf-arith-online=incomplete	\pQF_LIA: assertion is not a conjunctive linear integer constraint\plazy arithmetic: assertion is not Boolean structure over linear-arithmetic atoms\ponline CDCL(T) e-graph model did not replay (base-sort semantics outside congruence)\pboolean skeleton undecided\pboolean skeleton outside the online combination encoder: unsupported Boolean op Apply(FuncId(58)) with 2 args	\pbackend\pbackend\p\p\p	s6	1,9	0.85
quant-instance-probe	z3-instances	UFLIA_simplify2_front_end_suite_javafe.parser.Parse.005.smt2.core.smt2.ground.smt2	d3ae77a02c1522df36d2d35883c9f945c0f12b6a6a2f6bfc32ec541b5884a8ff	Int\pFunction	sat	0	uf-arith-lazy-overbound-pre-lia	uf-arith-lazy-overbound-pre-lia	4	fd:parse:probe\pprobe:probe\pdl-online:declined\puf-arith-lazy-overbound-pre-lia:decided	110	0\p0\p1\p59	no	dl-online=not-applicable			s6	1,9	0.85
quant-instance-probe	z3-instances	UFLIA_simplify2_front_end_suite_javafe.parser.TagConstants.001.smt2.core.smt2.ground.smt2	d3ae77a02c1522df36d2d35883c9f945c0f12b6a6a2f6bfc32ec541b5884a8ff	Int\pFunction	sat	0	uf-arith-online	uf-arith-online	17	fd:parse:probe\pprobe:probe\pcas-identity-refuter:declined\pcas-int-units:declined\pdl-online:declined\plia-simplex:declined\plia-dpll:declined\peuf-online:declined\peuf-offline:declined\puf-arith-online:decided\ppreprocess:declined\pdl-online:declined\plia-simplex:declined\plia-dpll:declined\peuf-online:declined\peuf-offline:declined\puf-arith-online:decided	809	0\p0\p0\p0\p0\p0\p0\p0\p0\p0\p0\p0\p0\p0\p0\p0\p745	no	cas-identity-refuter=incomplete\pcas-int-units=incomplete\pdl-online=not-applicable\plia-simplex=unsupported\plia-dpll=incomplete\peuf-online=incomplete\peuf-offline=incomplete\ppreprocess=incomplete\pdl-online=not-applicable\plia-simplex=unsupported\plia-dpll=incomplete\peuf-online=incomplete\peuf-offline=incomplete	no arithmetic disequality had equal polynomial normal forms\pnormalized to k·m = c, but no asserted bound puts a factor of m outside the divisors of c/k\p\pQF_LIA: non-linear or non-integer subterm in a constraint\plinear-arithmetic abstraction with opaque integer UF applications is satisfiable; use the UFLIA backend for model lifting\ponline CDCL(T) e-graph model did not replay (base-sort semantics outside congruence)\pe-graph model did not replay (base-sort semantics outside congruence)\ppreprocessed path errored; degraded to the original query: backend failure: preprocessing model reconstruction failed: no interpretation bound for function #45\p\pQF_LIA: non-linear or non-integer subterm in a constraint\plinear-arithmetic abstraction with opaque integer UF applications is satisfiable; use the UFLIA backend for model lifting\ponline CDCL(T) e-graph model did not replay (base-sort semantics outside congruence)\pboolean skeleton undecided	\p\p\pbackend\p\p\p\p\p\pbackend\p\p\p	s6	1,9	0.85
quant-instance-probe	z3-instances	UFLIA_simplify2_front_end_suite_javafe.PrintSpec.012.smt2.core.smt2.ground.smt2	d3ae77a02c1522df36d2d35883c9f945c0f12b6a6a2f6bfc32ec541b5884a8ff	Int\pFunction	sat	0	uf-arithmetic	fd:parse	9	fd:parse:probe\pprobe:probe\pdl-online:declined\plia-simplex:declined\plia-dpll:declined\peuf-online:declined\peuf-offline:declined\puf-arith-online:declined\puf-arithmetic:decided	110	0\p0\p0\p0\p0\p0\p0\p0\p0	no	dl-online=not-applicable\plia-simplex=unsupported\plia-dpll=unsupported\peuf-online=incomplete\peuf-offline=incomplete\puf-arith-online=incomplete	\pQF_LIA: assertion is not a conjunctive linear integer constraint\plazy arithmetic: assertion is not Boolean structure over linear-arithmetic atoms\ponline CDCL(T) e-graph model did not replay (base-sort semantics outside congruence)\pno equality atoms for the e-graph path\pno UFLIA atoms for the online combination boolean layer	\pbackend\pbackend\p\p\p	s6	1,9	0.85
quant-instance-probe	z3-instances	UFLIA_simplify2_front_end_suite_javafe.reader.CachedReader.003.smt2.core.smt2.ground.smt2	d3ae77a02c1522df36d2d35883c9f945c0f12b6a6a2f6bfc32ec541b5884a8ff	Int\pFunction	sat	0	uf-arithmetic	uf-arithmetic	9	fd:parse:probe\pprobe:probe\pdl-online:declined\plia-simplex:declined\plia-dpll:declined\peuf-online:declined\peuf-offline:declined\puf-arith-online:declined\puf-arithmetic:decided	109	0\p0\p0\p0\p0\p0\p0\p0\p0	no	dl-online=not-applicable\plia-simplex=unsupported\plia-dpll=unsupported\peuf-online=incomplete\peuf-offline=incomplete\puf-arith-online=incomplete	\pQF_LIA: assertion is not a conjunctive linear integer constraint\plazy arithmetic: assertion is not Boolean structure over linear-arithmetic atoms\ponline CDCL(T) e-graph model did not replay (base-sort semantics outside congruence)\pboolean skeleton undecided\pboolean skeleton outside the online combination encoder: unsupported Boolean op Apply(FuncId(58)) with 2 args	\pbackend\pbackend\p\p\p	s6	1,9	0.85
quant-instance-probe	z3-instances	UFLIA_simplify2_front_end_suite_javafe.tc.EnvForLocals.007.smt2.core.smt2.ground.smt2	d3ae77a02c1522df36d2d35883c9f945c0f12b6a6a2f6bfc32ec541b5884a8ff	Int\pFunction	sat	0	uf-arith-lazy-overbound	uf-arith-lazy-overbound	9	fd:parse:probe\pprobe:probe\pcas-identity-refuter:declined\pcas-int-units:declined\pdl-online:declined\puf-arith-lazy-overbound-pre-lia:declined\plia-simplex:declined\plia-dpll:declined\puf-arith-lazy-overbound:decided	1411	1\p0\p0\p0\p19\p324\p1\p0\p960	no	cas-identity-refuter=incomplete\pcas-int-units=incomplete\pdl-online=not-applicable\puf-arith-lazy-overbound-pre-lia=budget\plia-simplex=unsupported\plia-dpll=budget	no arithmetic disequality had equal polynomial normal forms\pno integer equation normalized to a refutable k·m = c\p\plazy function-consistency CEGAR inconclusive (applications=25, function_groups=8, potential_pairs=68, solve_rounds=2, elapsed_ms=322, sat_candidates=1, first_candidate_ms=322, last_candidate_ms=322, pair_checks=68, equal_arg_pairs=7, violated_pairs=5, preseeded_lemmas=0, sibling_lemmas=0, lemmas_added=7, last_new_lemmas=7, lemma_batch_cap=off): lazy UF+arithmetic exhausted the configured timeout before converging\pQF_LIA: assertion is not a conjunctive linear integer constraint\pgeneric LIA DPLL skipped for overbound non-array integer UF+arithmetic query (ackermann_pairs=68); route the single large function-free arithmetic abstraction through the UF-aware lazy CEGAR path instead	\p\p\pother\pbackend\pother	s6	1,9	0.85
quant-instance-probe	z3-instances	UFLIA_simplify2_front_end_suite_javafe.tc.FlowInsensitiveChecks.017.smt2.core.smt2.ground.smt2	d3ae77a02c1522df36d2d35883c9f945c0f12b6a6a2f6bfc32ec541b5884a8ff	Int\pFunction	unknown	0	none	dl-online	24	fd:parse:probe\pprobe:probe\pcas-identity-refuter:declined\pcas-int-units:declined\pdl-online:declined\puf-arith-lazy-overbound-pre-lia:declined\plia-simplex:declined\plia-dpll:declined\puf-arith-lazy-overbound:declined\peuf-online:declined\peuf-offline:declined\puf-arith-online:declined\puf-arithmetic:declined\pq:skolem-qf:declined\pq:nat-induction:declined\pfd:string-gate:declined\pfd:source-string-semantic-unsat:declined\pfd:word-route:declined\pfd:online-string:declined\pfd:membership:declined\pfd:lex-order:declined\pfd:length-lia:declined\pfd:source-string-sat-probe:declined\pfd:bounded-completeness-unsat:declined	610	9\p5\p4\p0\p149\p76\p14\p2\p68\p98\p12\p9\p62\p0\p0\p0\p0\p0\p0\p0\p0\p0\p0\p0	no	cas-identity-refuter=incomplete\pcas-int-units=incomplete\pdl-online=not-applicable\puf-arith-lazy-overbound-pre-lia=budget\plia-simplex=unsupported\plia-dpll=budget\puf-arith-lazy-overbound=budget\peuf-online=incomplete\peuf-offline=incomplete\puf-arith-online=incomplete\puf-arithmetic=budget\pq:skolem-qf=unsupported\pq:nat-induction=not-applicable\pfd:string-gate=budget\pfd:source-string-semantic-unsat=budget\pfd:word-route=budget\pfd:online-string=budget\pfd:membership=budget\pfd:lex-order=budget\pfd:length-lia=budget\pfd:source-string-sat-probe=budget\pfd:bounded-completeness-unsat=budget	no arithmetic disequality had equal polynomial normal forms\pno integer equation normalized to a refutable k·m = c\p\plazy function-consistency CEGAR inconclusive (applications=23, function_groups=5, potential_pairs=112, solve_rounds=1, elapsed_ms=58, sat_candidates=0, first_candidate_ms=none, last_candidate_ms=none, pair_checks=0, equal_arg_pairs=0, violated_pairs=0, preseeded_lemmas=0, sibling_lemmas=0, lemmas_added=0, last_new_lemmas=0, lemma_batch_cap=off): lazy linear arithmetic pre-SAT skeleton exceeds the joint resource boundary (atoms=20318, cnf_vars=40661, base_trigger=>1024/>4096, moderate_envelope<=10240/<=16384, initial_clauses=0, blocking_lemmas=0); declining before the first SAT round\pQF_LIA: assertion is not a conjunctive linear integer constraint\pgeneric LIA DPLL skipped for overbound non-array integer UF+arithmetic query (ackermann_pairs=112); route the single large function-free arithmetic abstraction through the UF-aware lazy CEGAR path instead\plazy function-consistency CEGAR inconclusive (applications=23, function_groups=5, potential_pairs=112, solve_rounds=1, elapsed_ms=53, sat_candidates=0, first_candidate_ms=none, last_candidate_ms=none, pair_checks=0, equal_arg_pairs=0, violated_pairs=0, preseeded_lemmas=0, sibling_lemmas=0, lemmas_added=0, last_new_lemmas=0, lemma_batch_cap=off): lazy linear arithmetic pre-SAT skeleton exceeds the joint resource boundary (atoms=20318, cnf_vars=40661, base_trigger=>1024/>4096, moderate_envelope<=10240/<=16384, initial_clauses=0, blocking_lemmas=0); declining before the first SAT round\ponline CDCL(T) e-graph model did not replay (base-sort semantics outside congruence)\pboolean skeleton undecided\ptoo many theory atoms for the online combination boolean layer: 10159 > 8192\plazy function-consistency CEGAR inconclusive (applications=23, function_groups=5, potential_pairs=112, solve_rounds=1, elapsed_ms=48, sat_candidates=0, first_candidate_ms=none, last_candidate_ms=none, pair_checks=0, equal_arg_pairs=0, violated_pairs=0, preseeded_lemmas=0, sibling_lemmas=0, lemmas_added=0, last_new_lemmas=0, lemma_batch_cap=off): lazy linear arithmetic pre-SAT skeleton exceeds the joint resource boundary (atoms=20318, cnf_vars=40661, base_trigger=>1024/>4096, moderate_envelope<=10240/<=16384, initial_clauses=0, blocking_lemmas=0); declining before the first SAT round\pquant-route ownership (ADR-2103): `q:skolem-qf` owns {Real, Int, BvOrFloat, Datatype, Function, UninterpretedSort, Array, NonBvArray, NonBoolBvArray} and does not own {NestedArray, WideInt}, which this quantified query carries, so its non-decision is a decline and the ladder continues. Its own reason was: lazy function-consistency CEGAR inconclusive (applications=23, function_groups=5, potential_pairs=112, solve_rounds=1, elapsed_ms=48, sat_candidates=0, first_candidate_ms=none, last_candidate_ms=none, pair_checks=0, equal_arg_pairs=0, violated_pairs=0, preseeded_lemmas=0, sibling_lemmas=0, lemmas_added=0, last_new_lemmas=0, lemma_batch_cap=off): lazy linear arithmetic pre-SAT skeleton exceeds the joint resource boundary (atoms=20318, cnf_vars=40661, base_trigger=>1024/>4096, moderate_envelope<=10240/<=16384, initial_clauses=0, blocking_lemmas=0); declining before the first SAT round\p\plazy function-consistency CEGAR inconclusive (applications=23, function_groups=5, potential_pairs=112, solve_rounds=1, elapsed_ms=48, sat_candidates=0, first_candidate_ms=none, last_candidate_ms=none, pair_checks=0, equal_arg_pairs=0, violated_pairs=0, preseeded_lemmas=0, sibling_lemmas=0, lemmas_added=0, last_new_lemmas=0, lemma_batch_cap=off): lazy linear arithmetic pre-SAT skeleton exceeds the joint resource boundary (atoms=20318, cnf_vars=40661, base_trigger=>1024/>4096, moderate_envelope<=10240/<=16384, initial_clauses=0, blocking_lemmas=0); declining before the first SAT round\plazy function-consistency CEGAR inconclusive (applications=23, function_groups=5, potential_pairs=112, solve_rounds=1, elapsed_ms=48, sat_candidates=0, first_candidate_ms=none, last_candidate_ms=none, pair_checks=0, equal_arg_pairs=0, violated_pairs=0, preseeded_lemmas=0, sibling_lemmas=0, lemmas_added=0, last_new_lemmas=0, lemma_batch_cap=off): lazy linear arithmetic pre-SAT skeleton exceeds the joint resource boundary (atoms=20318, cnf_vars=40661, base_trigger=>1024/>4096, moderate_envelope<=10240/<=16384, initial_clauses=0, blocking_lemmas=0); declining before the first SAT round\plazy function-consistency CEGAR inconclusive (applications=23, function_groups=5, potential_pairs=112, solve_rounds=1, elapsed_ms=48, sat_candidates=0, first_candidate_ms=none, last_candidate_ms=none, pair_checks=0, equal_arg_pairs=0, violated_pairs=0, preseeded_lemmas=0, sibling_lemmas=0, lemmas_added=0, last_new_lemmas=0, lemma_batch_cap=off): lazy linear arithmetic pre-SAT skeleton exceeds the joint resource boundary (atoms=20318, cnf_vars=40661, base_trigger=>1024/>4096, moderate_envelope<=10240/<=16384, initial_clauses=0, blocking_lemmas=0); declining before the first SAT round\plazy function-consistency CEGAR inconclusive (applications=23, function_groups=5, potential_pairs=112, solve_rounds=1, elapsed_ms=48, sat_candidates=0, first_candidate_ms=none, last_candidate_ms=none, pair_checks=0, equal_arg_pairs=0, violated_pairs=0, preseeded_lemmas=0, sibling_lemmas=0, lemmas_added=0, last_new_lemmas=0, lemma_batch_cap=off): lazy linear arithmetic pre-SAT skeleton exceeds the joint resource boundary (atoms=20318, cnf_vars=40661, base_trigger=>1024/>4096, moderate_envelope<=10240/<=16384, initial_clauses=0, blocking_lemmas=0); declining before the first SAT round\plazy function-consistency CEGAR inconclusive (applications=23, function_groups=5, potential_pairs=112, solve_rounds=1, elapsed_ms=48, sat_candidates=0, first_candidate_ms=none, last_candidate_ms=none, pair_checks=0, equal_arg_pairs=0, violated_pairs=0, preseeded_lemmas=0, sibling_lemmas=0, lemmas_added=0, last_new_lemmas=0, lemma_batch_cap=off): lazy linear arithmetic pre-SAT skeleton exceeds the joint resource boundary (atoms=20318, cnf_vars=40661, base_trigger=>1024/>4096, moderate_envelope<=10240/<=16384, initial_clauses=0, blocking_lemmas=0); declining before the first SAT round\plazy function-consistency CEGAR inconclusive (applications=23, function_groups=5, potential_pairs=112, solve_rounds=1, elapsed_ms=48, sat_candidates=0, first_candidate_ms=none, last_candidate_ms=none, pair_checks=0, equal_arg_pairs=0, violated_pairs=0, preseeded_lemmas=0, sibling_lemmas=0, lemmas_added=0, last_new_lemmas=0, lemma_batch_cap=off): lazy linear arithmetic pre-SAT skeleton exceeds the joint resource boundary (atoms=20318, cnf_vars=40661, base_trigger=>1024/>4096, moderate_envelope<=10240/<=16384, initial_clauses=0, blocking_lemmas=0); declining before the first SAT round\plazy function-consistency CEGAR inconclusive (applications=23, function_groups=5, potential_pairs=112, solve_rounds=1, elapsed_ms=48, sat_candidates=0, first_candidate_ms=none, last_candidate_ms=none, pair_checks=0, equal_arg_pairs=0, violated_pairs=0, preseeded_lemmas=0, sibling_lemmas=0, lemmas_added=0, last_new_lemmas=0, lemma_batch_cap=off): lazy linear arithmetic pre-SAT skeleton exceeds the joint resource boundary (atoms=20318, cnf_vars=40661, base_trigger=>1024/>4096, moderate_envelope<=10240/<=16384, initial_clauses=0, blocking_lemmas=0); declining before the first SAT round\plazy function-consistency CEGAR inconclusive (applications=23, function_groups=5, potential_pairs=112, solve_rounds=1, elapsed_ms=48, sat_candidates=0, first_candidate_ms=none, last_candidate_ms=none, pair_checks=0, equal_arg_pairs=0, violated_pairs=0, preseeded_lemmas=0, sibling_lemmas=0, lemmas_added=0, last_new_lemmas=0, lemma_batch_cap=off): lazy linear arithmetic pre-SAT skeleton exceeds the joint resource boundary (atoms=20318, cnf_vars=40661, base_trigger=>1024/>4096, moderate_envelope<=10240/<=16384, initial_clauses=0, blocking_lemmas=0); declining before the first SAT round\plazy function-consistency CEGAR inconclusive (applications=23, function_groups=5, potential_pairs=112, solve_rounds=1, elapsed_ms=48, sat_candidates=0, first_candidate_ms=none, last_candidate_ms=none, pair_checks=0, equal_arg_pairs=0, violated_pairs=0, preseeded_lemmas=0, sibling_lemmas=0, lemmas_added=0, last_new_lemmas=0, lemma_batch_cap=off): lazy linear arithmetic pre-SAT skeleton exceeds the joint resource boundary (atoms=20318, cnf_vars=40661, base_trigger=>1024/>4096, moderate_envelope<=10240/<=16384, initial_clauses=0, blocking_lemmas=0); declining before the first SAT round	\p\p\pother\pbackend\pother\pother\p\p\p\pother\pquant-ownership-decline\p\pother\pother\pother\pother\pother\pother\pother\pother\pother	s6	1,9	0.85
quant-instance-probe	z3-instances	UFLIA_simplify2_front_end_suite_javafe.tc.Types.035.smt2.core.smt2.ground.smt2	d3ae77a02c1522df36d2d35883c9f945c0f12b6a6a2f6bfc32ec541b5884a8ff	Int\pFunction	sat	0	uf-arithmetic	uf-arith-online	10	fd:parse:probe\pprobe:probe\pcas-identity-refuter:declined\pdl-online:declined\plia-simplex:declined\plia-dpll:declined\peuf-online:declined\peuf-offline:declined\puf-arith-online:declined\puf-arithmetic:decided	1411	0\p0\p0\p0\p0\p7\p0\p0\p1317\p0	no	cas-identity-refuter=incomplete\pdl-online=not-applicable\plia-simplex=unsupported\plia-dpll=incomplete\peuf-online=incomplete\peuf-offline=incomplete\puf-arith-online=incomplete	no arithmetic disequality had equal polynomial normal forms\p\pQF_LIA: assertion is not a conjunctive linear integer constraint\plinear-arithmetic abstraction with opaque integer UF applications is satisfiable; use the UFLIA backend for model lifting\ponline CDCL(T) e-graph model did not replay (base-sort semantics outside congruence)\pe-graph model did not replay (base-sort semantics outside congruence)\pcombined CDCL(T) leaf did not rebuild a replaying model: combined leaf model did not replay	\p\pbackend\p\p\p\p	s6	1,9	0.86
quant-instance-probe	z3-instances	UFLIA_simplify2_front_end_suite_javafe.tc.TypeSig.001.smt2.core.smt2.ground.smt2	d3ae77a02c1522df36d2d35883c9f945c0f12b6a6a2f6bfc32ec541b5884a8ff	Int\pFunction	sat	0	uf-arithmetic	uf-arithmetic	18	fd:parse:probe\pprobe:probe\pcas-identity-refuter:declined\pdl-online:declined\plia-simplex:declined\plia-dpll:declined\peuf-online:declined\peuf-offline:declined\puf-arith-online:declined\puf-arithmetic:decided\ppreprocess:declined\pdl-online:declined\plia-simplex:declined\plia-dpll:declined\peuf-online:declined\peuf-offline:declined\puf-arith-online:declined\puf-arithmetic:decided	111	0\p0\p0\p0\p0\p0\p0\p0\p0\p0\p0\p0\p0\p0\p0\p0\p0\p0	no	cas-identity-refuter=incomplete\pdl-online=not-applicable\plia-simplex=unsupported\plia-dpll=unsupported\peuf-online=incomplete\peuf-offline=incomplete\puf-arith-online=incomplete\ppreprocess=incomplete\pdl-online=not-applicable\plia-simplex=unsupported\plia-dpll=unsupported\peuf-online=incomplete\peuf-offline=incomplete\puf-arith-online=incomplete	no arithmetic disequality had equal polynomial normal forms\p\pQF_LIA: assertion is not a conjunctive linear integer constraint\plazy arithmetic: assertion is not Boolean structure over linear-arithmetic atoms\ponline CDCL(T) e-graph model did not replay (base-sort semantics outside congruence)\pno equality atoms for the e-graph path\pno UFLIA atoms for the online combination boolean layer\ppreprocessed path errored; degraded to the original query: backend failure: preprocessing model reconstruction failed: no interpretation bound for function #7\p\pQF_LIA: assertion is not a conjunctive linear integer constraint\plazy arithmetic: assertion is not Boolean structure over linear-arithmetic atoms\ponline CDCL(T) e-graph model did not replay (base-sort semantics outside congruence)\pboolean skeleton undecided\pboolean skeleton outside the online combination encoder: unsupported Boolean op Apply(FuncId(46)) with 2 args	\p\pbackend\pbackend\p\p\p\p\p\pbackend\pbackend\p\p\p	s6	1,9	0.86
quant-instance-probe	z3-instances	UFLIA_simplify2_front_end_suite_javafe.tc.TypeSigVec.005.smt2.core.smt2.ground.smt2	d3ae77a02c1522df36d2d35883c9f945c0f12b6a6a2f6bfc32ec541b5884a8ff	Int\pFunction	sat	0	uf-arithmetic	uf-arith-online	10	fd:parse:probe\pprobe:probe\pcas-int-units:declined\pdl-online:declined\plia-simplex:declined\plia-dpll:declined\peuf-online:declined\peuf-offline:declined\puf-arith-online:declined\puf-arithmetic:decided	12019	0\p0\p0\p0\p0\p1\p0\p0\p12000\p0	no	cas-int-units=incomplete\pdl-online=not-applicable\plia-simplex=unsupported\plia-dpll=incomplete\peuf-online=incomplete\peuf-offline=incomplete\puf-arith-online=incomplete	no integer equation normalized to a refutable k·m = c\p\pQF_LIA: assertion is not a conjunctive linear integer constraint\plinear-arithmetic abstraction with opaque integer UF applications is satisfiable; use the UFLIA backend for model lifting\ponline CDCL(T) e-graph model did not replay (base-sort semantics outside congruence)\pboolean skeleton undecided\pcombined CDCL(T) leaf did not rebuild a replaying model: combined model build failed (LIA model unavailable: overflow, coverage, deadline, or an integer-search cap)	\p\pbackend\p\p\p\p	s6	1,9	0.86
quant-instance-probe	z3-instances	UFLIA_simplify2_front_end_suite_javafe.test.SuperlinksTest.004.smt2.core.smt2.ground.smt2	d3ae77a02c1522df36d2d35883c9f945c0f12b6a6a2f6bfc32ec541b5884a8ff	Int\pFunction	sat	0	uf-arithmetic	uf-arithmetic	9	fd:parse:probe\pprobe:probe\pdl-online:declined\plia-simplex:declined\plia-dpll:declined\peuf-online:declined\peuf-offline:declined\puf-arith-online:declined\puf-arithmetic:decided	111	0\p0\p0\p0\p0\p0\p0\p0\p0	no	dl-online=not-applicable\plia-simplex=unsupported\plia-dpll=unsupported\peuf-online=incomplete\peuf-offline=incomplete\puf-arith-online=incomplete	\pQF_LIA: assertion is not a conjunctive linear integer constraint\plazy arithmetic: assertion is not Boolean structure over linear-arithmetic atoms\ponline CDCL(T) e-graph model did not replay (base-sort semantics outside congruence)\pboolean skeleton undecided\pboolean skeleton outside the online combination encoder: unsupported Boolean op Apply(FuncId(58)) with 2 args	\pbackend\pbackend\p\p\p	s6	1,9	0.88
quant-instance-probe	z3-instances	UFLIA_simplify2_small_suite_getRootInterface.smt2.core.smt2.ground.smt2	d3ae77a02c1522df36d2d35883c9f945c0f12b6a6a2f6bfc32ec541b5884a8ff	Int\pFunction	sat	0	uf-arith-lazy-overbound-pre-lia	uf-arith-lazy-overbound-pre-lia	5	fd:parse:probe\pprobe:probe\pcas-int-units:declined\pdl-online:declined\puf-arith-lazy-overbound-pre-lia:decided	108	0\p0\p0\p0\p6	no	cas-int-units=incomplete\pdl-online=not-applicable	no integer equation normalized to a refutable k·m = c\p	\p	s6	1,9	0.88
quant-instance-probe	z3-instances	UFLIA_simplify_javafe.ast.CatchClauseVec.66.smt2.core.smt2.ground.smt2	d3ae77a02c1522df36d2d35883c9f945c0f12b6a6a2f6bfc32ec541b5884a8ff	Int\pFunction	sat	0	uf-arithmetic	uf-arith-online	10	fd:parse:probe\pprobe:probe\pcas-int-units:declined\pdl-online:declined\plia-simplex:declined\plia-dpll:declined\peuf-online:declined\peuf-offline:declined\puf-arith-online:declined\puf-arithmetic:decided	12019	0\p0\p0\p0\p0\p0\p0\p0\p12000\p0	no	cas-int-units=incomplete\pdl-online=not-applicable\plia-simplex=unsupported\plia-dpll=incomplete\peuf-online=incomplete\peuf-offline=incomplete\puf-arith-online=incomplete	normalized to k·m = c, but no asserted bound puts a factor of m outside the divisors of c/k\p\pQF_LIA: non-linear or non-integer subterm in a constraint\plinear-arithmetic abstraction with opaque integer UF applications is satisfiable; use the UFLIA backend for model lifting\ponline CDCL(T) e-graph model did not replay (base-sort semantics outside congruence)\pe-graph model did not replay (base-sort semantics outside congruence)\pcombined CDCL(T) leaf did not rebuild a replaying model: combined leaf model did not replay	\p\pbackend\p\p\p\p	s6	1,9	0.88
quant-instance-probe	z3-instances	UFLIA_simplify_javafe.ast.LexicalPragmaVec.219.smt2.core.smt2.ground.smt2	d3ae77a02c1522df36d2d35883c9f945c0f12b6a6a2f6bfc32ec541b5884a8ff	not-dispatched	unknown	0	none	fd:parse	2	fd:parse:probe\pfd:parse:declined	107	0\p0	no	fd:parse=unsupported	syntax error: let name	ingest-refusal	s6	1,9	1.06
quant-instance-probe	z3-instances	UFLIA_simplify_javafe.ast.NewInstanceExpr.271.smt2.core.smt2.ground.smt2	d3ae77a02c1522df36d2d35883c9f945c0f12b6a6a2f6bfc32ec541b5884a8ff	Int\pFunction	sat	0	uf-arith-online	fd:parse	8	fd:parse:probe\pprobe:probe\pdl-online:declined\plia-simplex:declined\plia-dpll:declined\peuf-online:declined\peuf-offline:declined\puf-arith-online:decided	107	0\p0\p0\p0\p0\p0\p0\p0	no	dl-online=not-applicable\plia-simplex=unsupported\plia-dpll=incomplete\peuf-online=incomplete\peuf-offline=incomplete	\pQF_LIA: assertion is not a conjunctive linear integer constraint\plinear-arithmetic abstraction with opaque integer UF applications is satisfiable; use the UFLIA backend for model lifting\ponline CDCL(T) e-graph model did not replay (base-sort semantics outside congruence)\pe-graph model did not replay (base-sort semantics outside congruence)	\pbackend\p\p\p	s6	1,9	1.06
quant-instance-probe	z3-instances	UFLIA_simplify_javafe.ast.TypeDeclElemPragma.373.smt2.core.smt2.ground.smt2	d3ae77a02c1522df36d2d35883c9f945c0f12b6a6a2f6bfc32ec541b5884a8ff	Int\pFunction	sat	0	uf-arith-online	fd:parse	9	fd:parse:probe\pprobe:probe\pcas-int-units:declined\pdl-online:declined\plia-simplex:declined\plia-dpll:declined\peuf-online:declined\peuf-offline:declined\puf-arith-online:decided	107	0\p0\p0\p0\p0\p0\p0\p0\p0	no	cas-int-units=incomplete\pdl-online=not-applicable\plia-simplex=unsupported\plia-dpll=incomplete\peuf-online=incomplete\peuf-offline=incomplete	no integer equation normalized to a refutable k·m = c\p\pQF_LIA: non-linear or non-integer subterm in a constraint\plinear-arithmetic abstraction with opaque integer UF applications is satisfiable; use the UFLIA backend for model lifting\ponline CDCL(T) e-graph model did not replay (base-sort semantics outside congruence)\pe-graph model did not replay (base-sort semantics outside congruence)	\p\pbackend\p\p\p	s6	1,9	1.06
quant-instance-probe	z3-instances	UFLIA_simplify_javafe.ast.UnaryExpr.424.smt2.core.smt2.ground.smt2	d3ae77a02c1522df36d2d35883c9f945c0f12b6a6a2f6bfc32ec541b5884a8ff	Int\pFunction	sat	0	uf-arith-online	fd:parse	9	fd:parse:probe\pprobe:probe\pcas-int-units:declined\pdl-online:declined\plia-simplex:declined\plia-dpll:declined\peuf-online:declined\peuf-offline:declined\puf-arith-online:decided	107	0\p0\p0\p0\p0\p0\p0\p0\p0	no	cas-int-units=incomplete\pdl-online=not-applicable\plia-simplex=unsupported\plia-dpll=incomplete\peuf-online=incomplete\peuf-offline=incomplete	no integer equation normalized to a refutable k·m = c\p\pQF_LIA: non-linear or non-integer subterm in a constraint\plinear-arithmetic abstraction with opaque integer UF applications is satisfiable; use the UFLIA backend for model lifting\ponline CDCL(T) e-graph model did not replay (base-sort semantics outside congruence)\pe-graph model did not replay (base-sort semantics outside congruence)	\p\pbackend\p\p\p	s6	1,9	1.06
quant-instance-probe	z3-instances	UFLIA_simplify_javafe.parser.TokenQueue.576.smt2.core.smt2.ground.smt2	d3ae77a02c1522df36d2d35883c9f945c0f12b6a6a2f6bfc32ec541b5884a8ff	Int\pFunction	sat	0	uf-arithmetic	uf-arith-online	9	fd:parse:probe\pprobe:probe\pdl-online:declined\plia-simplex:declined\plia-dpll:declined\peuf-online:declined\peuf-offline:declined\puf-arith-online:declined\puf-arithmetic:decided	107	0\p0\p0\p0\p0\p0\p0\p2\p0	no	dl-online=not-applicable\plia-simplex=unsupported\plia-dpll=incomplete\peuf-online=incomplete\peuf-offline=incomplete\puf-arith-online=incomplete	\pQF_LIA: assertion is not a conjunctive linear integer constraint\plinear-arithmetic abstraction with opaque integer UF applications is satisfiable; use the UFLIA backend for model lifting\ponline CDCL(T) e-graph model did not replay (base-sort semantics outside congruence)\pe-graph model did not replay (base-sort semantics outside congruence)\pcombined CDCL(T) leaf did not rebuild a replaying model: combined leaf model did not replay	\pbackend\p\p\p\p	s6	1,9	1.06
quant-instance-probe	z3-instances	UFLIA_simplify_tohtml.Java2Html.832.smt2.core.smt2.ground.smt2	d3ae77a02c1522df36d2d35883c9f945c0f12b6a6a2f6bfc32ec541b5884a8ff	Int\pFunction	sat	0	uf-arith-online	uf-arith-online	9	fd:parse:probe\pprobe:probe\pcas-int-units:declined\pdl-online:declined\plia-simplex:declined\plia-dpll:declined\peuf-online:declined\peuf-offline:declined\puf-arith-online:decided	107	0\p0\p0\p0\p0\p0\p0\p0\p1	no	cas-int-units=incomplete\pdl-online=not-applicable\plia-simplex=unsupported\plia-dpll=incomplete\peuf-online=incomplete\peuf-offline=incomplete	no integer equation normalized to a refutable k·m = c\p\pQF_LIA: non-linear or non-integer subterm in a constraint\plinear-arithmetic abstraction with opaque integer UF applications is satisfiable; use the UFLIA backend for model lifting\ponline CDCL(T) e-graph model did not replay (base-sort semantics outside congruence)\pe-graph model did not replay (base-sort semantics outside congruence)	\p\pbackend\p\p\p	s6	1,9	1.06
quant-instance-probe	z3-instances	UFLIA_sledgehammer_FFT_smtlib.898060.smt2.core.smt2.ground.smt2	d3ae77a02c1522df36d2d35883c9f945c0f12b6a6a2f6bfc32ec541b5884a8ff	Int\pFunction\pUninterpretedSort	unknown	0	none	uf-arithmetic	26	fd:parse:probe\pprobe:probe\pdl-online:declined\plia-simplex:declined\plia-dpll:declined\peuf-online:declined\peuf-offline:declined\puf-arith-online:declined\puf-arithmetic:declined\pnia-square:declined\pint-real-relax:declined\pnia-linearize:declined\pnia-bounded-blast:declined\ppreprocess:declined\pdl-online:declined\plia-simplex:declined\plia-dpll:declined\peuf-online:declined\peuf-offline:declined\puf-arith-online:declined\puf-arithmetic:declined\pnia-square:declined\pint-real-relax:declined\pnia-linearize:declined\pnia-bounded-blast:declined\pdispatch-error:declined	107	0\p0\p0\p0\p0\p0\p0\p0\p1\p0\p0\p0\p0\p0\p0\p0\p0\p0\p0\p0\p1\p0\p0\p0\p0\p0	no	dl-online=not-applicable\plia-simplex=unsupported\plia-dpll=unsupported\peuf-online=incomplete\peuf-offline=incomplete\puf-arith-online=incomplete\puf-arithmetic=incomplete\pnia-square=not-applicable\pint-real-relax=not-applicable\pnia-linearize=not-applicable\pnia-bounded-blast=not-applicable\ppreprocess=incomplete\pdl-online=not-applicable\plia-simplex=unsupported\plia-dpll=unsupported\peuf-online=incomplete\peuf-offline=incomplete\puf-arith-online=incomplete\puf-arithmetic=incomplete\pnia-square=not-applicable\pint-real-relax=not-applicable\pnia-linearize=not-applicable\pnia-bounded-blast=not-applicable\pdispatch-error=unsupported	\pQF_LIA: assertion is not a conjunctive linear integer constraint\plazy arithmetic: assertion is not Boolean structure over linear-arithmetic atoms\ponline CDCL(T) e-graph model did not replay (base-sort semantics outside congruence)\pboolean skeleton undecided\pcombined CDCL(T) leaf did not rebuild a replaying model: combined model build failed (LIA model unavailable: overflow, coverage, deadline, or an integer-search cap)\peager UF+arithmetic route declined: term #68 has sort (Uninterpreted 4) that the pure-Rust BV backend cannot bit-blast\p\p\p\p\ppreprocessed path errored; degraded to the original query: unsupported by backend: term #68 has sort (Uninterpreted 4) that the pure-Rust BV backend cannot bit-blast\p\pQF_LIA: assertion is not a conjunctive linear integer constraint\plazy arithmetic: assertion is not Boolean structure over linear-arithmetic atoms\ponline CDCL(T) e-graph model did not replay (base-sort semantics outside congruence)\pboolean skeleton undecided\pcombined CDCL(T) leaf did not rebuild a replaying model: combined model build failed (LIA model unavailable: overflow, coverage, deadline, or an integer-search cap)\peager UF+arithmetic route declined: term #68 has sort (Uninterpreted 4) that the pure-Rust BV backend cannot bit-blast\p\p\p\p\punsupported by backend: term #68 has sort (Uninterpreted 4) that the pure-Rust BV backend cannot bit-blast	\pbackend\pbackend\p\p\p\p\p\p\p\p\p\p\pbackend\pbackend\p\p\p\p\p\p\p\p\pbackend	s6	1,9	1.06
quant-instance-probe	z3-instances	UFLIA_sledgehammer_Fundamental_Theorem_Algebra_smtlib.1057395.smt2.core.smt2.ground.smt2	d3ae77a02c1522df36d2d35883c9f945c0f12b6a6a2f6bfc32ec541b5884a8ff	Function\pUninterpretedSort	unsat	0	euf-online	fd:parse	4	fd:parse:probe\pprobe:probe\pdl-online:declined\peuf-online:decided	108	0\p0\p0\p0	no	dl-online=not-applicable			s6	1,9	1.06
quant-instance-probe	z3-instances	UFLIA_sledgehammer_Fundamental_Theorem_Algebra_smtlib.1462528.smt2.core.smt2.ground.smt2	d3ae77a02c1522df36d2d35883c9f945c0f12b6a6a2f6bfc32ec541b5884a8ff	Int\pFunction\pUninterpretedSort	unknown	0	none	uf-arithmetic	26	fd:parse:probe\pprobe:probe\pdl-online:declined\plia-simplex:declined\plia-dpll:declined\peuf-online:declined\peuf-offline:declined\puf-arith-online:declined\puf-arithmetic:declined\pnia-square:declined\pint-real-relax:declined\pnia-linearize:declined\pnia-bounded-blast:declined\ppreprocess:declined\pdl-online:declined\plia-simplex:declined\plia-dpll:declined\peuf-online:declined\peuf-offline:declined\puf-arith-online:declined\puf-arithmetic:declined\pnia-square:declined\pint-real-relax:declined\pnia-linearize:declined\pnia-bounded-blast:declined\pdispatch-error:declined	107	0\p0\p0\p0\p0\p0\p0\p0\p0\p0\p0\p0\p0\p0\p0\p0\p0\p0\p0\p0\p4\p0\p0\p0\p0\p0	no	dl-online=not-applicable\plia-simplex=unsupported\plia-dpll=unsupported\peuf-online=incomplete\peuf-offline=incomplete\puf-arith-online=incomplete\puf-arithmetic=incomplete\pnia-square=not-applicable\pint-real-relax=not-applicable\pnia-linearize=not-applicable\pnia-bounded-blast=not-applicable\ppreprocess=incomplete\pdl-online=not-applicable\plia-simplex=unsupported\plia-dpll=unsupported\peuf-online=incomplete\peuf-offline=incomplete\puf-arith-online=incomplete\puf-arithmetic=incomplete\pnia-square=not-applicable\pint-real-relax=not-applicable\pnia-linearize=not-applicable\pnia-bounded-blast=not-applicable\pdispatch-error=unsupported	\pQF_LIA: assertion is not a conjunctive linear integer constraint\plazy arithmetic: assertion is not Boolean structure over linear-arithmetic atoms\ponline CDCL(T) e-graph model did not replay (base-sort semantics outside congruence)\pboolean skeleton undecided\pcombined CDCL(T) leaf did not rebuild a replaying model: interface distinct branch inconclusive\peager UF+arithmetic route declined: term #63 has sort (Uninterpreted 6) that the pure-Rust BV backend cannot bit-blast\p\p\p\p\ppreprocessed path errored; degraded to the original query: unsupported by backend: term #63 has sort (Uninterpreted 6) that the pure-Rust BV backend cannot bit-blast\p\pQF_LIA: assertion is not a conjunctive linear integer constraint\plazy arithmetic: assertion is not Boolean structure over linear-arithmetic atoms\ponline CDCL(T) e-graph model did not replay (base-sort semantics outside congruence)\pboolean skeleton undecided\pcombined CDCL(T) leaf did not rebuild a replaying model: interface distinct branch inconclusive\peager UF+arithmetic route declined: term #63 has sort (Uninterpreted 6) that the pure-Rust BV backend cannot bit-blast\p\p\p\p\punsupported by backend: term #63 has sort (Uninterpreted 6) that the pure-Rust BV backend cannot bit-blast	\pbackend\pbackend\p\p\p\p\p\p\p\p\p\p\pbackend\pbackend\p\p\p\p\p\p\p\p\pbackend	s6	1,9	1.06
quant-instance-probe	z3-instances	UFLIA_sledgehammer_Fundamental_Theorem_Algebra_smtlib.972059.smt2.core.smt2.ground.smt2	d3ae77a02c1522df36d2d35883c9f945c0f12b6a6a2f6bfc32ec541b5884a8ff	Int\pFunction\pUninterpretedSort	unsat	0	euf-online	fd:parse	6	fd:parse:probe\pprobe:probe\pdl-online:declined\plia-simplex:declined\plia-dpll:declined\peuf-online:decided	106	0\p0\p0\p0\p0\p0	no	dl-online=not-applicable\plia-simplex=unsupported\plia-dpll=unsupported	\pQF_LIA: assertion is not a conjunctive linear integer constraint\plazy arithmetic: assertion is not Boolean structure over linear-arithmetic atoms	\pbackend\pbackend	s6	1,9	1.06
quant-instance-probe	z3-instances	UFLIA_sledgehammer_Hoare_smtlib.1175889.smt2.core.smt2.ground.smt2	d3ae77a02c1522df36d2d35883c9f945c0f12b6a6a2f6bfc32ec541b5884a8ff	Function\pUninterpretedSort	unsat	0	euf-online	fd:parse	4	fd:parse:probe\pprobe:probe\pdl-online:declined\peuf-online:decided	107	0\p0\p0\p0	no	dl-online=not-applicable			s6	1,9	1.06
quant-instance-probe	z3-instances	UFLIA_sledgehammer_Hoare_smtlib.581330.smt2.core.smt2.ground.smt2	d3ae77a02c1522df36d2d35883c9f945c0f12b6a6a2f6bfc32ec541b5884a8ff	Int\pFunction\pUninterpretedSort	unknown	0	none	uf-arithmetic	26	fd:parse:probe\pprobe:probe\pdl-online:declined\plia-simplex:declined\plia-dpll:declined\peuf-online:declined\peuf-offline:declined\puf-arith-online:declined\puf-arithmetic:declined\pnia-square:declined\pint-real-relax:declined\pnia-linearize:declined\pnia-bounded-blast:declined\ppreprocess:declined\pdl-online:declined\plia-simplex:declined\plia-dpll:declined\peuf-online:declined\peuf-offline:declined\puf-arith-online:declined\puf-arithmetic:declined\pnia-square:declined\pint-real-relax:declined\pnia-linearize:declined\pnia-bounded-blast:declined\pdispatch-error:declined	106	0\p0\p0\p0\p0\p0\p0\p0\p2\p0\p0\p0\p0\p0\p0\p0\p0\p0\p0\p0\p4\p0\p0\p0\p0\p0	no	dl-online=not-applicable\plia-simplex=unsupported\plia-dpll=unsupported\peuf-online=incomplete\peuf-offline=incomplete\puf-arith-online=incomplete\puf-arithmetic=incomplete\pnia-square=not-applicable\pint-real-relax=not-applicable\pnia-linearize=not-applicable\pnia-bounded-blast=not-applicable\ppreprocess=incomplete\pdl-online=not-applicable\plia-simplex=unsupported\plia-dpll=unsupported\peuf-online=incomplete\peuf-offline=incomplete\puf-arith-online=incomplete\puf-arithmetic=incomplete\pnia-square=not-applicable\pint-real-relax=not-applicable\pnia-linearize=not-applicable\pnia-bounded-blast=not-applicable\pdispatch-error=unsupported	\pQF_LIA: assertion is not a conjunctive linear integer constraint\plazy arithmetic: assertion is not Boolean structure over linear-arithmetic atoms\ponline CDCL(T) e-graph model did not replay (base-sort semantics outside congruence)\pboolean skeleton undecided\pcombined CDCL(T) leaf did not rebuild a replaying model: interface distinct branch inconclusive\peager UF+arithmetic route declined: term #74 has sort (Uninterpreted 0) that the pure-Rust BV backend cannot bit-blast\p\p\p\p\ppreprocessed path errored; degraded to the original query: unsupported by backend: term #74 has sort (Uninterpreted 0) that the pure-Rust BV backend cannot bit-blast\p\pQF_LIA: assertion is not a conjunctive linear integer constraint\plazy arithmetic: assertion is not Boolean structure over linear-arithmetic atoms\ponline CDCL(T) e-graph model did not replay (base-sort semantics outside congruence)\pboolean skeleton undecided\pcombined CDCL(T) leaf did not rebuild a replaying model: interface distinct branch inconclusive\peager UF+arithmetic route declined: term #74 has sort (Uninterpreted 0) that the pure-Rust BV backend cannot bit-blast\p\p\p\p\punsupported by backend: term #74 has sort (Uninterpreted 0) that the pure-Rust BV backend cannot bit-blast	\pbackend\pbackend\p\p\p\p\p\p\p\p\p\p\pbackend\pbackend\p\p\p\p\p\p\p\p\pbackend	s6	1,9	1.06
quant-instance-probe	z3-instances	UFLIA_sledgehammer_Hoare_smtlib.993567.smt2.core.smt2.ground.smt2	d3ae77a02c1522df36d2d35883c9f945c0f12b6a6a2f6bfc32ec541b5884a8ff	Int\pFunction\pUninterpretedSort	unsat	0	uf-arithmetic	fd:parse	9	fd:parse:probe\pprobe:probe\pdl-online:declined\plia-simplex:declined\plia-dpll:declined\peuf-online:declined\peuf-offline:declined\puf-arith-online:declined\puf-arithmetic:decided	106	0\p0\p0\p0\p0\p0\p0\p0\p0	no	dl-online=not-applicable\plia-simplex=unsupported\plia-dpll=unsupported\peuf-online=incomplete\peuf-offline=incomplete\puf-arith-online=incomplete	\pQF_LIA: assertion is not a conjunctive linear integer constraint\plazy arithmetic: assertion is not Boolean structure over linear-arithmetic atoms\ponline CDCL(T) e-graph model did not replay (base-sort semantics outside congruence)\pboolean skeleton undecided\pcombined CDCL(T) leaf did not rebuild a replaying model: combined model build failed (LIA model unavailable: overflow, coverage, deadline, or an integer-search cap)	\pbackend\pbackend\p\p\p	s6	1,9	1.06
quant-instance-probe	z3-instances	UFLIA_sledgehammer_QEpres_smtlib.1065390.smt2.core.smt2.ground.smt2	d3ae77a02c1522df36d2d35883c9f945c0f12b6a6a2f6bfc32ec541b5884a8ff	Int\pFunction\pUninterpretedSort	sat	0	uf-arithmetic	uf-arith-online	9	fd:parse:probe\pprobe:probe\pdl-online:declined\plia-simplex:declined\plia-dpll:declined\peuf-online:declined\peuf-offline:declined\puf-arith-online:declined\puf-arithmetic:decided	108	0\p0\p0\p0\p0\p0\p0\p1\p0	no	dl-online=not-applicable\plia-simplex=unsupported\plia-dpll=unsupported\peuf-online=incomplete\peuf-offline=incomplete\puf-arith-online=incomplete	\pQF_LIA: assertion is not a conjunctive linear integer constraint\plazy arithmetic: assertion is not Boolean structure over linear-arithmetic atoms\ponline CDCL(T) e-graph model did not replay (base-sort semantics outside congruence)\pboolean skeleton undecided\pcombined CDCL(T) leaf did not rebuild a replaying model: interface distinct branch inconclusive	\pbackend\pbackend\p\p\p	s6	1,9	1.06
quant-instance-probe	z3-instances	UFLIA_tokeneer_auditlog_init-31.smt2.core.smt2.ground.smt2	d3ae77a02c1522df36d2d35883c9f945c0f12b6a6a2f6bfc32ec541b5884a8ff	Int\pFunction	sat	0	uf-arith-lazy-overbound-pre-lia	uf-arith-lazy-overbound-pre-lia	6	fd:parse:probe\pprobe:probe\pcas-identity-refuter:declined\pcas-int-units:declined\pdl-online:declined\puf-arith-lazy-overbound-pre-lia:decided	107	0\p0\p0\p0\p0\p1	no	cas-identity-refuter=incomplete\pcas-int-units=incomplete\pdl-online=not-applicable	no arithmetic disequality had equal polynomial normal forms\pnormalized to k·m = c, but no asserted bound puts a factor of m outside the divisors of c/k\p	\p\p	s6	1,9	1.06
quant-instance-probe	admitted-instances	UFLIA_boogie_AdvancedTypes_InternalSubClass..ctor-orderStrength_1.smt2.core.smt2.ground.smt2	d3ae77a02c1522df36d2d35883c9f945c0f12b6a6a2f6bfc32ec541b5884a8ff	Int\pFunction	unknown	0	none	dl-online	8	fd:parse:probe\pprobe:probe\pcas-identity-refuter:declined\pcas-int-units:declined\pdl-online:declined\puf-arith-lazy-overbound-pre-lia:declined\plia-simplex:declined\plia-dpll:declined	25033	28\p2\p0\p0\p29\p0\p1\p0	yes	cas-identity-refuter=incomplete\pcas-int-units=incomplete\pdl-online=not-applicable\puf-arith-lazy-overbound-pre-lia=budget\plia-simplex=unsupported\plia-dpll=budget	no arithmetic disequality had equal polynomial normal forms\pno integer equation normalized to a refutable k·m = c\p\ppre-LIA UF+arithmetic probe skipped for generated query with 1773 assertions > 256 (ackermann_pairs=636166); avoid duplicating the large function-free arithmetic skeleton solve\pQF_LIA: integer disequality (needs DPLL(T))\pgeneric LIA DPLL skipped for overbound non-array integer UF+arithmetic query (ackermann_pairs=636166); route the single large function-free arithmetic abstraction through the UF-aware lazy CEGAR path instead	\p\p\pother\pbackend\pother	s6	1,9	0.63
quant-instance-probe	admitted-instances	UFLIA_boogie_AssignToRepField_AssignToRepField.N.smt2.core.smt2.ground.smt2	d3ae77a02c1522df36d2d35883c9f945c0f12b6a6a2f6bfc32ec541b5884a8ff	not-dispatched	unknown	0	none	fd:parse	2	fd:parse:probe\pfd:parse:declined	108	4\p0	no	fd:parse=unsupported	unsupported: unknown identifier `!q.?o_.0`	ingest-refusal	s6	1,9	0.76
quant-instance-probe	admitted-instances	UFLIA_boogie_BasicMethodology_SubClass..ctor.smt2.core.smt2.ground.smt2	d3ae77a02c1522df36d2d35883c9f945c0f12b6a6a2f6bfc32ec541b5884a8ff	not-dispatched	unknown	0	none	fd:parse	2	fd:parse:probe\pfd:parse:declined	109	51\p0	no	fd:parse=unsupported	unsupported: unknown identifier `!q.?o_.0`	ingest-refusal	s6	1,9	0.76
quant-instance-probe	admitted-instances	UFLIA_boogie_Cast_Cast.R_System.Object_System.Int32.smt2.core.smt2.ground.smt2	d3ae77a02c1522df36d2d35883c9f945c0f12b6a6a2f6bfc32ec541b5884a8ff	not-dispatched	unknown	0	none	fd:parse	2	fd:parse:probe\pfd:parse:declined	7616	7566\p0	no	fd:parse=unsupported	unsupported: unknown identifier `!qsk_4`	ingest-refusal	s6	1,9	0.76
quant-instance-probe	admitted-instances	UFLIA_boogie_Chunker11c_Chunker.SpecSharp.CheckInvariant_System.Boolean.smt2.core.smt2.ground.smt2	d3ae77a02c1522df36d2d35883c9f945c0f12b6a6a2f6bfc32ec541b5884a8ff	not-dispatched	unknown	0	none	none	0		25032		unknown				s6	1,9	0.80
quant-instance-probe	admitted-instances	UFLIA_boogie_ExposeVersion_D..ctor-level_2.smt2.core.smt2.ground.smt2	d3ae77a02c1522df36d2d35883c9f945c0f12b6a6a2f6bfc32ec541b5884a8ff	not-dispatched	unknown	0	none	fd:parse	2	fd:parse:probe\pfd:parse:declined	109	6\p0	no	fd:parse=unsupported	unsupported: unknown identifier `!q.?f_.1`	ingest-refusal	s6	1,9	0.87
quant-instance-probe	admitted-instances	UFLIA_boogie_Interval_Cell.Shift_System.Int32.smt2.core.smt2.ground.smt2	d3ae77a02c1522df36d2d35883c9f945c0f12b6a6a2f6bfc32ec541b5884a8ff	not-dispatched	unknown	0	none	none	0		25032		unknown				s6	1,9	0.87
quant-instance-probe	admitted-instances	UFLIA_boogie_loopinv1_LoopInv1.Test1a_F_notnull-infer_eh.smt2.core.smt2.ground.smt2	d3ae77a02c1522df36d2d35883c9f945c0f12b6a6a2f6bfc32ec541b5884a8ff	not-dispatched	unknown	0	none	none	0		25134		unknown				s6	1,9	0.91
quant-instance-probe	admitted-instances	UFLIA_boogie_Spouse_Person..ctor.smt2.core.smt2.ground.smt2	d3ae77a02c1522df36d2d35883c9f945c0f12b6a6a2f6bfc32ec541b5884a8ff	Int\pFunction	unknown	0	none	dl-online	8	fd:parse:probe\pprobe:probe\pcas-identity-refuter:declined\pcas-int-units:declined\pdl-online:declined\puf-arith-lazy-overbound-pre-lia:declined\plia-simplex:declined\plia-dpll:declined	25034	32\p2\p0\p0\p34\p0\p2\p0	yes	cas-identity-refuter=incomplete\pcas-int-units=incomplete\pdl-online=not-applicable\puf-arith-lazy-overbound-pre-lia=budget\plia-simplex=unsupported\plia-dpll=budget	no arithmetic disequality had equal polynomial normal forms\pno integer equation normalized to a refutable k·m = c\p\ppre-LIA UF+arithmetic probe skipped for generated query with 2061 assertions > 256 (ackermann_pairs=671470); avoid duplicating the large function-free arithmetic skeleton solve\pQF_LIA: integer disequality (needs DPLL(T))\pgeneric LIA DPLL skipped for overbound non-array integer UF+arithmetic query (ackermann_pairs=671470); route the single large function-free arithmetic abstraction through the UF-aware lazy CEGAR path instead	\p\p\pother\pbackend\pother	s6	1,9	0.94
quant-instance-probe	admitted-instances	UFLIA_grasshopper_instantiated_insertion_sort_postcondition_of_insertion_sort_63_1.smt2.core.smt2.ground.smt2	d3ae77a02c1522df36d2d35883c9f945c0f12b6a6a2f6bfc32ec541b5884a8ff	Int\pFunction\pUninterpretedSort	unsat	0	uf-arith-lazy-overbound	uf-arith-lazy-overbound	7	fd:parse:probe\pprobe:probe\pdl-online:declined\puf-arith-lazy-overbound-pre-lia:declined\plia-simplex:declined\plia-dpll:declined\puf-arith-lazy-overbound:decided	710	23\p2\p46\p0\p6\p0\p583	no	dl-online=not-applicable\puf-arith-lazy-overbound-pre-lia=budget\plia-simplex=unsupported\plia-dpll=budget	\ppre-LIA UF+arithmetic probe skipped for generated query with 2837 assertions > 256 (ackermann_pairs=39796); avoid duplicating the large function-free arithmetic skeleton solve\pQF_LIA: assertion is not a conjunctive linear integer constraint\pgeneric LIA DPLL skipped for overbound non-array integer UF+arithmetic query (ackermann_pairs=39796); route the single large function-free arithmetic abstraction through the UF-aware lazy CEGAR path instead	\pother\pbackend\pother	s6	1,9	0.96
quant-instance-probe	admitted-instances	UFLIA_grasshopper_uninstantiated_merge_loop_check_heap_access_60_6.smt2.core.smt2.ground.smt2	d3ae77a02c1522df36d2d35883c9f945c0f12b6a6a2f6bfc32ec541b5884a8ff	Int\pFunction\pUninterpretedSort	unknown	0	none	int-blast-ladder	27	fd:parse:probe\pprobe:probe\pdl-online:declined\puf-arith-lazy-overbound-pre-lia:declined\plia-simplex:declined\plia-dpll:declined\puf-arith-lazy-overbound:declined\peuf-online:declined\peuf-offline:declined\puf-arith-online:declined\puf-arithmetic:declined\pnia-square:declined\pint-real-relax:declined\pnia-linearize:declined\pnia-bounded-blast:declined\pint-blast-ladder:declined\pq:skolem-qf:declined\pq:nat-induction:declined\pfd:string-gate:declined\pfd:source-string-semantic-unsat:declined\pfd:word-route:declined\pfd:online-string:declined\pfd:membership:declined\pfd:lex-order:declined\pfd:length-lia:declined\pfd:source-string-sat-probe:declined\pfd:bounded-completeness-unsat:declined	608	120\p5\p80\p0\p5\p1\p76\p19\p8\p6\p75\p0\p9\p6\p3\p136\p0\p0\p0\p0\p0\p0\p0\p0\p0\p0\p0	no	dl-online=not-applicable\puf-arith-lazy-overbound-pre-lia=budget\plia-simplex=unsupported\plia-dpll=budget\puf-arith-lazy-overbound=incomplete\peuf-online=incomplete\peuf-offline=incomplete\puf-arith-online=incomplete\puf-arithmetic=incomplete\pnia-square=not-applicable\pint-real-relax=not-applicable\pnia-linearize=not-applicable\pnia-bounded-blast=not-applicable\pint-blast-ladder=budget\pq:skolem-qf=unsupported\pq:nat-induction=not-applicable\pfd:string-gate=budget\pfd:source-string-semantic-unsat=budget\pfd:word-route=budget\pfd:online-string=budget\pfd:membership=budget\pfd:lex-order=budget\pfd:length-lia=budget\pfd:source-string-sat-probe=budget\pfd:bounded-completeness-unsat=budget	\ppre-LIA UF+arithmetic probe skipped for generated query with 5667 assertions > 256 (ackermann_pairs=468520); avoid duplicating the large function-free arithmetic skeleton solve\pQF_LIA: assertion is not a conjunctive linear integer constraint\pgeneric LIA DPLL skipped for overbound non-array integer UF+arithmetic query (ackermann_pairs=468520); route the single large function-free arithmetic abstraction through the UF-aware lazy CEGAR path instead\plazy function-consistency CEGAR inconclusive (applications=1073, function_groups=10, potential_pairs=468520, solve_rounds=1, elapsed_ms=64, sat_candidates=1, first_candidate_ms=50, last_candidate_ms=50, pair_checks=468520, equal_arg_pairs=12, violated_pairs=0, preseeded_lemmas=0, sibling_lemmas=0, lemmas_added=0, last_new_lemmas=0, lemma_batch_cap=off): function sat model replay did not confirm assertion #39246\ponline CDCL(T) e-graph model did not replay (base-sort semantics outside congruence)\pboolean skeleton undecided\pboolean skeleton outside the online combination encoder: unsupported Boolean op Apply(FuncId(13)) with 6 args\plazy function-consistency CEGAR inconclusive (applications=1073, function_groups=10, potential_pairs=468520, solve_rounds=1, elapsed_ms=64, sat_candidates=1, first_candidate_ms=50, last_candidate_ms=50, pair_checks=468520, equal_arg_pairs=12, violated_pairs=0, preseeded_lemmas=0, sibling_lemmas=0, lemmas_added=0, last_new_lemmas=0, lemma_batch_cap=off): function sat model replay did not confirm assertion #39246\p\p\p\p\pcombined theories: eager Ackermann elimination would emit 468520 congruence constraints, exceeding the deterministic admission bound of 64 (the O(k²) expansion and its downstream solve run unbounded; this needs a lazy/CEGAR route)\pquant-route ownership (ADR-2103): `q:skolem-qf` owns {Real, Int, BvOrFloat, Datatype, Function, UninterpretedSort, Array, NonBvArray, NonBoolBvArray} and does not own {NestedArray, WideInt}, which this quantified query carries, so its non-decision is a decline and the ladder continues. Its own reason was: combined theories: eager Ackermann elimination would emit 468520 congruence constraints, exceeding the deterministic admission bound of 64 (the O(k²) expansion and its downstream solve run unbounded; this needs a lazy/CEGAR route)\p\pcombined theories: eager Ackermann elimination would emit 468520 congruence constraints, exceeding the deterministic admission bound of 64 (the O(k²) expansion and its downstream solve run unbounded; this needs a lazy/CEGAR route)\pcombined theories: eager Ackermann elimination would emit 468520 congruence constraints, exceeding the deterministic admission bound of 64 (the O(k²) expansion and its downstream solve run unbounded; this needs a lazy/CEGAR route)\pcombined theories: eager Ackermann elimination would emit 468520 congruence constraints, exceeding the deterministic admission bound of 64 (the O(k²) expansion and its downstream solve run unbounded; this needs a lazy/CEGAR route)\pcombined theories: eager Ackermann elimination would emit 468520 congruence constraints, exceeding the deterministic admission bound of 64 (the O(k²) expansion and its downstream solve run unbounded; this needs a lazy/CEGAR route)\pcombined theories: eager Ackermann elimination would emit 468520 congruence constraints, exceeding the deterministic admission bound of 64 (the O(k²) expansion and its downstream solve run unbounded; this needs a lazy/CEGAR route)\pcombined theories: eager Ackermann elimination would emit 468520 congruence constraints, exceeding the deterministic admission bound of 64 (the O(k²) expansion and its downstream solve run unbounded; this needs a lazy/CEGAR route)\pcombined theories: eager Ackermann elimination would emit 468520 congruence constraints, exceeding the deterministic admission bound of 64 (the O(k²) expansion and its downstream solve run unbounded; this needs a lazy/CEGAR route)\pcombined theories: eager Ackermann elimination would emit 468520 congruence constraints, exceeding the deterministic admission bound of 64 (the O(k²) expansion and its downstream solve run unbounded; this needs a lazy/CEGAR route)\pcombined theories: eager Ackermann elimination would emit 468520 congruence constraints, exceeding the deterministic admission bound of 64 (the O(k²) expansion and its downstream solve run unbounded; this needs a lazy/CEGAR route)	\pother\pbackend\pother\p\p\p\p\p\p\p\p\p\pother\pquant-ownership-decline\p\pother\pother\pother\pother\pother\pother\pother\pother\pother	s6	1,9	0.96
quant-instance-probe	admitted-instances	UFLIA_simplify2_front_end_suite_javafe.ast.ImportDeclVec.015.smt2.core.smt2.ground.smt2	d3ae77a02c1522df36d2d35883c9f945c0f12b6a6a2f6bfc32ec541b5884a8ff	not-dispatched	unknown	0	none	fd:parse	2	fd:parse:probe\pfd:parse:declined	2211	2167\p0	no	fd:parse=unsupported	unsupported: unknown identifier `!qu_27`	ingest-refusal	s6	1,9	0.96
quant-instance-probe	admitted-instances	UFLIA_simplify2_front_end_suite_javafe.ast.ParenExpr.006.smt2.core.smt2.ground.smt2	d3ae77a02c1522df36d2d35883c9f945c0f12b6a6a2f6bfc32ec541b5884a8ff	Int\pFunction	unknown	0	none	uf-arith-lazy-overbound	23	fd:parse:probe\pprobe:probe\pcas-identity-refuter:declined\pdl-online:declined\puf-arith-lazy-overbound-pre-lia:declined\plia-simplex:declined\plia-dpll:declined\puf-arith-lazy-overbound:declined\peuf-online:declined\peuf-offline:declined\puf-arith-online:declined\puf-arithmetic:declined\pq:skolem-qf:declined\pq:nat-induction:declined\pfd:string-gate:declined\pfd:source-string-semantic-unsat:declined\pfd:word-route:declined\pfd:online-string:declined\pfd:membership:declined\pfd:lex-order:declined\pfd:length-lia:declined\pfd:source-string-sat-probe:declined\pfd:bounded-completeness-unsat:declined	13621	1\p0\p0\p1\p0\p0\p0\p6790\p39\p0\p1\p6655\p0\p0\p0\p0\p0\p0\p0\p0\p0\p0\p0	no	cas-identity-refuter=incomplete\pdl-online=not-applicable\puf-arith-lazy-overbound-pre-lia=budget\plia-simplex=unsupported\plia-dpll=budget\puf-arith-lazy-overbound=budget\peuf-online=incomplete\peuf-offline=incomplete\puf-arith-online=incomplete\puf-arithmetic=budget\pq:skolem-qf=unsupported\pq:nat-induction=not-applicable\pfd:string-gate=budget\pfd:source-string-semantic-unsat=budget\pfd:word-route=budget\pfd:online-string=budget\pfd:membership=budget\pfd:lex-order=budget\pfd:length-lia=budget\pfd:source-string-sat-probe=budget\pfd:bounded-completeness-unsat=budget	no arithmetic disequality had equal polynomial normal forms\p\ppre-LIA UF+arithmetic probe skipped for generated query with 295 assertions > 256 (ackermann_pairs=31920); avoid duplicating the large function-free arithmetic skeleton solve\pQF_LIA: integer disequality (needs DPLL(T))\pgeneric LIA DPLL skipped for overbound non-array integer UF+arithmetic query (ackermann_pairs=31920); route the single large function-free arithmetic abstraction through the UF-aware lazy CEGAR path instead\plazy function-consistency CEGAR inconclusive (applications=442, function_groups=4, potential_pairs=31920, solve_rounds=2, elapsed_ms=6774, sat_candidates=1, first_candidate_ms=5, last_candidate_ms=5, pair_checks=31920, equal_arg_pairs=31770, violated_pairs=149, preseeded_lemmas=0, sibling_lemmas=0, lemmas_added=31770, last_new_lemmas=31770, lemma_batch_cap=off): lazy linear arithmetic pre-SAT skeleton exceeds the joint resource boundary (atoms=43722, cnf_vars=126690, base_trigger=>1024/>4096, moderate_envelope<=10240/<=16384, initial_clauses=0, blocking_lemmas=0); declining before the first SAT round\ponline CDCL(T) e-graph model did not replay (base-sort semantics outside congruence)\pboolean skeleton undecided\pboolean skeleton outside the online combination encoder: unsupported Boolean op Apply(FuncId(58)) with 2 args\plazy function-consistency CEGAR inconclusive (applications=442, function_groups=4, potential_pairs=31920, solve_rounds=2, elapsed_ms=6639, sat_candidates=1, first_candidate_ms=4, last_candidate_ms=4, pair_checks=31920, equal_arg_pairs=31770, violated_pairs=149, preseeded_lemmas=0, sibling_lemmas=0, lemmas_added=31770, last_new_lemmas=31770, lemma_batch_cap=off): lazy linear arithmetic pre-SAT skeleton exceeds the joint resource boundary (atoms=43722, cnf_vars=126690, base_trigger=>1024/>4096, moderate_envelope<=10240/<=16384, initial_clauses=0, blocking_lemmas=0); declining before the first SAT round\pquant-route ownership (ADR-2103): `q:skolem-qf` owns {Real, Int, BvOrFloat, Datatype, Function, UninterpretedSort, Array, NonBvArray, NonBoolBvArray} and does not own {NestedArray, WideInt}, which this quantified query carries, so its non-decision is a decline and the ladder continues. Its own reason was: lazy function-consistency CEGAR inconclusive (applications=442, function_groups=4, potential_pairs=31920, solve_rounds=2, elapsed_ms=6639, sat_candidates=1, first_candidate_ms=4, last_candidate_ms=4, pair_checks=31920, equal_arg_pairs=31770, violated_pairs=149, preseeded_lemmas=0, sibling_lemmas=0, lemmas_added=31770, last_new_lemmas=31770, lemma_batch_cap=off): lazy linear arithmetic pre-SAT skeleton exceeds the joint resource boundary (atoms=43722, cnf_vars=126690, base_trigger=>1024/>4096, moderate_envelope<=10240/<=16384, initial_clauses=0, blocking_lemmas=0); declining before the first SAT round\p\plazy function-consistency CEGAR inconclusive (applications=442, function_groups=4, potential_pairs=31920, solve_rounds=2, elapsed_ms=6639, sat_candidates=1, first_candidate_ms=4, last_candidate_ms=4, pair_checks=31920, equal_arg_pairs=31770, violated_pairs=149, preseeded_lemmas=0, sibling_lemmas=0, lemmas_added=31770, last_new_lemmas=31770, lemma_batch_cap=off): lazy linear arithmetic pre-SAT skeleton exceeds the joint resource boundary (atoms=43722, cnf_vars=126690, base_trigger=>1024/>4096, moderate_envelope<=10240/<=16384, initial_clauses=0, blocking_lemmas=0); declining before the first SAT round\plazy function-consistency CEGAR inconclusive (applications=442, function_groups=4, potential_pairs=31920, solve_rounds=2, elapsed_ms=6639, sat_candidates=1, first_candidate_ms=4, last_candidate_ms=4, pair_checks=31920, equal_arg_pairs=31770, violated_pairs=149, preseeded_lemmas=0, sibling_lemmas=0, lemmas_added=31770, last_new_lemmas=31770, lemma_batch_cap=off): lazy linear arithmetic pre-SAT skeleton exceeds the joint resource boundary (atoms=43722, cnf_vars=126690, base_trigger=>1024/>4096, moderate_envelope<=10240/<=16384, initial_clauses=0, blocking_lemmas=0); declining before the first SAT round\plazy function-consistency CEGAR inconclusive (applications=442, function_groups=4, potential_pairs=31920, solve_rounds=2, elapsed_ms=6639, sat_candidates=1, first_candidate_ms=4, last_candidate_ms=4, pair_checks=31920, equal_arg_pairs=31770, violated_pairs=149, preseeded_lemmas=0, sibling_lemmas=0, lemmas_added=31770, last_new_lemmas=31770, lemma_batch_cap=off): lazy linear arithmetic pre-SAT skeleton exceeds the joint resource boundary (atoms=43722, cnf_vars=126690, base_trigger=>1024/>4096, moderate_envelope<=10240/<=16384, initial_clauses=0, blocking_lemmas=0); declining before the first SAT round\plazy function-consistency CEGAR inconclusive (applications=442, function_groups=4, potential_pairs=31920, solve_rounds=2, elapsed_ms=6639, sat_candidates=1, first_candidate_ms=4, last_candidate_ms=4, pair_checks=31920, equal_arg_pairs=31770, violated_pairs=149, preseeded_lemmas=0, sibling_lemmas=0, lemmas_added=31770, last_new_lemmas=31770, lemma_batch_cap=off): lazy linear arithmetic pre-SAT skeleton exceeds the joint resource boundary (atoms=43722, cnf_vars=126690, base_trigger=>1024/>4096, moderate_envelope<=10240/<=16384, initial_clauses=0, blocking_lemmas=0); declining before the first SAT round\plazy function-consistency CEGAR inconclusive (applications=442, function_groups=4, potential_pairs=31920, solve_rounds=2, elapsed_ms=6639, sat_candidates=1, first_candidate_ms=4, last_candidate_ms=4, pair_checks=31920, equal_arg_pairs=31770, violated_pairs=149, preseeded_lemmas=0, sibling_lemmas=0, lemmas_added=31770, last_new_lemmas=31770, lemma_batch_cap=off): lazy linear arithmetic pre-SAT skeleton exceeds the joint resource boundary (atoms=43722, cnf_vars=126690, base_trigger=>1024/>4096, moderate_envelope<=10240/<=16384, initial_clauses=0, blocking_lemmas=0); declining before the first SAT round\plazy function-consistency CEGAR inconclusive (applications=442, function_groups=4, potential_pairs=31920, solve_rounds=2, elapsed_ms=6639, sat_candidates=1, first_candidate_ms=4, last_candidate_ms=4, pair_checks=31920, equal_arg_pairs=31770, violated_pairs=149, preseeded_lemmas=0, sibling_lemmas=0, lemmas_added=31770, last_new_lemmas=31770, lemma_batch_cap=off): lazy linear arithmetic pre-SAT skeleton exceeds the joint resource boundary (atoms=43722, cnf_vars=126690, base_trigger=>1024/>4096, moderate_envelope<=10240/<=16384, initial_clauses=0, blocking_lemmas=0); declining before the first SAT round\plazy function-consistency CEGAR inconclusive (applications=442, function_groups=4, potential_pairs=31920, solve_rounds=2, elapsed_ms=6639, sat_candidates=1, first_candidate_ms=4, last_candidate_ms=4, pair_checks=31920, equal_arg_pairs=31770, violated_pairs=149, preseeded_lemmas=0, sibling_lemmas=0, lemmas_added=31770, last_new_lemmas=31770, lemma_batch_cap=off): lazy linear arithmetic pre-SAT skeleton exceeds the joint resource boundary (atoms=43722, cnf_vars=126690, base_trigger=>1024/>4096, moderate_envelope<=10240/<=16384, initial_clauses=0, blocking_lemmas=0); declining before the first SAT round\plazy function-consistency CEGAR inconclusive (applications=442, function_groups=4, potential_pairs=31920, solve_rounds=2, elapsed_ms=6639, sat_candidates=1, first_candidate_ms=4, last_candidate_ms=4, pair_checks=31920, equal_arg_pairs=31770, violated_pairs=149, preseeded_lemmas=0, sibling_lemmas=0, lemmas_added=31770, last_new_lemmas=31770, lemma_batch_cap=off): lazy linear arithmetic pre-SAT skeleton exceeds the joint resource boundary (atoms=43722, cnf_vars=126690, base_trigger=>1024/>4096, moderate_envelope<=10240/<=16384, initial_clauses=0, blocking_lemmas=0); declining before the first SAT round\plazy function-consistency CEGAR inconclusive (applications=442, function_groups=4, potential_pairs=31920, solve_rounds=2, elapsed_ms=6639, sat_candidates=1, first_candidate_ms=4, last_candidate_ms=4, pair_checks=31920, equal_arg_pairs=31770, violated_pairs=149, preseeded_lemmas=0, sibling_lemmas=0, lemmas_added=31770, last_new_lemmas=31770, lemma_batch_cap=off): lazy linear arithmetic pre-SAT skeleton exceeds the joint resource boundary (atoms=43722, cnf_vars=126690, base_trigger=>1024/>4096, moderate_envelope<=10240/<=16384, initial_clauses=0, blocking_lemmas=0); declining before the first SAT round	\p\pother\pbackend\pother\pother\p\p\p\pother\pquant-ownership-decline\p\pother\pother\pother\pother\pother\pother\pother\pother\pother	s6	1,9	1.05
quant-instance-probe	admitted-instances	UFLIA_simplify2_front_end_suite_javafe.ast.TypeModifierPragmaVec.013.smt2.core.smt2.ground.smt2	d3ae77a02c1522df36d2d35883c9f945c0f12b6a6a2f6bfc32ec541b5884a8ff	not-dispatched	unknown	0	none	fd:parse	2	fd:parse:probe\pfd:parse:declined	1111	996\p0	no	fd:parse=unsupported	unsupported: unknown identifier `!qsk_15`	ingest-refusal	s6	1,9	1.04
quant-instance-probe	admitted-instances	UFLIA_simplify2_front_end_suite_javafe.filespace.HashTree.001.smt2.core.smt2.ground.smt2	d3ae77a02c1522df36d2d35883c9f945c0f12b6a6a2f6bfc32ec541b5884a8ff	not-dispatched	unknown	0	none	fd:parse	2	fd:parse:probe\pfd:parse:declined	109	10\p0	no	fd:parse=unsupported	unsupported: unknown identifier `!qsk_10`	ingest-refusal	s6	1,9	1.04
quant-instance-probe	admitted-instances	UFLIA_simplify2_front_end_suite_javafe.parser.Parse.005.smt2.core.smt2.ground.smt2	d3ae77a02c1522df36d2d35883c9f945c0f12b6a6a2f6bfc32ec541b5884a8ff	not-dispatched	unknown	0	none	fd:parse	2	fd:parse:probe\pfd:parse:declined	110	2\p0	no	fd:parse=unsupported	unsupported: unknown identifier `!q.?brokenObj_64_.0`	ingest-refusal	s6	1,9	1.04
quant-instance-probe	admitted-instances	UFLIA_simplify2_front_end_suite_javafe.reader.CachedReader.003.smt2.core.smt2.ground.smt2	d3ae77a02c1522df36d2d35883c9f945c0f12b6a6a2f6bfc32ec541b5884a8ff	Int\pFunction	sat	0	uf-arith-lazy-overbound	uf-arith-lazy-overbound	9	fd:parse:probe\pprobe:probe\pcas-identity-refuter:declined\pcas-int-units:declined\pdl-online:declined\puf-arith-lazy-overbound-pre-lia:declined\plia-simplex:declined\plia-dpll:declined\puf-arith-lazy-overbound:decided	4614	5\p0\p0\p0\p8\p0\p0\p0\p4514	no	cas-identity-refuter=incomplete\pcas-int-units=incomplete\pdl-online=not-applicable\puf-arith-lazy-overbound-pre-lia=budget\plia-simplex=unsupported\plia-dpll=budget	no arithmetic disequality had equal polynomial normal forms\pno integer equation normalized to a refutable k·m = c\p\ppre-LIA UF+arithmetic probe skipped for generated query with 1030 assertions > 256 (ackermann_pairs=16899); avoid duplicating the large function-free arithmetic skeleton solve\pQF_LIA: assertion is not a conjunctive linear integer constraint\pgeneric LIA DPLL skipped for overbound non-array integer UF+arithmetic query (ackermann_pairs=16899); route the single large function-free arithmetic abstraction through the UF-aware lazy CEGAR path instead	\p\p\pother\pbackend\pother	s6	1,9	1.04
quant-instance-probe	admitted-instances	UFLIA_simplify2_front_end_suite_javafe.tc.Types.035.smt2.core.smt2.ground.smt2	d3ae77a02c1522df36d2d35883c9f945c0f12b6a6a2f6bfc32ec541b5884a8ff	Int\pFunction	sat	0	uf-arith-lazy-overbound	uf-arith-lazy-overbound	8	fd:parse:probe\pprobe:probe\pcas-identity-refuter:declined\pdl-online:declined\puf-arith-lazy-overbound-pre-lia:declined\plia-simplex:declined\plia-dpll:declined\puf-arith-lazy-overbound:decided	109	1\p0\p0\p3\p0\p0\p0\p18	no	cas-identity-refuter=incomplete\pdl-online=not-applicable\puf-arith-lazy-overbound-pre-lia=budget\plia-simplex=unsupported\plia-dpll=budget	no arithmetic disequality had equal polynomial normal forms\p\ppre-LIA UF+arithmetic probe skipped for generated query with 297 assertions > 256 (ackermann_pairs=32936); avoid duplicating the large function-free arithmetic skeleton solve\pQF_LIA: assertion is not a conjunctive linear integer constraint\pgeneric LIA DPLL skipped for overbound non-array integer UF+arithmetic query (ackermann_pairs=32936); route the single large function-free arithmetic abstraction through the UF-aware lazy CEGAR path instead	\p\pother\pbackend\pother	s6	1,9	1.03
quant-instance-probe	admitted-instances	UFLIA_simplify2_front_end_suite_javafe.tc.TypeSig.001.smt2.core.smt2.ground.smt2	d3ae77a02c1522df36d2d35883c9f945c0f12b6a6a2f6bfc32ec541b5884a8ff	Int\pFunction	unknown	0	none	uf-arith-lazy-overbound	23	fd:parse:probe\pprobe:probe\pcas-identity-refuter:declined\pdl-online:declined\puf-arith-lazy-overbound-pre-lia:declined\plia-simplex:declined\plia-dpll:declined\puf-arith-lazy-overbound:declined\peuf-online:declined\peuf-offline:declined\puf-arith-online:declined\puf-arithmetic:declined\pq:skolem-qf:declined\pq:nat-induction:declined\pfd:string-gate:declined\pfd:source-string-semantic-unsat:declined\pfd:word-route:declined\pfd:online-string:declined\pfd:membership:declined\pfd:lex-order:declined\pfd:length-lia:declined\pfd:source-string-sat-probe:declined\pfd:bounded-completeness-unsat:declined	3110	13\p2\p0\p20\p0\p1\p0\p1490\p63\p2\p3\p1411\p0\p0\p0\p0\p0\p0\p0\p0\p0\p0\p0	no	cas-identity-refuter=incomplete\pdl-online=not-applicable\puf-arith-lazy-overbound-pre-lia=budget\plia-simplex=unsupported\plia-dpll=budget\puf-arith-lazy-overbound=budget\peuf-online=incomplete\peuf-offline=incomplete\puf-arith-online=incomplete\puf-arithmetic=budget\pq:skolem-qf=unsupported\pq:nat-induction=not-applicable\pfd:string-gate=budget\pfd:source-string-semantic-unsat=budget\pfd:word-route=budget\pfd:online-string=budget\pfd:membership=budget\pfd:lex-order=budget\pfd:length-lia=budget\pfd:source-string-sat-probe=budget\pfd:bounded-completeness-unsat=budget	no arithmetic disequality had equal polynomial normal forms\p\ppre-LIA UF+arithmetic probe skipped for generated query with 3903 assertions > 256 (ackermann_pairs=62199); avoid duplicating the large function-free arithmetic skeleton solve\pQF_LIA: assertion is not a conjunctive linear integer constraint\pgeneric LIA DPLL skipped for overbound non-array integer UF+arithmetic query (ackermann_pairs=62199); route the single large function-free arithmetic abstraction through the UF-aware lazy CEGAR path instead\plazy function-consistency CEGAR inconclusive (applications=480, function_groups=3, potential_pairs=62199, solve_rounds=2, elapsed_ms=1452, sat_candidates=1, first_candidate_ms=15, last_candidate_ms=15, pair_checks=62199, equal_arg_pairs=62199, violated_pairs=1896, preseeded_lemmas=0, sibling_lemmas=0, lemmas_added=62199, last_new_lemmas=62199, lemma_batch_cap=off): lazy linear arithmetic pre-SAT skeleton exceeds the joint resource boundary (atoms=22006, cnf_vars=250217, base_trigger=>1024/>4096, moderate_envelope<=10240/<=16384, initial_clauses=0, blocking_lemmas=0); declining before the first SAT round\ponline CDCL(T) e-graph model did not replay (base-sort semantics outside congruence)\pboolean skeleton undecided\pboolean skeleton outside the online combination encoder: unsupported Boolean op Apply(FuncId(46)) with 2 args\plazy function-consistency CEGAR inconclusive (applications=480, function_groups=3, potential_pairs=62199, solve_rounds=2, elapsed_ms=1377, sat_candidates=1, first_candidate_ms=15, last_candidate_ms=15, pair_checks=62199, equal_arg_pairs=62199, violated_pairs=1896, preseeded_lemmas=0, sibling_lemmas=0, lemmas_added=62199, last_new_lemmas=62199, lemma_batch_cap=off): lazy linear arithmetic pre-SAT skeleton exceeds the joint resource boundary (atoms=22006, cnf_vars=250217, base_trigger=>1024/>4096, moderate_envelope<=10240/<=16384, initial_clauses=0, blocking_lemmas=0); declining before the first SAT round\pquant-route ownership (ADR-2103): `q:skolem-qf` owns {Real, Int, BvOrFloat, Datatype, Function, UninterpretedSort, Array, NonBvArray, NonBoolBvArray} and does not own {NestedArray, WideInt}, which this quantified query carries, so its non-decision is a decline and the ladder continues. Its own reason was: lazy function-consistency CEGAR inconclusive (applications=480, function_groups=3, potential_pairs=62199, solve_rounds=2, elapsed_ms=1377, sat_candidates=1, first_candidate_ms=15, last_candidate_ms=15, pair_checks=62199, equal_arg_pairs=62199, violated_pairs=1896, preseeded_lemmas=0, sibling_lemmas=0, lemmas_added=62199, last_new_lemmas=62199, lemma_batch_cap=off): lazy linear arithmetic pre-SAT skeleton exceeds the joint resource boundary (atoms=22006, cnf_vars=250217, base_trigger=>1024/>4096, moderate_envelope<=10240/<=16384, initial_clauses=0, blocking_lemmas=0); declining before the first SAT round\p\plazy function-consistency CEGAR inconclusive (applications=480, function_groups=3, potential_pairs=62199, solve_rounds=2, elapsed_ms=1377, sat_candidates=1, first_candidate_ms=15, last_candidate_ms=15, pair_checks=62199, equal_arg_pairs=62199, violated_pairs=1896, preseeded_lemmas=0, sibling_lemmas=0, lemmas_added=62199, last_new_lemmas=62199, lemma_batch_cap=off): lazy linear arithmetic pre-SAT skeleton exceeds the joint resource boundary (atoms=22006, cnf_vars=250217, base_trigger=>1024/>4096, moderate_envelope<=10240/<=16384, initial_clauses=0, blocking_lemmas=0); declining before the first SAT round\plazy function-consistency CEGAR inconclusive (applications=480, function_groups=3, potential_pairs=62199, solve_rounds=2, elapsed_ms=1377, sat_candidates=1, first_candidate_ms=15, last_candidate_ms=15, pair_checks=62199, equal_arg_pairs=62199, violated_pairs=1896, preseeded_lemmas=0, sibling_lemmas=0, lemmas_added=62199, last_new_lemmas=62199, lemma_batch_cap=off): lazy linear arithmetic pre-SAT skeleton exceeds the joint resource boundary (atoms=22006, cnf_vars=250217, base_trigger=>1024/>4096, moderate_envelope<=10240/<=16384, initial_clauses=0, blocking_lemmas=0); declining before the first SAT round\plazy function-consistency CEGAR inconclusive (applications=480, function_groups=3, potential_pairs=62199, solve_rounds=2, elapsed_ms=1377, sat_candidates=1, first_candidate_ms=15, last_candidate_ms=15, pair_checks=62199, equal_arg_pairs=62199, violated_pairs=1896, preseeded_lemmas=0, sibling_lemmas=0, lemmas_added=62199, last_new_lemmas=62199, lemma_batch_cap=off): lazy linear arithmetic pre-SAT skeleton exceeds the joint resource boundary (atoms=22006, cnf_vars=250217, base_trigger=>1024/>4096, moderate_envelope<=10240/<=16384, initial_clauses=0, blocking_lemmas=0); declining before the first SAT round\plazy function-consistency CEGAR inconclusive (applications=480, function_groups=3, potential_pairs=62199, solve_rounds=2, elapsed_ms=1377, sat_candidates=1, first_candidate_ms=15, last_candidate_ms=15, pair_checks=62199, equal_arg_pairs=62199, violated_pairs=1896, preseeded_lemmas=0, sibling_lemmas=0, lemmas_added=62199, last_new_lemmas=62199, lemma_batch_cap=off): lazy linear arithmetic pre-SAT skeleton exceeds the joint resource boundary (atoms=22006, cnf_vars=250217, base_trigger=>1024/>4096, moderate_envelope<=10240/<=16384, initial_clauses=0, blocking_lemmas=0); declining before the first SAT round\plazy function-consistency CEGAR inconclusive (applications=480, function_groups=3, potential_pairs=62199, solve_rounds=2, elapsed_ms=1377, sat_candidates=1, first_candidate_ms=15, last_candidate_ms=15, pair_checks=62199, equal_arg_pairs=62199, violated_pairs=1896, preseeded_lemmas=0, sibling_lemmas=0, lemmas_added=62199, last_new_lemmas=62199, lemma_batch_cap=off): lazy linear arithmetic pre-SAT skeleton exceeds the joint resource boundary (atoms=22006, cnf_vars=250217, base_trigger=>1024/>4096, moderate_envelope<=10240/<=16384, initial_clauses=0, blocking_lemmas=0); declining before the first SAT round\plazy function-consistency CEGAR inconclusive (applications=480, function_groups=3, potential_pairs=62199, solve_rounds=2, elapsed_ms=1377, sat_candidates=1, first_candidate_ms=15, last_candidate_ms=15, pair_checks=62199, equal_arg_pairs=62199, violated_pairs=1896, preseeded_lemmas=0, sibling_lemmas=0, lemmas_added=62199, last_new_lemmas=62199, lemma_batch_cap=off): lazy linear arithmetic pre-SAT skeleton exceeds the joint resource boundary (atoms=22006, cnf_vars=250217, base_trigger=>1024/>4096, moderate_envelope<=10240/<=16384, initial_clauses=0, blocking_lemmas=0); declining before the first SAT round\plazy function-consistency CEGAR inconclusive (applications=480, function_groups=3, potential_pairs=62199, solve_rounds=2, elapsed_ms=1377, sat_candidates=1, first_candidate_ms=15, last_candidate_ms=15, pair_checks=62199, equal_arg_pairs=62199, violated_pairs=1896, preseeded_lemmas=0, sibling_lemmas=0, lemmas_added=62199, last_new_lemmas=62199, lemma_batch_cap=off): lazy linear arithmetic pre-SAT skeleton exceeds the joint resource boundary (atoms=22006, cnf_vars=250217, base_trigger=>1024/>4096, moderate_envelope<=10240/<=16384, initial_clauses=0, blocking_lemmas=0); declining before the first SAT round\plazy function-consistency CEGAR inconclusive (applications=480, function_groups=3, potential_pairs=62199, solve_rounds=2, elapsed_ms=1377, sat_candidates=1, first_candidate_ms=15, last_candidate_ms=15, pair_checks=62199, equal_arg_pairs=62199, violated_pairs=1896, preseeded_lemmas=0, sibling_lemmas=0, lemmas_added=62199, last_new_lemmas=62199, lemma_batch_cap=off): lazy linear arithmetic pre-SAT skeleton exceeds the joint resource boundary (atoms=22006, cnf_vars=250217, base_trigger=>1024/>4096, moderate_envelope<=10240/<=16384, initial_clauses=0, blocking_lemmas=0); declining before the first SAT round\plazy function-consistency CEGAR inconclusive (applications=480, function_groups=3, potential_pairs=62199, solve_rounds=2, elapsed_ms=1377, sat_candidates=1, first_candidate_ms=15, last_candidate_ms=15, pair_checks=62199, equal_arg_pairs=62199, violated_pairs=1896, preseeded_lemmas=0, sibling_lemmas=0, lemmas_added=62199, last_new_lemmas=62199, lemma_batch_cap=off): lazy linear arithmetic pre-SAT skeleton exceeds the joint resource boundary (atoms=22006, cnf_vars=250217, base_trigger=>1024/>4096, moderate_envelope<=10240/<=16384, initial_clauses=0, blocking_lemmas=0); declining before the first SAT round	\p\pother\pbackend\pother\pother\p\p\p\pother\pquant-ownership-decline\p\pother\pother\pother\pother\pother\pother\pother\pother\pother	s6	1,9	1.03
quant-instance-probe	admitted-instances	UFLIA_simplify2_front_end_suite_javafe.tc.TypeSigVec.005.smt2.core.smt2.ground.smt2	d3ae77a02c1522df36d2d35883c9f945c0f12b6a6a2f6bfc32ec541b5884a8ff	not-dispatched	unknown	0	none	fd:parse	2	fd:parse:probe\pfd:parse:declined	109	33\p0	no	fd:parse=unsupported	unsupported: unknown identifier `!qsk_46`	ingest-refusal	s6	1,9	1.03
quant-instance-probe	admitted-instances	UFLIA_simplify2_front_end_suite_javafe.test.SuperlinksTest.004.smt2.core.smt2.ground.smt2	d3ae77a02c1522df36d2d35883c9f945c0f12b6a6a2f6bfc32ec541b5884a8ff	Int\pFunction	sat	0	uf-arith-lazy-overbound	uf-arith-lazy-overbound	9	fd:parse:probe\pprobe:probe\pcas-identity-refuter:declined\pcas-int-units:declined\pdl-online:declined\puf-arith-lazy-overbound-pre-lia:declined\plia-simplex:declined\plia-dpll:declined\puf-arith-lazy-overbound:decided	17126	19\p2\p0\p0\p28\p0\p2\p0\p16959	no	cas-identity-refuter=incomplete\pcas-int-units=incomplete\pdl-online=not-applicable\puf-arith-lazy-overbound-pre-lia=budget\plia-simplex=unsupported\plia-dpll=budget	no arithmetic disequality had equal polynomial normal forms\pno integer equation normalized to a refutable k·m = c\p\ppre-LIA UF+arithmetic probe skipped for generated query with 4130 assertions > 256 (ackermann_pairs=33344); avoid duplicating the large function-free arithmetic skeleton solve\pQF_LIA: assertion is not a conjunctive linear integer constraint\pgeneric LIA DPLL skipped for overbound non-array integer UF+arithmetic query (ackermann_pairs=33344); route the single large function-free arithmetic abstraction through the UF-aware lazy CEGAR path instead	\p\p\pother\pbackend\pother	s6	1,9	1.03
quant-instance-probe	admitted-instances	UFLIA_simplify_javafe.ast.CatchClauseVec.66.smt2.core.smt2.ground.smt2	d3ae77a02c1522df36d2d35883c9f945c0f12b6a6a2f6bfc32ec541b5884a8ff	not-dispatched	unknown	0	none	fd:parse	2	fd:parse:probe\pfd:parse:declined	307	294\p0	no	fd:parse=unsupported	unsupported: unknown identifier `!qsk_35`	ingest-refusal	s6	1,9	1.02
quant-instance-probe	admitted-instances	UFLIA_simplify_javafe.ast.LexicalPragmaVec.219.smt2.core.smt2.ground.smt2	d3ae77a02c1522df36d2d35883c9f945c0f12b6a6a2f6bfc32ec541b5884a8ff	not-dispatched	unknown	0	none	fd:parse	2	fd:parse:probe\pfd:parse:declined	110	1\p0	no	fd:parse=unsupported	unsupported: unknown identifier `!qsk_18`	ingest-refusal	s6	1,9	1.02
quant-instance-probe	admitted-instances	UFLIA_simplify_javafe.ast.NewInstanceExpr.271.smt2.core.smt2.ground.smt2	d3ae77a02c1522df36d2d35883c9f945c0f12b6a6a2f6bfc32ec541b5884a8ff	Int\pFunction	sat	0	uf-arith-online	fd:parse	17	fd:parse:probe\pprobe:probe\pcas-identity-refuter:declined\pdl-online:declined\plia-simplex:declined\plia-dpll:declined\peuf-online:declined\peuf-offline:declined\puf-arith-online:declined\puf-arithmetic:decided\ppreprocess:declined\pdl-online:declined\plia-simplex:declined\plia-dpll:declined\peuf-online:declined\peuf-offline:declined\puf-arith-online:decided	109	0\p0\p0\p0\p0\p0\p0\p0\p0\p0\p0\p0\p0\p0\p0\p0\p0	no	cas-identity-refuter=incomplete\pdl-online=not-applicable\plia-simplex=unsupported\plia-dpll=incomplete\peuf-online=incomplete\peuf-offline=incomplete\puf-arith-online=incomplete\ppreprocess=incomplete\pdl-online=not-applicable\plia-simplex=unsupported\plia-dpll=incomplete\peuf-online=incomplete\peuf-offline=incomplete	no arithmetic disequality had equal polynomial normal forms\p\pQF_LIA: assertion is not a conjunctive linear integer constraint\plinear-arithmetic abstraction with opaque integer UF applications is satisfiable; use the UFLIA backend for model lifting\ponline CDCL(T) e-graph model did not replay (base-sort semantics outside congruence)\pe-graph model did not replay (base-sort semantics outside congruence)\pcombined CDCL(T) leaf did not rebuild a replaying model: combined leaf model did not replay\ppreprocessed path errored; degraded to the original query: backend failure: preprocessing model reconstruction failed: no interpretation bound for function #38\p\pQF_LIA: assertion is not a conjunctive linear integer constraint\plinear-arithmetic abstraction with opaque integer UF applications is satisfiable; use the UFLIA backend for model lifting\ponline CDCL(T) e-graph model did not replay (base-sort semantics outside congruence)\pboolean skeleton undecided	\p\pbackend\p\p\p\p\p\p\pbackend\p\p\p	s6	1,9	1.02
quant-instance-probe	admitted-instances	UFLIA_simplify_javafe.ast.TypeDeclElemPragma.373.smt2.core.smt2.ground.smt2	d3ae77a02c1522df36d2d35883c9f945c0f12b6a6a2f6bfc32ec541b5884a8ff	not-dispatched	unknown	0	none	fd:parse	2	fd:parse:probe\pfd:parse:declined	109	2\p0	no	fd:parse=unsupported	unsupported: unknown identifier `!qsk_9`	ingest-refusal	s6	1,9	1.02
quant-instance-probe	admitted-instances	UFLIA_simplify_javafe.parser.TokenQueue.576.smt2.core.smt2.ground.smt2	d3ae77a02c1522df36d2d35883c9f945c0f12b6a6a2f6bfc32ec541b5884a8ff	not-dispatched	unknown	0	none	fd:parse	2	fd:parse:probe\pfd:parse:declined	110	7\p0	no	fd:parse=unsupported	unsupported: unknown identifier `!q.?brokenObj_1_.0`	ingest-refusal	s6	1,9	1.02
quant-instance-probe	admitted-instances	UFLIA_simplify_tohtml.Java2Html.832.smt2.core.smt2.ground.smt2	d3ae77a02c1522df36d2d35883c9f945c0f12b6a6a2f6bfc32ec541b5884a8ff	not-dispatched	unknown	0	none	fd:parse	2	fd:parse:probe\pfd:parse:declined	109	16\p0	no	fd:parse=unsupported	unsupported: unknown identifier `!qu_30`	ingest-refusal	s6	1,9	1.02
quant-instance-probe	admitted-instances	UFLIA_sledgehammer_QEpres_smtlib.1237382.smt2.core.smt2.ground.smt2	d3ae77a02c1522df36d2d35883c9f945c0f12b6a6a2f6bfc32ec541b5884a8ff	not-dispatched	unknown	0	none	fd:parse	2	fd:parse:probe\pfd:parse:declined	109	1\p0	no	fd:parse=unsupported	unsupported: unknown identifier `!q.?v9.1`	ingest-refusal	s6	1,9	1.02
quant-instance-probe	admitted-instances	UFLIA_tokeneer_auditlog_init-31.smt2.core.smt2.ground.smt2	d3ae77a02c1522df36d2d35883c9f945c0f12b6a6a2f6bfc32ec541b5884a8ff	not-dispatched	unknown	0	none	fd:parse	2	fd:parse:probe\pfd:parse:declined	110	22\p0	no	fd:parse=unsupported	unsupported: unknown identifier `!q.?n_.3`	ingest-refusal	s6	1,9	1.02
