sweep_id	arm	corpus_path	binary_sha	features	verdict	exit_status	decided_by	bound_by	attempts	attempt_trail	elapsed_ms	elapsed_ms_per_attempt	partial	decline_reasons	decline_details	decline_names	host	core	load
t1-UFLIA-db31113fa	main	UFLIA/boogie/FormulaTerm_plus-noinfer_2.smt2	db31113fa	not-dispatched	unsat	0	q:bool-skeleton	q:bool-skeleton	3	fd:parse:probe\pq:ground-subset:declined\pq:bool-skeleton:decided	106	0\p0\p0	no	q:ground-subset=not-applicable			server5	1,9	2.08
t1-UFLIA-db31113fa	main	UFLIA/boogie/loopinv1_LoopInv1.Test1a_F_notnull-infer_eh.smt2	db31113fa	not-dispatched	unknown	0	none	q:eq-partition	21	fd:parse:probe\pq:ground-subset:declined\pq:bool-skeleton:declined\pq:eq-partition:declined\pq:unsat-universal:declined\pq:forall-exists-witness:declined\pq:finite-expansion:declined\pq:uf-fmf-probe:declined\pq:mbqi-quick:declined\pq:egraph:declined\pq:timeout:declined\pq:timeout:declined\pfd:string-gate:declined\pfd:source-string-semantic-unsat:declined\pfd:word-route:declined\pfd:online-string:declined\pfd:membership:declined\pfd:lex-order:declined\pfd:length-lia:declined\pfd:source-string-sat-probe:declined\pfd:bounded-completeness-unsat:declined	24729	4\p501\p2697\p11566\p0\p0\p1\p7\p834\p9063\p0\p0\p0\p0\p0\p0\p0\p0\p0\p0\p0	no	q:ground-subset=not-applicable\pq:bool-skeleton=not-applicable\pq:eq-partition=not-applicable\pq:unsat-universal=not-applicable\pq:forall-exists-witness=not-applicable\pq:finite-expansion=unsupported\pq:uf-fmf-probe=not-applicable\pq:mbqi-quick=budget\pq:egraph=budget\pq:timeout=budget\pq:timeout=budget\pfd:string-gate=budget\pfd:source-string-semantic-unsat=budget\pfd:word-route=budget\pfd:online-string=budget\pfd:membership=budget\pfd:lex-order=budget\pfd:length-lia=budget\pfd:source-string-sat-probe=budget\pfd:bounded-completeness-unsat=budget	\p\p\p\p\pquantifier over non-enumerable domain Int\p\pe-matching: instantiation time budget exhausted mid-round (the interleaved ground check did not decide the set inside the deadline)\pe-matching: instantiation time budget exhausted mid-round (the interleaved ground check did not decide the set inside the deadline)\pquantified solve time budget exhausted after e-matching\pquantified solve time budget exhausted after MBQI and the finite-model finder\pquantified solve time budget exhausted after MBQI and the finite-model finder\pquantified solve time budget exhausted after MBQI and the finite-model finder\pquantified solve time budget exhausted after MBQI and the finite-model finder\pquantified solve time budget exhausted after MBQI and the finite-model finder\pquantified solve time budget exhausted after MBQI and the finite-model finder\pquantified solve time budget exhausted after MBQI and the finite-model finder\pquantified solve time budget exhausted after MBQI and the finite-model finder\pquantified solve time budget exhausted after MBQI and the finite-model finder\pquantified solve time budget exhausted after MBQI and the finite-model finder	\p\p\p\p\pbackend\p\pother\pother\pother\pother\pother\pother\pother\pother\pother\pother\pother\pother\pother	server5	1,9	2.08
t1-UFLIA-db31113fa	main	UFLIA/simplify/javafe.ast.GenericBlockStmt.168.smt2	db31113fa	not-dispatched	unsat	0	q:mbqi-quick	q:eq-partition	9	fd:parse:probe\pq:ground-subset:declined\pq:bool-skeleton:declined\pq:eq-partition:declined\pq:unsat-universal:declined\pq:forall-exists-witness:declined\pq:finite-expansion:declined\pq:uf-fmf-probe:declined\pq:mbqi-quick:decided	206	1\p2\p3\p153\p0\p0\p0\p0\p21	no	q:ground-subset=not-applicable\pq:bool-skeleton=not-applicable\pq:eq-partition=not-applicable\pq:unsat-universal=not-applicable\pq:forall-exists-witness=not-applicable\pq:finite-expansion=unsupported\pq:uf-fmf-probe=not-applicable	\p\p\p\p\pquantifier over non-enumerable domain Int\p	\p\p\p\p\pbackend\p	server5	1,9	1.75
t1-UFLIA-db31113fa	main	UFLIA/simplify/javafe.util.ErrorSet.781.smt2	db31113fa	not-dispatched	unsat	0	q:bool-skeleton	q:bool-skeleton	3	fd:parse:probe\pq:ground-subset:declined\pq:bool-skeleton:decided	208	1\p8\p92	no	q:ground-subset=not-applicable			server5	1,9	1.75
t1-UFLIA-db31113fa	main	UFLIA/simplify2/front_end_suite/javafe.ast.Identifier.010.smt2	db31113fa	not-dispatched	unknown	0	none	q:egraph	21	fd:parse:probe\pq:ground-subset:declined\pq:bool-skeleton:declined\pq:eq-partition:declined\pq:unsat-universal:declined\pq:forall-exists-witness:declined\pq:finite-expansion:declined\pq:uf-fmf-probe:declined\pq:mbqi-quick:declined\pq:egraph:declined\pq:timeout:declined\pq:timeout:declined\pfd:string-gate:declined\pfd:source-string-semantic-unsat:declined\pfd:word-route:declined\pfd:online-string:declined\pfd:membership:declined\pfd:lex-order:declined\pfd:length-lia:declined\pfd:source-string-sat-probe:declined\pfd:bounded-completeness-unsat:declined	24128	2\p45\p67\p255\p0\p0\p0\p0\p1632\p22027\p0\p0\p0\p0\p0\p0\p0\p0\p0\p0\p0	no	q:ground-subset=not-applicable\pq:bool-skeleton=not-applicable\pq:eq-partition=not-applicable\pq:unsat-universal=not-applicable\pq:forall-exists-witness=not-applicable\pq:finite-expansion=unsupported\pq:uf-fmf-probe=not-applicable\pq:mbqi-quick=budget\pq:egraph=budget\pq:timeout=budget\pq:timeout=budget\pfd:string-gate=budget\pfd:source-string-semantic-unsat=budget\pfd:word-route=budget\pfd:online-string=budget\pfd:membership=budget\pfd:lex-order=budget\pfd:length-lia=budget\pfd:source-string-sat-probe=budget\pfd:bounded-completeness-unsat=budget	\p\p\p\p\pquantifier over non-enumerable domain Int\p\pe-matching: instantiation time budget exhausted mid-round (the interleaved ground check did not decide the set inside the deadline)\pe-matching: instantiation time budget exhausted mid-round (the interleaved ground check did not decide the set inside the deadline)\pquantified solve time budget exhausted after e-matching\pquantified solve time budget exhausted after MBQI and the finite-model finder\pquantified solve time budget exhausted after MBQI and the finite-model finder\pquantified solve time budget exhausted after MBQI and the finite-model finder\pquantified solve time budget exhausted after MBQI and the finite-model finder\pquantified solve time budget exhausted after MBQI and the finite-model finder\pquantified solve time budget exhausted after MBQI and the finite-model finder\pquantified solve time budget exhausted after MBQI and the finite-model finder\pquantified solve time budget exhausted after MBQI and the finite-model finder\pquantified solve time budget exhausted after MBQI and the finite-model finder\pquantified solve time budget exhausted after MBQI and the finite-model finder	\p\p\p\p\pbackend\p\pother\pother\pother\pother\pother\pother\pother\pother\pother\pother\pother\pother\pother	server5	1,9	1.75
t1-UFLIA-db31113fa	main	UFLIA/simplify2/front_end_suite/javafe.ast.TypeObjectDesignator.010.smt2	db31113fa	not-dispatched	unsat	0	q:bool-skeleton	q:ground-subset	3	fd:parse:probe\pq:ground-subset:declined\pq:bool-skeleton:decided	606	6\p292\p284	no	q:ground-subset=not-applicable			server5	1,9	1.32
t1-UFLIA-db31113fa	main	UFLIA/simplify2/front_end_suite/javafe.tc.ConstantExpr.001.smt2	db31113fa	not-dispatched	unsat	0	q:bool-skeleton	q:ground-subset	3	fd:parse:probe\pq:ground-subset:declined\pq:bool-skeleton:decided	808	10\p360\p343	no	q:ground-subset=not-applicable			server5	1,9	1.32
t1-UFLIA-db31113fa	main	UFLIA/sledgehammer/Arrow_Order/smtlib.650920.smt2	db31113fa	not-dispatched	unknown	0	none	q:egraph	22	fd:parse:probe\pq:ground-subset:declined\pq:bool-skeleton:declined\pq:eq-partition:declined\pq:unsat-universal:declined\pq:forall-exists-witness:declined\pq:finite-expansion:declined\pq:uf-fmf-probe:declined\pq:mbqi-quick:declined\pq:egraph:declined\pq:uf-fmf-full:declined\pq:mbqi:declined\pq:nat-induction:declined\pfd:string-gate:declined\pfd:source-string-semantic-unsat:declined\pfd:word-route:declined\pfd:online-string:declined\pfd:membership:declined\pfd:lex-order:declined\pfd:length-lia:declined\pfd:source-string-sat-probe:declined\pfd:bounded-completeness-unsat:declined	21727	10\p0\p0\p202\p0\p0\p0\p0\p1516\p16979\p9\p2915\p0\p0\p0\p0\p0\p0\p0\p0\p0\p0	no	q:ground-subset=not-applicable\pq:bool-skeleton=not-applicable\pq:eq-partition=not-applicable\pq:unsat-universal=not-applicable\pq:forall-exists-witness=not-applicable\pq:finite-expansion=unsupported\pq:uf-fmf-probe=not-applicable\pq:mbqi-quick=incomplete\pq:egraph=incomplete\pq:uf-fmf-full=budget\pq:mbqi=budget\pq:nat-induction=not-applicable\pfd:string-gate=budget\pfd:source-string-semantic-unsat=budget\pfd:word-route=budget\pfd:online-string=budget\pfd:membership=budget\pfd:lex-order=budget\pfd:length-lia=budget\pfd:source-string-sat-probe=budget\pfd:bounded-completeness-unsat=budget	\p\p\p\p\pquantifier over non-enumerable domain (Uninterpreted 1)\p\pe-matching instantiation stopped after 6 rounds: the remaining budget could not fit another round with growth headroom\pe-matching instantiation admitted nothing further after 15 rounds with the ground set at the admission ceiling (a saturation, not a fixpoint: more rounds cannot help at THIS ceiling, and that is a different claim)\pe-matching: instantiation time budget exhausted mid-round (the interleaved ground check did not decide the set inside the deadline)\pe-matching: instantiation time budget exhausted mid-round (the interleaved ground check did not decide the set inside the deadline)\p\pe-matching: instantiation time budget exhausted mid-round (the interleaved ground check did not decide the set inside the deadline)\pe-matching: instantiation time budget exhausted mid-round (the interleaved ground check did not decide the set inside the deadline)\pe-matching: instantiation time budget exhausted mid-round (the interleaved ground check did not decide the set inside the deadline)\pe-matching: instantiation time budget exhausted mid-round (the interleaved ground check did not decide the set inside the deadline)\pe-matching: instantiation time budget exhausted mid-round (the interleaved ground check did not decide the set inside the deadline)\pe-matching: instantiation time budget exhausted mid-round (the interleaved ground check did not decide the set inside the deadline)\pe-matching: instantiation time budget exhausted mid-round (the interleaved ground check did not decide the set inside the deadline)\pe-matching: instantiation time budget exhausted mid-round (the interleaved ground check did not decide the set inside the deadline)\pe-matching: instantiation time budget exhausted mid-round (the interleaved ground check did not decide the set inside the deadline)	\p\p\p\p\pbackend\p\p\p\pother\pother\p\pother\pother\pother\pother\pother\pother\pother\pother\pother	server5	1,9	1.32
t1-UFLIA-db31113fa	main	UFLIA/sledgehammer/Fundamental_Theorem_Algebra/smtlib.1282463.smt2	db31113fa	not-dispatched	unknown	0	none	q:egraph	23	fd:parse:probe\pq:ground-subset:declined\pq:bool-skeleton:declined\pq:valid-universal-qf:declined\pq:eq-partition:declined\pq:unsat-universal:declined\pq:forall-exists-witness:declined\pq:finite-expansion:declined\pq:uf-fmf-probe:declined\pq:mbqi-quick:declined\pq:egraph:declined\pq:uf-fmf-full:declined\pq:mbqi:declined\pq:nat-induction:declined\pfd:string-gate:declined\pfd:source-string-semantic-unsat:declined\pfd:word-route:declined\pfd:online-string:declined\pfd:membership:declined\pfd:lex-order:declined\pfd:length-lia:declined\pfd:source-string-sat-probe:declined\pfd:bounded-completeness-unsat:declined	20924	10\p9\p11\p115\p0\p0\p0\p0\p0\p1594\p15723\p21\p3374\p0\p0\p0\p0\p0\p0\p0\p0\p0\p0	no	q:ground-subset=not-applicable\pq:bool-skeleton=not-applicable\pq:valid-universal-qf=unsupported\pq:eq-partition=not-applicable\pq:unsat-universal=not-applicable\pq:forall-exists-witness=not-applicable\pq:finite-expansion=unsupported\pq:uf-fmf-probe=not-applicable\pq:mbqi-quick=budget\pq:egraph=incomplete\pq:uf-fmf-full=budget\pq:mbqi=budget\pq:nat-induction=not-applicable\pfd:string-gate=budget\pfd:source-string-semantic-unsat=budget\pfd:word-route=budget\pfd:online-string=budget\pfd:membership=budget\pfd:lex-order=budget\pfd:length-lia=budget\pfd:source-string-sat-probe=budget\pfd:bounded-completeness-unsat=budget	\p\pterm #96 has sort (Uninterpreted 21) that the pure-Rust BV backend cannot bit-blast\p\p\p\pquantifier over non-enumerable domain (Uninterpreted 1)\p\pe-matching: instantiation time budget exhausted mid-round (the interleaved ground check did not decide the set inside the deadline)\pe-matching instantiation admitted nothing further after 5 rounds with the ground set at the admission ceiling (a saturation, not a fixpoint: more rounds cannot help at THIS ceiling, and that is a different claim)\pe-matching: instantiation time budget exhausted mid-round (the interleaved ground check did not decide the set inside the deadline)\pe-matching: instantiation time budget exhausted mid-round (the interleaved ground check did not decide the set inside the deadline)\p\pe-matching: instantiation time budget exhausted mid-round (the interleaved ground check did not decide the set inside the deadline)\pe-matching: instantiation time budget exhausted mid-round (the interleaved ground check did not decide the set inside the deadline)\pe-matching: instantiation time budget exhausted mid-round (the interleaved ground check did not decide the set inside the deadline)\pe-matching: instantiation time budget exhausted mid-round (the interleaved ground check did not decide the set inside the deadline)\pe-matching: instantiation time budget exhausted mid-round (the interleaved ground check did not decide the set inside the deadline)\pe-matching: instantiation time budget exhausted mid-round (the interleaved ground check did not decide the set inside the deadline)\pe-matching: instantiation time budget exhausted mid-round (the interleaved ground check did not decide the set inside the deadline)\pe-matching: instantiation time budget exhausted mid-round (the interleaved ground check did not decide the set inside the deadline)\pe-matching: instantiation time budget exhausted mid-round (the interleaved ground check did not decide the set inside the deadline)	\p\pbackend\p\p\p\pbackend\p\pother\p\pother\pother\p\pother\pother\pother\pother\pother\pother\pother\pother\pother	server5	1,9	1.15
t1-UFLIA-db31113fa	main	UFLIA/sledgehammer/Fundamental_Theorem_Algebra/smtlib.932420.smt2	db31113fa	not-dispatched	unknown	0	none	q:mbqi	23	fd:parse:probe\pq:ground-subset:declined\pq:bool-skeleton:declined\pq:valid-universal-qf:declined\pq:eq-partition:declined\pq:unsat-universal:declined\pq:forall-exists-witness:declined\pq:finite-expansion:declined\pq:uf-fmf-probe:declined\pq:mbqi-quick:declined\pq:egraph:declined\pq:uf-fmf-full:declined\pq:mbqi:declined\pq:nat-induction:declined\pfd:string-gate:declined\pfd:source-string-semantic-unsat:declined\pfd:word-route:declined\pfd:online-string:declined\pfd:membership:declined\pfd:lex-order:declined\pfd:length-lia:declined\pfd:source-string-sat-probe:declined\pfd:bounded-completeness-unsat:declined	15321	8\p22\p22\p147\p1\p0\p0\p0\p0\p1640\p4131\p46\p9183\p0\p0\p0\p0\p0\p0\p0\p0\p0\p0	no	q:ground-subset=not-applicable\pq:bool-skeleton=not-applicable\pq:valid-universal-qf=unsupported\pq:eq-partition=not-applicable\pq:unsat-universal=not-applicable\pq:forall-exists-witness=not-applicable\pq:finite-expansion=unsupported\pq:uf-fmf-probe=not-applicable\pq:mbqi-quick=budget\pq:egraph=incomplete\pq:uf-fmf-full=budget\pq:mbqi=budget\pq:nat-induction=not-applicable\pfd:string-gate=budget\pfd:source-string-semantic-unsat=budget\pfd:word-route=budget\pfd:online-string=budget\pfd:membership=budget\pfd:lex-order=budget\pfd:length-lia=budget\pfd:source-string-sat-probe=budget\pfd:bounded-completeness-unsat=budget	\p\pterm #1779 has sort (Uninterpreted 20) that the pure-Rust BV backend cannot bit-blast\p\p\p\pquantifier over non-enumerable domain (Uninterpreted 1)\p\pe-matching: instantiation time budget exhausted at a round head (no final ground check ran on the accumulated set)\pe-matching instantiation admitted nothing further after 5 rounds with the ground set at the admission ceiling (a saturation, not a fixpoint: more rounds cannot help at THIS ceiling, and that is a different claim)\pe-matching: instantiation time budget exhausted mid-round (the interleaved ground check did not decide the set inside the deadline)\pe-matching: instantiation time budget exhausted mid-round (the interleaved ground check did not decide the set inside the deadline)\p\pe-matching: instantiation time budget exhausted mid-round (the interleaved ground check did not decide the set inside the deadline)\pe-matching: instantiation time budget exhausted mid-round (the interleaved ground check did not decide the set inside the deadline)\pe-matching: instantiation time budget exhausted mid-round (the interleaved ground check did not decide the set inside the deadline)\pe-matching: instantiation time budget exhausted mid-round (the interleaved ground check did not decide the set inside the deadline)\pe-matching: instantiation time budget exhausted mid-round (the interleaved ground check did not decide the set inside the deadline)\pe-matching: instantiation time budget exhausted mid-round (the interleaved ground check did not decide the set inside the deadline)\pe-matching: instantiation time budget exhausted mid-round (the interleaved ground check did not decide the set inside the deadline)\pe-matching: instantiation time budget exhausted mid-round (the interleaved ground check did not decide the set inside the deadline)\pe-matching: instantiation time budget exhausted mid-round (the interleaved ground check did not decide the set inside the deadline)	\p\pbackend\p\p\p\pbackend\p\pother\p\pother\pother\p\pother\pother\pother\pother\pother\pother\pother\pother\pother	server5	1,9	1.07
t1-UFLIA-db31113fa	main	UFLIA/sledgehammer/NS_Shared/smtlib.803649.smt2	db31113fa	not-dispatched	unknown	0	none	q:mbqi	22	fd:parse:probe\pq:ground-subset:declined\pq:bool-skeleton:declined\pq:eq-partition:declined\pq:unsat-universal:declined\pq:forall-exists-witness:declined\pq:finite-expansion:declined\pq:uf-fmf-probe:declined\pq:mbqi-quick:declined\pq:egraph:declined\pq:uf-fmf-full:declined\pq:mbqi:declined\pq:nat-induction:declined\pfd:string-gate:declined\pfd:source-string-semantic-unsat:declined\pfd:word-route:declined\pfd:online-string:declined\pfd:membership:declined\pfd:lex-order:declined\pfd:length-lia:declined\pfd:source-string-sat-probe:declined\pfd:bounded-completeness-unsat:declined	14020	14\p1\p1\p172\p0\p0\p0\p0\p1559\p1812\p43\p10279\p0\p0\p0\p0\p0\p0\p0\p0\p0\p0	no	q:ground-subset=not-applicable\pq:bool-skeleton=not-applicable\pq:eq-partition=not-applicable\pq:unsat-universal=not-applicable\pq:forall-exists-witness=not-applicable\pq:finite-expansion=unsupported\pq:uf-fmf-probe=not-applicable\pq:mbqi-quick=budget\pq:egraph=incomplete\pq:uf-fmf-full=incomplete\pq:mbqi=incomplete\pq:nat-induction=not-applicable\pfd:string-gate=incomplete\pfd:source-string-semantic-unsat=incomplete\pfd:word-route=incomplete\pfd:online-string=incomplete\pfd:membership=incomplete\pfd:lex-order=incomplete\pfd:length-lia=incomplete\pfd:source-string-sat-probe=incomplete\pfd:bounded-completeness-unsat=incomplete	\p\p\p\p\pquantifier over non-enumerable domain (Uninterpreted 1)\p\pe-matching: instantiation time budget exhausted mid-round (the interleaved ground check did not decide the set inside the deadline)\pe-matching instantiation admitted nothing further after 5 rounds with the ground set at the admission ceiling (a saturation, not a fixpoint: more rounds cannot help at THIS ceiling, and that is a different claim)\pe-matching instantiation stopped after 4 rounds: the remaining budget could not fit another round with growth headroom\pe-matching instantiation stopped after 4 rounds: the remaining budget could not fit another round with growth headroom\p\pe-matching instantiation stopped after 4 rounds: the remaining budget could not fit another round with growth headroom\pe-matching instantiation stopped after 4 rounds: the remaining budget could not fit another round with growth headroom\pe-matching instantiation stopped after 4 rounds: the remaining budget could not fit another round with growth headroom\pe-matching instantiation stopped after 4 rounds: the remaining budget could not fit another round with growth headroom\pe-matching instantiation stopped after 4 rounds: the remaining budget could not fit another round with growth headroom\pe-matching instantiation stopped after 4 rounds: the remaining budget could not fit another round with growth headroom\pe-matching instantiation stopped after 4 rounds: the remaining budget could not fit another round with growth headroom\pe-matching instantiation stopped after 4 rounds: the remaining budget could not fit another round with growth headroom\pe-matching instantiation stopped after 4 rounds: the remaining budget could not fit another round with growth headroom	\p\p\p\p\pbackend\p\pother\p\p\p\p\p\p\p\p\p\p\p\p\p	server5	1,9	1.04
t1-UFLIA-db31113fa	main	UFLIA/sledgehammer/QEpres/smtlib.927783.smt2	db31113fa	not-dispatched	unknown	0	none	q:mbqi	23	fd:parse:probe\pq:ground-subset:declined\pq:bool-skeleton:declined\pq:valid-universal-qf:declined\pq:eq-partition:declined\pq:unsat-universal:declined\pq:forall-exists-witness:declined\pq:finite-expansion:declined\pq:uf-fmf-probe:declined\pq:mbqi-quick:declined\pq:egraph:declined\pq:uf-fmf-full:declined\pq:mbqi:declined\pq:nat-induction:declined\pfd:string-gate:declined\pfd:source-string-semantic-unsat:declined\pfd:word-route:declined\pfd:online-string:declined\pfd:membership:declined\pfd:lex-order:declined\pfd:length-lia:declined\pfd:source-string-sat-probe:declined\pfd:bounded-completeness-unsat:declined	16022	13\p31\p345\p51\p0\p0\p0\p0\p0\p1979\p107\p79\p13258\p0\p0\p0\p0\p0\p0\p0\p0\p0\p0	no	q:ground-subset=not-applicable\pq:bool-skeleton=not-applicable\pq:valid-universal-qf=unsupported\pq:eq-partition=not-applicable\pq:unsat-universal=not-applicable\pq:forall-exists-witness=not-applicable\pq:finite-expansion=unsupported\pq:uf-fmf-probe=not-applicable\pq:mbqi-quick=budget\pq:egraph=unsupported\pq:uf-fmf-full=incomplete\pq:mbqi=incomplete\pq:nat-induction=not-applicable\pfd:string-gate=incomplete\pfd:source-string-semantic-unsat=incomplete\pfd:word-route=incomplete\pfd:online-string=incomplete\pfd:membership=incomplete\pfd:lex-order=incomplete\pfd:length-lia=incomplete\pfd:source-string-sat-probe=incomplete\pfd:bounded-completeness-unsat=incomplete	\p\pterm #45 has sort (Uninterpreted 10) that the pure-Rust BV backend cannot bit-blast\p\p\p\pquantifier over non-enumerable domain (Uninterpreted 1)\p\pe-matching: instantiation time budget exhausted mid-round (the interleaved ground check did not decide the set inside the deadline)\pterm #0 has sort (Uninterpreted 0) that the pure-Rust BV backend cannot bit-blast\pmbqi declined an unsupported fragment: term #0 has sort (Uninterpreted 0) that the pure-Rust BV backend cannot bit-blast\pmbqi declined an unsupported fragment: term #0 has sort (Uninterpreted 0) that the pure-Rust BV backend cannot bit-blast\p\pmbqi declined an unsupported fragment: term #0 has sort (Uninterpreted 0) that the pure-Rust BV backend cannot bit-blast\pmbqi declined an unsupported fragment: term #0 has sort (Uninterpreted 0) that the pure-Rust BV backend cannot bit-blast\pmbqi declined an unsupported fragment: term #0 has sort (Uninterpreted 0) that the pure-Rust BV backend cannot bit-blast\pmbqi declined an unsupported fragment: term #0 has sort (Uninterpreted 0) that the pure-Rust BV backend cannot bit-blast\pmbqi declined an unsupported fragment: term #0 has sort (Uninterpreted 0) that the pure-Rust BV backend cannot bit-blast\pmbqi declined an unsupported fragment: term #0 has sort (Uninterpreted 0) that the pure-Rust BV backend cannot bit-blast\pmbqi declined an unsupported fragment: term #0 has sort (Uninterpreted 0) that the pure-Rust BV backend cannot bit-blast\pmbqi declined an unsupported fragment: term #0 has sort (Uninterpreted 0) that the pure-Rust BV backend cannot bit-blast\pmbqi declined an unsupported fragment: term #0 has sort (Uninterpreted 0) that the pure-Rust BV backend cannot bit-blast	\p\pbackend\p\p\p\pbackend\p\pother\pbackend\p\p\p\p\p\p\p\p\p\p\p\p	server5	1,9	1.03
t1-UFLIA-db31113fa	main	UFLIA/sledgehammer/TwoSquares/smtlib.821153.smt2	db31113fa	not-dispatched	unknown	0	none	q:mbqi	23	fd:parse:probe\pq:ground-subset:declined\pq:bool-skeleton:declined\pq:valid-universal-qf:declined\pq:eq-partition:declined\pq:unsat-universal:declined\pq:forall-exists-witness:declined\pq:finite-expansion:declined\pq:uf-fmf-probe:declined\pq:mbqi-quick:declined\pq:egraph:declined\pq:uf-fmf-full:declined\pq:mbqi:declined\pq:nat-induction:declined\pfd:string-gate:declined\pfd:source-string-semantic-unsat:declined\pfd:word-route:declined\pfd:online-string:declined\pfd:membership:declined\pfd:lex-order:declined\pfd:length-lia:declined\pfd:source-string-sat-probe:declined\pfd:bounded-completeness-unsat:declined	13620	1\p89\p59\p11\p0\p0\p0\p0\p0\p1680\p688\p34\p10963\p0\p0\p0\p0\p0\p0\p0\p0\p0\p0	no	q:ground-subset=not-applicable\pq:bool-skeleton=not-applicable\pq:valid-universal-qf=unsupported\pq:eq-partition=not-applicable\pq:unsat-universal=not-applicable\pq:forall-exists-witness=not-applicable\pq:finite-expansion=unsupported\pq:uf-fmf-probe=not-applicable\pq:mbqi-quick=budget\pq:egraph=unsupported\pq:uf-fmf-full=budget\pq:mbqi=budget\pq:nat-induction=not-applicable\pfd:string-gate=budget\pfd:source-string-semantic-unsat=budget\pfd:word-route=budget\pfd:online-string=budget\pfd:membership=budget\pfd:lex-order=budget\pfd:length-lia=budget\pfd:source-string-sat-probe=budget\pfd:bounded-completeness-unsat=budget	\p\pterm #9 has sort (Uninterpreted 6) that the pure-Rust BV backend cannot bit-blast\p\p\p\pquantifier over non-enumerable domain Int\p\pe-matching: instantiation time budget exhausted mid-round (the interleaved ground check did not decide the set inside the deadline)\pterm #4 has sort (Uninterpreted 5) that the pure-Rust BV backend cannot bit-blast\pe-matching: instantiation time budget exhausted mid-round (the interleaved ground check did not decide the set inside the deadline)\pe-matching: instantiation time budget exhausted mid-round (the interleaved ground check did not decide the set inside the deadline)\p\pe-matching: instantiation time budget exhausted mid-round (the interleaved ground check did not decide the set inside the deadline)\pe-matching: instantiation time budget exhausted mid-round (the interleaved ground check did not decide the set inside the deadline)\pe-matching: instantiation time budget exhausted mid-round (the interleaved ground check did not decide the set inside the deadline)\pe-matching: instantiation time budget exhausted mid-round (the interleaved ground check did not decide the set inside the deadline)\pe-matching: instantiation time budget exhausted mid-round (the interleaved ground check did not decide the set inside the deadline)\pe-matching: instantiation time budget exhausted mid-round (the interleaved ground check did not decide the set inside the deadline)\pe-matching: instantiation time budget exhausted mid-round (the interleaved ground check did not decide the set inside the deadline)\pe-matching: instantiation time budget exhausted mid-round (the interleaved ground check did not decide the set inside the deadline)\pe-matching: instantiation time budget exhausted mid-round (the interleaved ground check did not decide the set inside the deadline)	\p\pbackend\p\p\p\pbackend\p\pother\pbackend\pother\pother\p\pother\pother\pother\pother\pother\pother\pother\pother\pother	server5	1,9	1.01
t1-UFLIA-db31113fa	main	UFLIA/tokeneer/auditlog/init-31.smt2	db31113fa	not-dispatched	unknown	0	none	q:mbqi-quick	9	fd:parse:probe\pq:ground-subset:declined\pq:bool-skeleton:declined\pq:eq-partition:declined\pq:unsat-universal:declined\pq:forall-exists-witness:declined\pq:finite-expansion:declined\pq:uf-fmf-probe:declined\pq:mbqi-quick:declined	25027	0\p65\p1205\p34\p0\p0\p0\p0\p1452	yes	q:ground-subset=not-applicable\pq:bool-skeleton=not-applicable\pq:eq-partition=not-applicable\pq:unsat-universal=not-applicable\pq:forall-exists-witness=not-applicable\pq:finite-expansion=unsupported\pq:uf-fmf-probe=not-applicable\pq:mbqi-quick=budget	\p\p\p\p\pquantifier over non-enumerable domain Int\p\pe-matching: instantiation time budget exhausted mid-round (the interleaved ground check did not decide the set inside the deadline)	\p\p\p\p\pbackend\p\pother	server5	1,9	1.01
t1-UFLIA-db31113fa	main	UFLIA/tokeneer/enclave/startadminactivity-7.smt2	db31113fa	not-dispatched	unknown	0	none	q:egraph	21	fd:parse:probe\pq:ground-subset:declined\pq:bool-skeleton:declined\pq:eq-partition:declined\pq:unsat-universal:declined\pq:forall-exists-witness:declined\pq:finite-expansion:declined\pq:uf-fmf-probe:declined\pq:mbqi-quick:declined\pq:egraph:declined\pq:timeout:declined\pq:timeout:declined\pfd:string-gate:declined\pfd:source-string-semantic-unsat:declined\pfd:word-route:declined\pfd:online-string:declined\pfd:membership:declined\pfd:lex-order:declined\pfd:length-lia:declined\pfd:source-string-sat-probe:declined\pfd:bounded-completeness-unsat:declined	24127	0\p2\p2\p29\p0\p0\p0\p0\p1683\p22300\p0\p0\p0\p0\p0\p0\p0\p0\p0\p0\p0	no	q:ground-subset=not-applicable\pq:bool-skeleton=not-applicable\pq:eq-partition=not-applicable\pq:unsat-universal=not-applicable\pq:forall-exists-witness=not-applicable\pq:finite-expansion=unsupported\pq:uf-fmf-probe=not-applicable\pq:mbqi-quick=budget\pq:egraph=incomplete\pq:timeout=budget\pq:timeout=budget\pfd:string-gate=budget\pfd:source-string-semantic-unsat=budget\pfd:word-route=budget\pfd:online-string=budget\pfd:membership=budget\pfd:lex-order=budget\pfd:length-lia=budget\pfd:source-string-sat-probe=budget\pfd:bounded-completeness-unsat=budget	\p\p\p\p\pquantifier over non-enumerable domain Int\p\pe-matching: instantiation time budget exhausted mid-round (the interleaved ground check did not decide the set inside the deadline)\pe-matching instantiation reached fixpoint without refuting after 198 rounds (no further instance to admit; more rounds cannot help)\pquantified solve time budget exhausted after e-matching\pquantified solve time budget exhausted after MBQI and the finite-model finder\pquantified solve time budget exhausted after MBQI and the finite-model finder\pquantified solve time budget exhausted after MBQI and the finite-model finder\pquantified solve time budget exhausted after MBQI and the finite-model finder\pquantified solve time budget exhausted after MBQI and the finite-model finder\pquantified solve time budget exhausted after MBQI and the finite-model finder\pquantified solve time budget exhausted after MBQI and the finite-model finder\pquantified solve time budget exhausted after MBQI and the finite-model finder\pquantified solve time budget exhausted after MBQI and the finite-model finder\pquantified solve time budget exhausted after MBQI and the finite-model finder	\p\p\p\p\pbackend\p\pother\p\pother\pother\pother\pother\pother\pother\pother\pother\pother\pother\pother	server5	1,9	1.04
t1-UFLIA-db31113fa	main	UFLIA/tokeneer/screen/writestatsdata-4.smt2	db31113fa	not-dispatched	unsat	0	q:bool-skeleton	q:bool-skeleton	3	fd:parse:probe\pq:ground-subset:declined\pq:bool-skeleton:decided	107	0\p0\p0	no	q:ground-subset=not-applicable			server5	1,9	1.02
t1-UFLIA-db31113fa	main	UFLIA/20230314-Jaroslav-Bendik-Certora/52759_b3ecd2335fd16ec2eee2_9_UFLIA.smt2	db31113fa	not-dispatched	unknown	0	none	q:mbqi	22	fd:parse:probe\pq:ground-subset:declined\pq:bool-skeleton:declined\pq:eq-partition:declined\pq:unsat-universal:declined\pq:forall-exists-witness:declined\pq:finite-expansion:declined\pq:uf-fmf-probe:declined\pq:mbqi-quick:declined\pq:egraph:declined\pq:uf-fmf-full:declined\pq:mbqi:declined\pq:nat-induction:declined\pfd:string-gate:declined\pfd:source-string-semantic-unsat:declined\pfd:word-route:declined\pfd:online-string:declined\pfd:membership:declined\pfd:lex-order:declined\pfd:length-lia:declined\pfd:source-string-sat-probe:declined\pfd:bounded-completeness-unsat:declined	4611	13\p5\p9\p202\p0\p0\p0\p2\p2137\p11\p1\p2208\p0\p0\p0\p0\p0\p0\p0\p0\p0\p0	no	q:ground-subset=not-applicable\pq:bool-skeleton=not-applicable\pq:eq-partition=not-applicable\pq:unsat-universal=not-applicable\pq:forall-exists-witness=not-applicable\pq:finite-expansion=unsupported\pq:uf-fmf-probe=not-applicable\pq:mbqi-quick=incomplete\pq:egraph=incomplete\pq:uf-fmf-full=incomplete\pq:mbqi=incomplete\pq:nat-induction=not-applicable\pfd:string-gate=incomplete\pfd:source-string-semantic-unsat=incomplete\pfd:word-route=incomplete\pfd:online-string=incomplete\pfd:membership=incomplete\pfd:lex-order=incomplete\pfd:length-lia=incomplete\pfd:source-string-sat-probe=incomplete\pfd:bounded-completeness-unsat=incomplete	\p\p\p\p\pquantifier over non-enumerable domain Int\p\pe-matching: no universal is asserted; the nested quantifiers present are registered, not instantiated\pe-matching: no universal is asserted; the nested quantifiers present are registered, not instantiated\pe-matching: no universal is asserted; the nested quantifiers present are registered, not instantiated\pe-matching: no universal is asserted; the nested quantifiers present are registered, not instantiated\p\pe-matching: no universal is asserted; the nested quantifiers present are registered, not instantiated\pe-matching: no universal is asserted; the nested quantifiers present are registered, not instantiated\pe-matching: no universal is asserted; the nested quantifiers present are registered, not instantiated\pe-matching: no universal is asserted; the nested quantifiers present are registered, not instantiated\pe-matching: no universal is asserted; the nested quantifiers present are registered, not instantiated\pe-matching: no universal is asserted; the nested quantifiers present are registered, not instantiated\pe-matching: no universal is asserted; the nested quantifiers present are registered, not instantiated\pe-matching: no universal is asserted; the nested quantifiers present are registered, not instantiated\pe-matching: no universal is asserted; the nested quantifiers present are registered, not instantiated	\p\p\p\p\pbackend\p\p\p\p\p\p\p\p\p\p\p\p\p\p\p	server5	3,11	4.03
t1-UFLIA-db31113fa	main	UFLIA/boogie/Interval_Cell.Shift_System.Int32.smt2	db31113fa	not-dispatched	unknown	0	none	q:egraph	21	fd:parse:probe\pq:ground-subset:declined\pq:bool-skeleton:declined\pq:eq-partition:declined\pq:unsat-universal:declined\pq:forall-exists-witness:declined\pq:finite-expansion:declined\pq:uf-fmf-probe:declined\pq:mbqi-quick:declined\pq:egraph:declined\pq:timeout:declined\pq:timeout:declined\pfd:string-gate:declined\pfd:source-string-semantic-unsat:declined\pfd:word-route:declined\pfd:online-string:declined\pfd:membership:declined\pfd:lex-order:declined\pfd:length-lia:declined\pfd:source-string-sat-probe:declined\pfd:bounded-completeness-unsat:declined	24129	2\p572\p2828\p2386\p0\p0\p0\p1\p1337\p16904\p0\p0\p0\p0\p0\p0\p0\p0\p0\p0\p0	no	q:ground-subset=not-applicable\pq:bool-skeleton=not-applicable\pq:eq-partition=not-applicable\pq:unsat-universal=not-applicable\pq:forall-exists-witness=not-applicable\pq:finite-expansion=unsupported\pq:uf-fmf-probe=not-applicable\pq:mbqi-quick=budget\pq:egraph=budget\pq:timeout=budget\pq:timeout=budget\pfd:string-gate=budget\pfd:source-string-semantic-unsat=budget\pfd:word-route=budget\pfd:online-string=budget\pfd:membership=budget\pfd:lex-order=budget\pfd:length-lia=budget\pfd:source-string-sat-probe=budget\pfd:bounded-completeness-unsat=budget	\p\p\p\p\pquantifier over non-enumerable domain Int\p\pe-matching: instantiation time budget exhausted mid-round (the interleaved ground check did not decide the set inside the deadline)\pe-matching: instantiation time budget exhausted mid-round (the interleaved ground check did not decide the set inside the deadline)\pquantified solve time budget exhausted after e-matching\pquantified solve time budget exhausted after MBQI and the finite-model finder\pquantified solve time budget exhausted after MBQI and the finite-model finder\pquantified solve time budget exhausted after MBQI and the finite-model finder\pquantified solve time budget exhausted after MBQI and the finite-model finder\pquantified solve time budget exhausted after MBQI and the finite-model finder\pquantified solve time budget exhausted after MBQI and the finite-model finder\pquantified solve time budget exhausted after MBQI and the finite-model finder\pquantified solve time budget exhausted after MBQI and the finite-model finder\pquantified solve time budget exhausted after MBQI and the finite-model finder\pquantified solve time budget exhausted after MBQI and the finite-model finder	\p\p\p\p\pbackend\p\pother\pother\pother\pother\pother\pother\pother\pother\pother\pother\pother\pother\pother	server5	3,11	4.02
t1-UFLIA-db31113fa	main	UFLIA/grasshopper/instantiated/delete_check_heap_access_53_12.smt2	db31113fa	not-dispatched	unknown	0	none	q:egraph	22	fd:parse:probe\pq:ground-subset:declined\pq:bool-skeleton:declined\pq:eq-partition:declined\pq:unsat-universal:declined\pq:forall-exists-witness:declined\pq:finite-expansion:declined\pq:uf-fmf-probe:declined\pq:mbqi-quick:declined\pq:egraph:declined\pq:uf-fmf-full:declined\pq:mbqi:declined\pq:nat-induction:declined\pfd:string-gate:declined\pfd:source-string-semantic-unsat:declined\pfd:word-route:declined\pfd:online-string:declined\pfd:membership:declined\pfd:lex-order:declined\pfd:length-lia:declined\pfd:source-string-sat-probe:declined\pfd:bounded-completeness-unsat:declined	23828	1\p770\p764\p54\p0\p0\p0\p0\p2318\p14664\p14\p5150\p0\p0\p0\p0\p0\p0\p0\p0\p0\p0	no	q:ground-subset=not-applicable\pq:bool-skeleton=not-applicable\pq:eq-partition=not-applicable\pq:unsat-universal=not-applicable\pq:forall-exists-witness=not-applicable\pq:finite-expansion=unsupported\pq:uf-fmf-probe=not-applicable\pq:mbqi-quick=incomplete\pq:egraph=incomplete\pq:uf-fmf-full=budget\pq:mbqi=budget\pq:nat-induction=not-applicable\pfd:string-gate=budget\pfd:source-string-semantic-unsat=budget\pfd:word-route=budget\pfd:online-string=budget\pfd:membership=budget\pfd:lex-order=budget\pfd:length-lia=budget\pfd:source-string-sat-probe=budget\pfd:bounded-completeness-unsat=budget	\p\p\p\p\pquantifier over non-enumerable domain (Uninterpreted 0)\p\pe-matching instantiation stopped after 4 rounds: the remaining budget could not fit another round with growth headroom\pe-matching instantiation reached fixpoint without refuting after 8 rounds (no further instance to admit; more rounds cannot help)\pe-matching: instantiation time budget exhausted mid-round (the interleaved ground check did not decide the set inside the deadline)\pe-matching: instantiation time budget exhausted mid-round (the interleaved ground check did not decide the set inside the deadline)\p\pe-matching: instantiation time budget exhausted mid-round (the interleaved ground check did not decide the set inside the deadline)\pe-matching: instantiation time budget exhausted mid-round (the interleaved ground check did not decide the set inside the deadline)\pe-matching: instantiation time budget exhausted mid-round (the interleaved ground check did not decide the set inside the deadline)\pe-matching: instantiation time budget exhausted mid-round (the interleaved ground check did not decide the set inside the deadline)\pe-matching: instantiation time budget exhausted mid-round (the interleaved ground check did not decide the set inside the deadline)\pe-matching: instantiation time budget exhausted mid-round (the interleaved ground check did not decide the set inside the deadline)\pe-matching: instantiation time budget exhausted mid-round (the interleaved ground check did not decide the set inside the deadline)\pe-matching: instantiation time budget exhausted mid-round (the interleaved ground check did not decide the set inside the deadline)\pe-matching: instantiation time budget exhausted mid-round (the interleaved ground check did not decide the set inside the deadline)	\p\p\p\p\pbackend\p\p\p\pother\pother\p\pother\pother\pother\pother\pother\pother\pother\pother\pother	server5	3,11	4.28
t1-UFLIA-db31113fa	main	UFLIA/simplify/javafe.ast.LexicalPragmaVec.219.smt2	db31113fa	not-dispatched	unknown	0	none	q:egraph	22	fd:parse:probe\pq:ground-subset:declined\pq:bool-skeleton:declined\pq:eq-partition:declined\pq:unsat-universal:declined\pq:forall-exists-witness:declined\pq:finite-expansion:declined\pq:uf-fmf-probe:declined\pq:mbqi-quick:declined\pq:egraph:declined\pq:uf-fmf-full:declined\pq:mbqi:declined\pq:nat-induction:declined\pfd:string-gate:declined\pfd:source-string-semantic-unsat:declined\pfd:word-route:declined\pfd:online-string:declined\pfd:membership:declined\pfd:lex-order:declined\pfd:length-lia:declined\pfd:source-string-sat-probe:declined\pfd:bounded-completeness-unsat:declined	23828	1\p7\p13\p273\p0\p0\p0\p0\p1498\p21413\p26\p533\p0\p0\p0\p0\p0\p0\p0\p0\p0\p0	no	q:ground-subset=not-applicable\pq:bool-skeleton=not-applicable\pq:eq-partition=not-applicable\pq:unsat-universal=not-applicable\pq:forall-exists-witness=not-applicable\pq:finite-expansion=unsupported\pq:uf-fmf-probe=not-applicable\pq:mbqi-quick=budget\pq:egraph=incomplete\pq:uf-fmf-full=budget\pq:mbqi=budget\pq:nat-induction=not-applicable\pfd:string-gate=budget\pfd:source-string-semantic-unsat=budget\pfd:word-route=budget\pfd:online-string=budget\pfd:membership=budget\pfd:lex-order=budget\pfd:length-lia=budget\pfd:source-string-sat-probe=budget\pfd:bounded-completeness-unsat=budget	\p\p\p\p\pquantifier over non-enumerable domain Int\p\pe-matching: instantiation time budget exhausted mid-round (the interleaved ground check did not decide the set inside the deadline)\pe-matching instantiation admitted nothing further after 4 rounds with the ground set at the admission ceiling (a saturation, not a fixpoint: more rounds cannot help at THIS ceiling, and that is a different claim)\pe-matching: instantiation time budget exhausted mid-round (the interleaved ground check did not decide the set inside the deadline)\pe-matching: instantiation time budget exhausted mid-round (the interleaved ground check did not decide the set inside the deadline)\p\pe-matching: instantiation time budget exhausted mid-round (the interleaved ground check did not decide the set inside the deadline)\pe-matching: instantiation time budget exhausted mid-round (the interleaved ground check did not decide the set inside the deadline)\pe-matching: instantiation time budget exhausted mid-round (the interleaved ground check did not decide the set inside the deadline)\pe-matching: instantiation time budget exhausted mid-round (the interleaved ground check did not decide the set inside the deadline)\pe-matching: instantiation time budget exhausted mid-round (the interleaved ground check did not decide the set inside the deadline)\pe-matching: instantiation time budget exhausted mid-round (the interleaved ground check did not decide the set inside the deadline)\pe-matching: instantiation time budget exhausted mid-round (the interleaved ground check did not decide the set inside the deadline)\pe-matching: instantiation time budget exhausted mid-round (the interleaved ground check did not decide the set inside the deadline)\pe-matching: instantiation time budget exhausted mid-round (the interleaved ground check did not decide the set inside the deadline)	\p\p\p\p\pbackend\p\pother\p\pother\pother\p\pother\pother\pother\pother\pother\pother\pother\pother\pother	server5	3,11	4.20
t1-UFLIA-db31113fa	main	UFLIA/simplify/tohtml.Java2Html.832.smt2	db31113fa	not-dispatched	unknown	0	none	q:mbqi-quick	9	fd:parse:probe\pq:ground-subset:declined\pq:bool-skeleton:declined\pq:eq-partition:declined\pq:unsat-universal:declined\pq:forall-exists-witness:declined\pq:finite-expansion:declined\pq:uf-fmf-probe:declined\pq:mbqi-quick:declined	25030	2\p21\p708\p414\p0\p0\p0\p0\p1459	yes	q:ground-subset=not-applicable\pq:bool-skeleton=not-applicable\pq:eq-partition=not-applicable\pq:unsat-universal=not-applicable\pq:forall-exists-witness=not-applicable\pq:finite-expansion=unsupported\pq:uf-fmf-probe=not-applicable\pq:mbqi-quick=budget	\p\p\p\p\pquantifier over non-enumerable domain Int\p\pe-matching: instantiation time budget exhausted mid-round (the interleaved ground check did not decide the set inside the deadline)	\p\p\p\p\pbackend\p\pother	server5	3,11	4.13
t1-UFLIA-db31113fa	main	UFLIA/simplify2/front_end_suite/javafe.ast.ImportDeclVec.015.smt2	db31113fa	not-dispatched	unknown	0	none	q:egraph	21	fd:parse:probe\pq:ground-subset:declined\pq:bool-skeleton:declined\pq:eq-partition:declined\pq:unsat-universal:declined\pq:forall-exists-witness:declined\pq:finite-expansion:declined\pq:uf-fmf-probe:declined\pq:mbqi-quick:declined\pq:egraph:declined\pq:timeout:declined\pq:timeout:declined\pfd:string-gate:declined\pfd:source-string-semantic-unsat:declined\pfd:word-route:declined\pfd:online-string:declined\pfd:membership:declined\pfd:lex-order:declined\pfd:length-lia:declined\pfd:source-string-sat-probe:declined\pfd:bounded-completeness-unsat:declined	24129	2\p53\p860\p301\p0\p0\p0\p1\p1604\p21221\p0\p0\p0\p0\p0\p0\p0\p0\p0\p0\p0	no	q:ground-subset=not-applicable\pq:bool-skeleton=not-applicable\pq:eq-partition=not-applicable\pq:unsat-universal=not-applicable\pq:forall-exists-witness=not-applicable\pq:finite-expansion=unsupported\pq:uf-fmf-probe=not-applicable\pq:mbqi-quick=budget\pq:egraph=budget\pq:timeout=budget\pq:timeout=budget\pfd:string-gate=budget\pfd:source-string-semantic-unsat=budget\pfd:word-route=budget\pfd:online-string=budget\pfd:membership=budget\pfd:lex-order=budget\pfd:length-lia=budget\pfd:source-string-sat-probe=budget\pfd:bounded-completeness-unsat=budget	\p\p\p\p\pquantifier over non-enumerable domain Int\p\pe-matching: instantiation time budget exhausted mid-round (the interleaved ground check did not decide the set inside the deadline)\pe-matching: instantiation time budget exhausted mid-round (the interleaved ground check did not decide the set inside the deadline)\pquantified solve time budget exhausted after e-matching\pquantified solve time budget exhausted after MBQI and the finite-model finder\pquantified solve time budget exhausted after MBQI and the finite-model finder\pquantified solve time budget exhausted after MBQI and the finite-model finder\pquantified solve time budget exhausted after MBQI and the finite-model finder\pquantified solve time budget exhausted after MBQI and the finite-model finder\pquantified solve time budget exhausted after MBQI and the finite-model finder\pquantified solve time budget exhausted after MBQI and the finite-model finder\pquantified solve time budget exhausted after MBQI and the finite-model finder\pquantified solve time budget exhausted after MBQI and the finite-model finder\pquantified solve time budget exhausted after MBQI and the finite-model finder	\p\p\p\p\pbackend\p\pother\pother\pother\pother\pother\pother\pother\pother\pother\pother\pother\pother\pother	server5	3,11	4.09
t1-UFLIA-db31113fa	main	UFLIA/simplify2/front_end_suite/javafe.ast.VariableAccess.001.smt2	db31113fa	not-dispatched	unknown	0	none	q:mbqi-quick	10	fd:parse:probe\pq:ground-subset:declined\pq:bool-skeleton:declined\pq:eq-partition:declined\pq:unsat-universal:declined\pq:forall-exists-witness:declined\pq:finite-expansion:declined\pq:uf-fmf-probe:declined\pq:mbqi-quick:declined\pq:egraph:declined	25027	6\p321\p569\p7163\p0\p0\p0\p18\p8688\p6896	yes	q:ground-subset=not-applicable\pq:bool-skeleton=not-applicable\pq:eq-partition=not-applicable\pq:unsat-universal=not-applicable\pq:forall-exists-witness=not-applicable\pq:finite-expansion=unsupported\pq:uf-fmf-probe=not-applicable\pq:mbqi-quick=incomplete\pq:egraph=incomplete	\p\p\p\p\pquantifier over non-enumerable domain Int\p\pquery has quantifiers instantiation does not reach (nested, existential, or non-top-level)\pe-matching instantiation admitted nothing further after 4 rounds with the ground set at the admission ceiling (a saturation, not a fixpoint: more rounds cannot help at THIS ceiling, and that is a different claim)	\p\p\p\p\pbackend\p\p\p	server5	3,11	4.06
t1-UFLIA-db31113fa	main	UFLIA/simplify2/front_end_suite/javafe.tc.EnvForLocals.007.smt2	db31113fa	not-dispatched	unknown	0	none	q:egraph	21	fd:parse:probe\pq:ground-subset:declined\pq:bool-skeleton:declined\pq:eq-partition:declined\pq:unsat-universal:declined\pq:forall-exists-witness:declined\pq:finite-expansion:declined\pq:uf-fmf-probe:declined\pq:mbqi-quick:declined\pq:egraph:declined\pq:timeout:declined\pq:timeout:declined\pfd:string-gate:declined\pfd:source-string-semantic-unsat:declined\pfd:word-route:declined\pfd:online-string:declined\pfd:membership:declined\pfd:lex-order:declined\pfd:length-lia:declined\pfd:source-string-sat-probe:declined\pfd:bounded-completeness-unsat:declined	24229	2\p352\p1612\p469\p0\p0\p0\p1\p1580\p20124\p0\p0\p0\p0\p0\p0\p0\p0\p0\p0\p0	no	q:ground-subset=not-applicable\pq:bool-skeleton=not-applicable\pq:eq-partition=not-applicable\pq:unsat-universal=not-applicable\pq:forall-exists-witness=not-applicable\pq:finite-expansion=unsupported\pq:uf-fmf-probe=not-applicable\pq:mbqi-quick=budget\pq:egraph=budget\pq:timeout=budget\pq:timeout=budget\pfd:string-gate=budget\pfd:source-string-semantic-unsat=budget\pfd:word-route=budget\pfd:online-string=budget\pfd:membership=budget\pfd:lex-order=budget\pfd:length-lia=budget\pfd:source-string-sat-probe=budget\pfd:bounded-completeness-unsat=budget	\p\p\p\p\pquantifier over non-enumerable domain Int\p\pe-matching: instantiation time budget exhausted mid-round (the interleaved ground check did not decide the set inside the deadline)\pe-matching: instantiation time budget exhausted mid-round (the interleaved ground check did not decide the set inside the deadline)\pquantified solve time budget exhausted after e-matching\pquantified solve time budget exhausted after MBQI and the finite-model finder\pquantified solve time budget exhausted after MBQI and the finite-model finder\pquantified solve time budget exhausted after MBQI and the finite-model finder\pquantified solve time budget exhausted after MBQI and the finite-model finder\pquantified solve time budget exhausted after MBQI and the finite-model finder\pquantified solve time budget exhausted after MBQI and the finite-model finder\pquantified solve time budget exhausted after MBQI and the finite-model finder\pquantified solve time budget exhausted after MBQI and the finite-model finder\pquantified solve time budget exhausted after MBQI and the finite-model finder\pquantified solve time budget exhausted after MBQI and the finite-model finder	\p\p\p\p\pbackend\p\pother\pother\pother\pother\pother\pother\pother\pother\pother\pother\pother\pother\pother	server5	3,11	4.04
t1-UFLIA-db31113fa	main	UFLIA/sledgehammer/Arrow_Order/smtlib.775208.smt2	db31113fa	not-dispatched	unknown	0	none	q:egraph	23	fd:parse:probe\pq:ground-subset:declined\pq:bool-skeleton:declined\pq:valid-universal-qf:declined\pq:eq-partition:declined\pq:unsat-universal:declined\pq:forall-exists-witness:declined\pq:finite-expansion:declined\pq:uf-fmf-probe:declined\pq:mbqi-quick:declined\pq:egraph:declined\pq:uf-fmf-full:declined\pq:mbqi:declined\pq:nat-induction:declined\pfd:string-gate:declined\pfd:source-string-semantic-unsat:declined\pfd:word-route:declined\pfd:online-string:declined\pfd:membership:declined\pfd:lex-order:declined\pfd:length-lia:declined\pfd:source-string-sat-probe:declined\pfd:bounded-completeness-unsat:declined	18620	6\p0\p0\p108\p0\p0\p0\p0\p0\p1565\p11084\p49\p5686\p0\p0\p0\p0\p0\p0\p0\p0\p0\p0	no	q:ground-subset=not-applicable\pq:bool-skeleton=not-applicable\pq:valid-universal-qf=unsupported\pq:eq-partition=not-applicable\pq:unsat-universal=not-applicable\pq:forall-exists-witness=not-applicable\pq:finite-expansion=unsupported\pq:uf-fmf-probe=not-applicable\pq:mbqi-quick=budget\pq:egraph=incomplete\pq:uf-fmf-full=budget\pq:mbqi=budget\pq:nat-induction=not-applicable\pfd:string-gate=budget\pfd:source-string-semantic-unsat=budget\pfd:word-route=budget\pfd:online-string=budget\pfd:membership=budget\pfd:lex-order=budget\pfd:length-lia=budget\pfd:source-string-sat-probe=budget\pfd:bounded-completeness-unsat=budget	\p\pterm #7252 has sort (Uninterpreted 0) that the pure-Rust BV backend cannot bit-blast\p\p\p\pquantifier over non-enumerable domain (Uninterpreted 1)\p\pe-matching: instantiation time budget exhausted mid-round (the interleaved ground check did not decide the set inside the deadline)\pe-matching instantiation admitted nothing further after 24 rounds with the ground set at the admission ceiling (a saturation, not a fixpoint: more rounds cannot help at THIS ceiling, and that is a different claim)\pe-matching: instantiation time budget exhausted mid-round (the interleaved ground check did not decide the set inside the deadline)\pe-matching: instantiation time budget exhausted mid-round (the interleaved ground check did not decide the set inside the deadline)\p\pe-matching: instantiation time budget exhausted mid-round (the interleaved ground check did not decide the set inside the deadline)\pe-matching: instantiation time budget exhausted mid-round (the interleaved ground check did not decide the set inside the deadline)\pe-matching: instantiation time budget exhausted mid-round (the interleaved ground check did not decide the set inside the deadline)\pe-matching: instantiation time budget exhausted mid-round (the interleaved ground check did not decide the set inside the deadline)\pe-matching: instantiation time budget exhausted mid-round (the interleaved ground check did not decide the set inside the deadline)\pe-matching: instantiation time budget exhausted mid-round (the interleaved ground check did not decide the set inside the deadline)\pe-matching: instantiation time budget exhausted mid-round (the interleaved ground check did not decide the set inside the deadline)\pe-matching: instantiation time budget exhausted mid-round (the interleaved ground check did not decide the set inside the deadline)\pe-matching: instantiation time budget exhausted mid-round (the interleaved ground check did not decide the set inside the deadline)	\p\pbackend\p\p\p\pbackend\p\pother\p\pother\pother\p\pother\pother\pother\pother\pother\pother\pother\pother\pother	server5	3,11	4.02
t1-UFLIA-db31113fa	main	UFLIA/sledgehammer/Fundamental_Theorem_Algebra/smtlib.1331541.smt2	db31113fa	not-dispatched	unknown	0	none	q:mbqi-quick	23	fd:parse:probe\pq:ground-subset:declined\pq:bool-skeleton:declined\pq:valid-universal-qf:declined\pq:eq-partition:declined\pq:unsat-universal:declined\pq:forall-exists-witness:declined\pq:finite-expansion:declined\pq:uf-fmf-probe:declined\pq:mbqi-quick:declined\pq:egraph:declined\pq:uf-fmf-full:declined\pq:mbqi:declined\pq:nat-induction:declined\pfd:string-gate:declined\pfd:source-string-semantic-unsat:declined\pfd:word-route:declined\pfd:online-string:declined\pfd:membership:declined\pfd:lex-order:declined\pfd:length-lia:declined\pfd:source-string-sat-probe:declined\pfd:bounded-completeness-unsat:declined	2308	4\p7\p6\p244\p0\p0\p0\p0\p0\p1497\p124\p1\p311\p0\p0\p0\p0\p0\p0\p0\p0\p0\p0	no	q:ground-subset=not-applicable\pq:bool-skeleton=not-applicable\pq:valid-universal-qf=unsupported\pq:eq-partition=not-applicable\pq:unsat-universal=not-applicable\pq:forall-exists-witness=not-applicable\pq:finite-expansion=unsupported\pq:uf-fmf-probe=not-applicable\pq:mbqi-quick=incomplete\pq:egraph=unsupported\pq:uf-fmf-full=incomplete\pq:mbqi=incomplete\pq:nat-induction=not-applicable\pfd:string-gate=incomplete\pfd:source-string-semantic-unsat=incomplete\pfd:word-route=incomplete\pfd:online-string=incomplete\pfd:membership=incomplete\pfd:lex-order=incomplete\pfd:length-lia=incomplete\pfd:source-string-sat-probe=incomplete\pfd:bounded-completeness-unsat=incomplete	\p\pterm #1401 has sort (Uninterpreted 71) that the pure-Rust BV backend cannot bit-blast\p\p\p\pquantifier over non-enumerable domain (Uninterpreted 1)\p\pe-matching instantiation stopped after 7 rounds: the remaining budget could not fit another round with growth headroom\pterm #6121 has sort (Uninterpreted 6) that the pure-Rust BV backend cannot bit-blast\pmbqi declined an unsupported fragment: term #6121 has sort (Uninterpreted 6) that the pure-Rust BV backend cannot bit-blast\pmbqi declined an unsupported fragment: term #6121 has sort (Uninterpreted 6) that the pure-Rust BV backend cannot bit-blast\p\pmbqi declined an unsupported fragment: term #6121 has sort (Uninterpreted 6) that the pure-Rust BV backend cannot bit-blast\pmbqi declined an unsupported fragment: term #6121 has sort (Uninterpreted 6) that the pure-Rust BV backend cannot bit-blast\pmbqi declined an unsupported fragment: term #6121 has sort (Uninterpreted 6) that the pure-Rust BV backend cannot bit-blast\pmbqi declined an unsupported fragment: term #6121 has sort (Uninterpreted 6) that the pure-Rust BV backend cannot bit-blast\pmbqi declined an unsupported fragment: term #6121 has sort (Uninterpreted 6) that the pure-Rust BV backend cannot bit-blast\pmbqi declined an unsupported fragment: term #6121 has sort (Uninterpreted 6) that the pure-Rust BV backend cannot bit-blast\pmbqi declined an unsupported fragment: term #6121 has sort (Uninterpreted 6) that the pure-Rust BV backend cannot bit-blast\pmbqi declined an unsupported fragment: term #6121 has sort (Uninterpreted 6) that the pure-Rust BV backend cannot bit-blast\pmbqi declined an unsupported fragment: term #6121 has sort (Uninterpreted 6) that the pure-Rust BV backend cannot bit-blast	\p\pbackend\p\p\p\pbackend\p\p\pbackend\p\p\p\p\p\p\p\p\p\p\p\p	server5	3,11	4.02
t1-UFLIA-db31113fa	main	UFLIA/sledgehammer/Fundamental_Theorem_Algebra/smtlib.972059.smt2	db31113fa	not-dispatched	unknown	0	none	q:egraph	23	fd:parse:probe\pq:ground-subset:declined\pq:bool-skeleton:declined\pq:valid-universal-qf:declined\pq:eq-partition:declined\pq:unsat-universal:declined\pq:forall-exists-witness:declined\pq:finite-expansion:declined\pq:uf-fmf-probe:declined\pq:mbqi-quick:declined\pq:egraph:declined\pq:uf-fmf-full:declined\pq:mbqi:declined\pq:nat-induction:declined\pfd:string-gate:declined\pfd:source-string-semantic-unsat:declined\pfd:word-route:declined\pfd:online-string:declined\pfd:membership:declined\pfd:lex-order:declined\pfd:length-lia:declined\pfd:source-string-sat-probe:declined\pfd:bounded-completeness-unsat:declined	17423	5\p141\p30\p194\p0\p0\p0\p0\p0\p1753\p7614\p84\p7461\p0\p0\p0\p0\p0\p0\p0\p0\p0\p0	no	q:ground-subset=not-applicable\pq:bool-skeleton=not-applicable\pq:valid-universal-qf=unsupported\pq:eq-partition=not-applicable\pq:unsat-universal=not-applicable\pq:forall-exists-witness=not-applicable\pq:finite-expansion=unsupported\pq:uf-fmf-probe=not-applicable\pq:mbqi-quick=budget\pq:egraph=incomplete\pq:uf-fmf-full=budget\pq:mbqi=budget\pq:nat-induction=not-applicable\pfd:string-gate=budget\pfd:source-string-semantic-unsat=budget\pfd:word-route=budget\pfd:online-string=budget\pfd:membership=budget\pfd:lex-order=budget\pfd:length-lia=budget\pfd:source-string-sat-probe=budget\pfd:bounded-completeness-unsat=budget	\p\pterm #5 has sort (Uninterpreted 5) that the pure-Rust BV backend cannot bit-blast\p\p\p\pquantifier over non-enumerable domain (Uninterpreted 1)\p\pe-matching: instantiation time budget exhausted mid-round (the interleaved ground check did not decide the set inside the deadline)\pe-matching instantiation admitted nothing further after 5 rounds with the ground set at the admission ceiling (a saturation, not a fixpoint: more rounds cannot help at THIS ceiling, and that is a different claim)\pe-matching: instantiation time budget exhausted mid-round (the interleaved ground check did not decide the set inside the deadline)\pe-matching: instantiation time budget exhausted mid-round (the interleaved ground check did not decide the set inside the deadline)\p\pe-matching: instantiation time budget exhausted mid-round (the interleaved ground check did not decide the set inside the deadline)\pe-matching: instantiation time budget exhausted mid-round (the interleaved ground check did not decide the set inside the deadline)\pe-matching: instantiation time budget exhausted mid-round (the interleaved ground check did not decide the set inside the deadline)\pe-matching: instantiation time budget exhausted mid-round (the interleaved ground check did not decide the set inside the deadline)\pe-matching: instantiation time budget exhausted mid-round (the interleaved ground check did not decide the set inside the deadline)\pe-matching: instantiation time budget exhausted mid-round (the interleaved ground check did not decide the set inside the deadline)\pe-matching: instantiation time budget exhausted mid-round (the interleaved ground check did not decide the set inside the deadline)\pe-matching: instantiation time budget exhausted mid-round (the interleaved ground check did not decide the set inside the deadline)\pe-matching: instantiation time budget exhausted mid-round (the interleaved ground check did not decide the set inside the deadline)	\p\pbackend\p\p\p\pbackend\p\pother\p\pother\pother\p\pother\pother\pother\pother\pother\pother\pother\pother\pother	server5	3,11	4.02
t1-UFLIA-db31113fa	main	UFLIA/sledgehammer/QEpres/smtlib.1005883.smt2	db31113fa	not-dispatched	unknown	0	none	q:mbqi	23	fd:parse:probe\pq:ground-subset:declined\pq:bool-skeleton:declined\pq:valid-universal-qf:declined\pq:eq-partition:declined\pq:unsat-universal:declined\pq:forall-exists-witness:declined\pq:finite-expansion:declined\pq:uf-fmf-probe:declined\pq:mbqi-quick:declined\pq:egraph:declined\pq:uf-fmf-full:declined\pq:mbqi:declined\pq:nat-induction:declined\pfd:string-gate:declined\pfd:source-string-semantic-unsat:declined\pfd:word-route:declined\pfd:online-string:declined\pfd:membership:declined\pfd:lex-order:declined\pfd:length-lia:declined\pfd:source-string-sat-probe:declined\pfd:bounded-completeness-unsat:declined	12719	9\p11\p20\p84\p0\p0\p0\p0\p0\p1544\p2645\p19\p8251\p0\p0\p0\p0\p0\p0\p0\p0\p0\p0	no	q:ground-subset=not-applicable\pq:bool-skeleton=not-applicable\pq:valid-universal-qf=unsupported\pq:eq-partition=not-applicable\pq:unsat-universal=not-applicable\pq:forall-exists-witness=not-applicable\pq:finite-expansion=unsupported\pq:uf-fmf-probe=not-applicable\pq:mbqi-quick=budget\pq:egraph=incomplete\pq:uf-fmf-full=incomplete\pq:mbqi=incomplete\pq:nat-induction=not-applicable\pfd:string-gate=incomplete\pfd:source-string-semantic-unsat=incomplete\pfd:word-route=incomplete\pfd:online-string=incomplete\pfd:membership=incomplete\pfd:lex-order=incomplete\pfd:length-lia=incomplete\pfd:source-string-sat-probe=incomplete\pfd:bounded-completeness-unsat=incomplete	\p\pterm #411 has sort (Uninterpreted 68) that the pure-Rust BV backend cannot bit-blast\p\p\p\pquantifier over non-enumerable domain (Uninterpreted 1)\p\pe-matching: instantiation time budget exhausted mid-round (the interleaved ground check did not decide the set inside the deadline)\pe-matching instantiation reached fixpoint without refuting after 5 rounds (no further instance to admit; more rounds cannot help)\pe-matching instantiation admitted nothing further after 6 rounds with the ground set at the admission ceiling (a saturation, not a fixpoint: more rounds cannot help at THIS ceiling, and that is a different claim)\pe-matching instantiation admitted nothing further after 6 rounds with the ground set at the admission ceiling (a saturation, not a fixpoint: more rounds cannot help at THIS ceiling, and that is a different claim)\p\pe-matching instantiation admitted nothing further after 6 rounds with the ground set at the admission ceiling (a saturation, not a fixpoint: more rounds cannot help at THIS ceiling, and that is a different claim)\pe-matching instantiation admitted nothing further after 6 rounds with the ground set at the admission ceiling (a saturation, not a fixpoint: more rounds cannot help at THIS ceiling, and that is a different claim)\pe-matching instantiation admitted nothing further after 6 rounds with the ground set at the admission ceiling (a saturation, not a fixpoint: more rounds cannot help at THIS ceiling, and that is a different claim)\pe-matching instantiation admitted nothing further after 6 rounds with the ground set at the admission ceiling (a saturation, not a fixpoint: more rounds cannot help at THIS ceiling, and that is a different claim)\pe-matching instantiation admitted nothing further after 6 rounds with the ground set at the admission ceiling (a saturation, not a fixpoint: more rounds cannot help at THIS ceiling, and that is a different claim)\pe-matching instantiation admitted nothing further after 6 rounds with the ground set at the admission ceiling (a saturation, not a fixpoint: more rounds cannot help at THIS ceiling, and that is a different claim)\pe-matching instantiation admitted nothing further after 6 rounds with the ground set at the admission ceiling (a saturation, not a fixpoint: more rounds cannot help at THIS ceiling, and that is a different claim)\pe-matching instantiation admitted nothing further after 6 rounds with the ground set at the admission ceiling (a saturation, not a fixpoint: more rounds cannot help at THIS ceiling, and that is a different claim)\pe-matching instantiation admitted nothing further after 6 rounds with the ground set at the admission ceiling (a saturation, not a fixpoint: more rounds cannot help at THIS ceiling, and that is a different claim)	\p\pbackend\p\p\p\pbackend\p\pother\p\p\p\p\p\p\p\p\p\p\p\p\p	server5	3,11	4.01
t1-UFLIA-db31113fa	main	UFLIA/sledgehammer/QEpres/smtlib.990093.smt2	db31113fa	not-dispatched	unknown	0	none	q:mbqi	23	fd:parse:probe\pq:ground-subset:declined\pq:bool-skeleton:declined\pq:valid-universal-qf:declined\pq:eq-partition:declined\pq:unsat-universal:declined\pq:forall-exists-witness:declined\pq:finite-expansion:declined\pq:uf-fmf-probe:declined\pq:mbqi-quick:declined\pq:egraph:declined\pq:uf-fmf-full:declined\pq:mbqi:declined\pq:nat-induction:declined\pfd:string-gate:declined\pfd:source-string-semantic-unsat:declined\pfd:word-route:declined\pfd:online-string:declined\pfd:membership:declined\pfd:lex-order:declined\pfd:length-lia:declined\pfd:source-string-sat-probe:declined\pfd:bounded-completeness-unsat:declined	14520	1\p0\p0\p15\p0\p0\p0\p0\p0\p1529\p3360\p6\p9557\p0\p0\p0\p0\p0\p0\p0\p0\p0\p0	no	q:ground-subset=not-applicable\pq:bool-skeleton=not-applicable\pq:valid-universal-qf=unsupported\pq:eq-partition=not-applicable\pq:unsat-universal=not-applicable\pq:forall-exists-witness=not-applicable\pq:finite-expansion=unsupported\pq:uf-fmf-probe=not-applicable\pq:mbqi-quick=incomplete\pq:egraph=incomplete\pq:uf-fmf-full=incomplete\pq:mbqi=incomplete\pq:nat-induction=not-applicable\pfd:string-gate=incomplete\pfd:source-string-semantic-unsat=incomplete\pfd:word-route=incomplete\pfd:online-string=incomplete\pfd:membership=incomplete\pfd:lex-order=incomplete\pfd:length-lia=incomplete\pfd:source-string-sat-probe=incomplete\pfd:bounded-completeness-unsat=incomplete	\p\pterm #1987 has sort (Uninterpreted 1) that the pure-Rust BV backend cannot bit-blast\p\p\p\pquantifier over non-enumerable domain (Uninterpreted 1)\p\pe-matching instantiation stopped after 8 rounds: the remaining budget could not fit another round with growth headroom\pe-matching instantiation reached fixpoint without refuting after 10 rounds (no further instance to admit; more rounds cannot help)\pe-matching instantiation admitted nothing further after 7 rounds with the ground set at the admission ceiling (a saturation, not a fixpoint: more rounds cannot help at THIS ceiling, and that is a different claim)\pe-matching instantiation admitted nothing further after 7 rounds with the ground set at the admission ceiling (a saturation, not a fixpoint: more rounds cannot help at THIS ceiling, and that is a different claim)\p\pe-matching instantiation admitted nothing further after 7 rounds with the ground set at the admission ceiling (a saturation, not a fixpoint: more rounds cannot help at THIS ceiling, and that is a different claim)\pe-matching instantiation admitted nothing further after 7 rounds with the ground set at the admission ceiling (a saturation, not a fixpoint: more rounds cannot help at THIS ceiling, and that is a different claim)\pe-matching instantiation admitted nothing further after 7 rounds with the ground set at the admission ceiling (a saturation, not a fixpoint: more rounds cannot help at THIS ceiling, and that is a different claim)\pe-matching instantiation admitted nothing further after 7 rounds with the ground set at the admission ceiling (a saturation, not a fixpoint: more rounds cannot help at THIS ceiling, and that is a different claim)\pe-matching instantiation admitted nothing further after 7 rounds with the ground set at the admission ceiling (a saturation, not a fixpoint: more rounds cannot help at THIS ceiling, and that is a different claim)\pe-matching instantiation admitted nothing further after 7 rounds with the ground set at the admission ceiling (a saturation, not a fixpoint: more rounds cannot help at THIS ceiling, and that is a different claim)\pe-matching instantiation admitted nothing further after 7 rounds with the ground set at the admission ceiling (a saturation, not a fixpoint: more rounds cannot help at THIS ceiling, and that is a different claim)\pe-matching instantiation admitted nothing further after 7 rounds with the ground set at the admission ceiling (a saturation, not a fixpoint: more rounds cannot help at THIS ceiling, and that is a different claim)\pe-matching instantiation admitted nothing further after 7 rounds with the ground set at the admission ceiling (a saturation, not a fixpoint: more rounds cannot help at THIS ceiling, and that is a different claim)	\p\pbackend\p\p\p\pbackend\p\p\p\p\p\p\p\p\p\p\p\p\p\p\p	server5	3,11	4.09
t1-UFLIA-db31113fa	main	UFLIA/sledgehammer/TwoSquares/smtlib.851746.smt2	db31113fa	not-dispatched	unsat	0	q:bool-skeleton	q:bool-skeleton	3	fd:parse:probe\pq:ground-subset:declined\pq:bool-skeleton:decided	107	0\p0\p0	no	q:ground-subset=not-applicable			server5	3,11	4.07
t1-UFLIA-db31113fa	main	UFLIA/tokeneer/auditlog/truncatelog-1.smt2	db31113fa	not-dispatched	unsat	0	q:mbqi-quick	q:mbqi-quick	9	fd:parse:probe\pq:ground-subset:declined\pq:bool-skeleton:declined\pq:eq-partition:declined\pq:unsat-universal:declined\pq:forall-exists-witness:declined\pq:finite-expansion:declined\pq:uf-fmf-probe:declined\pq:mbqi-quick:decided	4512	0\p1202\p1202\p27\p0\p0\p0\p0\p2036	no	q:ground-subset=not-applicable\pq:bool-skeleton=not-applicable\pq:eq-partition=not-applicable\pq:unsat-universal=not-applicable\pq:forall-exists-witness=not-applicable\pq:finite-expansion=unsupported\pq:uf-fmf-probe=not-applicable	\p\p\p\p\pquantifier over non-enumerable domain Int\p	\p\p\p\p\pbackend\p	server5	3,11	4.07
t1-UFLIA-db31113fa	main	UFLIA/tokeneer/enrolment/validate-11.smt2	db31113fa	not-dispatched	unsat	0	q:bool-skeleton	q:bool-skeleton	3	fd:parse:probe\pq:ground-subset:declined\pq:bool-skeleton:decided	107	0\p0\p0	no	q:ground-subset=not-applicable			server5	3,11	4.06
t1-UFLIA-db31113fa	main	UFLIA/tokeneer/tokenreader/getcertificate-11.smt2	db31113fa	not-dispatched	unsat	0	q:mbqi-quick	q:bool-skeleton	9	fd:parse:probe\pq:ground-subset:declined\pq:bool-skeleton:declined\pq:eq-partition:declined\pq:unsat-universal:declined\pq:forall-exists-witness:declined\pq:finite-expansion:declined\pq:uf-fmf-probe:declined\pq:mbqi-quick:decided	3309	0\p1206\p1206\p55\p0\p0\p7\p3\p721	no	q:ground-subset=not-applicable\pq:bool-skeleton=not-applicable\pq:eq-partition=not-applicable\pq:unsat-universal=not-applicable\pq:forall-exists-witness=not-applicable\pq:finite-expansion=unsupported\pq:uf-fmf-probe=not-applicable	\p\p\p\p\pquantifier over non-enumerable domain Int\p	\p\p\p\p\pbackend\p	server5	3,11	4.06
t1-UFLIA-db31113fa	main	UFLIA/boogie/AdvancedTypes_InternalSubClass..ctor-orderStrength_1.smt2	db31113fa	not-dispatched	unknown	0	none	q:eq-partition	21	fd:parse:probe\pq:ground-subset:declined\pq:bool-skeleton:declined\pq:eq-partition:declined\pq:unsat-universal:declined\pq:forall-exists-witness:declined\pq:finite-expansion:declined\pq:uf-fmf-probe:declined\pq:mbqi-quick:declined\pq:egraph:declined\pq:timeout:declined\pq:timeout:declined\pfd:string-gate:declined\pfd:source-string-semantic-unsat:declined\pfd:word-route:declined\pfd:online-string:declined\pfd:membership:declined\pfd:lex-order:declined\pfd:length-lia:declined\pfd:source-string-sat-probe:declined\pfd:bounded-completeness-unsat:declined	24125	3\p913\p2674\p15327\p0\p0\p1\p7\p658\p4469\p0\p0\p0\p0\p0\p0\p0\p0\p0\p0\p0	no	q:ground-subset=not-applicable\pq:bool-skeleton=not-applicable\pq:eq-partition=not-applicable\pq:unsat-universal=not-applicable\pq:forall-exists-witness=not-applicable\pq:finite-expansion=unsupported\pq:uf-fmf-probe=not-applicable\pq:mbqi-quick=incomplete\pq:egraph=budget\pq:timeout=budget\pq:timeout=budget\pfd:string-gate=budget\pfd:source-string-semantic-unsat=budget\pfd:word-route=budget\pfd:online-string=budget\pfd:membership=budget\pfd:lex-order=budget\pfd:length-lia=budget\pfd:source-string-sat-probe=budget\pfd:bounded-completeness-unsat=budget	\p\p\p\p\pquantifier over non-enumerable domain Int\p\pquery has quantifiers instantiation does not reach (nested, existential, or non-top-level)\pe-matching: instantiation time budget exhausted mid-round (the interleaved ground check did not decide the set inside the deadline)\pquantified solve time budget exhausted after e-matching\pquantified solve time budget exhausted after MBQI and the finite-model finder\pquantified solve time budget exhausted after MBQI and the finite-model finder\pquantified solve time budget exhausted after MBQI and the finite-model finder\pquantified solve time budget exhausted after MBQI and the finite-model finder\pquantified solve time budget exhausted after MBQI and the finite-model finder\pquantified solve time budget exhausted after MBQI and the finite-model finder\pquantified solve time budget exhausted after MBQI and the finite-model finder\pquantified solve time budget exhausted after MBQI and the finite-model finder\pquantified solve time budget exhausted after MBQI and the finite-model finder\pquantified solve time budget exhausted after MBQI and the finite-model finder	\p\p\p\p\pbackend\p\p\pother\pother\pother\pother\pother\pother\pother\pother\pother\pother\pother\pother	server5	5,13	4.01
t1-UFLIA-db31113fa	main	UFLIA/boogie/LocalExpose_T.V1.smt2	db31113fa	not-dispatched	unknown	0	none	q:eq-partition	21	fd:parse:probe\pq:ground-subset:declined\pq:bool-skeleton:declined\pq:eq-partition:declined\pq:unsat-universal:declined\pq:forall-exists-witness:declined\pq:finite-expansion:declined\pq:uf-fmf-probe:declined\pq:mbqi-quick:declined\pq:egraph:declined\pq:timeout:declined\pq:timeout:declined\pfd:string-gate:declined\pfd:source-string-semantic-unsat:declined\pfd:word-route:declined\pfd:online-string:declined\pfd:membership:declined\pfd:lex-order:declined\pfd:length-lia:declined\pfd:source-string-sat-probe:declined\pfd:bounded-completeness-unsat:declined	24129	4\p1598\p2800\p14717\p0\p0\p1\p7\p1251\p3651\p0\p0\p0\p0\p0\p0\p0\p0\p0\p0\p0	no	q:ground-subset=not-applicable\pq:bool-skeleton=not-applicable\pq:eq-partition=not-applicable\pq:unsat-universal=not-applicable\pq:forall-exists-witness=not-applicable\pq:finite-expansion=unsupported\pq:uf-fmf-probe=not-applicable\pq:mbqi-quick=incomplete\pq:egraph=budget\pq:timeout=budget\pq:timeout=budget\pfd:string-gate=budget\pfd:source-string-semantic-unsat=budget\pfd:word-route=budget\pfd:online-string=budget\pfd:membership=budget\pfd:lex-order=budget\pfd:length-lia=budget\pfd:source-string-sat-probe=budget\pfd:bounded-completeness-unsat=budget	\p\p\p\p\pquantifier over non-enumerable domain Int\p\pquery has quantifiers instantiation does not reach (nested, existential, or non-top-level)\pe-matching: instantiation time budget exhausted mid-round (the interleaved ground check did not decide the set inside the deadline)\pquantified solve time budget exhausted after e-matching\pquantified solve time budget exhausted after MBQI and the finite-model finder\pquantified solve time budget exhausted after MBQI and the finite-model finder\pquantified solve time budget exhausted after MBQI and the finite-model finder\pquantified solve time budget exhausted after MBQI and the finite-model finder\pquantified solve time budget exhausted after MBQI and the finite-model finder\pquantified solve time budget exhausted after MBQI and the finite-model finder\pquantified solve time budget exhausted after MBQI and the finite-model finder\pquantified solve time budget exhausted after MBQI and the finite-model finder\pquantified solve time budget exhausted after MBQI and the finite-model finder\pquantified solve time budget exhausted after MBQI and the finite-model finder	\p\p\p\p\pbackend\p\p\pother\pother\pother\pother\pother\pother\pother\pother\pother\pother\pother\pother	server5	5,13	4.09
t1-UFLIA-db31113fa	main	UFLIA/grasshopper/instantiated/insertion_sort_postcondition_of_insertion_sort_63_1.smt2	db31113fa	not-dispatched	unknown	0	none	q:egraph	22	fd:parse:probe\pq:ground-subset:declined\pq:bool-skeleton:declined\pq:valid-universal-qf:declined\pq:eq-partition:declined\pq:unsat-universal:declined\pq:forall-exists-witness:declined\pq:finite-expansion:declined\pq:uf-fmf-probe:declined\pq:mbqi-quick:declined\pq:egraph:declined\pq:timeout:declined\pq:timeout:declined\pfd:string-gate:declined\pfd:source-string-semantic-unsat:declined\pfd:word-route:declined\pfd:online-string:declined\pfd:membership:declined\pfd:lex-order:declined\pfd:length-lia:declined\pfd:source-string-sat-probe:declined\pfd:bounded-completeness-unsat:declined	24630	1\p12\p11\p5\p0\p0\p0\p0\p0\p1543\p22861\p0\p0\p0\p0\p0\p0\p0\p0\p0\p0\p0	no	q:ground-subset=not-applicable\pq:bool-skeleton=not-applicable\pq:valid-universal-qf=unsupported\pq:eq-partition=not-applicable\pq:unsat-universal=not-applicable\pq:forall-exists-witness=not-applicable\pq:finite-expansion=unsupported\pq:uf-fmf-probe=not-applicable\pq:mbqi-quick=budget\pq:egraph=budget\pq:timeout=budget\pq:timeout=budget\pfd:string-gate=budget\pfd:source-string-semantic-unsat=budget\pfd:word-route=budget\pfd:online-string=budget\pfd:membership=budget\pfd:lex-order=budget\pfd:length-lia=budget\pfd:source-string-sat-probe=budget\pfd:bounded-completeness-unsat=budget	\p\pterm #44 has sort (Uninterpreted 5) that the pure-Rust BV backend cannot bit-blast\p\p\p\pquantifier over non-enumerable domain (Uninterpreted 0)\p\pe-matching: instantiation time budget exhausted mid-round (the interleaved ground check did not decide the set inside the deadline)\pe-matching: instantiation time budget exhausted mid-round (the interleaved ground check did not decide the set inside the deadline)\pquantified solve time budget exhausted after e-matching\pquantified solve time budget exhausted after MBQI and the finite-model finder\pquantified solve time budget exhausted after MBQI and the finite-model finder\pquantified solve time budget exhausted after MBQI and the finite-model finder\pquantified solve time budget exhausted after MBQI and the finite-model finder\pquantified solve time budget exhausted after MBQI and the finite-model finder\pquantified solve time budget exhausted after MBQI and the finite-model finder\pquantified solve time budget exhausted after MBQI and the finite-model finder\pquantified solve time budget exhausted after MBQI and the finite-model finder\pquantified solve time budget exhausted after MBQI and the finite-model finder\pquantified solve time budget exhausted after MBQI and the finite-model finder	\p\pbackend\p\p\p\pbackend\p\pother\pother\pother\pother\pother\pother\pother\pother\pother\pother\pother\pother\pother	server5	5,13	4.06
t1-UFLIA-db31113fa	main	UFLIA/simplify/javafe.ast.NewInstanceExpr.271.smt2	db31113fa	not-dispatched	unknown	0	none	q:egraph	22	fd:parse:probe\pq:ground-subset:declined\pq:bool-skeleton:declined\pq:eq-partition:declined\pq:unsat-universal:declined\pq:forall-exists-witness:declined\pq:finite-expansion:declined\pq:uf-fmf-probe:declined\pq:mbqi-quick:declined\pq:egraph:declined\pq:uf-fmf-full:declined\pq:mbqi:declined\pq:timeout:declined\pfd:string-gate:declined\pfd:source-string-semantic-unsat:declined\pfd:word-route:declined\pfd:online-string:declined\pfd:membership:declined\pfd:lex-order:declined\pfd:length-lia:declined\pfd:source-string-sat-probe:declined\pfd:bounded-completeness-unsat:declined	24330	3\p132\p3802\p1776\p0\p0\p0\p4\p1334\p15703\p0\p1434\p0\p0\p0\p0\p0\p0\p0\p0\p0\p0	no	q:ground-subset=not-applicable\pq:bool-skeleton=not-applicable\pq:eq-partition=not-applicable\pq:unsat-universal=not-applicable\pq:forall-exists-witness=not-applicable\pq:finite-expansion=unsupported\pq:uf-fmf-probe=not-applicable\pq:mbqi-quick=budget\pq:egraph=incomplete\pq:uf-fmf-full=budget\pq:mbqi=budget\pq:timeout=budget\pfd:string-gate=budget\pfd:source-string-semantic-unsat=budget\pfd:word-route=budget\pfd:online-string=budget\pfd:membership=budget\pfd:lex-order=budget\pfd:length-lia=budget\pfd:source-string-sat-probe=budget\pfd:bounded-completeness-unsat=budget	\p\p\p\p\pquantifier over non-enumerable domain Int\p\pe-matching: instantiation time budget exhausted mid-round (the interleaved ground check did not decide the set inside the deadline)\pe-matching instantiation reached fixpoint without refuting after 6 rounds (no further instance to admit; more rounds cannot help)\pe-matching: instantiation time budget exhausted mid-round (the interleaved ground check did not decide the set inside the deadline)\pe-matching: instantiation time budget exhausted mid-round (the interleaved ground check did not decide the set inside the deadline)\pquantified solve time budget exhausted after MBQI and the finite-model finder\pquantified solve time budget exhausted after MBQI and the finite-model finder\pquantified solve time budget exhausted after MBQI and the finite-model finder\pquantified solve time budget exhausted after MBQI and the finite-model finder\pquantified solve time budget exhausted after MBQI and the finite-model finder\pquantified solve time budget exhausted after MBQI and the finite-model finder\pquantified solve time budget exhausted after MBQI and the finite-model finder\pquantified solve time budget exhausted after MBQI and the finite-model finder\pquantified solve time budget exhausted after MBQI and the finite-model finder\pquantified solve time budget exhausted after MBQI and the finite-model finder	\p\p\p\p\pbackend\p\pother\p\pother\pother\pother\pother\pother\pother\pother\pother\pother\pother\pother\pother	server5	5,13	4.12
t1-UFLIA-db31113fa	main	UFLIA/simplify2/front_end_suite/javafe.PrintSpec.012.smt2	db31113fa	not-dispatched	unknown	0	none	q:egraph	21	fd:parse:probe\pq:ground-subset:declined\pq:bool-skeleton:declined\pq:eq-partition:declined\pq:unsat-universal:declined\pq:forall-exists-witness:declined\pq:finite-expansion:declined\pq:uf-fmf-probe:declined\pq:mbqi-quick:declined\pq:egraph:declined\pq:timeout:declined\pq:timeout:declined\pfd:string-gate:declined\pfd:source-string-semantic-unsat:declined\pfd:word-route:declined\pfd:online-string:declined\pfd:membership:declined\pfd:lex-order:declined\pfd:length-lia:declined\pfd:source-string-sat-probe:declined\pfd:bounded-completeness-unsat:declined	24329	3\p486\p2898\p2624\p0\p0\p0\p5\p1681\p16569\p0\p0\p0\p0\p0\p0\p0\p0\p0\p0\p0	no	q:ground-subset=not-applicable\pq:bool-skeleton=not-applicable\pq:eq-partition=not-applicable\pq:unsat-universal=not-applicable\pq:forall-exists-witness=not-applicable\pq:finite-expansion=unsupported\pq:uf-fmf-probe=not-applicable\pq:mbqi-quick=budget\pq:egraph=budget\pq:timeout=budget\pq:timeout=budget\pfd:string-gate=budget\pfd:source-string-semantic-unsat=budget\pfd:word-route=budget\pfd:online-string=budget\pfd:membership=budget\pfd:lex-order=budget\pfd:length-lia=budget\pfd:source-string-sat-probe=budget\pfd:bounded-completeness-unsat=budget	\p\p\p\p\pquantifier over non-enumerable domain Int\p\pe-matching: instantiation time budget exhausted mid-round (the interleaved ground check did not decide the set inside the deadline)\pe-matching: instantiation time budget exhausted mid-round (the interleaved ground check did not decide the set inside the deadline)\pquantified solve time budget exhausted after e-matching\pquantified solve time budget exhausted after MBQI and the finite-model finder\pquantified solve time budget exhausted after MBQI and the finite-model finder\pquantified solve time budget exhausted after MBQI and the finite-model finder\pquantified solve time budget exhausted after MBQI and the finite-model finder\pquantified solve time budget exhausted after MBQI and the finite-model finder\pquantified solve time budget exhausted after MBQI and the finite-model finder\pquantified solve time budget exhausted after MBQI and the finite-model finder\pquantified solve time budget exhausted after MBQI and the finite-model finder\pquantified solve time budget exhausted after MBQI and the finite-model finder\pquantified solve time budget exhausted after MBQI and the finite-model finder	\p\p\p\p\pbackend\p\pother\pother\pother\pother\pother\pother\pother\pother\pother\pother\pother\pother\pother	server5	5,13	4.08
t1-UFLIA-db31113fa	main	UFLIA/simplify2/front_end_suite/javafe.ast.LabelStmt.011.smt2	db31113fa	not-dispatched	unknown	0	none	q:mbqi-quick	21	fd:parse:probe\pq:ground-subset:declined\pq:bool-skeleton:declined\pq:eq-partition:declined\pq:unsat-universal:declined\pq:forall-exists-witness:declined\pq:finite-expansion:declined\pq:uf-fmf-probe:declined\pq:mbqi-quick:declined\pq:egraph:declined\pq:timeout:declined\pq:timeout:declined\pfd:string-gate:declined\pfd:source-string-semantic-unsat:declined\pfd:word-route:declined\pfd:online-string:declined\pfd:membership:declined\pfd:lex-order:declined\pfd:length-lia:declined\pfd:source-string-sat-probe:declined\pfd:bounded-completeness-unsat:declined	24128	7\p325\p587\p7475\p0\p0\p0\p16\p8607\p7045\p0\p0\p0\p0\p0\p0\p0\p0\p0\p0\p0	no	q:ground-subset=not-applicable\pq:bool-skeleton=not-applicable\pq:eq-partition=not-applicable\pq:unsat-universal=not-applicable\pq:forall-exists-witness=not-applicable\pq:finite-expansion=unsupported\pq:uf-fmf-probe=not-applicable\pq:mbqi-quick=incomplete\pq:egraph=incomplete\pq:timeout=budget\pq:timeout=budget\pfd:string-gate=budget\pfd:source-string-semantic-unsat=budget\pfd:word-route=budget\pfd:online-string=budget\pfd:membership=budget\pfd:lex-order=budget\pfd:length-lia=budget\pfd:source-string-sat-probe=budget\pfd:bounded-completeness-unsat=budget	\p\p\p\p\pquantifier over non-enumerable domain Int\p\pquery has quantifiers instantiation does not reach (nested, existential, or non-top-level)\pe-matching instantiation admitted nothing further after 4 rounds with the ground set at the admission ceiling (a saturation, not a fixpoint: more rounds cannot help at THIS ceiling, and that is a different claim)\pquantified solve time budget exhausted after e-matching\pquantified solve time budget exhausted after MBQI and the finite-model finder\pquantified solve time budget exhausted after MBQI and the finite-model finder\pquantified solve time budget exhausted after MBQI and the finite-model finder\pquantified solve time budget exhausted after MBQI and the finite-model finder\pquantified solve time budget exhausted after MBQI and the finite-model finder\pquantified solve time budget exhausted after MBQI and the finite-model finder\pquantified solve time budget exhausted after MBQI and the finite-model finder\pquantified solve time budget exhausted after MBQI and the finite-model finder\pquantified solve time budget exhausted after MBQI and the finite-model finder\pquantified solve time budget exhausted after MBQI and the finite-model finder	\p\p\p\p\pbackend\p\p\p\pother\pother\pother\pother\pother\pother\pother\pother\pother\pother\pother	server5	5,13	4.05
t1-UFLIA-db31113fa	main	UFLIA/simplify2/front_end_suite/javafe.ast.Visitor.041.smt2	db31113fa	not-dispatched	unsat	0	q:ground-subset	q:ground-subset	2	fd:parse:probe\pq:ground-subset:decided	107	4\p81	no				server5	5,13	4.19
t1-UFLIA-db31113fa	main	UFLIA/simplify2/front_end_suite/javafe.tc.FlowInsensitiveChecks.017.smt2	db31113fa	not-dispatched	unknown	0	none	q:eq-partition	8	fd:parse:probe\pq:ground-subset:declined\pq:bool-skeleton:declined\pq:eq-partition:declined\pq:unsat-universal:declined\pq:forall-exists-witness:declined\pq:finite-expansion:declined\pq:uf-fmf-probe:declined	25130	13\p519\p941\p12233\p0\p0\p0\p29	yes	q:ground-subset=not-applicable\pq:bool-skeleton=not-applicable\pq:eq-partition=not-applicable\pq:unsat-universal=not-applicable\pq:forall-exists-witness=not-applicable\pq:finite-expansion=unsupported\pq:uf-fmf-probe=not-applicable	\p\p\p\p\pquantifier over non-enumerable domain Int\p	\p\p\p\p\pbackend\p	server5	5,13	4.19
t1-UFLIA-db31113fa	main	UFLIA/sledgehammer/Arrow_Order/smtlib.832901.smt2	db31113fa	not-dispatched	unknown	0	none	q:egraph	23	fd:parse:probe\pq:ground-subset:declined\pq:bool-skeleton:declined\pq:valid-universal-qf:declined\pq:eq-partition:declined\pq:unsat-universal:declined\pq:forall-exists-witness:declined\pq:finite-expansion:declined\pq:uf-fmf-probe:declined\pq:mbqi-quick:declined\pq:egraph:declined\pq:uf-fmf-full:declined\pq:mbqi:declined\pq:nat-induction:declined\pfd:string-gate:declined\pfd:source-string-semantic-unsat:declined\pfd:word-route:declined\pfd:online-string:declined\pfd:membership:declined\pfd:lex-order:declined\pfd:length-lia:declined\pfd:source-string-sat-probe:declined\pfd:bounded-completeness-unsat:declined	18024	16\p14\p10\p46\p0\p0\p0\p0\p0\p1642\p9572\p58\p6498\p0\p0\p0\p0\p0\p0\p0\p0\p0\p0	no	q:ground-subset=not-applicable\pq:bool-skeleton=not-applicable\pq:valid-universal-qf=unsupported\pq:eq-partition=not-applicable\pq:unsat-universal=not-applicable\pq:forall-exists-witness=not-applicable\pq:finite-expansion=unsupported\pq:uf-fmf-probe=not-applicable\pq:mbqi-quick=budget\pq:egraph=incomplete\pq:uf-fmf-full=budget\pq:mbqi=budget\pq:nat-induction=not-applicable\pfd:string-gate=budget\pfd:source-string-semantic-unsat=budget\pfd:word-route=budget\pfd:online-string=budget\pfd:membership=budget\pfd:lex-order=budget\pfd:length-lia=budget\pfd:source-string-sat-probe=budget\pfd:bounded-completeness-unsat=budget	\p\pterm #11592 has sort (Uninterpreted 3) that the pure-Rust BV backend cannot bit-blast\p\p\p\pquantifier over non-enumerable domain (Uninterpreted 1)\p\pe-matching: instantiation time budget exhausted mid-round (the interleaved ground check did not decide the set inside the deadline)\pe-matching instantiation admitted nothing further after 6 rounds with the ground set at the admission ceiling (a saturation, not a fixpoint: more rounds cannot help at THIS ceiling, and that is a different claim)\pe-matching: instantiation time budget exhausted mid-round (the interleaved ground check did not decide the set inside the deadline)\pe-matching: instantiation time budget exhausted mid-round (the interleaved ground check did not decide the set inside the deadline)\p\pe-matching: instantiation time budget exhausted mid-round (the interleaved ground check did not decide the set inside the deadline)\pe-matching: instantiation time budget exhausted mid-round (the interleaved ground check did not decide the set inside the deadline)\pe-matching: instantiation time budget exhausted mid-round (the interleaved ground check did not decide the set inside the deadline)\pe-matching: instantiation time budget exhausted mid-round (the interleaved ground check did not decide the set inside the deadline)\pe-matching: instantiation time budget exhausted mid-round (the interleaved ground check did not decide the set inside the deadline)\pe-matching: instantiation time budget exhausted mid-round (the interleaved ground check did not decide the set inside the deadline)\pe-matching: instantiation time budget exhausted mid-round (the interleaved ground check did not decide the set inside the deadline)\pe-matching: instantiation time budget exhausted mid-round (the interleaved ground check did not decide the set inside the deadline)\pe-matching: instantiation time budget exhausted mid-round (the interleaved ground check did not decide the set inside the deadline)	\p\pbackend\p\p\p\pbackend\p\pother\p\pother\pother\p\pother\pother\pother\pother\pother\pother\pother\pother\pother	server5	5,13	4.24
t1-UFLIA-db31113fa	main	UFLIA/sledgehammer/Fundamental_Theorem_Algebra/smtlib.1372826.smt2	db31113fa	not-dispatched	unknown	0	none	q:egraph	23	fd:parse:probe\pq:ground-subset:declined\pq:bool-skeleton:declined\pq:valid-universal-qf:declined\pq:eq-partition:declined\pq:unsat-universal:declined\pq:forall-exists-witness:declined\pq:finite-expansion:declined\pq:uf-fmf-probe:declined\pq:mbqi-quick:declined\pq:egraph:declined\pq:uf-fmf-full:declined\pq:mbqi:declined\pq:nat-induction:declined\pfd:string-gate:declined\pfd:source-string-semantic-unsat:declined\pfd:word-route:declined\pfd:online-string:declined\pfd:membership:declined\pfd:lex-order:declined\pfd:length-lia:declined\pfd:source-string-sat-probe:declined\pfd:bounded-completeness-unsat:declined	21428	6\p72\p23\p239\p0\p0\p0\p0\p0\p1845\p15822\p44\p3260\p0\p0\p0\p0\p0\p0\p0\p0\p0\p0	no	q:ground-subset=not-applicable\pq:bool-skeleton=not-applicable\pq:valid-universal-qf=unsupported\pq:eq-partition=not-applicable\pq:unsat-universal=not-applicable\pq:forall-exists-witness=not-applicable\pq:finite-expansion=unsupported\pq:uf-fmf-probe=not-applicable\pq:mbqi-quick=budget\pq:egraph=incomplete\pq:uf-fmf-full=budget\pq:mbqi=budget\pq:nat-induction=not-applicable\pfd:string-gate=budget\pfd:source-string-semantic-unsat=budget\pfd:word-route=budget\pfd:online-string=budget\pfd:membership=budget\pfd:lex-order=budget\pfd:length-lia=budget\pfd:source-string-sat-probe=budget\pfd:bounded-completeness-unsat=budget	\p\pterm #6312 has sort (Uninterpreted 0) that the pure-Rust BV backend cannot bit-blast\p\p\p\pquantifier over non-enumerable domain (Uninterpreted 8)\p\pe-matching: instantiation time budget exhausted mid-round (the interleaved ground check did not decide the set inside the deadline)\pe-matching instantiation admitted nothing further after 6 rounds with the ground set at the admission ceiling (a saturation, not a fixpoint: more rounds cannot help at THIS ceiling, and that is a different claim)\pe-matching: instantiation time budget exhausted mid-round (the interleaved ground check did not decide the set inside the deadline)\pe-matching: instantiation time budget exhausted mid-round (the interleaved ground check did not decide the set inside the deadline)\p\pe-matching: instantiation time budget exhausted mid-round (the interleaved ground check did not decide the set inside the deadline)\pe-matching: instantiation time budget exhausted mid-round (the interleaved ground check did not decide the set inside the deadline)\pe-matching: instantiation time budget exhausted mid-round (the interleaved ground check did not decide the set inside the deadline)\pe-matching: instantiation time budget exhausted mid-round (the interleaved ground check did not decide the set inside the deadline)\pe-matching: instantiation time budget exhausted mid-round (the interleaved ground check did not decide the set inside the deadline)\pe-matching: instantiation time budget exhausted mid-round (the interleaved ground check did not decide the set inside the deadline)\pe-matching: instantiation time budget exhausted mid-round (the interleaved ground check did not decide the set inside the deadline)\pe-matching: instantiation time budget exhausted mid-round (the interleaved ground check did not decide the set inside the deadline)\pe-matching: instantiation time budget exhausted mid-round (the interleaved ground check did not decide the set inside the deadline)	\p\pbackend\p\p\p\pbackend\p\pother\p\pother\pother\p\pother\pother\pother\pother\pother\pother\pother\pother\pother	server5	5,13	4.19
t1-UFLIA-db31113fa	main	UFLIA/sledgehammer/Hoare/smtlib.1019713.smt2	db31113fa	not-dispatched	unknown	0	none	q:mbqi	22	fd:parse:probe\pq:ground-subset:declined\pq:bool-skeleton:declined\pq:eq-partition:declined\pq:unsat-universal:declined\pq:forall-exists-witness:declined\pq:finite-expansion:declined\pq:uf-fmf-probe:declined\pq:mbqi-quick:declined\pq:egraph:declined\pq:uf-fmf-full:declined\pq:mbqi:declined\pq:nat-induction:declined\pfd:string-gate:declined\pfd:source-string-semantic-unsat:declined\pfd:word-route:declined\pfd:online-string:declined\pfd:membership:declined\pfd:lex-order:declined\pfd:length-lia:declined\pfd:source-string-sat-probe:declined\pfd:bounded-completeness-unsat:declined	16622	9\p6\p5\p280\p0\p0\p0\p0\p1502\p7104\p17\p7612\p0\p0\p0\p0\p0\p0\p0\p0\p0\p0	no	q:ground-subset=not-applicable\pq:bool-skeleton=not-applicable\pq:eq-partition=not-applicable\pq:unsat-universal=not-applicable\pq:forall-exists-witness=not-applicable\pq:finite-expansion=unsupported\pq:uf-fmf-probe=not-applicable\pq:mbqi-quick=budget\pq:egraph=incomplete\pq:uf-fmf-full=budget\pq:mbqi=budget\pq:nat-induction=not-applicable\pfd:string-gate=budget\pfd:source-string-semantic-unsat=budget\pfd:word-route=budget\pfd:online-string=budget\pfd:membership=budget\pfd:lex-order=budget\pfd:length-lia=budget\pfd:source-string-sat-probe=budget\pfd:bounded-completeness-unsat=budget	\p\p\p\p\pquantifier over non-enumerable domain (Uninterpreted 1)\p\pe-matching: instantiation time budget exhausted mid-round (the interleaved ground check did not decide the set inside the deadline)\pe-matching instantiation admitted nothing further after 22 rounds with the ground set at the admission ceiling (a saturation, not a fixpoint: more rounds cannot help at THIS ceiling, and that is a different claim)\pe-matching: instantiation time budget exhausted mid-round (the interleaved ground check did not decide the set inside the deadline)\pe-matching: instantiation time budget exhausted mid-round (the interleaved ground check did not decide the set inside the deadline)\p\pe-matching: instantiation time budget exhausted mid-round (the interleaved ground check did not decide the set inside the deadline)\pe-matching: instantiation time budget exhausted mid-round (the interleaved ground check did not decide the set inside the deadline)\pe-matching: instantiation time budget exhausted mid-round (the interleaved ground check did not decide the set inside the deadline)\pe-matching: instantiation time budget exhausted mid-round (the interleaved ground check did not decide the set inside the deadline)\pe-matching: instantiation time budget exhausted mid-round (the interleaved ground check did not decide the set inside the deadline)\pe-matching: instantiation time budget exhausted mid-round (the interleaved ground check did not decide the set inside the deadline)\pe-matching: instantiation time budget exhausted mid-round (the interleaved ground check did not decide the set inside the deadline)\pe-matching: instantiation time budget exhausted mid-round (the interleaved ground check did not decide the set inside the deadline)\pe-matching: instantiation time budget exhausted mid-round (the interleaved ground check did not decide the set inside the deadline)	\p\p\p\p\pbackend\p\pother\p\pother\pother\p\pother\pother\pother\pother\pother\pother\pother\pother\pother	server5	5,13	4.20
t1-UFLIA-db31113fa	main	UFLIA/sledgehammer/QEpres/smtlib.1065390.smt2	db31113fa	not-dispatched	unknown	0	none	q:egraph	23	fd:parse:probe\pq:ground-subset:declined\pq:bool-skeleton:declined\pq:valid-universal-qf:declined\pq:eq-partition:declined\pq:unsat-universal:declined\pq:forall-exists-witness:declined\pq:finite-expansion:declined\pq:uf-fmf-probe:declined\pq:mbqi-quick:declined\pq:egraph:declined\pq:uf-fmf-full:declined\pq:mbqi:declined\pq:nat-induction:declined\pfd:string-gate:declined\pfd:source-string-semantic-unsat:declined\pfd:word-route:declined\pfd:online-string:declined\pfd:membership:declined\pfd:lex-order:declined\pfd:length-lia:declined\pfd:source-string-sat-probe:declined\pfd:bounded-completeness-unsat:declined	21923	14\p537\p556\p137\p0\p0\p0\p0\p0\p1610\p16455\p17\p2471\p0\p0\p0\p0\p0\p0\p0\p0\p0\p0	no	q:ground-subset=not-applicable\pq:bool-skeleton=not-applicable\pq:valid-universal-qf=unsupported\pq:eq-partition=not-applicable\pq:unsat-universal=not-applicable\pq:forall-exists-witness=not-applicable\pq:finite-expansion=unsupported\pq:uf-fmf-probe=not-applicable\pq:mbqi-quick=budget\pq:egraph=incomplete\pq:uf-fmf-full=budget\pq:mbqi=budget\pq:nat-induction=not-applicable\pfd:string-gate=budget\pfd:source-string-semantic-unsat=budget\pfd:word-route=budget\pfd:online-string=budget\pfd:membership=budget\pfd:lex-order=budget\pfd:length-lia=budget\pfd:source-string-sat-probe=budget\pfd:bounded-completeness-unsat=budget	\p\pterm #444 has sort (Uninterpreted 91) that the pure-Rust BV backend cannot bit-blast\p\p\p\pquantifier over non-enumerable domain (Uninterpreted 1)\p\pe-matching: instantiation time budget exhausted mid-round (the interleaved ground check did not decide the set inside the deadline)\pe-matching instantiation reached fixpoint without refuting after 7 rounds (no further instance to admit; more rounds cannot help)\pe-matching: instantiation time budget exhausted mid-round (the interleaved ground check did not decide the set inside the deadline)\pe-matching: instantiation time budget exhausted mid-round (the interleaved ground check did not decide the set inside the deadline)\p\pe-matching: instantiation time budget exhausted mid-round (the interleaved ground check did not decide the set inside the deadline)\pe-matching: instantiation time budget exhausted mid-round (the interleaved ground check did not decide the set inside the deadline)\pe-matching: instantiation time budget exhausted mid-round (the interleaved ground check did not decide the set inside the deadline)\pe-matching: instantiation time budget exhausted mid-round (the interleaved ground check did not decide the set inside the deadline)\pe-matching: instantiation time budget exhausted mid-round (the interleaved ground check did not decide the set inside the deadline)\pe-matching: instantiation time budget exhausted mid-round (the interleaved ground check did not decide the set inside the deadline)\pe-matching: instantiation time budget exhausted mid-round (the interleaved ground check did not decide the set inside the deadline)\pe-matching: instantiation time budget exhausted mid-round (the interleaved ground check did not decide the set inside the deadline)\pe-matching: instantiation time budget exhausted mid-round (the interleaved ground check did not decide the set inside the deadline)	\p\pbackend\p\p\p\pbackend\p\pother\p\pother\pother\p\pother\pother\pother\pother\pother\pother\pother\pother\pother	server5	5,13	4.23
t1-UFLIA-db31113fa	main	UFLIA/sledgehammer/StrongNorm/smtlib.613065.smt2	db31113fa	not-dispatched	unknown	0	none	q:mbqi	23	fd:parse:probe\pq:ground-subset:declined\pq:bool-skeleton:declined\pq:valid-universal-qf:declined\pq:eq-partition:declined\pq:unsat-universal:declined\pq:forall-exists-witness:declined\pq:finite-expansion:declined\pq:uf-fmf-probe:declined\pq:mbqi-quick:declined\pq:egraph:declined\pq:uf-fmf-full:declined\pq:mbqi:declined\pq:nat-induction:declined\pfd:string-gate:declined\pfd:source-string-semantic-unsat:declined\pfd:word-route:declined\pfd:online-string:declined\pfd:membership:declined\pfd:lex-order:declined\pfd:length-lia:declined\pfd:source-string-sat-probe:declined\pfd:bounded-completeness-unsat:declined	16219	14\p35\p36\p85\p0\p0\p0\p0\p0\p1603\p6053\p48\p8252\p0\p0\p0\p0\p0\p0\p0\p0\p0\p0	no	q:ground-subset=not-applicable\pq:bool-skeleton=not-applicable\pq:valid-universal-qf=unsupported\pq:eq-partition=not-applicable\pq:unsat-universal=not-applicable\pq:forall-exists-witness=not-applicable\pq:finite-expansion=unsupported\pq:uf-fmf-probe=not-applicable\pq:mbqi-quick=incomplete\pq:egraph=incomplete\pq:uf-fmf-full=incomplete\pq:mbqi=incomplete\pq:nat-induction=not-applicable\pfd:string-gate=incomplete\pfd:source-string-semantic-unsat=incomplete\pfd:word-route=incomplete\pfd:online-string=incomplete\pfd:membership=incomplete\pfd:lex-order=incomplete\pfd:length-lia=incomplete\pfd:source-string-sat-probe=incomplete\pfd:bounded-completeness-unsat=incomplete	\p\pterm #10344 has sort (Uninterpreted 1) that the pure-Rust BV backend cannot bit-blast\p\p\p\pquantifier over non-enumerable domain (Uninterpreted 1)\p\pe-matching instantiation stopped after 4 rounds: the remaining budget could not fit another round with growth headroom\pe-matching instantiation admitted nothing further after 5 rounds with the ground set at the admission ceiling (a saturation, not a fixpoint: more rounds cannot help at THIS ceiling, and that is a different claim)\pe-matching instantiation admitted nothing further after 4 rounds with the ground set at the admission ceiling (a saturation, not a fixpoint: more rounds cannot help at THIS ceiling, and that is a different claim)\pe-matching instantiation admitted nothing further after 4 rounds with the ground set at the admission ceiling (a saturation, not a fixpoint: more rounds cannot help at THIS ceiling, and that is a different claim)\p\pe-matching instantiation admitted nothing further after 4 rounds with the ground set at the admission ceiling (a saturation, not a fixpoint: more rounds cannot help at THIS ceiling, and that is a different claim)\pe-matching instantiation admitted nothing further after 4 rounds with the ground set at the admission ceiling (a saturation, not a fixpoint: more rounds cannot help at THIS ceiling, and that is a different claim)\pe-matching instantiation admitted nothing further after 4 rounds with the ground set at the admission ceiling (a saturation, not a fixpoint: more rounds cannot help at THIS ceiling, and that is a different claim)\pe-matching instantiation admitted nothing further after 4 rounds with the ground set at the admission ceiling (a saturation, not a fixpoint: more rounds cannot help at THIS ceiling, and that is a different claim)\pe-matching instantiation admitted nothing further after 4 rounds with the ground set at the admission ceiling (a saturation, not a fixpoint: more rounds cannot help at THIS ceiling, and that is a different claim)\pe-matching instantiation admitted nothing further after 4 rounds with the ground set at the admission ceiling (a saturation, not a fixpoint: more rounds cannot help at THIS ceiling, and that is a different claim)\pe-matching instantiation admitted nothing further after 4 rounds with the ground set at the admission ceiling (a saturation, not a fixpoint: more rounds cannot help at THIS ceiling, and that is a different claim)\pe-matching instantiation admitted nothing further after 4 rounds with the ground set at the admission ceiling (a saturation, not a fixpoint: more rounds cannot help at THIS ceiling, and that is a different claim)\pe-matching instantiation admitted nothing further after 4 rounds with the ground set at the admission ceiling (a saturation, not a fixpoint: more rounds cannot help at THIS ceiling, and that is a different claim)	\p\pbackend\p\p\p\pbackend\p\p\p\p\p\p\p\p\p\p\p\p\p\p\p	server5	5,13	4.17
t1-UFLIA-db31113fa	main	UFLIA/sledgehammer/TwoSquares/smtlib.881298.smt2	db31113fa	not-dispatched	unsat	0	q:bool-skeleton	q:bool-skeleton	3	fd:parse:probe\pq:ground-subset:declined\pq:bool-skeleton:decided	107	0\p0\p0	no	q:ground-subset=not-applicable			server5	5,13	4.12
t1-UFLIA-db31113fa	main	UFLIA/tokeneer/cert_/attr_/priv/extract-1.smt2	db31113fa	not-dispatched	unsat	0	q:ground-subset	q:ground-subset	2	fd:parse:probe\pq:ground-subset:decided	107	1\p2	no				server5	5,13	4.12
t1-UFLIA-db31113fa	main	UFLIA/tokeneer/enrolment/validate/validateandaddkey-8.smt2	db31113fa	not-dispatched	unsat	0	q:ground-subset	q:ground-subset	2	fd:parse:probe\pq:ground-subset:decided	106	0\p1	no				server5	5,13	4.12
t1-UFLIA-db31113fa	main	UFLIA/tokeneer/tokenreader/init-38.smt2	db31113fa	not-dispatched	unsat	0	q:ground-subset	q:ground-subset	2	fd:parse:probe\pq:ground-subset:decided	107	1\p2	no				server5	5,13	4.12
t1-UFLIA-db31113fa	main	UFLIA/boogie/Arrays_Q3-noinfer.smt2	db31113fa	not-dispatched	unknown	0	none	q:egraph	21	fd:parse:probe\pq:ground-subset:declined\pq:bool-skeleton:declined\pq:eq-partition:declined\pq:unsat-universal:declined\pq:forall-exists-witness:declined\pq:finite-expansion:declined\pq:uf-fmf-probe:declined\pq:mbqi-quick:declined\pq:egraph:declined\pq:timeout:declined\pq:timeout:declined\pfd:string-gate:declined\pfd:source-string-semantic-unsat:declined\pfd:word-route:declined\pfd:online-string:declined\pfd:membership:declined\pfd:lex-order:declined\pfd:length-lia:declined\pfd:source-string-sat-probe:declined\pfd:bounded-completeness-unsat:declined	24128	0\p0\p21\p15\p0\p0\p0\p0\p1564\p22443\p0\p0\p0\p0\p0\p0\p0\p0\p0\p0\p0	no	q:ground-subset=not-applicable\pq:bool-skeleton=not-applicable\pq:eq-partition=not-applicable\pq:unsat-universal=not-applicable\pq:forall-exists-witness=not-applicable\pq:finite-expansion=unsupported\pq:uf-fmf-probe=not-applicable\pq:mbqi-quick=incomplete\pq:egraph=budget\pq:timeout=budget\pq:timeout=budget\pfd:string-gate=budget\pfd:source-string-semantic-unsat=budget\pfd:word-route=budget\pfd:online-string=budget\pfd:membership=budget\pfd:lex-order=budget\pfd:length-lia=budget\pfd:source-string-sat-probe=budget\pfd:bounded-completeness-unsat=budget	\p\p\p\p\pquantifier over non-enumerable domain Int\p\pe-matching instantiation stopped after 104 rounds: the remaining budget could not fit another round with growth headroom\pe-matching: instantiation time budget exhausted mid-round (the interleaved ground check did not decide the set inside the deadline)\pquantified solve time budget exhausted after e-matching\pquantified solve time budget exhausted after MBQI and the finite-model finder\pquantified solve time budget exhausted after MBQI and the finite-model finder\pquantified solve time budget exhausted after MBQI and the finite-model finder\pquantified solve time budget exhausted after MBQI and the finite-model finder\pquantified solve time budget exhausted after MBQI and the finite-model finder\pquantified solve time budget exhausted after MBQI and the finite-model finder\pquantified solve time budget exhausted after MBQI and the finite-model finder\pquantified solve time budget exhausted after MBQI and the finite-model finder\pquantified solve time budget exhausted after MBQI and the finite-model finder\pquantified solve time budget exhausted after MBQI and the finite-model finder	\p\p\p\p\pbackend\p\p\pother\pother\pother\pother\pother\pother\pother\pother\pother\pother\pother\pother	server5	6,14	4.04
t1-UFLIA-db31113fa	main	UFLIA/boogie/MultipleErrors_P-showErrorTrace-vc_local_1.smt2	db31113fa	not-dispatched	unknown	0	none	q:egraph	21	fd:parse:probe\pq:ground-subset:declined\pq:bool-skeleton:declined\pq:eq-partition:declined\pq:unsat-universal:declined\pq:forall-exists-witness:declined\pq:finite-expansion:declined\pq:uf-fmf-probe:declined\pq:mbqi-quick:declined\pq:egraph:declined\pq:timeout:declined\pq:timeout:declined\pfd:string-gate:declined\pfd:source-string-semantic-unsat:declined\pfd:word-route:declined\pfd:online-string:declined\pfd:membership:declined\pfd:lex-order:declined\pfd:length-lia:declined\pfd:source-string-sat-probe:declined\pfd:bounded-completeness-unsat:declined	24028	0\p0\p0\p16\p0\p0\p0\p0\p1519\p22478\p0\p0\p0\p0\p0\p0\p0\p0\p0\p0\p0	no	q:ground-subset=not-applicable\pq:bool-skeleton=not-applicable\pq:eq-partition=not-applicable\pq:unsat-universal=not-applicable\pq:forall-exists-witness=not-applicable\pq:finite-expansion=unsupported\pq:uf-fmf-probe=not-applicable\pq:mbqi-quick=budget\pq:egraph=budget\pq:timeout=budget\pq:timeout=budget\pfd:string-gate=budget\pfd:source-string-semantic-unsat=budget\pfd:word-route=budget\pfd:online-string=budget\pfd:membership=budget\pfd:lex-order=budget\pfd:length-lia=budget\pfd:source-string-sat-probe=budget\pfd:bounded-completeness-unsat=budget	\p\p\p\p\pquantifier over non-enumerable domain Int\p\pe-matching: instantiation time budget exhausted mid-round (the interleaved ground check did not decide the set inside the deadline)\pe-matching: instantiation time budget exhausted mid-round (the interleaved ground check did not decide the set inside the deadline)\pquantified solve time budget exhausted after e-matching\pquantified solve time budget exhausted after MBQI and the finite-model finder\pquantified solve time budget exhausted after MBQI and the finite-model finder\pquantified solve time budget exhausted after MBQI and the finite-model finder\pquantified solve time budget exhausted after MBQI and the finite-model finder\pquantified solve time budget exhausted after MBQI and the finite-model finder\pquantified solve time budget exhausted after MBQI and the finite-model finder\pquantified solve time budget exhausted after MBQI and the finite-model finder\pquantified solve time budget exhausted after MBQI and the finite-model finder\pquantified solve time budget exhausted after MBQI and the finite-model finder\pquantified solve time budget exhausted after MBQI and the finite-model finder	\p\p\p\p\pbackend\p\pother\pother\pother\pother\pother\pother\pother\pother\pother\pother\pother\pother\pother	server5	6,14	4.03
t1-UFLIA-db31113fa	main	UFLIA/grasshopper/instantiated/reverse_loop_check_heap_access_35_4.smt2	db31113fa	not-dispatched	unsat	0	q:egraph	q:mbqi-quick	10	fd:parse:probe\pq:ground-subset:declined\pq:bool-skeleton:declined\pq:eq-partition:declined\pq:unsat-universal:declined\pq:forall-exists-witness:declined\pq:finite-expansion:declined\pq:uf-fmf-probe:declined\pq:mbqi-quick:declined\pq:egraph:decided	2609	0\p0\p2\p8\p0\p0\p0\p0\p1525\p1029	no	q:ground-subset=not-applicable\pq:bool-skeleton=not-applicable\pq:eq-partition=not-applicable\pq:unsat-universal=not-applicable\pq:forall-exists-witness=not-applicable\pq:finite-expansion=unsupported\pq:uf-fmf-probe=not-applicable\pq:mbqi-quick=budget	\p\p\p\p\pquantifier over non-enumerable domain (Uninterpreted 0)\p\pe-matching: instantiation time budget exhausted mid-round (the interleaved ground check did not decide the set inside the deadline)	\p\p\p\p\pbackend\p\pother	server5	6,14	4.02
t1-UFLIA-db31113fa	main	UFLIA/simplify/javafe.ast.StandardPrettyPrint.322.smt2	db31113fa	not-dispatched	unknown	0	none	q:mbqi	22	fd:parse:probe\pq:ground-subset:declined\pq:bool-skeleton:declined\pq:eq-partition:declined\pq:unsat-universal:declined\pq:forall-exists-witness:declined\pq:finite-expansion:declined\pq:uf-fmf-probe:declined\pq:mbqi-quick:declined\pq:egraph:declined\pq:uf-fmf-full:declined\pq:mbqi:declined\pq:nat-induction:declined\pfd:string-gate:declined\pfd:source-string-semantic-unsat:declined\pfd:word-route:declined\pfd:online-string:declined\pfd:membership:declined\pfd:lex-order:declined\pfd:length-lia:declined\pfd:source-string-sat-probe:declined\pfd:bounded-completeness-unsat:declined	22428	4\p168\p6527\p782\p0\p0\p0\p2\p4148\p3795\p55\p6765\p0\p0\p0\p0\p0\p0\p0\p0\p0\p0	no	q:ground-subset=not-applicable\pq:bool-skeleton=not-applicable\pq:eq-partition=not-applicable\pq:unsat-universal=not-applicable\pq:forall-exists-witness=not-applicable\pq:finite-expansion=unsupported\pq:uf-fmf-probe=not-applicable\pq:mbqi-quick=budget\pq:egraph=incomplete\pq:uf-fmf-full=budget\pq:mbqi=budget\pq:nat-induction=not-applicable\pfd:string-gate=budget\pfd:source-string-semantic-unsat=budget\pfd:word-route=budget\pfd:online-string=budget\pfd:membership=budget\pfd:lex-order=budget\pfd:length-lia=budget\pfd:source-string-sat-probe=budget\pfd:bounded-completeness-unsat=budget	\p\p\p\p\pquantifier over non-enumerable domain Int\p\pe-matching: instantiation time budget exhausted mid-round (the interleaved ground check did not decide the set inside the deadline)\pe-matching instantiation admitted nothing further after 3 rounds with the ground set at the admission ceiling (a saturation, not a fixpoint: more rounds cannot help at THIS ceiling, and that is a different claim)\pe-matching: instantiation time budget exhausted mid-round (the interleaved ground check did not decide the set inside the deadline)\pe-matching: instantiation time budget exhausted mid-round (the interleaved ground check did not decide the set inside the deadline)\p\pe-matching: instantiation time budget exhausted mid-round (the interleaved ground check did not decide the set inside the deadline)\pe-matching: instantiation time budget exhausted mid-round (the interleaved ground check did not decide the set inside the deadline)\pe-matching: instantiation time budget exhausted mid-round (the interleaved ground check did not decide the set inside the deadline)\pe-matching: instantiation time budget exhausted mid-round (the interleaved ground check did not decide the set inside the deadline)\pe-matching: instantiation time budget exhausted mid-round (the interleaved ground check did not decide the set inside the deadline)\pe-matching: instantiation time budget exhausted mid-round (the interleaved ground check did not decide the set inside the deadline)\pe-matching: instantiation time budget exhausted mid-round (the interleaved ground check did not decide the set inside the deadline)\pe-matching: instantiation time budget exhausted mid-round (the interleaved ground check did not decide the set inside the deadline)\pe-matching: instantiation time budget exhausted mid-round (the interleaved ground check did not decide the set inside the deadline)	\p\p\p\p\pbackend\p\pother\p\pother\pother\p\pother\pother\pother\pother\pother\pother\pother\pother\pother	server5	6,14	4.02
t1-UFLIA-db31113fa	main	UFLIA/simplify2/front_end_suite/javafe.ast.AmbiguousVariableAccess.004.smt2	db31113fa	not-dispatched	unsat	0	q:bool-skeleton	q:bool-skeleton	3	fd:parse:probe\pq:ground-subset:declined\pq:bool-skeleton:decided	807	7\p333\p346	no	q:ground-subset=not-applicable			server5	6,14	4.01
t1-UFLIA-db31113fa	main	UFLIA/simplify2/front_end_suite/javafe.ast.MethodDecl.005.smt2	db31113fa	not-dispatched	unknown	0	none	q:mbqi-quick	21	fd:parse:probe\pq:ground-subset:declined\pq:bool-skeleton:declined\pq:eq-partition:declined\pq:unsat-universal:declined\pq:forall-exists-witness:declined\pq:finite-expansion:declined\pq:uf-fmf-probe:declined\pq:mbqi-quick:declined\pq:egraph:declined\pq:timeout:declined\pq:timeout:declined\pfd:string-gate:declined\pfd:source-string-semantic-unsat:declined\pfd:word-route:declined\pfd:online-string:declined\pfd:membership:declined\pfd:lex-order:declined\pfd:length-lia:declined\pfd:source-string-sat-probe:declined\pfd:bounded-completeness-unsat:declined	24130	10\p372\p683\p8335\p0\p0\p0\p20\p10887\p3718\p0\p0\p0\p0\p0\p0\p0\p0\p0\p0\p0	no	q:ground-subset=not-applicable\pq:bool-skeleton=not-applicable\pq:eq-partition=not-applicable\pq:unsat-universal=not-applicable\pq:forall-exists-witness=not-applicable\pq:finite-expansion=unsupported\pq:uf-fmf-probe=not-applicable\pq:mbqi-quick=incomplete\pq:egraph=incomplete\pq:timeout=budget\pq:timeout=budget\pfd:string-gate=budget\pfd:source-string-semantic-unsat=budget\pfd:word-route=budget\pfd:online-string=budget\pfd:membership=budget\pfd:lex-order=budget\pfd:length-lia=budget\pfd:source-string-sat-probe=budget\pfd:bounded-completeness-unsat=budget	\p\p\p\p\pquantifier over non-enumerable domain Int\p\pquery has quantifiers instantiation does not reach (nested, existential, or non-top-level)\pe-matching instantiation admitted nothing further after 2 rounds with the ground set at the admission ceiling (a saturation, not a fixpoint: more rounds cannot help at THIS ceiling, and that is a different claim)\pquantified solve time budget exhausted after e-matching\pquantified solve time budget exhausted after MBQI and the finite-model finder\pquantified solve time budget exhausted after MBQI and the finite-model finder\pquantified solve time budget exhausted after MBQI and the finite-model finder\pquantified solve time budget exhausted after MBQI and the finite-model finder\pquantified solve time budget exhausted after MBQI and the finite-model finder\pquantified solve time budget exhausted after MBQI and the finite-model finder\pquantified solve time budget exhausted after MBQI and the finite-model finder\pquantified solve time budget exhausted after MBQI and the finite-model finder\pquantified solve time budget exhausted after MBQI and the finite-model finder\pquantified solve time budget exhausted after MBQI and the finite-model finder	\p\p\p\p\pbackend\p\p\p\pother\pother\pother\pother\pother\pother\pother\pother\pother\pother\pother	server5	6,14	4.01
t1-UFLIA-db31113fa	main	UFLIA/simplify2/front_end_suite/javafe.ast.VisitorArgResult.016.smt2	db31113fa	not-dispatched	unsat	0	q:ground-subset	q:ground-subset	2	fd:parse:probe\pq:ground-subset:decided	107	5\p82	no				server5	6,14	4.07
t1-UFLIA-db31113fa	main	UFLIA/simplify2/front_end_suite/javafe.tc.OutsideEnv.011.smt2	db31113fa	not-dispatched	unsat	0	q:bool-skeleton	q:ground-subset	3	fd:parse:probe\pq:ground-subset:declined\pq:bool-skeleton:decided	808	3\p716\p63	no	q:ground-subset=not-applicable			server5	6,14	4.07
t1-UFLIA-db31113fa	main	UFLIA/sledgehammer/FFT/smtlib.1015458.smt2	db31113fa	not-dispatched	unsat	0	q:mbqi-quick	q:mbqi-quick	10	fd:parse:probe\pq:ground-subset:declined\pq:bool-skeleton:declined\pq:valid-universal-qf:declined\pq:eq-partition:declined\pq:unsat-universal:declined\pq:forall-exists-witness:declined\pq:finite-expansion:declined\pq:uf-fmf-probe:declined\pq:mbqi-quick:decided	2109	12\p15\p13\p73\p0\p0\p0\p0\p0\p1929	no	q:ground-subset=not-applicable\pq:bool-skeleton=not-applicable\pq:valid-universal-qf=unsupported\pq:eq-partition=not-applicable\pq:unsat-universal=not-applicable\pq:forall-exists-witness=not-applicable\pq:finite-expansion=unsupported\pq:uf-fmf-probe=not-applicable	\p\pterm #6642 has sort (Uninterpreted 3) that the pure-Rust BV backend cannot bit-blast\p\p\p\pquantifier over non-enumerable domain (Uninterpreted 1)\p	\p\pbackend\p\p\p\pbackend\p	server5	6,14	4.07
t1-UFLIA-db31113fa	main	UFLIA/sledgehammer/Fundamental_Theorem_Algebra/smtlib.1419033.smt2	db31113fa	not-dispatched	unknown	0	none	q:mbqi-quick	23	fd:parse:probe\pq:ground-subset:declined\pq:bool-skeleton:declined\pq:valid-universal-qf:declined\pq:eq-partition:declined\pq:unsat-universal:declined\pq:forall-exists-witness:declined\pq:finite-expansion:declined\pq:uf-fmf-probe:declined\pq:mbqi-quick:declined\pq:egraph:declined\pq:uf-fmf-full:declined\pq:mbqi:declined\pq:nat-induction:declined\pfd:string-gate:declined\pfd:source-string-semantic-unsat:declined\pfd:word-route:declined\pfd:online-string:declined\pfd:membership:declined\pfd:lex-order:declined\pfd:length-lia:declined\pfd:source-string-sat-probe:declined\pfd:bounded-completeness-unsat:declined	2209	6\p6\p5\p193\p0\p0\p0\p0\p0\p1498\p177\p1\p278\p0\p0\p0\p0\p0\p0\p0\p0\p0\p0	no	q:ground-subset=not-applicable\pq:bool-skeleton=not-applicable\pq:valid-universal-qf=unsupported\pq:eq-partition=not-applicable\pq:unsat-universal=not-applicable\pq:forall-exists-witness=not-applicable\pq:finite-expansion=unsupported\pq:uf-fmf-probe=not-applicable\pq:mbqi-quick=budget\pq:egraph=unsupported\pq:uf-fmf-full=incomplete\pq:mbqi=incomplete\pq:nat-induction=not-applicable\pfd:string-gate=incomplete\pfd:source-string-semantic-unsat=incomplete\pfd:word-route=incomplete\pfd:online-string=incomplete\pfd:membership=incomplete\pfd:lex-order=incomplete\pfd:length-lia=incomplete\pfd:source-string-sat-probe=incomplete\pfd:bounded-completeness-unsat=incomplete	\p\pterm #5833 has sort (Uninterpreted 11) that the pure-Rust BV backend cannot bit-blast\p\p\p\pquantifier over non-enumerable domain (Uninterpreted 1)\p\pe-matching: instantiation time budget exhausted mid-round (the interleaved ground check did not decide the set inside the deadline)\pterm #6328 has sort (Uninterpreted 6) that the pure-Rust BV backend cannot bit-blast\pmbqi declined an unsupported fragment: term #6328 has sort (Uninterpreted 6) that the pure-Rust BV backend cannot bit-blast\pmbqi declined an unsupported fragment: term #6328 has sort (Uninterpreted 6) that the pure-Rust BV backend cannot bit-blast\p\pmbqi declined an unsupported fragment: term #6328 has sort (Uninterpreted 6) that the pure-Rust BV backend cannot bit-blast\pmbqi declined an unsupported fragment: term #6328 has sort (Uninterpreted 6) that the pure-Rust BV backend cannot bit-blast\pmbqi declined an unsupported fragment: term #6328 has sort (Uninterpreted 6) that the pure-Rust BV backend cannot bit-blast\pmbqi declined an unsupported fragment: term #6328 has sort (Uninterpreted 6) that the pure-Rust BV backend cannot bit-blast\pmbqi declined an unsupported fragment: term #6328 has sort (Uninterpreted 6) that the pure-Rust BV backend cannot bit-blast\pmbqi declined an unsupported fragment: term #6328 has sort (Uninterpreted 6) that the pure-Rust BV backend cannot bit-blast\pmbqi declined an unsupported fragment: term #6328 has sort (Uninterpreted 6) that the pure-Rust BV backend cannot bit-blast\pmbqi declined an unsupported fragment: term #6328 has sort (Uninterpreted 6) that the pure-Rust BV backend cannot bit-blast\pmbqi declined an unsupported fragment: term #6328 has sort (Uninterpreted 6) that the pure-Rust BV backend cannot bit-blast	\p\pbackend\p\p\p\pbackend\p\pother\pbackend\p\p\p\p\p\p\p\p\p\p\p\p	server5	6,14	4.07
t1-UFLIA-db31113fa	main	UFLIA/sledgehammer/Hoare/smtlib.1095947.smt2	db31113fa	not-dispatched	unknown	0	none	q:mbqi-quick	9	fd:parse:probe\pq:ground-subset:declined\pq:bool-skeleton:declined\pq:eq-partition:declined\pq:unsat-universal:declined\pq:forall-exists-witness:declined\pq:finite-expansion:declined\pq:uf-fmf-probe:declined\pq:mbqi-quick:declined	25131	20\p1\p1\p272\p0\p0\p0\p1\p1507	yes	q:ground-subset=not-applicable\pq:bool-skeleton=not-applicable\pq:eq-partition=not-applicable\pq:unsat-universal=not-applicable\pq:forall-exists-witness=not-applicable\pq:finite-expansion=unsupported\pq:uf-fmf-probe=not-applicable\pq:mbqi-quick=incomplete	\p\p\p\p\pquantifier over non-enumerable domain (Uninterpreted 1)\p\pe-matching instantiation stopped after 3 rounds: the remaining budget could not fit another round with growth headroom	\p\p\p\p\pbackend\p\p	server5	6,14	4.06
t1-UFLIA-db31113fa	main	UFLIA/sledgehammer/QEpres/smtlib.1120322.smt2	db31113fa	not-dispatched	unknown	0	none	q:egraph	22	fd:parse:probe\pq:ground-subset:declined\pq:bool-skeleton:declined\pq:eq-partition:declined\pq:unsat-universal:declined\pq:forall-exists-witness:declined\pq:finite-expansion:declined\pq:uf-fmf-probe:declined\pq:mbqi-quick:declined\pq:egraph:declined\pq:uf-fmf-full:declined\pq:mbqi:declined\pq:nat-induction:declined\pfd:string-gate:declined\pfd:source-string-semantic-unsat:declined\pfd:word-route:declined\pfd:online-string:declined\pfd:membership:declined\pfd:lex-order:declined\pfd:length-lia:declined\pfd:source-string-sat-probe:declined\pfd:bounded-completeness-unsat:declined	17923	9\p6\p5\p329\p0\p0\p0\p0\p1488\p9803\p9\p6192\p0\p0\p0\p0\p0\p0\p0\p0\p0\p0	no	q:ground-subset=not-applicable\pq:bool-skeleton=not-applicable\pq:eq-partition=not-applicable\pq:unsat-universal=not-applicable\pq:forall-exists-witness=not-applicable\pq:finite-expansion=unsupported\pq:uf-fmf-probe=not-applicable\pq:mbqi-quick=incomplete\pq:egraph=incomplete\pq:uf-fmf-full=budget\pq:mbqi=budget\pq:nat-induction=not-applicable\pfd:string-gate=budget\pfd:source-string-semantic-unsat=budget\pfd:word-route=budget\pfd:online-string=budget\pfd:membership=budget\pfd:lex-order=budget\pfd:length-lia=budget\pfd:source-string-sat-probe=budget\pfd:bounded-completeness-unsat=budget	\p\p\p\p\pquantifier over non-enumerable domain (Uninterpreted 2)\p\pe-matching instantiation stopped after 7 rounds: the remaining budget could not fit another round with growth headroom\pe-matching instantiation did not refute within the round budget\pe-matching: instantiation time budget exhausted mid-round (the interleaved ground check did not decide the set inside the deadline)\pe-matching: instantiation time budget exhausted mid-round (the interleaved ground check did not decide the set inside the deadline)\p\pe-matching: instantiation time budget exhausted mid-round (the interleaved ground check did not decide the set inside the deadline)\pe-matching: instantiation time budget exhausted mid-round (the interleaved ground check did not decide the set inside the deadline)\pe-matching: instantiation time budget exhausted mid-round (the interleaved ground check did not decide the set inside the deadline)\pe-matching: instantiation time budget exhausted mid-round (the interleaved ground check did not decide the set inside the deadline)\pe-matching: instantiation time budget exhausted mid-round (the interleaved ground check did not decide the set inside the deadline)\pe-matching: instantiation time budget exhausted mid-round (the interleaved ground check did not decide the set inside the deadline)\pe-matching: instantiation time budget exhausted mid-round (the interleaved ground check did not decide the set inside the deadline)\pe-matching: instantiation time budget exhausted mid-round (the interleaved ground check did not decide the set inside the deadline)\pe-matching: instantiation time budget exhausted mid-round (the interleaved ground check did not decide the set inside the deadline)	\p\p\p\p\pbackend\p\p\p\pother\pother\p\pother\pother\pother\pother\pother\pother\pother\pother\pother	server5	6,14	4.04
t1-UFLIA-db31113fa	main	UFLIA/sledgehammer/StrongNorm/smtlib.686273.smt2	db31113fa	not-dispatched	unknown	0	none	q:mbqi	23	fd:parse:probe\pq:ground-subset:declined\pq:bool-skeleton:declined\pq:valid-universal-qf:declined\pq:eq-partition:declined\pq:unsat-universal:declined\pq:forall-exists-witness:declined\pq:finite-expansion:declined\pq:uf-fmf-probe:declined\pq:mbqi-quick:declined\pq:egraph:declined\pq:uf-fmf-full:declined\pq:mbqi:declined\pq:nat-induction:declined\pfd:string-gate:declined\pfd:source-string-semantic-unsat:declined\pfd:word-route:declined\pfd:online-string:declined\pfd:membership:declined\pfd:lex-order:declined\pfd:length-lia:declined\pfd:source-string-sat-probe:declined\pfd:bounded-completeness-unsat:declined	13520	17\p1\p1\p70\p0\p0\p0\p0\p0\p1632\p3207\p32\p8464\p0\p0\p0\p0\p0\p0\p0\p0\p0\p0	no	q:ground-subset=not-applicable\pq:bool-skeleton=not-applicable\pq:valid-universal-qf=unsupported\pq:eq-partition=not-applicable\pq:unsat-universal=not-applicable\pq:forall-exists-witness=not-applicable\pq:finite-expansion=unsupported\pq:uf-fmf-probe=not-applicable\pq:mbqi-quick=budget\pq:egraph=incomplete\pq:uf-fmf-full=incomplete\pq:mbqi=incomplete\pq:nat-induction=not-applicable\pfd:string-gate=incomplete\pfd:source-string-semantic-unsat=incomplete\pfd:word-route=incomplete\pfd:online-string=incomplete\pfd:membership=incomplete\pfd:lex-order=incomplete\pfd:length-lia=incomplete\pfd:source-string-sat-probe=incomplete\pfd:bounded-completeness-unsat=incomplete	\p\pterm #10642 has sort (Uninterpreted 1) that the pure-Rust BV backend cannot bit-blast\p\p\p\pquantifier over non-enumerable domain (Uninterpreted 5)\p\pe-matching: instantiation time budget exhausted mid-round (the interleaved ground check did not decide the set inside the deadline)\pe-matching instantiation admitted nothing further after 5 rounds with the ground set at the admission ceiling (a saturation, not a fixpoint: more rounds cannot help at THIS ceiling, and that is a different claim)\pe-matching instantiation admitted nothing further after 4 rounds with the ground set at the admission ceiling (a saturation, not a fixpoint: more rounds cannot help at THIS ceiling, and that is a different claim)\pe-matching instantiation admitted nothing further after 4 rounds with the ground set at the admission ceiling (a saturation, not a fixpoint: more rounds cannot help at THIS ceiling, and that is a different claim)\p\pe-matching instantiation admitted nothing further after 4 rounds with the ground set at the admission ceiling (a saturation, not a fixpoint: more rounds cannot help at THIS ceiling, and that is a different claim)\pe-matching instantiation admitted nothing further after 4 rounds with the ground set at the admission ceiling (a saturation, not a fixpoint: more rounds cannot help at THIS ceiling, and that is a different claim)\pe-matching instantiation admitted nothing further after 4 rounds with the ground set at the admission ceiling (a saturation, not a fixpoint: more rounds cannot help at THIS ceiling, and that is a different claim)\pe-matching instantiation admitted nothing further after 4 rounds with the ground set at the admission ceiling (a saturation, not a fixpoint: more rounds cannot help at THIS ceiling, and that is a different claim)\pe-matching instantiation admitted nothing further after 4 rounds with the ground set at the admission ceiling (a saturation, not a fixpoint: more rounds cannot help at THIS ceiling, and that is a different claim)\pe-matching instantiation admitted nothing further after 4 rounds with the ground set at the admission ceiling (a saturation, not a fixpoint: more rounds cannot help at THIS ceiling, and that is a different claim)\pe-matching instantiation admitted nothing further after 4 rounds with the ground set at the admission ceiling (a saturation, not a fixpoint: more rounds cannot help at THIS ceiling, and that is a different claim)\pe-matching instantiation admitted nothing further after 4 rounds with the ground set at the admission ceiling (a saturation, not a fixpoint: more rounds cannot help at THIS ceiling, and that is a different claim)\pe-matching instantiation admitted nothing further after 4 rounds with the ground set at the admission ceiling (a saturation, not a fixpoint: more rounds cannot help at THIS ceiling, and that is a different claim)	\p\pbackend\p\p\p\pbackend\p\pother\p\p\p\p\p\p\p\p\p\p\p\p\p	server5	6,14	4.10
t1-UFLIA-db31113fa	main	UFLIA/sledgehammer/TwoSquares/smtlib.916972.smt2	db31113fa	not-dispatched	unsat	0	q:ground-subset	fd:parse	2	fd:parse:probe\pq:ground-subset:decided	106	6\p1	no				server5	6,14	4.08
t1-UFLIA-db31113fa	main	UFLIA/tokeneer/certificatestore/updatestore-8.smt2	db31113fa	not-dispatched	unsat	0	q:bool-skeleton	q:bool-skeleton	3	fd:parse:probe\pq:ground-subset:declined\pq:bool-skeleton:decided	106	0\p0\p0	no	q:ground-subset=not-applicable			server5	6,14	4.08
t1-UFLIA-db31113fa	main	UFLIA/tokeneer/keystore/digest-127.smt2	db31113fa	not-dispatched	unsat	0	q:ground-subset	q:ground-subset	2	fd:parse:probe\pq:ground-subset:decided	106	1\p2	no				server5	6,14	4.08
t1-UFLIA-db31113fa	main	UFLIA/tokeneer/tokenreader/poll/checkcardstate-7.smt2	db31113fa	not-dispatched	unsat	0	q:mbqi-quick	q:eq-partition	9	fd:parse:probe\pq:ground-subset:declined\pq:bool-skeleton:declined\pq:eq-partition:declined\pq:unsat-universal:declined\pq:forall-exists-witness:declined\pq:finite-expansion:declined\pq:uf-fmf-probe:declined\pq:mbqi-quick:decided	207	0\p8\p7\p77\p0\p0\p0\p0\p76	no	q:ground-subset=not-applicable\pq:bool-skeleton=not-applicable\pq:eq-partition=not-applicable\pq:unsat-universal=not-applicable\pq:forall-exists-witness=not-applicable\pq:finite-expansion=unsupported\pq:uf-fmf-probe=not-applicable	\p\p\p\p\pquantifier over non-enumerable domain Int\p	\p\p\p\p\pbackend\p	server5	6,14	4.08
t1-UFLIA-db31113fa	main	UFLIA/boogie/AssignToRepField_AssignToRepField.N.smt2	db31113fa	not-dispatched	unknown	0	none	q:egraph	21	fd:parse:probe\pq:ground-subset:declined\pq:bool-skeleton:declined\pq:eq-partition:declined\pq:unsat-universal:declined\pq:forall-exists-witness:declined\pq:finite-expansion:declined\pq:uf-fmf-probe:declined\pq:mbqi-quick:declined\pq:egraph:declined\pq:timeout:declined\pq:timeout:declined\pfd:string-gate:declined\pfd:source-string-semantic-unsat:declined\pfd:word-route:declined\pfd:online-string:declined\pfd:membership:declined\pfd:lex-order:declined\pfd:length-lia:declined\pfd:source-string-sat-probe:declined\pfd:bounded-completeness-unsat:declined	24133	2\p465\p2177\p2223\p0\p0\p0\p1\p1332\p17840\p0\p0\p0\p0\p0\p0\p0\p0\p0\p0\p0	no	q:ground-subset=not-applicable\pq:bool-skeleton=not-applicable\pq:eq-partition=not-applicable\pq:unsat-universal=not-applicable\pq:forall-exists-witness=not-applicable\pq:finite-expansion=unsupported\pq:uf-fmf-probe=not-applicable\pq:mbqi-quick=budget\pq:egraph=budget\pq:timeout=budget\pq:timeout=budget\pfd:string-gate=budget\pfd:source-string-semantic-unsat=budget\pfd:word-route=budget\pfd:online-string=budget\pfd:membership=budget\pfd:lex-order=budget\pfd:length-lia=budget\pfd:source-string-sat-probe=budget\pfd:bounded-completeness-unsat=budget	\p\p\p\p\pquantifier over non-enumerable domain Int\p\pe-matching: instantiation time budget exhausted mid-round (the interleaved ground check did not decide the set inside the deadline)\pe-matching: instantiation time budget exhausted mid-round (the interleaved ground check did not decide the set inside the deadline)\pquantified solve time budget exhausted after e-matching\pquantified solve time budget exhausted after MBQI and the finite-model finder\pquantified solve time budget exhausted after MBQI and the finite-model finder\pquantified solve time budget exhausted after MBQI and the finite-model finder\pquantified solve time budget exhausted after MBQI and the finite-model finder\pquantified solve time budget exhausted after MBQI and the finite-model finder\pquantified solve time budget exhausted after MBQI and the finite-model finder\pquantified solve time budget exhausted after MBQI and the finite-model finder\pquantified solve time budget exhausted after MBQI and the finite-model finder\pquantified solve time budget exhausted after MBQI and the finite-model finder\pquantified solve time budget exhausted after MBQI and the finite-model finder	\p\p\p\p\pbackend\p\pother\pother\pother\pother\pother\pother\pother\pother\pother\pother\pother\pother\pother	server6	1,9	4.01
t1-UFLIA-db31113fa	main	UFLIA/boogie/Passification_good1-noinfer.smt2	db31113fa	not-dispatched	unsat	0	q:bool-skeleton	q:bool-skeleton	3	fd:parse:probe\pq:ground-subset:declined\pq:bool-skeleton:decided	108	0\p0\p0	no	q:ground-subset=not-applicable			server6	1,9	4.15
t1-UFLIA-db31113fa	main	UFLIA/grasshopper/instantiated/union_check_heap_access_38_21.smt2	db31113fa	not-dispatched	unsat	0	q:mbqi-quick	q:mbqi-quick	9	fd:parse:probe\pq:ground-subset:declined\pq:bool-skeleton:declined\pq:eq-partition:declined\pq:unsat-universal:declined\pq:forall-exists-witness:declined\pq:finite-expansion:declined\pq:uf-fmf-probe:declined\pq:mbqi-quick:decided	107	0\p0\p13\p5\p0\p0\p0\p0\p35	no	q:ground-subset=not-applicable\pq:bool-skeleton=not-applicable\pq:eq-partition=not-applicable\pq:unsat-universal=not-applicable\pq:forall-exists-witness=not-applicable\pq:finite-expansion=unsupported\pq:uf-fmf-probe=not-applicable	\p\p\p\p\pquantifier over non-enumerable domain (Uninterpreted 0)\p	\p\p\p\p\pbackend\p	server6	1,9	4.15
t1-UFLIA-db31113fa	main	UFLIA/simplify/javafe.ast.TypeDeclElemPragma.373.smt2	db31113fa	not-dispatched	unknown	0	none	q:mbqi-quick	9	fd:parse:probe\pq:ground-subset:declined\pq:bool-skeleton:declined\pq:eq-partition:declined\pq:unsat-universal:declined\pq:forall-exists-witness:declined\pq:finite-expansion:declined\pq:uf-fmf-probe:declined\pq:mbqi-quick:declined	25033	1\p5\p162\p192\p0\p0\p0\p0\p1644	yes	q:ground-subset=not-applicable\pq:bool-skeleton=not-applicable\pq:eq-partition=not-applicable\pq:unsat-universal=not-applicable\pq:forall-exists-witness=not-applicable\pq:finite-expansion=unsupported\pq:uf-fmf-probe=not-applicable\pq:mbqi-quick=budget	\p\p\p\p\pquantifier over non-enumerable domain Int\p\pe-matching: instantiation time budget exhausted mid-round (the interleaved ground check did not decide the set inside the deadline)	\p\p\p\p\pbackend\p\pother	server6	1,9	4.13
t1-UFLIA-db31113fa	main	UFLIA/simplify2/front_end_suite/javafe.ast.BinaryExpr.010.smt2	db31113fa	not-dispatched	unsat	0	q:bool-skeleton	q:bool-skeleton	3	fd:parse:probe\pq:ground-subset:declined\pq:bool-skeleton:decided	809	7\p331\p355	no	q:ground-subset=not-applicable			server6	1,9	4.21
t1-UFLIA-db31113fa	main	UFLIA/simplify2/front_end_suite/javafe.ast.Modifiers.012.smt2	db31113fa	not-dispatched	unsat	0	q:ground-subset	q:ground-subset	2	fd:parse:probe\pq:ground-subset:decided	108	1\p4	no				server6	1,9	4.21
t1-UFLIA-db31113fa	main	UFLIA/simplify2/front_end_suite/javafe.ast.VisitorArgResult.067.smt2	db31113fa	not-dispatched	unsat	0	q:ground-subset	q:ground-subset	2	fd:parse:probe\pq:ground-subset:decided	108	4\p84	no				server6	1,9	4.21
t1-UFLIA-db31113fa	main	UFLIA/simplify2/front_end_suite/javafe.tc.TypeSig.001.smt2	db31113fa	not-dispatched	unknown	0	none	q:eq-partition	8	fd:parse:probe\pq:ground-subset:declined\pq:bool-skeleton:declined\pq:eq-partition:declined\pq:unsat-universal:declined\pq:forall-exists-witness:declined\pq:finite-expansion:declined\pq:uf-fmf-probe:declined	25035	12\p583\p1022\p12833\p0\p0\p0\p26	yes	q:ground-subset=not-applicable\pq:bool-skeleton=not-applicable\pq:eq-partition=not-applicable\pq:unsat-universal=not-applicable\pq:forall-exists-witness=not-applicable\pq:finite-expansion=unsupported\pq:uf-fmf-probe=not-applicable	\p\p\p\p\pquantifier over non-enumerable domain Int\p	\p\p\p\p\pbackend\p	server6	1,9	4.21
t1-UFLIA-db31113fa	main	UFLIA/sledgehammer/FFT/smtlib.594705.smt2	db31113fa	not-dispatched	unknown	0	none	q:egraph	23	fd:parse:probe\pq:ground-subset:declined\pq:bool-skeleton:declined\pq:valid-universal-qf:declined\pq:eq-partition:declined\pq:unsat-universal:declined\pq:forall-exists-witness:declined\pq:finite-expansion:declined\pq:uf-fmf-probe:declined\pq:mbqi-quick:declined\pq:egraph:declined\pq:uf-fmf-full:declined\pq:mbqi:declined\pq:nat-induction:declined\pfd:string-gate:declined\pfd:source-string-semantic-unsat:declined\pfd:word-route:declined\pfd:online-string:declined\pfd:membership:declined\pfd:lex-order:declined\pfd:length-lia:declined\pfd:source-string-sat-probe:declined\pfd:bounded-completeness-unsat:declined	23733	1\p1\p1\p11\p0\p0\p0\p0\p0\p1356\p21589\p4\p654\p0\p0\p0\p0\p0\p0\p0\p0\p0\p0	no	q:ground-subset=not-applicable\pq:bool-skeleton=not-applicable\pq:valid-universal-qf=unsupported\pq:eq-partition=not-applicable\pq:unsat-universal=not-applicable\pq:forall-exists-witness=not-applicable\pq:finite-expansion=unsupported\pq:uf-fmf-probe=not-applicable\pq:mbqi-quick=budget\pq:egraph=incomplete\pq:uf-fmf-full=budget\pq:mbqi=budget\pq:nat-induction=not-applicable\pfd:string-gate=budget\pfd:source-string-semantic-unsat=budget\pfd:word-route=budget\pfd:online-string=budget\pfd:membership=budget\pfd:lex-order=budget\pfd:length-lia=budget\pfd:source-string-sat-probe=budget\pfd:bounded-completeness-unsat=budget	\p\pterm #1438 has sort (Uninterpreted 1) that the pure-Rust BV backend cannot bit-blast\p\p\p\pquantifier over non-enumerable domain (Uninterpreted 1)\p\pcombined theories: eager Ackermann elimination would emit 281435 congruence constraints, exceeding the deterministic admission bound of 64 (the O(k²) expansion and its downstream solve run unbounded; this needs a lazy/CEGAR route)\pe-matching instantiation admitted nothing further after 20 rounds with the ground set at the admission ceiling (a saturation, not a fixpoint: more rounds cannot help at THIS ceiling, and that is a different claim)\pcombined theories: eager Ackermann elimination would emit 281435 congruence constraints, exceeding the deterministic admission bound of 64 (the O(k²) expansion and its downstream solve run unbounded; this needs a lazy/CEGAR route)\pcombined theories: eager Ackermann elimination would emit 281435 congruence constraints, exceeding the deterministic admission bound of 64 (the O(k²) expansion and its downstream solve run unbounded; this needs a lazy/CEGAR route)\p\pcombined theories: eager Ackermann elimination would emit 281435 congruence constraints, exceeding the deterministic admission bound of 64 (the O(k²) expansion and its downstream solve run unbounded; this needs a lazy/CEGAR route)\pcombined theories: eager Ackermann elimination would emit 281435 congruence constraints, exceeding the deterministic admission bound of 64 (the O(k²) expansion and its downstream solve run unbounded; this needs a lazy/CEGAR route)\pcombined theories: eager Ackermann elimination would emit 281435 congruence constraints, exceeding the deterministic admission bound of 64 (the O(k²) expansion and its downstream solve run unbounded; this needs a lazy/CEGAR route)\pcombined theories: eager Ackermann elimination would emit 281435 congruence constraints, exceeding the deterministic admission bound of 64 (the O(k²) expansion and its downstream solve run unbounded; this needs a lazy/CEGAR route)\pcombined theories: eager Ackermann elimination would emit 281435 congruence constraints, exceeding the deterministic admission bound of 64 (the O(k²) expansion and its downstream solve run unbounded; this needs a lazy/CEGAR route)\pcombined theories: eager Ackermann elimination would emit 281435 congruence constraints, exceeding the deterministic admission bound of 64 (the O(k²) expansion and its downstream solve run unbounded; this needs a lazy/CEGAR route)\pcombined theories: eager Ackermann elimination would emit 281435 congruence constraints, exceeding the deterministic admission bound of 64 (the O(k²) expansion and its downstream solve run unbounded; this needs a lazy/CEGAR route)\pcombined theories: eager Ackermann elimination would emit 281435 congruence constraints, exceeding the deterministic admission bound of 64 (the O(k²) expansion and its downstream solve run unbounded; this needs a lazy/CEGAR route)\pcombined theories: eager Ackermann elimination would emit 281435 congruence constraints, exceeding the deterministic admission bound of 64 (the O(k²) expansion and its downstream solve run unbounded; this needs a lazy/CEGAR route)	\p\pbackend\p\p\p\pbackend\p\pother\p\pother\pother\p\pother\pother\pother\pother\pother\pother\pother\pother\pother	server6	1,9	4.14
t1-UFLIA-db31113fa	main	UFLIA/sledgehammer/Fundamental_Theorem_Algebra/smtlib.1462528.smt2	db31113fa	not-dispatched	unknown	0	none	q:egraph	22	fd:parse:probe\pq:ground-subset:declined\pq:bool-skeleton:declined\pq:eq-partition:declined\pq:unsat-universal:declined\pq:forall-exists-witness:declined\pq:finite-expansion:declined\pq:uf-fmf-probe:declined\pq:mbqi-quick:declined\pq:egraph:declined\pq:uf-fmf-full:declined\pq:mbqi:declined\pq:nat-induction:declined\pfd:string-gate:declined\pfd:source-string-semantic-unsat:declined\pfd:word-route:declined\pfd:online-string:declined\pfd:membership:declined\pfd:lex-order:declined\pfd:length-lia:declined\pfd:source-string-sat-probe:declined\pfd:bounded-completeness-unsat:declined	2810	0\p0\p0\p36\p0\p0\p0\p0\p59\p2135\p3\p461\p0\p0\p0\p0\p0\p0\p0\p0\p0\p0	no	q:ground-subset=not-applicable\pq:bool-skeleton=not-applicable\pq:eq-partition=not-applicable\pq:unsat-universal=not-applicable\pq:forall-exists-witness=not-applicable\pq:finite-expansion=unsupported\pq:uf-fmf-probe=not-applicable\pq:mbqi-quick=unsupported\pq:egraph=incomplete\pq:uf-fmf-full=incomplete\pq:mbqi=incomplete\pq:nat-induction=not-applicable\pfd:string-gate=incomplete\pfd:source-string-semantic-unsat=incomplete\pfd:word-route=incomplete\pfd:online-string=incomplete\pfd:membership=incomplete\pfd:lex-order=incomplete\pfd:length-lia=incomplete\pfd:source-string-sat-probe=incomplete\pfd:bounded-completeness-unsat=incomplete	\p\p\p\p\pquantifier over non-enumerable domain (Uninterpreted 2)\p\pterm #0 has sort (Uninterpreted 0) that the pure-Rust BV backend cannot bit-blast\pe-matching instantiation reached fixpoint without refuting after 94 rounds (no further instance to admit; more rounds cannot help)\pmbqi declined an unsupported fragment: term #0 has sort (Uninterpreted 0) that the pure-Rust BV backend cannot bit-blast\pmbqi declined an unsupported fragment: term #0 has sort (Uninterpreted 0) that the pure-Rust BV backend cannot bit-blast\p\pmbqi declined an unsupported fragment: term #0 has sort (Uninterpreted 0) that the pure-Rust BV backend cannot bit-blast\pmbqi declined an unsupported fragment: term #0 has sort (Uninterpreted 0) that the pure-Rust BV backend cannot bit-blast\pmbqi declined an unsupported fragment: term #0 has sort (Uninterpreted 0) that the pure-Rust BV backend cannot bit-blast\pmbqi declined an unsupported fragment: term #0 has sort (Uninterpreted 0) that the pure-Rust BV backend cannot bit-blast\pmbqi declined an unsupported fragment: term #0 has sort (Uninterpreted 0) that the pure-Rust BV backend cannot bit-blast\pmbqi declined an unsupported fragment: term #0 has sort (Uninterpreted 0) that the pure-Rust BV backend cannot bit-blast\pmbqi declined an unsupported fragment: term #0 has sort (Uninterpreted 0) that the pure-Rust BV backend cannot bit-blast\pmbqi declined an unsupported fragment: term #0 has sort (Uninterpreted 0) that the pure-Rust BV backend cannot bit-blast\pmbqi declined an unsupported fragment: term #0 has sort (Uninterpreted 0) that the pure-Rust BV backend cannot bit-blast	\p\p\p\p\pbackend\p\pbackend\p\p\p\p\p\p\p\p\p\p\p\p\p	server6	1,9	4.09
t1-UFLIA-db31113fa	main	UFLIA/sledgehammer/Hoare/smtlib.1175889.smt2	db31113fa	not-dispatched	unknown	0	none	q:mbqi-quick	9	fd:parse:probe\pq:ground-subset:declined\pq:bool-skeleton:declined\pq:eq-partition:declined\pq:unsat-universal:declined\pq:forall-exists-witness:declined\pq:finite-expansion:declined\pq:uf-fmf-probe:declined\pq:mbqi-quick:declined	25234	18\p1\p1\p227\p0\p0\p0\p1\p1508	yes	q:ground-subset=not-applicable\pq:bool-skeleton=not-applicable\pq:eq-partition=not-applicable\pq:unsat-universal=not-applicable\pq:forall-exists-witness=not-applicable\pq:finite-expansion=unsupported\pq:uf-fmf-probe=not-applicable\pq:mbqi-quick=budget	\p\p\p\p\pquantifier over non-enumerable domain (Uninterpreted 1)\p\pe-matching: instantiation time budget exhausted mid-round (the interleaved ground check did not decide the set inside the deadline)	\p\p\p\p\pbackend\p\pother	server6	1,9	4.09
t1-UFLIA-db31113fa	main	UFLIA/sledgehammer/QEpres/smtlib.1180449.smt2	db31113fa	not-dispatched	unknown	0	none	q:egraph	22	fd:parse:probe\pq:ground-subset:declined\pq:bool-skeleton:declined\pq:valid-universal-qf:declined\pq:eq-partition:declined\pq:unsat-universal:declined\pq:forall-exists-witness:declined\pq:finite-expansion:declined\pq:uf-fmf-probe:declined\pq:mbqi-quick:declined\pq:egraph:declined\pq:timeout:declined\pq:timeout:declined\pfd:string-gate:declined\pfd:source-string-semantic-unsat:declined\pfd:word-route:declined\pfd:online-string:declined\pfd:membership:declined\pfd:lex-order:declined\pfd:length-lia:declined\pfd:source-string-sat-probe:declined\pfd:bounded-completeness-unsat:declined	24134	15\p1207\p1208\p131\p0\p0\p0\p0\p0\p1443\p20095\p0\p0\p0\p0\p0\p0\p0\p0\p0\p0\p0	no	q:ground-subset=not-applicable\pq:bool-skeleton=not-applicable\pq:valid-universal-qf=unsupported\pq:eq-partition=not-applicable\pq:unsat-universal=not-applicable\pq:forall-exists-witness=not-applicable\pq:finite-expansion=unsupported\pq:uf-fmf-probe=not-applicable\pq:mbqi-quick=budget\pq:egraph=budget\pq:timeout=budget\pq:timeout=budget\pfd:string-gate=budget\pfd:source-string-semantic-unsat=budget\pfd:word-route=budget\pfd:online-string=budget\pfd:membership=budget\pfd:lex-order=budget\pfd:length-lia=budget\pfd:source-string-sat-probe=budget\pfd:bounded-completeness-unsat=budget	\p\pterm #485 has sort (Uninterpreted 95) that the pure-Rust BV backend cannot bit-blast\p\p\p\pquantifier over non-enumerable domain (Uninterpreted 1)\p\pe-matching: instantiation time budget exhausted mid-round (the interleaved ground check did not decide the set inside the deadline)\pe-matching: instantiation time budget exhausted mid-round (the interleaved ground check did not decide the set inside the deadline)\pquantified solve time budget exhausted after e-matching\pquantified solve time budget exhausted after MBQI and the finite-model finder\pquantified solve time budget exhausted after MBQI and the finite-model finder\pquantified solve time budget exhausted after MBQI and the finite-model finder\pquantified solve time budget exhausted after MBQI and the finite-model finder\pquantified solve time budget exhausted after MBQI and the finite-model finder\pquantified solve time budget exhausted after MBQI and the finite-model finder\pquantified solve time budget exhausted after MBQI and the finite-model finder\pquantified solve time budget exhausted after MBQI and the finite-model finder\pquantified solve time budget exhausted after MBQI and the finite-model finder\pquantified solve time budget exhausted after MBQI and the finite-model finder	\p\pbackend\p\p\p\pbackend\p\pother\pother\pother\pother\pother\pother\pother\pother\pother\pother\pother\pother\pother	server6	1,9	4.06
t1-UFLIA-db31113fa	main	UFLIA/sledgehammer/StrongNorm/smtlib.749048.smt2	db31113fa	not-dispatched	unknown	0	none	q:mbqi	23	fd:parse:probe\pq:ground-subset:declined\pq:bool-skeleton:declined\pq:valid-universal-qf:declined\pq:eq-partition:declined\pq:unsat-universal:declined\pq:forall-exists-witness:declined\pq:finite-expansion:declined\pq:uf-fmf-probe:declined\pq:mbqi-quick:declined\pq:egraph:declined\pq:uf-fmf-full:declined\pq:mbqi:declined\pq:nat-induction:declined\pfd:string-gate:declined\pfd:source-string-semantic-unsat:declined\pfd:word-route:declined\pfd:online-string:declined\pfd:membership:declined\pfd:lex-order:declined\pfd:length-lia:declined\pfd:source-string-sat-probe:declined\pfd:bounded-completeness-unsat:declined	15225	1\p1\p1\p10\p0\p0\p0\p0\p0\p1840\p3289\p51\p9873\p0\p0\p0\p0\p0\p0\p0\p0\p0\p0	no	q:ground-subset=not-applicable\pq:bool-skeleton=not-applicable\pq:valid-universal-qf=unsupported\pq:eq-partition=not-applicable\pq:unsat-universal=not-applicable\pq:forall-exists-witness=not-applicable\pq:finite-expansion=unsupported\pq:uf-fmf-probe=not-applicable\pq:mbqi-quick=budget\pq:egraph=incomplete\pq:uf-fmf-full=incomplete\pq:mbqi=incomplete\pq:nat-induction=not-applicable\pfd:string-gate=incomplete\pfd:source-string-semantic-unsat=incomplete\pfd:word-route=incomplete\pfd:online-string=incomplete\pfd:membership=incomplete\pfd:lex-order=incomplete\pfd:length-lia=incomplete\pfd:source-string-sat-probe=incomplete\pfd:bounded-completeness-unsat=incomplete	\p\pterm #2392 has sort (Uninterpreted 3) that the pure-Rust BV backend cannot bit-blast\p\p\p\pquantifier over non-enumerable domain (Uninterpreted 3)\p\pe-matching: instantiation time budget exhausted mid-round (the interleaved ground check did not decide the set inside the deadline)\pe-matching instantiation reached fixpoint without refuting after 21 rounds (no further instance to admit; more rounds cannot help)\pe-matching instantiation stopped after 6 rounds: the remaining budget could not fit another round with growth headroom\pe-matching instantiation stopped after 6 rounds: the remaining budget could not fit another round with growth headroom\p\pe-matching instantiation stopped after 6 rounds: the remaining budget could not fit another round with growth headroom\pe-matching instantiation stopped after 6 rounds: the remaining budget could not fit another round with growth headroom\pe-matching instantiation stopped after 6 rounds: the remaining budget could not fit another round with growth headroom\pe-matching instantiation stopped after 6 rounds: the remaining budget could not fit another round with growth headroom\pe-matching instantiation stopped after 6 rounds: the remaining budget could not fit another round with growth headroom\pe-matching instantiation stopped after 6 rounds: the remaining budget could not fit another round with growth headroom\pe-matching instantiation stopped after 6 rounds: the remaining budget could not fit another round with growth headroom\pe-matching instantiation stopped after 6 rounds: the remaining budget could not fit another round with growth headroom\pe-matching instantiation stopped after 6 rounds: the remaining budget could not fit another round with growth headroom	\p\pbackend\p\p\p\pbackend\p\pother\p\p\p\p\p\p\p\p\p\p\p\p\p	server6	1,9	4.04
t1-UFLIA-db31113fa	main	UFLIA/sledgehammer/TypeSafe/smtlib.1133139.smt2	db31113fa	not-dispatched	unknown	0	none	q:egraph	23	fd:parse:probe\pq:ground-subset:declined\pq:bool-skeleton:declined\pq:valid-universal-qf:declined\pq:eq-partition:declined\pq:unsat-universal:declined\pq:forall-exists-witness:declined\pq:finite-expansion:declined\pq:uf-fmf-probe:declined\pq:mbqi-quick:declined\pq:egraph:declined\pq:uf-fmf-full:declined\pq:mbqi:declined\pq:nat-induction:declined\pfd:string-gate:declined\pfd:source-string-semantic-unsat:declined\pfd:word-route:declined\pfd:online-string:declined\pfd:membership:declined\pfd:lex-order:declined\pfd:length-lia:declined\pfd:source-string-sat-probe:declined\pfd:bounded-completeness-unsat:declined	19128	13\p7\p6\p111\p0\p0\p0\p0\p0\p2955\p8387\p106\p7315\p0\p0\p0\p0\p0\p0\p0\p0\p0\p0	no	q:ground-subset=not-applicable\pq:bool-skeleton=not-applicable\pq:valid-universal-qf=unsupported\pq:eq-partition=not-applicable\pq:unsat-universal=not-applicable\pq:forall-exists-witness=not-applicable\pq:finite-expansion=unsupported\pq:uf-fmf-probe=not-applicable\pq:mbqi-quick=incomplete\pq:egraph=incomplete\pq:uf-fmf-full=budget\pq:mbqi=budget\pq:nat-induction=not-applicable\pfd:string-gate=budget\pfd:source-string-semantic-unsat=budget\pfd:word-route=budget\pfd:online-string=budget\pfd:membership=budget\pfd:lex-order=budget\pfd:length-lia=budget\pfd:source-string-sat-probe=budget\pfd:bounded-completeness-unsat=budget	\p\pterm #11004 has sort (Uninterpreted 61) that the pure-Rust BV backend cannot bit-blast\p\p\p\pquantifier over non-enumerable domain (Uninterpreted 2)\p\pe-matching instantiation stopped after 2 rounds: the remaining budget could not fit another round with growth headroom\pe-matching instantiation admitted nothing further after 8 rounds with the ground set at the admission ceiling (a saturation, not a fixpoint: more rounds cannot help at THIS ceiling, and that is a different claim)\pe-matching: instantiation time budget exhausted mid-round (the interleaved ground check did not decide the set inside the deadline)\pe-matching: instantiation time budget exhausted mid-round (the interleaved ground check did not decide the set inside the deadline)\p\pe-matching: instantiation time budget exhausted mid-round (the interleaved ground check did not decide the set inside the deadline)\pe-matching: instantiation time budget exhausted mid-round (the interleaved ground check did not decide the set inside the deadline)\pe-matching: instantiation time budget exhausted mid-round (the interleaved ground check did not decide the set inside the deadline)\pe-matching: instantiation time budget exhausted mid-round (the interleaved ground check did not decide the set inside the deadline)\pe-matching: instantiation time budget exhausted mid-round (the interleaved ground check did not decide the set inside the deadline)\pe-matching: instantiation time budget exhausted mid-round (the interleaved ground check did not decide the set inside the deadline)\pe-matching: instantiation time budget exhausted mid-round (the interleaved ground check did not decide the set inside the deadline)\pe-matching: instantiation time budget exhausted mid-round (the interleaved ground check did not decide the set inside the deadline)\pe-matching: instantiation time budget exhausted mid-round (the interleaved ground check did not decide the set inside the deadline)	\p\pbackend\p\p\p\pbackend\p\p\p\pother\pother\p\pother\pother\pother\pother\pother\pother\pother\pother\pother	server6	1,9	4.03
t1-UFLIA-db31113fa	main	UFLIA/tokeneer/configdata/init/setdefaults-12.smt2	db31113fa	not-dispatched	unsat	0	q:bool-skeleton	q:bool-skeleton	3	fd:parse:probe\pq:ground-subset:declined\pq:bool-skeleton:decided	108	0\p0\p0	no	q:ground-subset=not-applicable			server6	1,9	4.02
t1-UFLIA-db31113fa	main	UFLIA/tokeneer/keystore/digest-173.smt2	db31113fa	not-dispatched	unsat	0	q:ground-subset	q:ground-subset	2	fd:parse:probe\pq:ground-subset:decided	108	1\p2	no				server6	1,9	4.02
t1-UFLIA-db31113fa	main	UFLIA/tokeneer/userentry/progress-12.smt2	db31113fa	not-dispatched	unknown	0	none	q:egraph	21	fd:parse:probe\pq:ground-subset:declined\pq:bool-skeleton:declined\pq:eq-partition:declined\pq:unsat-universal:declined\pq:forall-exists-witness:declined\pq:finite-expansion:declined\pq:uf-fmf-probe:declined\pq:mbqi-quick:declined\pq:egraph:declined\pq:timeout:declined\pq:timeout:declined\pfd:string-gate:declined\pfd:source-string-semantic-unsat:declined\pfd:word-route:declined\pfd:online-string:declined\pfd:membership:declined\pfd:lex-order:declined\pfd:length-lia:declined\pfd:source-string-sat-probe:declined\pfd:bounded-completeness-unsat:declined	24132	0\p1\p1\p28\p0\p0\p0\p0\p1709\p22298\p0\p0\p0\p0\p0\p0\p0\p0\p0\p0\p0	no	q:ground-subset=not-applicable\pq:bool-skeleton=not-applicable\pq:eq-partition=not-applicable\pq:unsat-universal=not-applicable\pq:forall-exists-witness=not-applicable\pq:finite-expansion=unsupported\pq:uf-fmf-probe=not-applicable\pq:mbqi-quick=budget\pq:egraph=budget\pq:timeout=budget\pq:timeout=budget\pfd:string-gate=budget\pfd:source-string-semantic-unsat=budget\pfd:word-route=budget\pfd:online-string=budget\pfd:membership=budget\pfd:lex-order=budget\pfd:length-lia=budget\pfd:source-string-sat-probe=budget\pfd:bounded-completeness-unsat=budget	\p\p\p\p\pquantifier over non-enumerable domain Int\p\pe-matching: instantiation time budget exhausted mid-round (the interleaved ground check did not decide the set inside the deadline)\pe-matching: instantiation time budget exhausted mid-round (the interleaved ground check did not decide the set inside the deadline)\pquantified solve time budget exhausted after e-matching\pquantified solve time budget exhausted after MBQI and the finite-model finder\pquantified solve time budget exhausted after MBQI and the finite-model finder\pquantified solve time budget exhausted after MBQI and the finite-model finder\pquantified solve time budget exhausted after MBQI and the finite-model finder\pquantified solve time budget exhausted after MBQI and the finite-model finder\pquantified solve time budget exhausted after MBQI and the finite-model finder\pquantified solve time budget exhausted after MBQI and the finite-model finder\pquantified solve time budget exhausted after MBQI and the finite-model finder\pquantified solve time budget exhausted after MBQI and the finite-model finder\pquantified solve time budget exhausted after MBQI and the finite-model finder	\p\p\p\p\pbackend\p\pother\pother\pother\pother\pother\pother\pother\pother\pother\pother\pother\pother\pother	server6	1,9	4.02
t1-UFLIA-db31113fa	main	UFLIA/boogie/Bag2_Bag.Add_System.Int32.smt2	db31113fa	not-dispatched	unknown	0	none	q:egraph	21	fd:parse:probe\pq:ground-subset:declined\pq:bool-skeleton:declined\pq:eq-partition:declined\pq:unsat-universal:declined\pq:forall-exists-witness:declined\pq:finite-expansion:declined\pq:uf-fmf-probe:declined\pq:mbqi-quick:declined\pq:egraph:declined\pq:timeout:declined\pq:timeout:declined\pfd:string-gate:declined\pfd:source-string-semantic-unsat:declined\pfd:word-route:declined\pfd:online-string:declined\pfd:membership:declined\pfd:lex-order:declined\pfd:length-lia:declined\pfd:source-string-sat-probe:declined\pfd:bounded-completeness-unsat:declined	24135	3\p532\p1688\p2725\p0\p0\p0\p3\p1352\p17759\p0\p0\p0\p0\p0\p0\p0\p0\p0\p0\p0	no	q:ground-subset=not-applicable\pq:bool-skeleton=not-applicable\pq:eq-partition=not-applicable\pq:unsat-universal=not-applicable\pq:forall-exists-witness=not-applicable\pq:finite-expansion=unsupported\pq:uf-fmf-probe=not-applicable\pq:mbqi-quick=budget\pq:egraph=budget\pq:timeout=budget\pq:timeout=budget\pfd:string-gate=budget\pfd:source-string-semantic-unsat=budget\pfd:word-route=budget\pfd:online-string=budget\pfd:membership=budget\pfd:lex-order=budget\pfd:length-lia=budget\pfd:source-string-sat-probe=budget\pfd:bounded-completeness-unsat=budget	\p\p\p\p\pquantifier over non-enumerable domain Int\p\pe-matching: instantiation time budget exhausted mid-round (the interleaved ground check did not decide the set inside the deadline)\pe-matching: instantiation time budget exhausted mid-round (the interleaved ground check did not decide the set inside the deadline)\pquantified solve time budget exhausted after e-matching\pquantified solve time budget exhausted after MBQI and the finite-model finder\pquantified solve time budget exhausted after MBQI and the finite-model finder\pquantified solve time budget exhausted after MBQI and the finite-model finder\pquantified solve time budget exhausted after MBQI and the finite-model finder\pquantified solve time budget exhausted after MBQI and the finite-model finder\pquantified solve time budget exhausted after MBQI and the finite-model finder\pquantified solve time budget exhausted after MBQI and the finite-model finder\pquantified solve time budget exhausted after MBQI and the finite-model finder\pquantified solve time budget exhausted after MBQI and the finite-model finder\pquantified solve time budget exhausted after MBQI and the finite-model finder	\p\p\p\p\pbackend\p\pother\pother\pother\pother\pother\pother\pother\pother\pother\pother\pother\pother\pother	server6	3,11	4.19
t1-UFLIA-db31113fa	main	UFLIA/boogie/PureAxioms_B.Dummy2-level_2.smt2	db31113fa	not-dispatched	unknown	0	none	q:egraph	21	fd:parse:probe\pq:ground-subset:declined\pq:bool-skeleton:declined\pq:eq-partition:declined\pq:unsat-universal:declined\pq:forall-exists-witness:declined\pq:finite-expansion:declined\pq:uf-fmf-probe:declined\pq:mbqi-quick:declined\pq:egraph:declined\pq:timeout:declined\pq:timeout:declined\pfd:string-gate:declined\pfd:source-string-semantic-unsat:declined\pfd:word-route:declined\pfd:online-string:declined\pfd:membership:declined\pfd:lex-order:declined\pfd:length-lia:declined\pfd:source-string-sat-probe:declined\pfd:bounded-completeness-unsat:declined	24132	3\p624\p1466\p2507\p0\p0\p0\p1\p1428\p18000\p0\p0\p0\p0\p0\p0\p0\p0\p0\p0\p0	no	q:ground-subset=not-applicable\pq:bool-skeleton=not-applicable\pq:eq-partition=not-applicable\pq:unsat-universal=not-applicable\pq:forall-exists-witness=not-applicable\pq:finite-expansion=unsupported\pq:uf-fmf-probe=not-applicable\pq:mbqi-quick=budget\pq:egraph=budget\pq:timeout=budget\pq:timeout=budget\pfd:string-gate=budget\pfd:source-string-semantic-unsat=budget\pfd:word-route=budget\pfd:online-string=budget\pfd:membership=budget\pfd:lex-order=budget\pfd:length-lia=budget\pfd:source-string-sat-probe=budget\pfd:bounded-completeness-unsat=budget	\p\p\p\p\pquantifier over non-enumerable domain Int\p\pe-matching: instantiation time budget exhausted mid-round (the interleaved ground check did not decide the set inside the deadline)\pe-matching: instantiation time budget exhausted mid-round (the interleaved ground check did not decide the set inside the deadline)\pquantified solve time budget exhausted after e-matching\pquantified solve time budget exhausted after MBQI and the finite-model finder\pquantified solve time budget exhausted after MBQI and the finite-model finder\pquantified solve time budget exhausted after MBQI and the finite-model finder\pquantified solve time budget exhausted after MBQI and the finite-model finder\pquantified solve time budget exhausted after MBQI and the finite-model finder\pquantified solve time budget exhausted after MBQI and the finite-model finder\pquantified solve time budget exhausted after MBQI and the finite-model finder\pquantified solve time budget exhausted after MBQI and the finite-model finder\pquantified solve time budget exhausted after MBQI and the finite-model finder\pquantified solve time budget exhausted after MBQI and the finite-model finder	\p\p\p\p\pbackend\p\pother\pother\pother\pother\pother\pother\pother\pother\pother\pother\pother\pother\pother	server6	3,11	4.12
t1-UFLIA-db31113fa	main	UFLIA/grasshopper/uninstantiated/difference_check_heap_access_41_8.smt2	db31113fa	not-dispatched	unsat	0	q:egraph	q:egraph	10	fd:parse:probe\pq:ground-subset:declined\pq:bool-skeleton:declined\pq:eq-partition:declined\pq:unsat-universal:declined\pq:forall-exists-witness:declined\pq:finite-expansion:declined\pq:uf-fmf-probe:declined\pq:mbqi-quick:declined\pq:egraph:decided	12420	0\p4\p3\p16\p0\p0\p0\p0\p1600\p10656	no	q:ground-subset=not-applicable\pq:bool-skeleton=not-applicable\pq:eq-partition=not-applicable\pq:unsat-universal=not-applicable\pq:forall-exists-witness=not-applicable\pq:finite-expansion=unsupported\pq:uf-fmf-probe=not-applicable\pq:mbqi-quick=budget	\p\p\p\p\pquantifier over non-enumerable domain (Uninterpreted 4)\p\pe-matching: instantiation time budget exhausted mid-round (the interleaved ground check did not decide the set inside the deadline)	\p\p\p\p\pbackend\p\pother	server6	3,11	4.09
t1-UFLIA-db31113fa	main	UFLIA/simplify/javafe.ast.UnaryExpr.424.smt2	db31113fa	not-dispatched	unknown	0	none	q:egraph	22	fd:parse:probe\pq:ground-subset:declined\pq:bool-skeleton:declined\pq:eq-partition:declined\pq:unsat-universal:declined\pq:forall-exists-witness:declined\pq:finite-expansion:declined\pq:uf-fmf-probe:declined\pq:mbqi-quick:declined\pq:egraph:declined\pq:uf-fmf-full:declined\pq:mbqi:declined\pq:timeout:declined\pfd:string-gate:declined\pfd:source-string-semantic-unsat:declined\pfd:word-route:declined\pfd:online-string:declined\pfd:membership:declined\pfd:lex-order:declined\pfd:length-lia:declined\pfd:source-string-sat-probe:declined\pfd:bounded-completeness-unsat:declined	24634	3\p134\p4206\p3368\p0\p0\p0\p8\p1275\p14234\p0\p1248\p0\p0\p0\p0\p0\p0\p0\p0\p0\p0	no	q:ground-subset=not-applicable\pq:bool-skeleton=not-applicable\pq:eq-partition=not-applicable\pq:unsat-universal=not-applicable\pq:forall-exists-witness=not-applicable\pq:finite-expansion=unsupported\pq:uf-fmf-probe=not-applicable\pq:mbqi-quick=budget\pq:egraph=incomplete\pq:uf-fmf-full=budget\pq:mbqi=budget\pq:timeout=budget\pfd:string-gate=budget\pfd:source-string-semantic-unsat=budget\pfd:word-route=budget\pfd:online-string=budget\pfd:membership=budget\pfd:lex-order=budget\pfd:length-lia=budget\pfd:source-string-sat-probe=budget\pfd:bounded-completeness-unsat=budget	\p\p\p\p\pquantifier over non-enumerable domain Int\p\pe-matching: instantiation time budget exhausted mid-round (the interleaved ground check did not decide the set inside the deadline)\pe-matching instantiation reached fixpoint without refuting after 6 rounds (no further instance to admit; more rounds cannot help)\pe-matching: instantiation time budget exhausted mid-round (the interleaved ground check did not decide the set inside the deadline)\pe-matching: instantiation time budget exhausted mid-round (the interleaved ground check did not decide the set inside the deadline)\pquantified solve time budget exhausted after MBQI and the finite-model finder\pquantified solve time budget exhausted after MBQI and the finite-model finder\pquantified solve time budget exhausted after MBQI and the finite-model finder\pquantified solve time budget exhausted after MBQI and the finite-model finder\pquantified solve time budget exhausted after MBQI and the finite-model finder\pquantified solve time budget exhausted after MBQI and the finite-model finder\pquantified solve time budget exhausted after MBQI and the finite-model finder\pquantified solve time budget exhausted after MBQI and the finite-model finder\pquantified solve time budget exhausted after MBQI and the finite-model finder\pquantified solve time budget exhausted after MBQI and the finite-model finder	\p\p\p\p\pbackend\p\pother\p\pother\pother\pother\pother\pother\pother\pother\pother\pother\pother\pother\pother	server6	3,11	4.07
t1-UFLIA-db31113fa	main	UFLIA/simplify2/front_end_suite/javafe.ast.CatchClauseVec.004.smt2	db31113fa	not-dispatched	unsat	0	q:bool-skeleton	q:ground-subset	3	fd:parse:probe\pq:ground-subset:declined\pq:bool-skeleton:decided	109	1\p53\p19	no	q:ground-subset=not-applicable			server6	3,11	4.04
t1-UFLIA-db31113fa	main	UFLIA/simplify2/front_end_suite/javafe.ast.ParenExpr.006.smt2	db31113fa	not-dispatched	unknown	0	none	q:mbqi-quick	21	fd:parse:probe\pq:ground-subset:declined\pq:bool-skeleton:declined\pq:eq-partition:declined\pq:unsat-universal:declined\pq:forall-exists-witness:declined\pq:finite-expansion:declined\pq:uf-fmf-probe:declined\pq:mbqi-quick:declined\pq:egraph:declined\pq:timeout:declined\pq:timeout:declined\pfd:string-gate:declined\pfd:source-string-semantic-unsat:declined\pfd:word-route:declined\pfd:online-string:declined\pfd:membership:declined\pfd:lex-order:declined\pfd:length-lia:declined\pfd:source-string-sat-probe:declined\pfd:bounded-completeness-unsat:declined	24134	6\p335\p616\p7199\p0\p0\p0\p16\p8884\p6955\p0\p0\p0\p0\p0\p0\p0\p0\p0\p0\p0	no	q:ground-subset=not-applicable\pq:bool-skeleton=not-applicable\pq:eq-partition=not-applicable\pq:unsat-universal=not-applicable\pq:forall-exists-witness=not-applicable\pq:finite-expansion=unsupported\pq:uf-fmf-probe=not-applicable\pq:mbqi-quick=incomplete\pq:egraph=incomplete\pq:timeout=budget\pq:timeout=budget\pfd:string-gate=budget\pfd:source-string-semantic-unsat=budget\pfd:word-route=budget\pfd:online-string=budget\pfd:membership=budget\pfd:lex-order=budget\pfd:length-lia=budget\pfd:source-string-sat-probe=budget\pfd:bounded-completeness-unsat=budget	\p\p\p\p\pquantifier over non-enumerable domain Int\p\pquery has quantifiers instantiation does not reach (nested, existential, or non-top-level)\pe-matching instantiation admitted nothing further after 4 rounds with the ground set at the admission ceiling (a saturation, not a fixpoint: more rounds cannot help at THIS ceiling, and that is a different claim)\pquantified solve time budget exhausted after e-matching\pquantified solve time budget exhausted after MBQI and the finite-model finder\pquantified solve time budget exhausted after MBQI and the finite-model finder\pquantified solve time budget exhausted after MBQI and the finite-model finder\pquantified solve time budget exhausted after MBQI and the finite-model finder\pquantified solve time budget exhausted after MBQI and the finite-model finder\pquantified solve time budget exhausted after MBQI and the finite-model finder\pquantified solve time budget exhausted after MBQI and the finite-model finder\pquantified solve time budget exhausted after MBQI and the finite-model finder\pquantified solve time budget exhausted after MBQI and the finite-model finder\pquantified solve time budget exhausted after MBQI and the finite-model finder	\p\p\p\p\pbackend\p\p\p\pother\pother\pother\pother\pother\pother\pother\pother\pother\pother\pother	server6	3,11	4.04
t1-UFLIA-db31113fa	main	UFLIA/simplify2/front_end_suite/javafe.filespace.HashTree.001.smt2	db31113fa	not-dispatched	unknown	0	none	q:egraph	21	fd:parse:probe\pq:ground-subset:declined\pq:bool-skeleton:declined\pq:eq-partition:declined\pq:unsat-universal:declined\pq:forall-exists-witness:declined\pq:finite-expansion:declined\pq:uf-fmf-probe:declined\pq:mbqi-quick:declined\pq:egraph:declined\pq:timeout:declined\pq:timeout:declined\pfd:string-gate:declined\pfd:source-string-semantic-unsat:declined\pfd:word-route:declined\pfd:online-string:declined\pfd:membership:declined\pfd:lex-order:declined\pfd:length-lia:declined\pfd:source-string-sat-probe:declined\pfd:bounded-completeness-unsat:declined	24633	1\p12\p28\p178\p0\p0\p0\p0\p1523\p22787\p0\p0\p0\p0\p0\p0\p0\p0\p0\p0\p0	no	q:ground-subset=not-applicable\pq:bool-skeleton=not-applicable\pq:eq-partition=not-applicable\pq:unsat-universal=not-applicable\pq:forall-exists-witness=not-applicable\pq:finite-expansion=unsupported\pq:uf-fmf-probe=not-applicable\pq:mbqi-quick=budget\pq:egraph=budget\pq:timeout=budget\pq:timeout=budget\pfd:string-gate=budget\pfd:source-string-semantic-unsat=budget\pfd:word-route=budget\pfd:online-string=budget\pfd:membership=budget\pfd:lex-order=budget\pfd:length-lia=budget\pfd:source-string-sat-probe=budget\pfd:bounded-completeness-unsat=budget	\p\p\p\p\pquantifier over non-enumerable domain Int\p\pe-matching: instantiation time budget exhausted mid-round (the interleaved ground check did not decide the set inside the deadline)\pe-matching: instantiation time budget exhausted mid-round (the interleaved ground check did not decide the set inside the deadline)\pquantified solve time budget exhausted after e-matching\pquantified solve time budget exhausted after MBQI and the finite-model finder\pquantified solve time budget exhausted after MBQI and the finite-model finder\pquantified solve time budget exhausted after MBQI and the finite-model finder\pquantified solve time budget exhausted after MBQI and the finite-model finder\pquantified solve time budget exhausted after MBQI and the finite-model finder\pquantified solve time budget exhausted after MBQI and the finite-model finder\pquantified solve time budget exhausted after MBQI and the finite-model finder\pquantified solve time budget exhausted after MBQI and the finite-model finder\pquantified solve time budget exhausted after MBQI and the finite-model finder\pquantified solve time budget exhausted after MBQI and the finite-model finder	\p\p\p\p\pbackend\p\pother\pother\pother\pother\pother\pother\pother\pother\pother\pother\pother\pother\pother	server6	3,11	4.03
t1-UFLIA-db31113fa	main	UFLIA/simplify2/front_end_suite/javafe.tc.TypeSigVec.005.smt2	db31113fa	not-dispatched	unknown	0	none	q:egraph	21	fd:parse:probe\pq:ground-subset:declined\pq:bool-skeleton:declined\pq:eq-partition:declined\pq:unsat-universal:declined\pq:forall-exists-witness:declined\pq:finite-expansion:declined\pq:uf-fmf-probe:declined\pq:mbqi-quick:declined\pq:egraph:declined\pq:timeout:declined\pq:timeout:declined\pfd:string-gate:declined\pfd:source-string-semantic-unsat:declined\pfd:word-route:declined\pfd:online-string:declined\pfd:membership:declined\pfd:lex-order:declined\pfd:length-lia:declined\pfd:source-string-sat-probe:declined\pfd:bounded-completeness-unsat:declined	24132	2\p191\p1020\p319\p0\p0\p0\p0\p1537\p20987\p0\p0\p0\p0\p0\p0\p0\p0\p0\p0\p0	no	q:ground-subset=not-applicable\pq:bool-skeleton=not-applicable\pq:eq-partition=not-applicable\pq:unsat-universal=not-applicable\pq:forall-exists-witness=not-applicable\pq:finite-expansion=unsupported\pq:uf-fmf-probe=not-applicable\pq:mbqi-quick=budget\pq:egraph=budget\pq:timeout=budget\pq:timeout=budget\pfd:string-gate=budget\pfd:source-string-semantic-unsat=budget\pfd:word-route=budget\pfd:online-string=budget\pfd:membership=budget\pfd:lex-order=budget\pfd:length-lia=budget\pfd:source-string-sat-probe=budget\pfd:bounded-completeness-unsat=budget	\p\p\p\p\pquantifier over non-enumerable domain Int\p\pe-matching: instantiation time budget exhausted mid-round (the interleaved ground check did not decide the set inside the deadline)\pe-matching: instantiation time budget exhausted mid-round (the interleaved ground check did not decide the set inside the deadline)\pquantified solve time budget exhausted after e-matching\pquantified solve time budget exhausted after MBQI and the finite-model finder\pquantified solve time budget exhausted after MBQI and the finite-model finder\pquantified solve time budget exhausted after MBQI and the finite-model finder\pquantified solve time budget exhausted after MBQI and the finite-model finder\pquantified solve time budget exhausted after MBQI and the finite-model finder\pquantified solve time budget exhausted after MBQI and the finite-model finder\pquantified solve time budget exhausted after MBQI and the finite-model finder\pquantified solve time budget exhausted after MBQI and the finite-model finder\pquantified solve time budget exhausted after MBQI and the finite-model finder\pquantified solve time budget exhausted after MBQI and the finite-model finder	\p\p\p\p\pbackend\p\pother\pother\pother\pother\pother\pother\pother\pother\pother\pother\pother\pother\pother	server6	3,11	4.02
t1-UFLIA-db31113fa	main	UFLIA/sledgehammer/FFT/smtlib.725125.smt2	db31113fa	not-dispatched	unknown	0	none	q:mbqi-quick	23	fd:parse:probe\pq:ground-subset:declined\pq:bool-skeleton:declined\pq:valid-universal-qf:declined\pq:eq-partition:declined\pq:unsat-universal:declined\pq:forall-exists-witness:declined\pq:finite-expansion:declined\pq:uf-fmf-probe:declined\pq:mbqi-quick:declined\pq:egraph:declined\pq:uf-fmf-full:declined\pq:mbqi:declined\pq:nat-induction:declined\pfd:string-gate:declined\pfd:source-string-semantic-unsat:declined\pfd:word-route:declined\pfd:online-string:declined\pfd:membership:declined\pfd:lex-order:declined\pfd:length-lia:declined\pfd:source-string-sat-probe:declined\pfd:bounded-completeness-unsat:declined	608	2\p5\p4\p11\p0\p0\p0\p0\p0\p225\p67\p4\p203\p0\p0\p0\p0\p0\p0\p0\p0\p0\p0	no	q:ground-subset=not-applicable\pq:bool-skeleton=not-applicable\pq:valid-universal-qf=unsupported\pq:eq-partition=not-applicable\pq:unsat-universal=not-applicable\pq:forall-exists-witness=not-applicable\pq:finite-expansion=unsupported\pq:uf-fmf-probe=not-applicable\pq:mbqi-quick=budget\pq:egraph=unsupported\pq:uf-fmf-full=budget\pq:mbqi=budget\pq:nat-induction=not-applicable\pfd:string-gate=budget\pfd:source-string-semantic-unsat=budget\pfd:word-route=budget\pfd:online-string=budget\pfd:membership=budget\pfd:lex-order=budget\pfd:length-lia=budget\pfd:source-string-sat-probe=budget\pfd:bounded-completeness-unsat=budget	\p\pterm #2224 has sort (Uninterpreted 3) that the pure-Rust BV backend cannot bit-blast\p\p\p\pquantifier over non-enumerable domain (Uninterpreted 2)\p\pUF+arithmetic: lazy Ackermann abstraction build would still construct 33279189 congruence terms, exceeding the secondary bound of 2000000\pterm #5 has sort (Uninterpreted 6) that the pure-Rust BV backend cannot bit-blast\pUF+arithmetic: lazy Ackermann abstraction build would still construct 33279189 congruence terms, exceeding the secondary bound of 2000000\pUF+arithmetic: lazy Ackermann abstraction build would still construct 33279189 congruence terms, exceeding the secondary bound of 2000000\p\pUF+arithmetic: lazy Ackermann abstraction build would still construct 33279189 congruence terms, exceeding the secondary bound of 2000000\pUF+arithmetic: lazy Ackermann abstraction build would still construct 33279189 congruence terms, exceeding the secondary bound of 2000000\pUF+arithmetic: lazy Ackermann abstraction build would still construct 33279189 congruence terms, exceeding the secondary bound of 2000000\pUF+arithmetic: lazy Ackermann abstraction build would still construct 33279189 congruence terms, exceeding the secondary bound of 2000000\pUF+arithmetic: lazy Ackermann abstraction build would still construct 33279189 congruence terms, exceeding the secondary bound of 2000000\pUF+arithmetic: lazy Ackermann abstraction build would still construct 33279189 congruence terms, exceeding the secondary bound of 2000000\pUF+arithmetic: lazy Ackermann abstraction build would still construct 33279189 congruence terms, exceeding the secondary bound of 2000000\pUF+arithmetic: lazy Ackermann abstraction build would still construct 33279189 congruence terms, exceeding the secondary bound of 2000000\pUF+arithmetic: lazy Ackermann abstraction build would still construct 33279189 congruence terms, exceeding the secondary bound of 2000000	\p\pbackend\p\p\p\pbackend\p\pother\pbackend\pother\pother\p\pother\pother\pother\pother\pother\pother\pother\pother\pother	server6	3,11	4.01
t1-UFLIA-db31113fa	main	UFLIA/sledgehammer/Fundamental_Theorem_Algebra/smtlib.1523261.smt2	db31113fa	not-dispatched	unsat	0	q:ground-subset	fd:parse	2	fd:parse:probe\pq:ground-subset:decided	108	10\p1	no				server6	3,11	4.01
t1-UFLIA-db31113fa	main	UFLIA/sledgehammer/Hoare/smtlib.581330.smt2	db31113fa	not-dispatched	unknown	0	none	q:egraph	22	fd:parse:probe\pq:ground-subset:declined\pq:bool-skeleton:declined\pq:eq-partition:declined\pq:unsat-universal:declined\pq:forall-exists-witness:declined\pq:finite-expansion:declined\pq:uf-fmf-probe:declined\pq:mbqi-quick:declined\pq:egraph:declined\pq:uf-fmf-full:declined\pq:mbqi:declined\pq:nat-induction:declined\pfd:string-gate:declined\pfd:source-string-semantic-unsat:declined\pfd:word-route:declined\pfd:online-string:declined\pfd:membership:declined\pfd:lex-order:declined\pfd:length-lia:declined\pfd:source-string-sat-probe:declined\pfd:bounded-completeness-unsat:declined	1910	0\p0\p1\p2\p0\p0\p0\p0\p305\p846\p0\p741\p0\p0\p0\p0\p0\p0\p0\p0\p0\p0	no	q:ground-subset=not-applicable\pq:bool-skeleton=not-applicable\pq:eq-partition=not-applicable\pq:unsat-universal=not-applicable\pq:forall-exists-witness=not-applicable\pq:finite-expansion=unsupported\pq:uf-fmf-probe=not-applicable\pq:mbqi-quick=unsupported\pq:egraph=unsupported\pq:uf-fmf-full=incomplete\pq:mbqi=incomplete\pq:nat-induction=not-applicable\pfd:string-gate=incomplete\pfd:source-string-semantic-unsat=incomplete\pfd:word-route=incomplete\pfd:online-string=incomplete\pfd:membership=incomplete\pfd:lex-order=incomplete\pfd:length-lia=incomplete\pfd:source-string-sat-probe=incomplete\pfd:bounded-completeness-unsat=incomplete	\p\p\p\p\pquantifier over non-enumerable domain (Uninterpreted 3)\p\pterm #0 has sort (Uninterpreted 0) that the pure-Rust BV backend cannot bit-blast\pterm #14 has sort (Uninterpreted 7) that the pure-Rust BV backend cannot bit-blast\pmbqi declined an unsupported fragment: term #0 has sort (Uninterpreted 0) that the pure-Rust BV backend cannot bit-blast\pmbqi declined an unsupported fragment: term #0 has sort (Uninterpreted 0) that the pure-Rust BV backend cannot bit-blast\p\pmbqi declined an unsupported fragment: term #0 has sort (Uninterpreted 0) that the pure-Rust BV backend cannot bit-blast\pmbqi declined an unsupported fragment: term #0 has sort (Uninterpreted 0) that the pure-Rust BV backend cannot bit-blast\pmbqi declined an unsupported fragment: term #0 has sort (Uninterpreted 0) that the pure-Rust BV backend cannot bit-blast\pmbqi declined an unsupported fragment: term #0 has sort (Uninterpreted 0) that the pure-Rust BV backend cannot bit-blast\pmbqi declined an unsupported fragment: term #0 has sort (Uninterpreted 0) that the pure-Rust BV backend cannot bit-blast\pmbqi declined an unsupported fragment: term #0 has sort (Uninterpreted 0) that the pure-Rust BV backend cannot bit-blast\pmbqi declined an unsupported fragment: term #0 has sort (Uninterpreted 0) that the pure-Rust BV backend cannot bit-blast\pmbqi declined an unsupported fragment: term #0 has sort (Uninterpreted 0) that the pure-Rust BV backend cannot bit-blast\pmbqi declined an unsupported fragment: term #0 has sort (Uninterpreted 0) that the pure-Rust BV backend cannot bit-blast	\p\p\p\p\pbackend\p\pbackend\pbackend\p\p\p\p\p\p\p\p\p\p\p\p	server6	3,11	4.01
t1-UFLIA-db31113fa	main	UFLIA/sledgehammer/QEpres/smtlib.1237382.smt2	db31113fa	not-dispatched	unknown	0	none	q:egraph	22	fd:parse:probe\pq:ground-subset:declined\pq:bool-skeleton:declined\pq:eq-partition:declined\pq:unsat-universal:declined\pq:forall-exists-witness:declined\pq:finite-expansion:declined\pq:uf-fmf-probe:declined\pq:mbqi-quick:declined\pq:egraph:declined\pq:uf-fmf-full:declined\pq:mbqi:declined\pq:nat-induction:declined\pfd:string-gate:declined\pfd:source-string-semantic-unsat:declined\pfd:word-route:declined\pfd:online-string:declined\pfd:membership:declined\pfd:lex-order:declined\pfd:length-lia:declined\pfd:source-string-sat-probe:declined\pfd:bounded-completeness-unsat:declined	20730	0\p0\p0\p1\p0\p0\p0\p0\p1507\p15754\p0\p3398\p0\p0\p0\p0\p0\p0\p0\p0\p0\p0	no	q:ground-subset=not-applicable\pq:bool-skeleton=not-applicable\pq:eq-partition=not-applicable\pq:unsat-universal=not-applicable\pq:forall-exists-witness=not-applicable\pq:finite-expansion=unsupported\pq:uf-fmf-probe=not-applicable\pq:mbqi-quick=unsupported\pq:egraph=incomplete\pq:uf-fmf-full=incomplete\pq:mbqi=incomplete\pq:nat-induction=not-applicable\pfd:string-gate=incomplete\pfd:source-string-semantic-unsat=incomplete\pfd:word-route=incomplete\pfd:online-string=incomplete\pfd:membership=incomplete\pfd:lex-order=incomplete\pfd:length-lia=incomplete\pfd:source-string-sat-probe=incomplete\pfd:bounded-completeness-unsat=incomplete	\p\p\p\p\pquantifier over non-enumerable domain (Uninterpreted 1)\p\pterm #0 has sort (Uninterpreted 0) that the pure-Rust BV backend cannot bit-blast\pe-matching instantiation reached fixpoint without refuting after 94 rounds (no further instance to admit; more rounds cannot help)\pmbqi declined an unsupported fragment: term #0 has sort (Uninterpreted 0) that the pure-Rust BV backend cannot bit-blast\pmbqi declined an unsupported fragment: term #0 has sort (Uninterpreted 0) that the pure-Rust BV backend cannot bit-blast\p\pmbqi declined an unsupported fragment: term #0 has sort (Uninterpreted 0) that the pure-Rust BV backend cannot bit-blast\pmbqi declined an unsupported fragment: term #0 has sort (Uninterpreted 0) that the pure-Rust BV backend cannot bit-blast\pmbqi declined an unsupported fragment: term #0 has sort (Uninterpreted 0) that the pure-Rust BV backend cannot bit-blast\pmbqi declined an unsupported fragment: term #0 has sort (Uninterpreted 0) that the pure-Rust BV backend cannot bit-blast\pmbqi declined an unsupported fragment: term #0 has sort (Uninterpreted 0) that the pure-Rust BV backend cannot bit-blast\pmbqi declined an unsupported fragment: term #0 has sort (Uninterpreted 0) that the pure-Rust BV backend cannot bit-blast\pmbqi declined an unsupported fragment: term #0 has sort (Uninterpreted 0) that the pure-Rust BV backend cannot bit-blast\pmbqi declined an unsupported fragment: term #0 has sort (Uninterpreted 0) that the pure-Rust BV backend cannot bit-blast\pmbqi declined an unsupported fragment: term #0 has sort (Uninterpreted 0) that the pure-Rust BV backend cannot bit-blast	\p\p\p\p\pbackend\p\pbackend\p\p\p\p\p\p\p\p\p\p\p\p\p	server6	3,11	4.01
t1-UFLIA-db31113fa	main	UFLIA/sledgehammer/StrongNorm/smtlib.812524.smt2	db31113fa	not-dispatched	unknown	0	none	q:mbqi	23	fd:parse:probe\pq:ground-subset:declined\pq:bool-skeleton:declined\pq:valid-universal-qf:declined\pq:eq-partition:declined\pq:unsat-universal:declined\pq:forall-exists-witness:declined\pq:finite-expansion:declined\pq:uf-fmf-probe:declined\pq:mbqi-quick:declined\pq:egraph:declined\pq:uf-fmf-full:declined\pq:mbqi:declined\pq:nat-induction:declined\pfd:string-gate:declined\pfd:source-string-semantic-unsat:declined\pfd:word-route:declined\pfd:online-string:declined\pfd:membership:declined\pfd:lex-order:declined\pfd:length-lia:declined\pfd:source-string-sat-probe:declined\pfd:bounded-completeness-unsat:declined	14023	2\p0\p0\p16\p0\p0\p0\p0\p0\p1618\p1854\p48\p10372\p0\p0\p0\p0\p0\p0\p0\p0\p0\p0	no	q:ground-subset=not-applicable\pq:bool-skeleton=not-applicable\pq:valid-universal-qf=unsupported\pq:eq-partition=not-applicable\pq:unsat-universal=not-applicable\pq:forall-exists-witness=not-applicable\pq:finite-expansion=unsupported\pq:uf-fmf-probe=not-applicable\pq:mbqi-quick=incomplete\pq:egraph=incomplete\pq:uf-fmf-full=incomplete\pq:mbqi=incomplete\pq:nat-induction=not-applicable\pfd:string-gate=incomplete\pfd:source-string-semantic-unsat=incomplete\pfd:word-route=incomplete\pfd:online-string=incomplete\pfd:membership=incomplete\pfd:lex-order=incomplete\pfd:length-lia=incomplete\pfd:source-string-sat-probe=incomplete\pfd:bounded-completeness-unsat=incomplete	\p\pterm #3204 has sort (Uninterpreted 4) that the pure-Rust BV backend cannot bit-blast\p\p\p\pquantifier over non-enumerable domain (Uninterpreted 5)\p\pe-matching instantiation stopped after 4 rounds: the remaining budget could not fit another round with growth headroom\pe-matching instantiation admitted nothing further after 14 rounds with the ground set at the admission ceiling (a saturation, not a fixpoint: more rounds cannot help at THIS ceiling, and that is a different claim)\pe-matching instantiation admitted nothing further after 5 rounds with the ground set at the admission ceiling (a saturation, not a fixpoint: more rounds cannot help at THIS ceiling, and that is a different claim)\pe-matching instantiation admitted nothing further after 5 rounds with the ground set at the admission ceiling (a saturation, not a fixpoint: more rounds cannot help at THIS ceiling, and that is a different claim)\p\pe-matching instantiation admitted nothing further after 5 rounds with the ground set at the admission ceiling (a saturation, not a fixpoint: more rounds cannot help at THIS ceiling, and that is a different claim)\pe-matching instantiation admitted nothing further after 5 rounds with the ground set at the admission ceiling (a saturation, not a fixpoint: more rounds cannot help at THIS ceiling, and that is a different claim)\pe-matching instantiation admitted nothing further after 5 rounds with the ground set at the admission ceiling (a saturation, not a fixpoint: more rounds cannot help at THIS ceiling, and that is a different claim)\pe-matching instantiation admitted nothing further after 5 rounds with the ground set at the admission ceiling (a saturation, not a fixpoint: more rounds cannot help at THIS ceiling, and that is a different claim)\pe-matching instantiation admitted nothing further after 5 rounds with the ground set at the admission ceiling (a saturation, not a fixpoint: more rounds cannot help at THIS ceiling, and that is a different claim)\pe-matching instantiation admitted nothing further after 5 rounds with the ground set at the admission ceiling (a saturation, not a fixpoint: more rounds cannot help at THIS ceiling, and that is a different claim)\pe-matching instantiation admitted nothing further after 5 rounds with the ground set at the admission ceiling (a saturation, not a fixpoint: more rounds cannot help at THIS ceiling, and that is a different claim)\pe-matching instantiation admitted nothing further after 5 rounds with the ground set at the admission ceiling (a saturation, not a fixpoint: more rounds cannot help at THIS ceiling, and that is a different claim)\pe-matching instantiation admitted nothing further after 5 rounds with the ground set at the admission ceiling (a saturation, not a fixpoint: more rounds cannot help at THIS ceiling, and that is a different claim)	\p\pbackend\p\p\p\pbackend\p\p\p\p\p\p\p\p\p\p\p\p\p\p\p	server6	3,11	4.15
t1-UFLIA-db31113fa	main	UFLIA/sledgehammer/TypeSafe/smtlib.704617.smt2	db31113fa	not-dispatched	unknown	0	none	q:mbqi	22	fd:parse:probe\pq:ground-subset:declined\pq:bool-skeleton:declined\pq:eq-partition:declined\pq:unsat-universal:declined\pq:forall-exists-witness:declined\pq:finite-expansion:declined\pq:uf-fmf-probe:declined\pq:mbqi-quick:declined\pq:egraph:declined\pq:uf-fmf-full:declined\pq:mbqi:declined\pq:nat-induction:declined\pfd:string-gate:declined\pfd:source-string-semantic-unsat:declined\pfd:word-route:declined\pfd:online-string:declined\pfd:membership:declined\pfd:lex-order:declined\pfd:length-lia:declined\pfd:source-string-sat-probe:declined\pfd:bounded-completeness-unsat:declined	14423	12\p1\p0\p162\p0\p0\p0\p1\p1529\p2866\p12\p9734\p0\p0\p0\p0\p0\p0\p0\p0\p0\p0	no	q:ground-subset=not-applicable\pq:bool-skeleton=not-applicable\pq:eq-partition=not-applicable\pq:unsat-universal=not-applicable\pq:forall-exists-witness=not-applicable\pq:finite-expansion=unsupported\pq:uf-fmf-probe=not-applicable\pq:mbqi-quick=incomplete\pq:egraph=incomplete\pq:uf-fmf-full=incomplete\pq:mbqi=incomplete\pq:nat-induction=not-applicable\pfd:string-gate=incomplete\pfd:source-string-semantic-unsat=incomplete\pfd:word-route=incomplete\pfd:online-string=incomplete\pfd:membership=incomplete\pfd:lex-order=incomplete\pfd:length-lia=incomplete\pfd:source-string-sat-probe=incomplete\pfd:bounded-completeness-unsat=incomplete	\p\p\p\p\pquantifier over non-enumerable domain (Uninterpreted 26)\p\pe-matching instantiation stopped after 5 rounds: the remaining budget could not fit another round with growth headroom\pe-matching instantiation reached fixpoint without refuting after 17 rounds (no further instance to admit; more rounds cannot help)\pe-matching instantiation admitted nothing further after 19 rounds with the ground set at the admission ceiling (a saturation, not a fixpoint: more rounds cannot help at THIS ceiling, and that is a different claim)\pe-matching instantiation admitted nothing further after 19 rounds with the ground set at the admission ceiling (a saturation, not a fixpoint: more rounds cannot help at THIS ceiling, and that is a different claim)\p\pe-matching instantiation admitted nothing further after 19 rounds with the ground set at the admission ceiling (a saturation, not a fixpoint: more rounds cannot help at THIS ceiling, and that is a different claim)\pe-matching instantiation admitted nothing further after 19 rounds with the ground set at the admission ceiling (a saturation, not a fixpoint: more rounds cannot help at THIS ceiling, and that is a different claim)\pe-matching instantiation admitted nothing further after 19 rounds with the ground set at the admission ceiling (a saturation, not a fixpoint: more rounds cannot help at THIS ceiling, and that is a different claim)\pe-matching instantiation admitted nothing further after 19 rounds with the ground set at the admission ceiling (a saturation, not a fixpoint: more rounds cannot help at THIS ceiling, and that is a different claim)\pe-matching instantiation admitted nothing further after 19 rounds with the ground set at the admission ceiling (a saturation, not a fixpoint: more rounds cannot help at THIS ceiling, and that is a different claim)\pe-matching instantiation admitted nothing further after 19 rounds with the ground set at the admission ceiling (a saturation, not a fixpoint: more rounds cannot help at THIS ceiling, and that is a different claim)\pe-matching instantiation admitted nothing further after 19 rounds with the ground set at the admission ceiling (a saturation, not a fixpoint: more rounds cannot help at THIS ceiling, and that is a different claim)\pe-matching instantiation admitted nothing further after 19 rounds with the ground set at the admission ceiling (a saturation, not a fixpoint: more rounds cannot help at THIS ceiling, and that is a different claim)\pe-matching instantiation admitted nothing further after 19 rounds with the ground set at the admission ceiling (a saturation, not a fixpoint: more rounds cannot help at THIS ceiling, and that is a different claim)	\p\p\p\p\pbackend\p\p\p\p\p\p\p\p\p\p\p\p\p\p\p	server6	3,11	4.04
t1-UFLIA-db31113fa	main	UFLIA/tokeneer/configdata/validatefile-11.smt2	db31113fa	not-dispatched	unsat	0	q:bool-skeleton	q:bool-skeleton	3	fd:parse:probe\pq:ground-subset:declined\pq:bool-skeleton:decided	107	0\p0\p0	no	q:ground-subset=not-applicable			server6	3,11	4.03
t1-UFLIA-db31113fa	main	UFLIA/tokeneer/keystore/digest-219.smt2	db31113fa	not-dispatched	unsat	0	q:ground-subset	q:ground-subset	2	fd:parse:probe\pq:ground-subset:decided	107	0\p2	no				server6	3,11	4.03
t1-UFLIA-db31113fa	main	UFLIA/tokeneer/userentry/validateentry-8.smt2	db31113fa	not-dispatched	unsat	0	q:ground-subset	q:ground-subset	2	fd:parse:probe\pq:ground-subset:decided	108	0\p1	no				server6	3,11	4.03
t1-UFLIA-db31113fa	main	UFLIA/boogie/BasicMethodology_SubClass..ctor.smt2	db31113fa	not-dispatched	unknown	0	none	q:eq-partition	21	fd:parse:probe\pq:ground-subset:declined\pq:bool-skeleton:declined\pq:eq-partition:declined\pq:unsat-universal:declined\pq:forall-exists-witness:declined\pq:finite-expansion:declined\pq:uf-fmf-probe:declined\pq:mbqi-quick:declined\pq:egraph:declined\pq:timeout:declined\pq:timeout:declined\pfd:string-gate:declined\pfd:source-string-semantic-unsat:declined\pfd:word-route:declined\pfd:online-string:declined\pfd:membership:declined\pfd:lex-order:declined\pfd:length-lia:declined\pfd:source-string-sat-probe:declined\pfd:bounded-completeness-unsat:declined	24133	4\p1121\p2722\p15141\p0\p0\p1\p8\p941\p4108\p0\p0\p0\p0\p0\p0\p0\p0\p0\p0\p0	no	q:ground-subset=not-applicable\pq:bool-skeleton=not-applicable\pq:eq-partition=not-applicable\pq:unsat-universal=not-applicable\pq:forall-exists-witness=not-applicable\pq:finite-expansion=unsupported\pq:uf-fmf-probe=not-applicable\pq:mbqi-quick=incomplete\pq:egraph=budget\pq:timeout=budget\pq:timeout=budget\pfd:string-gate=budget\pfd:source-string-semantic-unsat=budget\pfd:word-route=budget\pfd:online-string=budget\pfd:membership=budget\pfd:lex-order=budget\pfd:length-lia=budget\pfd:source-string-sat-probe=budget\pfd:bounded-completeness-unsat=budget	\p\p\p\p\pquantifier over non-enumerable domain Int\p\pquery has quantifiers instantiation does not reach (nested, existential, or non-top-level)\pe-matching: instantiation time budget exhausted mid-round (the interleaved ground check did not decide the set inside the deadline)\pquantified solve time budget exhausted after e-matching\pquantified solve time budget exhausted after MBQI and the finite-model finder\pquantified solve time budget exhausted after MBQI and the finite-model finder\pquantified solve time budget exhausted after MBQI and the finite-model finder\pquantified solve time budget exhausted after MBQI and the finite-model finder\pquantified solve time budget exhausted after MBQI and the finite-model finder\pquantified solve time budget exhausted after MBQI and the finite-model finder\pquantified solve time budget exhausted after MBQI and the finite-model finder\pquantified solve time budget exhausted after MBQI and the finite-model finder\pquantified solve time budget exhausted after MBQI and the finite-model finder\pquantified solve time budget exhausted after MBQI and the finite-model finder	\p\p\p\p\pbackend\p\p\pother\pother\pother\pother\pother\pother\pother\pother\pother\pother\pother\pother	server6	5,13	4.05
t1-UFLIA-db31113fa	main	UFLIA/boogie/Quantifiers_V1-noinfer.smt2	db31113fa	not-dispatched	unsat	0	q:mbqi-quick	q:mbqi-quick	9	fd:parse:probe\pq:ground-subset:declined\pq:bool-skeleton:declined\pq:eq-partition:declined\pq:unsat-universal:declined\pq:forall-exists-witness:declined\pq:finite-expansion:declined\pq:uf-fmf-probe:declined\pq:mbqi-quick:decided	209	0\p0\p1\p20\p0\p0\p0\p0\p76	no	q:ground-subset=not-applicable\pq:bool-skeleton=not-applicable\pq:eq-partition=not-applicable\pq:unsat-universal=not-applicable\pq:forall-exists-witness=not-applicable\pq:finite-expansion=unsupported\pq:uf-fmf-probe=not-applicable	\p\p\p\p\pquantifier over non-enumerable domain Int\p	\p\p\p\p\pbackend\p	server6	5,13	4.03
t1-UFLIA-db31113fa	main	UFLIA/grasshopper/uninstantiated/merge_loop_check_heap_access_60_6.smt2	db31113fa	not-dispatched	unknown	0	none	q:egraph	21	fd:parse:probe\pq:ground-subset:declined\pq:bool-skeleton:declined\pq:eq-partition:declined\pq:unsat-universal:declined\pq:forall-exists-witness:declined\pq:finite-expansion:declined\pq:uf-fmf-probe:declined\pq:mbqi-quick:declined\pq:egraph:declined\pq:timeout:declined\pq:timeout:declined\pfd:string-gate:declined\pfd:source-string-semantic-unsat:declined\pfd:word-route:declined\pfd:online-string:declined\pfd:membership:declined\pfd:lex-order:declined\pfd:length-lia:declined\pfd:source-string-sat-probe:declined\pfd:bounded-completeness-unsat:declined	24333	0\p13\p18\p7\p0\p0\p0\p0\p1667\p22507\p0\p0\p0\p0\p0\p0\p0\p0\p0\p0\p0	no	q:ground-subset=not-applicable\pq:bool-skeleton=not-applicable\pq:eq-partition=not-applicable\pq:unsat-universal=not-applicable\pq:forall-exists-witness=not-applicable\pq:finite-expansion=unsupported\pq:uf-fmf-probe=not-applicable\pq:mbqi-quick=budget\pq:egraph=budget\pq:timeout=budget\pq:timeout=budget\pfd:string-gate=budget\pfd:source-string-semantic-unsat=budget\pfd:word-route=budget\pfd:online-string=budget\pfd:membership=budget\pfd:lex-order=budget\pfd:length-lia=budget\pfd:source-string-sat-probe=budget\pfd:bounded-completeness-unsat=budget	\p\p\p\p\pquantifier over non-enumerable domain (Uninterpreted 0)\p\pe-matching: instantiation time budget exhausted mid-round (the interleaved ground check did not decide the set inside the deadline)\pe-matching: instantiation time budget exhausted mid-round (the interleaved ground check did not decide the set inside the deadline)\pquantified solve time budget exhausted after e-matching\pquantified solve time budget exhausted after MBQI and the finite-model finder\pquantified solve time budget exhausted after MBQI and the finite-model finder\pquantified solve time budget exhausted after MBQI and the finite-model finder\pquantified solve time budget exhausted after MBQI and the finite-model finder\pquantified solve time budget exhausted after MBQI and the finite-model finder\pquantified solve time budget exhausted after MBQI and the finite-model finder\pquantified solve time budget exhausted after MBQI and the finite-model finder\pquantified solve time budget exhausted after MBQI and the finite-model finder\pquantified solve time budget exhausted after MBQI and the finite-model finder\pquantified solve time budget exhausted after MBQI and the finite-model finder	\p\p\p\p\pbackend\p\pother\pother\pother\pother\pother\pother\pother\pother\pother\pother\pother\pother\pother	server6	5,13	4.03
t1-UFLIA-db31113fa	main	UFLIA/simplify/javafe.filespace.LookAheadEnum.474.smt2	db31113fa	not-dispatched	unsat	0	q:mbqi-quick	q:eq-partition	9	fd:parse:probe\pq:ground-subset:declined\pq:bool-skeleton:declined\pq:eq-partition:declined\pq:unsat-universal:declined\pq:forall-exists-witness:declined\pq:finite-expansion:declined\pq:uf-fmf-probe:declined\pq:mbqi-quick:decided	308	1\p1\p6\p164\p0\p0\p0\p0\p28	no	q:ground-subset=not-applicable\pq:bool-skeleton=not-applicable\pq:eq-partition=not-applicable\pq:unsat-universal=not-applicable\pq:forall-exists-witness=not-applicable\pq:finite-expansion=unsupported\pq:uf-fmf-probe=not-applicable	\p\p\p\p\pquantifier over non-enumerable domain Int\p	\p\p\p\p\pbackend\p	server6	5,13	4.02
t1-UFLIA-db31113fa	main	UFLIA/simplify2/front_end_suite/javafe.ast.CompilationUnit.001.smt2	db31113fa	not-dispatched	unsat	0	q:bool-skeleton	q:bool-skeleton	3	fd:parse:probe\pq:ground-subset:declined\pq:bool-skeleton:decided	1008	7\p362\p575	no	q:ground-subset=not-applicable			server6	5,13	4.02
t1-UFLIA-db31113fa	main	UFLIA/simplify2/front_end_suite/javafe.ast.RoutineDecl.002.smt2	db31113fa	not-dispatched	unsat	0	q:mbqi-quick	q:eq-partition	9	fd:parse:probe\pq:ground-subset:declined\pq:bool-skeleton:declined\pq:eq-partition:declined\pq:unsat-universal:declined\pq:forall-exists-witness:declined\pq:finite-expansion:declined\pq:uf-fmf-probe:declined\pq:mbqi-quick:decided	508	1\p42\p88\p200\p0\p0\p0\p0\p119	no	q:ground-subset=not-applicable\pq:bool-skeleton=not-applicable\pq:eq-partition=not-applicable\pq:unsat-universal=not-applicable\pq:forall-exists-witness=not-applicable\pq:finite-expansion=unsupported\pq:uf-fmf-probe=not-applicable	\p\p\p\p\pquantifier over non-enumerable domain Int\p	\p\p\p\p\pbackend\p	server6	5,13	4.02
t1-UFLIA-db31113fa	main	UFLIA/simplify2/front_end_suite/javafe.filespace.Resolve.010.smt2	db31113fa	not-dispatched	unsat	0	q:bool-skeleton	q:bool-skeleton	3	fd:parse:probe\pq:ground-subset:declined\pq:bool-skeleton:decided	808	1\p51\p691	no	q:ground-subset=not-applicable			server6	5,13	4.02
t1-UFLIA-db31113fa	main	UFLIA/simplify2/front_end_suite/javafe.tc.Types.035.smt2	db31113fa	not-dispatched	unknown	0	none	q:mbqi-quick	21	fd:parse:probe\pq:ground-subset:declined\pq:bool-skeleton:declined\pq:eq-partition:declined\pq:unsat-universal:declined\pq:forall-exists-witness:declined\pq:finite-expansion:declined\pq:uf-fmf-probe:declined\pq:mbqi-quick:declined\pq:egraph:declined\pq:timeout:declined\pq:timeout:declined\pfd:string-gate:declined\pfd:source-string-semantic-unsat:declined\pfd:word-route:declined\pfd:online-string:declined\pfd:membership:declined\pfd:lex-order:declined\pfd:length-lia:declined\pfd:source-string-sat-probe:declined\pfd:bounded-completeness-unsat:declined	24134	11\p403\p730\p9218\p0\p0\p0\p20\p12821\p818\p0\p0\p0\p0\p0\p0\p0\p0\p0\p0\p0	no	q:ground-subset=not-applicable\pq:bool-skeleton=not-applicable\pq:eq-partition=not-applicable\pq:unsat-universal=not-applicable\pq:forall-exists-witness=not-applicable\pq:finite-expansion=unsupported\pq:uf-fmf-probe=not-applicable\pq:mbqi-quick=incomplete\pq:egraph=budget\pq:timeout=budget\pq:timeout=budget\pfd:string-gate=budget\pfd:source-string-semantic-unsat=budget\pfd:word-route=budget\pfd:online-string=budget\pfd:membership=budget\pfd:lex-order=budget\pfd:length-lia=budget\pfd:source-string-sat-probe=budget\pfd:bounded-completeness-unsat=budget	\p\p\p\p\pquantifier over non-enumerable domain Int\p\pquery has quantifiers instantiation does not reach (nested, existential, or non-top-level)\pe-matching: ground-term count budget exhausted\pquantified solve time budget exhausted after e-matching\pquantified solve time budget exhausted after MBQI and the finite-model finder\pquantified solve time budget exhausted after MBQI and the finite-model finder\pquantified solve time budget exhausted after MBQI and the finite-model finder\pquantified solve time budget exhausted after MBQI and the finite-model finder\pquantified solve time budget exhausted after MBQI and the finite-model finder\pquantified solve time budget exhausted after MBQI and the finite-model finder\pquantified solve time budget exhausted after MBQI and the finite-model finder\pquantified solve time budget exhausted after MBQI and the finite-model finder\pquantified solve time budget exhausted after MBQI and the finite-model finder\pquantified solve time budget exhausted after MBQI and the finite-model finder	\p\p\p\p\pbackend\p\p\pother\pother\pother\pother\pother\pother\pother\pother\pother\pother\pother\pother	server6	5,13	4.02
t1-UFLIA-db31113fa	main	UFLIA/sledgehammer/FFT/smtlib.898060.smt2	db31113fa	not-dispatched	unknown	0	none	q:mbqi	23	fd:parse:probe\pq:ground-subset:declined\pq:bool-skeleton:declined\pq:valid-universal-qf:declined\pq:eq-partition:declined\pq:unsat-universal:declined\pq:forall-exists-witness:declined\pq:finite-expansion:declined\pq:uf-fmf-probe:declined\pq:mbqi-quick:declined\pq:egraph:declined\pq:uf-fmf-full:declined\pq:mbqi:declined\pq:nat-induction:declined\pfd:string-gate:declined\pfd:source-string-semantic-unsat:declined\pfd:word-route:declined\pfd:online-string:declined\pfd:membership:declined\pfd:lex-order:declined\pfd:length-lia:declined\pfd:source-string-sat-probe:declined\pfd:bounded-completeness-unsat:declined	11219	2\p39\p64\p35\p0\p0\p0\p0\p0\p1854\p72\p3\p9104\p0\p0\p0\p0\p0\p0\p0\p0\p0\p0	no	q:ground-subset=not-applicable\pq:bool-skeleton=not-applicable\pq:valid-universal-qf=unsupported\pq:eq-partition=not-applicable\pq:unsat-universal=not-applicable\pq:forall-exists-witness=not-applicable\pq:finite-expansion=unsupported\pq:uf-fmf-probe=not-applicable\pq:mbqi-quick=unsupported\pq:egraph=unsupported\pq:uf-fmf-full=incomplete\pq:mbqi=incomplete\pq:nat-induction=not-applicable\pfd:string-gate=incomplete\pfd:source-string-semantic-unsat=incomplete\pfd:word-route=incomplete\pfd:online-string=incomplete\pfd:membership=incomplete\pfd:lex-order=incomplete\pfd:length-lia=incomplete\pfd:source-string-sat-probe=incomplete\pfd:bounded-completeness-unsat=incomplete	\p\pterm #57 has sort (Uninterpreted 11) that the pure-Rust BV backend cannot bit-blast\p\p\p\pquantifier over non-enumerable domain Int\p\pterm #0 has sort (Uninterpreted 0) that the pure-Rust BV backend cannot bit-blast\pterm #0 has sort (Uninterpreted 0) that the pure-Rust BV backend cannot bit-blast\pmbqi declined an unsupported fragment: term #0 has sort (Uninterpreted 0) that the pure-Rust BV backend cannot bit-blast\pmbqi declined an unsupported fragment: term #0 has sort (Uninterpreted 0) that the pure-Rust BV backend cannot bit-blast\p\pmbqi declined an unsupported fragment: term #0 has sort (Uninterpreted 0) that the pure-Rust BV backend cannot bit-blast\pmbqi declined an unsupported fragment: term #0 has sort (Uninterpreted 0) that the pure-Rust BV backend cannot bit-blast\pmbqi declined an unsupported fragment: term #0 has sort (Uninterpreted 0) that the pure-Rust BV backend cannot bit-blast\pmbqi declined an unsupported fragment: term #0 has sort (Uninterpreted 0) that the pure-Rust BV backend cannot bit-blast\pmbqi declined an unsupported fragment: term #0 has sort (Uninterpreted 0) that the pure-Rust BV backend cannot bit-blast\pmbqi declined an unsupported fragment: term #0 has sort (Uninterpreted 0) that the pure-Rust BV backend cannot bit-blast\pmbqi declined an unsupported fragment: term #0 has sort (Uninterpreted 0) that the pure-Rust BV backend cannot bit-blast\pmbqi declined an unsupported fragment: term #0 has sort (Uninterpreted 0) that the pure-Rust BV backend cannot bit-blast\pmbqi declined an unsupported fragment: term #0 has sort (Uninterpreted 0) that the pure-Rust BV backend cannot bit-blast	\p\pbackend\p\p\p\pbackend\p\pbackend\pbackend\p\p\p\p\p\p\p\p\p\p\p\p	server6	5,13	4.01
t1-UFLIA-db31113fa	main	UFLIA/sledgehammer/Fundamental_Theorem_Algebra/smtlib.596470.smt2	db31113fa	not-dispatched	unknown	0	none	q:mbqi	23	fd:parse:probe\pq:ground-subset:declined\pq:bool-skeleton:declined\pq:valid-universal-qf:declined\pq:eq-partition:declined\pq:unsat-universal:declined\pq:forall-exists-witness:declined\pq:finite-expansion:declined\pq:uf-fmf-probe:declined\pq:mbqi-quick:declined\pq:egraph:declined\pq:uf-fmf-full:declined\pq:mbqi:declined\pq:nat-induction:declined\pfd:string-gate:declined\pfd:source-string-semantic-unsat:declined\pfd:word-route:declined\pfd:online-string:declined\pfd:membership:declined\pfd:lex-order:declined\pfd:length-lia:declined\pfd:source-string-sat-probe:declined\pfd:bounded-completeness-unsat:declined	12221	0\p20\p28\p30\p0\p0\p0\p0\p0\p1918\p3190\p5\p6909\p0\p0\p0\p0\p0\p0\p0\p0\p0\p0	no	q:ground-subset=not-applicable\pq:bool-skeleton=not-applicable\pq:valid-universal-qf=unsupported\pq:eq-partition=not-applicable\pq:unsat-universal=not-applicable\pq:forall-exists-witness=not-applicable\pq:finite-expansion=unsupported\pq:uf-fmf-probe=not-applicable\pq:mbqi-quick=incomplete\pq:egraph=incomplete\pq:uf-fmf-full=incomplete\pq:mbqi=incomplete\pq:nat-induction=not-applicable\pfd:string-gate=incomplete\pfd:source-string-semantic-unsat=incomplete\pfd:word-route=incomplete\pfd:online-string=incomplete\pfd:membership=incomplete\pfd:lex-order=incomplete\pfd:length-lia=incomplete\pfd:source-string-sat-probe=incomplete\pfd:bounded-completeness-unsat=incomplete	\p\pterm #2050 has sort (Uninterpreted 2) that the pure-Rust BV backend cannot bit-blast\p\p\p\pquantifier over non-enumerable domain (Uninterpreted 2)\p\pe-matching instantiation stopped after 18 rounds: the remaining budget could not fit another round with growth headroom\pe-matching instantiation reached fixpoint without refuting after 18 rounds (no further instance to admit; more rounds cannot help)\pe-matching instantiation reached fixpoint without refuting after 18 rounds (no further instance to admit; more rounds cannot help)\pe-matching instantiation reached fixpoint without refuting after 18 rounds (no further instance to admit; more rounds cannot help)\p\pe-matching instantiation reached fixpoint without refuting after 18 rounds (no further instance to admit; more rounds cannot help)\pe-matching instantiation reached fixpoint without refuting after 18 rounds (no further instance to admit; more rounds cannot help)\pe-matching instantiation reached fixpoint without refuting after 18 rounds (no further instance to admit; more rounds cannot help)\pe-matching instantiation reached fixpoint without refuting after 18 rounds (no further instance to admit; more rounds cannot help)\pe-matching instantiation reached fixpoint without refuting after 18 rounds (no further instance to admit; more rounds cannot help)\pe-matching instantiation reached fixpoint without refuting after 18 rounds (no further instance to admit; more rounds cannot help)\pe-matching instantiation reached fixpoint without refuting after 18 rounds (no further instance to admit; more rounds cannot help)\pe-matching instantiation reached fixpoint without refuting after 18 rounds (no further instance to admit; more rounds cannot help)\pe-matching instantiation reached fixpoint without refuting after 18 rounds (no further instance to admit; more rounds cannot help)	\p\pbackend\p\p\p\pbackend\p\p\p\p\p\p\p\p\p\p\p\p\p\p\p	server6	5,13	4.01
t1-UFLIA-db31113fa	main	UFLIA/sledgehammer/Hoare/smtlib.660667.smt2	db31113fa	not-dispatched	unknown	0	none	q:mbqi	22	fd:parse:probe\pq:ground-subset:declined\pq:bool-skeleton:declined\pq:eq-partition:declined\pq:unsat-universal:declined\pq:forall-exists-witness:declined\pq:finite-expansion:declined\pq:uf-fmf-probe:declined\pq:mbqi-quick:declined\pq:egraph:declined\pq:uf-fmf-full:declined\pq:mbqi:declined\pq:nat-induction:declined\pfd:string-gate:declined\pfd:source-string-semantic-unsat:declined\pfd:word-route:declined\pfd:online-string:declined\pfd:membership:declined\pfd:lex-order:declined\pfd:length-lia:declined\pfd:source-string-sat-probe:declined\pfd:bounded-completeness-unsat:declined	8713	1\p0\p0\p15\p0\p0\p0\p0\p1556\p1576\p39\p5382\p0\p0\p0\p0\p0\p0\p0\p0\p0\p0	no	q:ground-subset=not-applicable\pq:bool-skeleton=not-applicable\pq:eq-partition=not-applicable\pq:unsat-universal=not-applicable\pq:forall-exists-witness=not-applicable\pq:finite-expansion=unsupported\pq:uf-fmf-probe=not-applicable\pq:mbqi-quick=incomplete\pq:egraph=incomplete\pq:uf-fmf-full=incomplete\pq:mbqi=incomplete\pq:nat-induction=not-applicable\pfd:string-gate=incomplete\pfd:source-string-semantic-unsat=incomplete\pfd:word-route=incomplete\pfd:online-string=incomplete\pfd:membership=incomplete\pfd:lex-order=incomplete\pfd:length-lia=incomplete\pfd:source-string-sat-probe=incomplete\pfd:bounded-completeness-unsat=incomplete	\p\p\p\p\pquantifier over non-enumerable domain (Uninterpreted 2)\p\pe-matching instantiation stopped after 51 rounds: the remaining budget could not fit another round with growth headroom\pe-matching instantiation admitted nothing further after 29 rounds with the ground set at the admission ceiling (a saturation, not a fixpoint: more rounds cannot help at THIS ceiling, and that is a different claim)\pe-matching instantiation reached fixpoint without refuting after 56 rounds (no further instance to admit; more rounds cannot help)\pe-matching instantiation reached fixpoint without refuting after 56 rounds (no further instance to admit; more rounds cannot help)\p\pe-matching instantiation reached fixpoint without refuting after 56 rounds (no further instance to admit; more rounds cannot help)\pe-matching instantiation reached fixpoint without refuting after 56 rounds (no further instance to admit; more rounds cannot help)\pe-matching instantiation reached fixpoint without refuting after 56 rounds (no further instance to admit; more rounds cannot help)\pe-matching instantiation reached fixpoint without refuting after 56 rounds (no further instance to admit; more rounds cannot help)\pe-matching instantiation reached fixpoint without refuting after 56 rounds (no further instance to admit; more rounds cannot help)\pe-matching instantiation reached fixpoint without refuting after 56 rounds (no further instance to admit; more rounds cannot help)\pe-matching instantiation reached fixpoint without refuting after 56 rounds (no further instance to admit; more rounds cannot help)\pe-matching instantiation reached fixpoint without refuting after 56 rounds (no further instance to admit; more rounds cannot help)\pe-matching instantiation reached fixpoint without refuting after 56 rounds (no further instance to admit; more rounds cannot help)	\p\p\p\p\pbackend\p\p\p\p\p\p\p\p\p\p\p\p\p\p\p	server6	5,13	4.09
t1-UFLIA-db31113fa	main	UFLIA/sledgehammer/QEpres/smtlib.609781.smt2	db31113fa	not-dispatched	unknown	0	none	q:mbqi-quick	23	fd:parse:probe\pq:ground-subset:declined\pq:bool-skeleton:declined\pq:valid-universal-qf:declined\pq:eq-partition:declined\pq:unsat-universal:declined\pq:forall-exists-witness:declined\pq:finite-expansion:declined\pq:uf-fmf-probe:declined\pq:mbqi-quick:declined\pq:egraph:declined\pq:uf-fmf-full:declined\pq:mbqi:declined\pq:nat-induction:declined\pfd:string-gate:declined\pfd:source-string-semantic-unsat:declined\pfd:word-route:declined\pfd:online-string:declined\pfd:membership:declined\pfd:lex-order:declined\pfd:length-lia:declined\pfd:source-string-sat-probe:declined\pfd:bounded-completeness-unsat:declined	2510	0\p19\p3\p11\p0\p0\p0\p0\p0\p1557\p57\p4\p784\p0\p0\p0\p0\p0\p0\p0\p0\p0\p0	no	q:ground-subset=not-applicable\pq:bool-skeleton=not-applicable\pq:valid-universal-qf=unsupported\pq:eq-partition=not-applicable\pq:unsat-universal=not-applicable\pq:forall-exists-witness=not-applicable\pq:finite-expansion=unsupported\pq:uf-fmf-probe=not-applicable\pq:mbqi-quick=budget\pq:egraph=unsupported\pq:uf-fmf-full=incomplete\pq:mbqi=incomplete\pq:nat-induction=not-applicable\pfd:string-gate=incomplete\pfd:source-string-semantic-unsat=incomplete\pfd:word-route=incomplete\pfd:online-string=incomplete\pfd:membership=incomplete\pfd:lex-order=incomplete\pfd:length-lia=incomplete\pfd:source-string-sat-probe=incomplete\pfd:bounded-completeness-unsat=incomplete	\p\pterm #40 has sort (Uninterpreted 8) that the pure-Rust BV backend cannot bit-blast\p\p\p\pquantifier over non-enumerable domain (Uninterpreted 1)\p\pe-matching: instantiation time budget exhausted mid-round (the interleaved ground check did not decide the set inside the deadline)\pterm #40 has sort (Uninterpreted 8) that the pure-Rust BV backend cannot bit-blast\pmbqi declined an unsupported fragment: term #40 has sort (Uninterpreted 8) that the pure-Rust BV backend cannot bit-blast\pmbqi declined an unsupported fragment: term #40 has sort (Uninterpreted 8) that the pure-Rust BV backend cannot bit-blast\p\pmbqi declined an unsupported fragment: term #40 has sort (Uninterpreted 8) that the pure-Rust BV backend cannot bit-blast\pmbqi declined an unsupported fragment: term #40 has sort (Uninterpreted 8) that the pure-Rust BV backend cannot bit-blast\pmbqi declined an unsupported fragment: term #40 has sort (Uninterpreted 8) that the pure-Rust BV backend cannot bit-blast\pmbqi declined an unsupported fragment: term #40 has sort (Uninterpreted 8) that the pure-Rust BV backend cannot bit-blast\pmbqi declined an unsupported fragment: term #40 has sort (Uninterpreted 8) that the pure-Rust BV backend cannot bit-blast\pmbqi declined an unsupported fragment: term #40 has sort (Uninterpreted 8) that the pure-Rust BV backend cannot bit-blast\pmbqi declined an unsupported fragment: term #40 has sort (Uninterpreted 8) that the pure-Rust BV backend cannot bit-blast\pmbqi declined an unsupported fragment: term #40 has sort (Uninterpreted 8) that the pure-Rust BV backend cannot bit-blast\pmbqi declined an unsupported fragment: term #40 has sort (Uninterpreted 8) that the pure-Rust BV backend cannot bit-blast	\p\pbackend\p\p\p\pbackend\p\pother\pbackend\p\p\p\p\p\p\p\p\p\p\p\p	server6	5,13	4.16
t1-UFLIA-db31113fa	main	UFLIA/sledgehammer/StrongNorm/smtlib.889061.smt2	db31113fa	not-dispatched	unsat	0	q:mbqi-quick	q:mbqi-quick	10	fd:parse:probe\pq:ground-subset:declined\pq:bool-skeleton:declined\pq:valid-universal-qf:declined\pq:eq-partition:declined\pq:unsat-universal:declined\pq:forall-exists-witness:declined\pq:finite-expansion:declined\pq:uf-fmf-probe:declined\pq:mbqi-quick:decided	307	13\p5\p6\p45\p0\p0\p0\p0\p0\p119	no	q:ground-subset=not-applicable\pq:bool-skeleton=not-applicable\pq:valid-universal-qf=unsupported\pq:eq-partition=not-applicable\pq:unsat-universal=not-applicable\pq:forall-exists-witness=not-applicable\pq:finite-expansion=unsupported\pq:uf-fmf-probe=not-applicable	\p\pterm #9583 has sort (Uninterpreted 2) that the pure-Rust BV backend cannot bit-blast\p\p\p\pquantifier over non-enumerable domain (Uninterpreted 9)\p	\p\pbackend\p\p\p\pbackend\p	server6	5,13	4.15
t1-UFLIA-db31113fa	main	UFLIA/sledgehammer/TypeSafe/smtlib.822202.smt2	db31113fa	not-dispatched	unknown	0	none	q:egraph	23	fd:parse:probe\pq:ground-subset:declined\pq:bool-skeleton:declined\pq:valid-universal-qf:declined\pq:eq-partition:declined\pq:unsat-universal:declined\pq:forall-exists-witness:declined\pq:finite-expansion:declined\pq:uf-fmf-probe:declined\pq:mbqi-quick:declined\pq:egraph:declined\pq:uf-fmf-full:declined\pq:mbqi:declined\pq:nat-induction:declined\pfd:string-gate:declined\pfd:source-string-semantic-unsat:declined\pfd:word-route:declined\pfd:online-string:declined\pfd:membership:declined\pfd:lex-order:declined\pfd:length-lia:declined\pfd:source-string-sat-probe:declined\pfd:bounded-completeness-unsat:declined	17022	13\p1\p1\p507\p0\p0\p0\p0\p0\p1490\p7538\p21\p7345\p0\p0\p0\p0\p0\p0\p0\p0\p0\p0	no	q:ground-subset=not-applicable\pq:bool-skeleton=not-applicable\pq:valid-universal-qf=unsupported\pq:eq-partition=not-applicable\pq:unsat-universal=not-applicable\pq:forall-exists-witness=not-applicable\pq:finite-expansion=unsupported\pq:uf-fmf-probe=not-applicable\pq:mbqi-quick=incomplete\pq:egraph=incomplete\pq:uf-fmf-full=incomplete\pq:mbqi=incomplete\pq:nat-induction=not-applicable\pfd:string-gate=incomplete\pfd:source-string-semantic-unsat=incomplete\pfd:word-route=incomplete\pfd:online-string=incomplete\pfd:membership=incomplete\pfd:lex-order=incomplete\pfd:length-lia=incomplete\pfd:source-string-sat-probe=incomplete\pfd:bounded-completeness-unsat=incomplete	\p\pterm #13711 has sort (Uninterpreted 30) that the pure-Rust BV backend cannot bit-blast\p\p\p\pquantifier over non-enumerable domain (Uninterpreted 1)\p\pe-matching instantiation stopped after 4 rounds: the remaining budget could not fit another round with growth headroom\pe-matching instantiation admitted nothing further after 10 rounds with the ground set at the admission ceiling (a saturation, not a fixpoint: more rounds cannot help at THIS ceiling, and that is a different claim)\pe-matching instantiation stopped after 6 rounds: the remaining budget could not fit another round with growth headroom\pe-matching instantiation stopped after 6 rounds: the remaining budget could not fit another round with growth headroom\p\pe-matching instantiation stopped after 6 rounds: the remaining budget could not fit another round with growth headroom\pe-matching instantiation stopped after 6 rounds: the remaining budget could not fit another round with growth headroom\pe-matching instantiation stopped after 6 rounds: the remaining budget could not fit another round with growth headroom\pe-matching instantiation stopped after 6 rounds: the remaining budget could not fit another round with growth headroom\pe-matching instantiation stopped after 6 rounds: the remaining budget could not fit another round with growth headroom\pe-matching instantiation stopped after 6 rounds: the remaining budget could not fit another round with growth headroom\pe-matching instantiation stopped after 6 rounds: the remaining budget could not fit another round with growth headroom\pe-matching instantiation stopped after 6 rounds: the remaining budget could not fit another round with growth headroom\pe-matching instantiation stopped after 6 rounds: the remaining budget could not fit another round with growth headroom	\p\pbackend\p\p\p\pbackend\p\p\p\p\p\p\p\p\p\p\p\p\p\p\p	server6	5,13	4.15
t1-UFLIA-db31113fa	main	UFLIA/tokeneer/configdata/validatefile/readclearance-1.smt2	db31113fa	not-dispatched	unsat	0	q:bool-skeleton	q:bool-skeleton	3	fd:parse:probe\pq:ground-subset:declined\pq:bool-skeleton:decided	107	0\p0\p0	no	q:ground-subset=not-applicable			server6	5,13	4.27
t1-UFLIA-db31113fa	main	UFLIA/tokeneer/keystore/digest-36.smt2	db31113fa	not-dispatched	unsat	0	q:ground-subset	q:ground-subset	2	fd:parse:probe\pq:ground-subset:decided	106	0\p2	no				server6	5,13	4.27
t1-UFLIA-db31113fa	main	UFLIA/tokeneer/usertoken/addauthcert-19.smt2	db31113fa	not-dispatched	unsat	0	q:ground-subset	q:ground-subset	2	fd:parse:probe\pq:ground-subset:decided	107	1\p2	no				server6	5,13	4.27
t1-UFLIA-db31113fa	main	UFLIA/boogie/Cast_Cast.R_System.Object_System.Int32.smt2	db31113fa	not-dispatched	unknown	0	none	q:egraph	21	fd:parse:probe\pq:ground-subset:declined\pq:bool-skeleton:declined\pq:eq-partition:declined\pq:unsat-universal:declined\pq:forall-exists-witness:declined\pq:finite-expansion:declined\pq:uf-fmf-probe:declined\pq:mbqi-quick:declined\pq:egraph:declined\pq:timeout:declined\pq:timeout:declined\pfd:string-gate:declined\pfd:source-string-semantic-unsat:declined\pfd:word-route:declined\pfd:online-string:declined\pfd:membership:declined\pfd:lex-order:declined\pfd:length-lia:declined\pfd:source-string-sat-probe:declined\pfd:bounded-completeness-unsat:declined	24133	2\p357\p936\p1937\p0\p0\p0\p0\p1410\p19395\p0\p0\p0\p0\p0\p0\p0\p0\p0\p0\p0	no	q:ground-subset=not-applicable\pq:bool-skeleton=not-applicable\pq:eq-partition=not-applicable\pq:unsat-universal=not-applicable\pq:forall-exists-witness=not-applicable\pq:finite-expansion=unsupported\pq:uf-fmf-probe=not-applicable\pq:mbqi-quick=budget\pq:egraph=budget\pq:timeout=budget\pq:timeout=budget\pfd:string-gate=budget\pfd:source-string-semantic-unsat=budget\pfd:word-route=budget\pfd:online-string=budget\pfd:membership=budget\pfd:lex-order=budget\pfd:length-lia=budget\pfd:source-string-sat-probe=budget\pfd:bounded-completeness-unsat=budget	\p\p\p\p\pquantifier over non-enumerable domain Int\p\pe-matching: instantiation time budget exhausted mid-round (the interleaved ground check did not decide the set inside the deadline)\pe-matching: instantiation time budget exhausted mid-round (the interleaved ground check did not decide the set inside the deadline)\pquantified solve time budget exhausted after e-matching\pquantified solve time budget exhausted after MBQI and the finite-model finder\pquantified solve time budget exhausted after MBQI and the finite-model finder\pquantified solve time budget exhausted after MBQI and the finite-model finder\pquantified solve time budget exhausted after MBQI and the finite-model finder\pquantified solve time budget exhausted after MBQI and the finite-model finder\pquantified solve time budget exhausted after MBQI and the finite-model finder\pquantified solve time budget exhausted after MBQI and the finite-model finder\pquantified solve time budget exhausted after MBQI and the finite-model finder\pquantified solve time budget exhausted after MBQI and the finite-model finder\pquantified solve time budget exhausted after MBQI and the finite-model finder	\p\p\p\p\pbackend\p\pother\pother\pother\pother\pother\pother\pother\pother\pother\pother\pother\pother\pother	server6	6,14	4.15
t1-UFLIA-db31113fa	main	UFLIA/boogie/Spouse_Person..ctor.smt2	db31113fa	not-dispatched	unknown	0	none	q:eq-partition	21	fd:parse:probe\pq:ground-subset:declined\pq:bool-skeleton:declined\pq:eq-partition:declined\pq:unsat-universal:declined\pq:forall-exists-witness:declined\pq:finite-expansion:declined\pq:uf-fmf-probe:declined\pq:mbqi-quick:declined\pq:egraph:declined\pq:timeout:declined\pq:timeout:declined\pfd:string-gate:declined\pfd:source-string-semantic-unsat:declined\pfd:word-route:declined\pfd:online-string:declined\pfd:membership:declined\pfd:lex-order:declined\pfd:length-lia:declined\pfd:source-string-sat-probe:declined\pfd:bounded-completeness-unsat:declined	24233	3\p828\p2719\p13911\p0\p0\p1\p6\p721\p5918\p0\p0\p0\p0\p0\p0\p0\p0\p0\p0\p0	no	q:ground-subset=not-applicable\pq:bool-skeleton=not-applicable\pq:eq-partition=not-applicable\pq:unsat-universal=not-applicable\pq:forall-exists-witness=not-applicable\pq:finite-expansion=unsupported\pq:uf-fmf-probe=not-applicable\pq:mbqi-quick=budget\pq:egraph=budget\pq:timeout=budget\pq:timeout=budget\pfd:string-gate=budget\pfd:source-string-semantic-unsat=budget\pfd:word-route=budget\pfd:online-string=budget\pfd:membership=budget\pfd:lex-order=budget\pfd:length-lia=budget\pfd:source-string-sat-probe=budget\pfd:bounded-completeness-unsat=budget	\p\p\p\p\pquantifier over non-enumerable domain Int\p\pe-matching: instantiation time budget exhausted mid-round (the interleaved ground check did not decide the set inside the deadline)\pe-matching: instantiation time budget exhausted mid-round (the interleaved ground check did not decide the set inside the deadline)\pquantified solve time budget exhausted after e-matching\pquantified solve time budget exhausted after MBQI and the finite-model finder\pquantified solve time budget exhausted after MBQI and the finite-model finder\pquantified solve time budget exhausted after MBQI and the finite-model finder\pquantified solve time budget exhausted after MBQI and the finite-model finder\pquantified solve time budget exhausted after MBQI and the finite-model finder\pquantified solve time budget exhausted after MBQI and the finite-model finder\pquantified solve time budget exhausted after MBQI and the finite-model finder\pquantified solve time budget exhausted after MBQI and the finite-model finder\pquantified solve time budget exhausted after MBQI and the finite-model finder\pquantified solve time budget exhausted after MBQI and the finite-model finder	\p\p\p\p\pbackend\p\pother\pother\pother\pother\pother\pother\pother\pother\pother\pother\pother\pother\pother	server6	6,14	4.23
t1-UFLIA-db31113fa	main	UFLIA/grasshopper/uninstantiated/sls_insert_loop_check_heap_access_38_6.smt2	db31113fa	not-dispatched	unsat	0	q:egraph	q:egraph	10	fd:parse:probe\pq:ground-subset:declined\pq:bool-skeleton:declined\pq:eq-partition:declined\pq:unsat-universal:declined\pq:forall-exists-witness:declined\pq:finite-expansion:declined\pq:uf-fmf-probe:declined\pq:mbqi-quick:declined\pq:egraph:decided	6214	0\p0\p3\p3\p0\p0\p0\p0\p1562\p4609	no	q:ground-subset=not-applicable\pq:bool-skeleton=not-applicable\pq:eq-partition=not-applicable\pq:unsat-universal=not-applicable\pq:forall-exists-witness=not-applicable\pq:finite-expansion=unsupported\pq:uf-fmf-probe=not-applicable\pq:mbqi-quick=budget	\p\p\p\p\pquantifier over non-enumerable domain (Uninterpreted 4)\p\pe-matching: instantiation time budget exhausted mid-round (the interleaved ground check did not decide the set inside the deadline)	\p\p\p\p\pbackend\p\pother	server6	6,14	4.15
t1-UFLIA-db31113fa	main	UFLIA/simplify/javafe.filespace.ZipTree.525.smt2	db31113fa	not-dispatched	unsat	0	q:mbqi-quick	q:mbqi-quick	9	fd:parse:probe\pq:ground-subset:declined\pq:bool-skeleton:declined\pq:eq-partition:declined\pq:unsat-universal:declined\pq:forall-exists-witness:declined\pq:finite-expansion:declined\pq:uf-fmf-probe:declined\pq:mbqi-quick:decided	1009	1\p14\p34\p277\p0\p0\p0\p0\p647	no	q:ground-subset=not-applicable\pq:bool-skeleton=not-applicable\pq:eq-partition=not-applicable\pq:unsat-universal=not-applicable\pq:forall-exists-witness=not-applicable\pq:finite-expansion=unsupported\pq:uf-fmf-probe=not-applicable	\p\p\p\p\pquantifier over non-enumerable domain Int\p	\p\p\p\p\pbackend\p	server6	6,14	4.14
t1-UFLIA-db31113fa	main	UFLIA/simplify2/front_end_suite/javafe.ast.ConstructorDecl.007.smt2	db31113fa	not-dispatched	unsat	0	q:bool-skeleton	q:ground-subset	3	fd:parse:probe\pq:ground-subset:declined\pq:bool-skeleton:decided	809	7\p387\p344	no	q:ground-subset=not-applicable			server6	6,14	4.14
t1-UFLIA-db31113fa	main	UFLIA/simplify2/front_end_suite/javafe.ast.StandardPrettyPrint.008.smt2	db31113fa	not-dispatched	unknown	0	none	q:eq-partition	8	fd:parse:probe\pq:ground-subset:declined\pq:bool-skeleton:declined\pq:eq-partition:declined\pq:unsat-universal:declined\pq:forall-exists-witness:declined\pq:finite-expansion:declined\pq:uf-fmf-probe:declined	25034	12\p447\p802\p10175\p0\p0\p0\p21	yes	q:ground-subset=not-applicable\pq:bool-skeleton=not-applicable\pq:eq-partition=not-applicable\pq:unsat-universal=not-applicable\pq:forall-exists-witness=not-applicable\pq:finite-expansion=unsupported\pq:uf-fmf-probe=not-applicable	\p\p\p\p\pquantifier over non-enumerable domain Int\p	\p\p\p\p\pbackend\p	server6	6,14	4.12
t1-UFLIA-db31113fa	main	UFLIA/simplify2/front_end_suite/javafe.filespace.ZipTree.005.smt2	db31113fa	not-dispatched	unknown	0	none	q:egraph	21	fd:parse:probe\pq:ground-subset:declined\pq:bool-skeleton:declined\pq:eq-partition:declined\pq:unsat-universal:declined\pq:forall-exists-witness:declined\pq:finite-expansion:declined\pq:uf-fmf-probe:declined\pq:mbqi-quick:declined\pq:egraph:declined\pq:timeout:declined\pq:timeout:declined\pfd:string-gate:declined\pfd:source-string-semantic-unsat:declined\pfd:word-route:declined\pfd:online-string:declined\pfd:membership:declined\pfd:lex-order:declined\pfd:length-lia:declined\pfd:source-string-sat-probe:declined\pfd:bounded-completeness-unsat:declined	24134	2\p158\p3328\p308\p0\p0\p0\p0\p1435\p18820\p0\p0\p0\p0\p0\p0\p0\p0\p0\p0\p0	no	q:ground-subset=not-applicable\pq:bool-skeleton=not-applicable\pq:eq-partition=not-applicable\pq:unsat-universal=not-applicable\pq:forall-exists-witness=not-applicable\pq:finite-expansion=unsupported\pq:uf-fmf-probe=not-applicable\pq:mbqi-quick=incomplete\pq:egraph=budget\pq:timeout=budget\pq:timeout=budget\pfd:string-gate=budget\pfd:source-string-semantic-unsat=budget\pfd:word-route=budget\pfd:online-string=budget\pfd:membership=budget\pfd:lex-order=budget\pfd:length-lia=budget\pfd:source-string-sat-probe=budget\pfd:bounded-completeness-unsat=budget	\p\p\p\p\pquantifier over non-enumerable domain Int\p\pe-matching instantiation stopped after 2 rounds: the remaining budget could not fit another round with growth headroom\pe-matching: instantiation time budget exhausted mid-round (the interleaved ground check did not decide the set inside the deadline)\pquantified solve time budget exhausted after e-matching\pquantified solve time budget exhausted after MBQI and the finite-model finder\pquantified solve time budget exhausted after MBQI and the finite-model finder\pquantified solve time budget exhausted after MBQI and the finite-model finder\pquantified solve time budget exhausted after MBQI and the finite-model finder\pquantified solve time budget exhausted after MBQI and the finite-model finder\pquantified solve time budget exhausted after MBQI and the finite-model finder\pquantified solve time budget exhausted after MBQI and the finite-model finder\pquantified solve time budget exhausted after MBQI and the finite-model finder\pquantified solve time budget exhausted after MBQI and the finite-model finder\pquantified solve time budget exhausted after MBQI and the finite-model finder	\p\p\p\p\pbackend\p\p\pother\pother\pother\pother\pother\pother\pother\pother\pother\pother\pother\pother	server6	6,14	4.08
t1-UFLIA-db31113fa	main	UFLIA/simplify2/front_end_suite/javafe.test.SuperlinksTest.004.smt2	db31113fa	not-dispatched	unknown	0	none	q:egraph	21	fd:parse:probe\pq:ground-subset:declined\pq:bool-skeleton:declined\pq:eq-partition:declined\pq:unsat-universal:declined\pq:forall-exists-witness:declined\pq:finite-expansion:declined\pq:uf-fmf-probe:declined\pq:mbqi-quick:declined\pq:egraph:declined\pq:timeout:declined\pq:timeout:declined\pfd:string-gate:declined\pfd:source-string-semantic-unsat:declined\pfd:word-route:declined\pfd:online-string:declined\pfd:membership:declined\pfd:lex-order:declined\pfd:length-lia:declined\pfd:source-string-sat-probe:declined\pfd:bounded-completeness-unsat:declined	24234	2\p145\p1364\p380\p0\p0\p0\p1\p1552\p20662\p0\p0\p0\p0\p0\p0\p0\p0\p0\p0\p0	no	q:ground-subset=not-applicable\pq:bool-skeleton=not-applicable\pq:eq-partition=not-applicable\pq:unsat-universal=not-applicable\pq:forall-exists-witness=not-applicable\pq:finite-expansion=unsupported\pq:uf-fmf-probe=not-applicable\pq:mbqi-quick=budget\pq:egraph=budget\pq:timeout=budget\pq:timeout=budget\pfd:string-gate=budget\pfd:source-string-semantic-unsat=budget\pfd:word-route=budget\pfd:online-string=budget\pfd:membership=budget\pfd:lex-order=budget\pfd:length-lia=budget\pfd:source-string-sat-probe=budget\pfd:bounded-completeness-unsat=budget	\p\p\p\p\pquantifier over non-enumerable domain Int\p\pe-matching: instantiation time budget exhausted mid-round (the interleaved ground check did not decide the set inside the deadline)\pe-matching: instantiation time budget exhausted mid-round (the interleaved ground check did not decide the set inside the deadline)\pquantified solve time budget exhausted after e-matching\pquantified solve time budget exhausted after MBQI and the finite-model finder\pquantified solve time budget exhausted after MBQI and the finite-model finder\pquantified solve time budget exhausted after MBQI and the finite-model finder\pquantified solve time budget exhausted after MBQI and the finite-model finder\pquantified solve time budget exhausted after MBQI and the finite-model finder\pquantified solve time budget exhausted after MBQI and the finite-model finder\pquantified solve time budget exhausted after MBQI and the finite-model finder\pquantified solve time budget exhausted after MBQI and the finite-model finder\pquantified solve time budget exhausted after MBQI and the finite-model finder\pquantified solve time budget exhausted after MBQI and the finite-model finder	\p\p\p\p\pbackend\p\pother\pother\pother\pother\pother\pother\pother\pother\pother\pother\pother\pother\pother	server6	6,14	4.06
t1-UFLIA-db31113fa	main	UFLIA/sledgehammer/FFT/smtlib.994522.smt2	db31113fa	not-dispatched	unsat	0	q:mbqi-quick	q:mbqi-quick	9	fd:parse:probe\pq:ground-subset:declined\pq:bool-skeleton:declined\pq:eq-partition:declined\pq:unsat-universal:declined\pq:forall-exists-witness:declined\pq:finite-expansion:declined\pq:uf-fmf-probe:declined\pq:mbqi-quick:decided	108	0\p0\p1\p2\p0\p0\p0\p0\p14	no	q:ground-subset=not-applicable\pq:bool-skeleton=not-applicable\pq:eq-partition=not-applicable\pq:unsat-universal=not-applicable\pq:forall-exists-witness=not-applicable\pq:finite-expansion=unsupported\pq:uf-fmf-probe=not-applicable	\p\p\p\p\pquantifier over non-enumerable domain (Uninterpreted 1)\p	\p\p\p\p\pbackend\p	server6	6,14	4.04
t1-UFLIA-db31113fa	main	UFLIA/sledgehammer/Fundamental_Theorem_Algebra/smtlib.651310.smt2	db31113fa	not-dispatched	unknown	0	none	q:egraph	22	fd:parse:probe\pq:ground-subset:declined\pq:bool-skeleton:declined\pq:valid-universal-qf:declined\pq:eq-partition:declined\pq:unsat-universal:declined\pq:forall-exists-witness:declined\pq:finite-expansion:declined\pq:uf-fmf-probe:declined\pq:mbqi-quick:declined\pq:egraph:declined\pq:timeout:declined\pq:timeout:declined\pfd:string-gate:declined\pfd:source-string-semantic-unsat:declined\pfd:word-route:declined\pfd:online-string:declined\pfd:membership:declined\pfd:lex-order:declined\pfd:length-lia:declined\pfd:source-string-sat-probe:declined\pfd:bounded-completeness-unsat:declined	24135	5\p6\p5\p27\p0\p0\p0\p0\p0\p1631\p22349\p0\p0\p0\p0\p0\p0\p0\p0\p0\p0\p0	no	q:ground-subset=not-applicable\pq:bool-skeleton=not-applicable\pq:valid-universal-qf=unsupported\pq:eq-partition=not-applicable\pq:unsat-universal=not-applicable\pq:forall-exists-witness=not-applicable\pq:finite-expansion=unsupported\pq:uf-fmf-probe=not-applicable\pq:mbqi-quick=budget\pq:egraph=incomplete\pq:timeout=budget\pq:timeout=budget\pfd:string-gate=budget\pfd:source-string-semantic-unsat=budget\pfd:word-route=budget\pfd:online-string=budget\pfd:membership=budget\pfd:lex-order=budget\pfd:length-lia=budget\pfd:source-string-sat-probe=budget\pfd:bounded-completeness-unsat=budget	\p\pterm #3799 has sort (Uninterpreted 5) that the pure-Rust BV backend cannot bit-blast\p\p\p\pquantifier over non-enumerable domain (Uninterpreted 2)\p\pe-matching: instantiation time budget exhausted mid-round (the interleaved ground check did not decide the set inside the deadline)\pe-matching instantiation stopped after 10 rounds: the remaining budget could not fit another round with growth headroom\pquantified solve time budget exhausted after e-matching\pquantified solve time budget exhausted after MBQI and the finite-model finder\pquantified solve time budget exhausted after MBQI and the finite-model finder\pquantified solve time budget exhausted after MBQI and the finite-model finder\pquantified solve time budget exhausted after MBQI and the finite-model finder\pquantified solve time budget exhausted after MBQI and the finite-model finder\pquantified solve time budget exhausted after MBQI and the finite-model finder\pquantified solve time budget exhausted after MBQI and the finite-model finder\pquantified solve time budget exhausted after MBQI and the finite-model finder\pquantified solve time budget exhausted after MBQI and the finite-model finder\pquantified solve time budget exhausted after MBQI and the finite-model finder	\p\pbackend\p\p\p\pbackend\p\pother\p\pother\pother\pother\pother\pother\pother\pother\pother\pother\pother\pother	server6	6,14	4.04
t1-UFLIA-db31113fa	main	UFLIA/sledgehammer/Hoare/smtlib.755963.smt2	db31113fa	not-dispatched	unknown	0	none	q:egraph	22	fd:parse:probe\pq:ground-subset:declined\pq:bool-skeleton:declined\pq:eq-partition:declined\pq:unsat-universal:declined\pq:forall-exists-witness:declined\pq:finite-expansion:declined\pq:uf-fmf-probe:declined\pq:mbqi-quick:declined\pq:egraph:declined\pq:uf-fmf-full:declined\pq:mbqi:declined\pq:nat-induction:declined\pfd:string-gate:declined\pfd:source-string-semantic-unsat:declined\pfd:word-route:declined\pfd:online-string:declined\pfd:membership:declined\pfd:lex-order:declined\pfd:length-lia:declined\pfd:source-string-sat-probe:declined\pfd:bounded-completeness-unsat:declined	23932	2\p1\p1\p63\p0\p0\p0\p0\p1523\p22123\p8\p178\p0\p0\p0\p0\p0\p0\p0\p0\p0\p0	no	q:ground-subset=not-applicable\pq:bool-skeleton=not-applicable\pq:eq-partition=not-applicable\pq:unsat-universal=not-applicable\pq:forall-exists-witness=not-applicable\pq:finite-expansion=unsupported\pq:uf-fmf-probe=not-applicable\pq:mbqi-quick=budget\pq:egraph=incomplete\pq:uf-fmf-full=budget\pq:mbqi=budget\pq:nat-induction=not-applicable\pfd:string-gate=budget\pfd:source-string-semantic-unsat=budget\pfd:word-route=budget\pfd:online-string=budget\pfd:membership=budget\pfd:lex-order=budget\pfd:length-lia=budget\pfd:source-string-sat-probe=budget\pfd:bounded-completeness-unsat=budget	\p\p\p\p\pquantifier over non-enumerable domain (Uninterpreted 9)\p\pe-matching: instantiation time budget exhausted mid-round (the interleaved ground check did not decide the set inside the deadline)\pe-matching instantiation admitted nothing further after 34 rounds with the ground set at the admission ceiling (a saturation, not a fixpoint: more rounds cannot help at THIS ceiling, and that is a different claim)\pe-matching: instantiation time budget exhausted mid-round (the interleaved ground check did not decide the set inside the deadline)\pe-matching: instantiation time budget exhausted mid-round (the interleaved ground check did not decide the set inside the deadline)\p\pe-matching: instantiation time budget exhausted mid-round (the interleaved ground check did not decide the set inside the deadline)\pe-matching: instantiation time budget exhausted mid-round (the interleaved ground check did not decide the set inside the deadline)\pe-matching: instantiation time budget exhausted mid-round (the interleaved ground check did not decide the set inside the deadline)\pe-matching: instantiation time budget exhausted mid-round (the interleaved ground check did not decide the set inside the deadline)\pe-matching: instantiation time budget exhausted mid-round (the interleaved ground check did not decide the set inside the deadline)\pe-matching: instantiation time budget exhausted mid-round (the interleaved ground check did not decide the set inside the deadline)\pe-matching: instantiation time budget exhausted mid-round (the interleaved ground check did not decide the set inside the deadline)\pe-matching: instantiation time budget exhausted mid-round (the interleaved ground check did not decide the set inside the deadline)\pe-matching: instantiation time budget exhausted mid-round (the interleaved ground check did not decide the set inside the deadline)	\p\p\p\p\pbackend\p\pother\p\pother\pother\p\pother\pother\pother\pother\pother\pother\pother\pother\pother	server6	6,14	4.02
t1-UFLIA-db31113fa	main	UFLIA/sledgehammer/QEpres/smtlib.670697.smt2	db31113fa	not-dispatched	unknown	0	none	q:egraph	22	fd:parse:probe\pq:ground-subset:declined\pq:bool-skeleton:declined\pq:valid-universal-qf:declined\pq:eq-partition:declined\pq:unsat-universal:declined\pq:forall-exists-witness:declined\pq:finite-expansion:declined\pq:uf-fmf-probe:declined\pq:mbqi-quick:declined\pq:egraph:declined\pq:timeout:declined\pq:timeout:declined\pfd:string-gate:declined\pfd:source-string-semantic-unsat:declined\pfd:word-route:declined\pfd:online-string:declined\pfd:membership:declined\pfd:lex-order:declined\pfd:length-lia:declined\pfd:source-string-sat-probe:declined\pfd:bounded-completeness-unsat:declined	24133	2\p0\p0\p16\p0\p0\p0\p0\p0\p1582\p22467\p0\p0\p0\p0\p0\p0\p0\p0\p0\p0\p0	no	q:ground-subset=not-applicable\pq:bool-skeleton=not-applicable\pq:valid-universal-qf=unsupported\pq:eq-partition=not-applicable\pq:unsat-universal=not-applicable\pq:forall-exists-witness=not-applicable\pq:finite-expansion=unsupported\pq:uf-fmf-probe=not-applicable\pq:mbqi-quick=budget\pq:egraph=budget\pq:timeout=budget\pq:timeout=budget\pfd:string-gate=budget\pfd:source-string-semantic-unsat=budget\pfd:word-route=budget\pfd:online-string=budget\pfd:membership=budget\pfd:lex-order=budget\pfd:length-lia=budget\pfd:source-string-sat-probe=budget\pfd:bounded-completeness-unsat=budget	\p\pterm #3114 has sort (Uninterpreted 0) that the pure-Rust BV backend cannot bit-blast\p\p\p\pquantifier over non-enumerable domain (Uninterpreted 1)\p\pe-matching: instantiation time budget exhausted mid-round (the interleaved ground check did not decide the set inside the deadline)\pe-matching: instantiation time budget exhausted mid-round (the interleaved ground check did not decide the set inside the deadline)\pquantified solve time budget exhausted after e-matching\pquantified solve time budget exhausted after MBQI and the finite-model finder\pquantified solve time budget exhausted after MBQI and the finite-model finder\pquantified solve time budget exhausted after MBQI and the finite-model finder\pquantified solve time budget exhausted after MBQI and the finite-model finder\pquantified solve time budget exhausted after MBQI and the finite-model finder\pquantified solve time budget exhausted after MBQI and the finite-model finder\pquantified solve time budget exhausted after MBQI and the finite-model finder\pquantified solve time budget exhausted after MBQI and the finite-model finder\pquantified solve time budget exhausted after MBQI and the finite-model finder\pquantified solve time budget exhausted after MBQI and the finite-model finder	\p\pbackend\p\p\p\pbackend\p\pother\pother\pother\pother\pother\pother\pother\pother\pother\pother\pother\pother\pother	server6	6,14	4.01
t1-UFLIA-db31113fa	main	UFLIA/sledgehammer/TwoSquares/smtlib.618605.smt2	db31113fa	not-dispatched	unsat	0	q:egraph	q:mbqi-quick	11	fd:parse:probe\pq:ground-subset:declined\pq:bool-skeleton:declined\pq:valid-universal-qf:declined\pq:eq-partition:declined\pq:unsat-universal:declined\pq:forall-exists-witness:declined\pq:finite-expansion:declined\pq:uf-fmf-probe:declined\pq:mbqi-quick:declined\pq:egraph:decided	2911	7\p75\p66\p506\p0\p0\p0\p0\p0\p2051\p146	no	q:ground-subset=not-applicable\pq:bool-skeleton=not-applicable\pq:valid-universal-qf=unsupported\pq:eq-partition=not-applicable\pq:unsat-universal=not-applicable\pq:forall-exists-witness=not-applicable\pq:finite-expansion=unsupported\pq:uf-fmf-probe=not-applicable\pq:mbqi-quick=budget	\p\pterm #5728 has sort (Uninterpreted 0) that the pure-Rust BV backend cannot bit-blast\p\p\p\pquantifier over non-enumerable domain (Uninterpreted 1)\p\pe-matching: instantiation time budget exhausted mid-round (the interleaved ground check did not decide the set inside the deadline)	\p\pbackend\p\p\p\pbackend\p\pother	server6	6,14	4.01
t1-UFLIA-db31113fa	main	UFLIA/sledgehammer/TypeSafe/smtlib.952809.smt2	db31113fa	not-dispatched	unknown	0	none	q:mbqi	22	fd:parse:probe\pq:ground-subset:declined\pq:bool-skeleton:declined\pq:eq-partition:declined\pq:unsat-universal:declined\pq:forall-exists-witness:declined\pq:finite-expansion:declined\pq:uf-fmf-probe:declined\pq:mbqi-quick:declined\pq:egraph:declined\pq:uf-fmf-full:declined\pq:mbqi:declined\pq:nat-induction:declined\pfd:string-gate:declined\pfd:source-string-semantic-unsat:declined\pfd:word-route:declined\pfd:online-string:declined\pfd:membership:declined\pfd:lex-order:declined\pfd:length-lia:declined\pfd:source-string-sat-probe:declined\pfd:bounded-completeness-unsat:declined	14422	3\p2\p2\p22\p0\p0\p0\p0\p1563\p2900\p24\p9843\p0\p0\p0\p0\p0\p0\p0\p0\p0\p0	no	q:ground-subset=not-applicable\pq:bool-skeleton=not-applicable\pq:eq-partition=not-applicable\pq:unsat-universal=not-applicable\pq:forall-exists-witness=not-applicable\pq:finite-expansion=unsupported\pq:uf-fmf-probe=not-applicable\pq:mbqi-quick=budget\pq:egraph=incomplete\pq:uf-fmf-full=incomplete\pq:mbqi=incomplete\pq:nat-induction=not-applicable\pfd:string-gate=incomplete\pfd:source-string-semantic-unsat=incomplete\pfd:word-route=incomplete\pfd:online-string=incomplete\pfd:membership=incomplete\pfd:lex-order=incomplete\pfd:length-lia=incomplete\pfd:source-string-sat-probe=incomplete\pfd:bounded-completeness-unsat=incomplete	\p\p\p\p\pquantifier over non-enumerable domain (Uninterpreted 2)\p\pe-matching: instantiation time budget exhausted mid-round (the interleaved ground check did not decide the set inside the deadline)\pe-matching instantiation admitted nothing further after 26 rounds with the ground set at the admission ceiling (a saturation, not a fixpoint: more rounds cannot help at THIS ceiling, and that is a different claim)\pe-matching instantiation admitted nothing further after 26 rounds with the ground set at the admission ceiling (a saturation, not a fixpoint: more rounds cannot help at THIS ceiling, and that is a different claim)\pe-matching instantiation admitted nothing further after 26 rounds with the ground set at the admission ceiling (a saturation, not a fixpoint: more rounds cannot help at THIS ceiling, and that is a different claim)\p\pe-matching instantiation admitted nothing further after 26 rounds with the ground set at the admission ceiling (a saturation, not a fixpoint: more rounds cannot help at THIS ceiling, and that is a different claim)\pe-matching instantiation admitted nothing further after 26 rounds with the ground set at the admission ceiling (a saturation, not a fixpoint: more rounds cannot help at THIS ceiling, and that is a different claim)\pe-matching instantiation admitted nothing further after 26 rounds with the ground set at the admission ceiling (a saturation, not a fixpoint: more rounds cannot help at THIS ceiling, and that is a different claim)\pe-matching instantiation admitted nothing further after 26 rounds with the ground set at the admission ceiling (a saturation, not a fixpoint: more rounds cannot help at THIS ceiling, and that is a different claim)\pe-matching instantiation admitted nothing further after 26 rounds with the ground set at the admission ceiling (a saturation, not a fixpoint: more rounds cannot help at THIS ceiling, and that is a different claim)\pe-matching instantiation admitted nothing further after 26 rounds with the ground set at the admission ceiling (a saturation, not a fixpoint: more rounds cannot help at THIS ceiling, and that is a different claim)\pe-matching instantiation admitted nothing further after 26 rounds with the ground set at the admission ceiling (a saturation, not a fixpoint: more rounds cannot help at THIS ceiling, and that is a different claim)\pe-matching instantiation admitted nothing further after 26 rounds with the ground set at the admission ceiling (a saturation, not a fixpoint: more rounds cannot help at THIS ceiling, and that is a different claim)\pe-matching instantiation admitted nothing further after 26 rounds with the ground set at the admission ceiling (a saturation, not a fixpoint: more rounds cannot help at THIS ceiling, and that is a different claim)	\p\p\p\p\pbackend\p\pother\p\p\p\p\p\p\p\p\p\p\p\p\p	server6	6,14	4.01
t1-UFLIA-db31113fa	main	UFLIA/tokeneer/configdata/validatefile/readworkinghours-4.smt2	db31113fa	not-dispatched	unsat	0	q:bool-skeleton	q:bool-skeleton	3	fd:parse:probe\pq:ground-subset:declined\pq:bool-skeleton:decided	108	0\p0\p0	no	q:ground-subset=not-applicable			server6	6,14	4.14
t1-UFLIA-db31113fa	main	UFLIA/tokeneer/keystore/digest-81.smt2	db31113fa	not-dispatched	unsat	0	q:ground-subset	q:ground-subset	2	fd:parse:probe\pq:ground-subset:decided	107	0\p2	no				server6	6,14	4.14
t1-UFLIA-db31113fa	main	UFLIA/tokeneer/usertoken/readandcheck/checkprivcert-2.smt2	db31113fa	not-dispatched	unsat	0	q:mbqi-quick	q:eq-partition	9	fd:parse:probe\pq:ground-subset:declined\pq:bool-skeleton:declined\pq:eq-partition:declined\pq:unsat-universal:declined\pq:forall-exists-witness:declined\pq:finite-expansion:declined\pq:uf-fmf-probe:declined\pq:mbqi-quick:decided	107	0\p1\p1\p38\p0\p0\p0\p0\p23	no	q:ground-subset=not-applicable\pq:bool-skeleton=not-applicable\pq:eq-partition=not-applicable\pq:unsat-universal=not-applicable\pq:forall-exists-witness=not-applicable\pq:finite-expansion=unsupported\pq:uf-fmf-probe=not-applicable	\p\p\p\p\pquantifier over non-enumerable domain Int\p	\p\p\p\p\pbackend\p	server6	6,14	4.14
t1-UFLIA-db31113fa	main	UFLIA/boogie/Chunker11c_Chunker.SpecSharp.CheckInvariant_System.Boolean.smt2	db31113fa	not-dispatched	unknown	0	none	q:egraph	21	fd:parse:probe\pq:ground-subset:declined\pq:bool-skeleton:declined\pq:eq-partition:declined\pq:unsat-universal:declined\pq:forall-exists-witness:declined\pq:finite-expansion:declined\pq:uf-fmf-probe:declined\pq:mbqi-quick:declined\pq:egraph:declined\pq:timeout:declined\pq:timeout:declined\pfd:string-gate:declined\pfd:source-string-semantic-unsat:declined\pfd:word-route:declined\pfd:online-string:declined\pfd:membership:declined\pfd:lex-order:declined\pfd:length-lia:declined\pfd:source-string-sat-probe:declined\pfd:bounded-completeness-unsat:declined	24128	3\p607\p3248\p2588\p0\p0\p0\p1\p1325\p16259\p0\p0\p0\p0\p0\p0\p0\p0\p0\p0\p0	no	q:ground-subset=not-applicable\pq:bool-skeleton=not-applicable\pq:eq-partition=not-applicable\pq:unsat-universal=not-applicable\pq:forall-exists-witness=not-applicable\pq:finite-expansion=unsupported\pq:uf-fmf-probe=not-applicable\pq:mbqi-quick=budget\pq:egraph=budget\pq:timeout=budget\pq:timeout=budget\pfd:string-gate=budget\pfd:source-string-semantic-unsat=budget\pfd:word-route=budget\pfd:online-string=budget\pfd:membership=budget\pfd:lex-order=budget\pfd:length-lia=budget\pfd:source-string-sat-probe=budget\pfd:bounded-completeness-unsat=budget	\p\p\p\p\pquantifier over non-enumerable domain Int\p\pe-matching: instantiation time budget exhausted mid-round (the interleaved ground check did not decide the set inside the deadline)\pe-matching: instantiation time budget exhausted mid-round (the interleaved ground check did not decide the set inside the deadline)\pquantified solve time budget exhausted after e-matching\pquantified solve time budget exhausted after MBQI and the finite-model finder\pquantified solve time budget exhausted after MBQI and the finite-model finder\pquantified solve time budget exhausted after MBQI and the finite-model finder\pquantified solve time budget exhausted after MBQI and the finite-model finder\pquantified solve time budget exhausted after MBQI and the finite-model finder\pquantified solve time budget exhausted after MBQI and the finite-model finder\pquantified solve time budget exhausted after MBQI and the finite-model finder\pquantified solve time budget exhausted after MBQI and the finite-model finder\pquantified solve time budget exhausted after MBQI and the finite-model finder\pquantified solve time budget exhausted after MBQI and the finite-model finder	\p\p\p\p\pbackend\p\pother\pother\pother\pother\pother\pother\pother\pother\pother\pother\pother\pother\pother	server7	1,9	3.94
t1-UFLIA-db31113fa	main	UFLIA/boogie/StrictReadOnly_C1.Z1.smt2	db31113fa	not-dispatched	unknown	0	none	q:egraph	21	fd:parse:probe\pq:ground-subset:declined\pq:bool-skeleton:declined\pq:eq-partition:declined\pq:unsat-universal:declined\pq:forall-exists-witness:declined\pq:finite-expansion:declined\pq:uf-fmf-probe:declined\pq:mbqi-quick:declined\pq:egraph:declined\pq:timeout:declined\pq:timeout:declined\pfd:string-gate:declined\pfd:source-string-semantic-unsat:declined\pfd:word-route:declined\pfd:online-string:declined\pfd:membership:declined\pfd:lex-order:declined\pfd:length-lia:declined\pfd:source-string-sat-probe:declined\pfd:bounded-completeness-unsat:declined	24129	3\p748\p1696\p2551\p0\p0\p1\p1\p1455\p17636\p0\p0\p0\p0\p0\p0\p0\p0\p0\p0\p0	no	q:ground-subset=not-applicable\pq:bool-skeleton=not-applicable\pq:eq-partition=not-applicable\pq:unsat-universal=not-applicable\pq:forall-exists-witness=not-applicable\pq:finite-expansion=unsupported\pq:uf-fmf-probe=not-applicable\pq:mbqi-quick=budget\pq:egraph=budget\pq:timeout=budget\pq:timeout=budget\pfd:string-gate=budget\pfd:source-string-semantic-unsat=budget\pfd:word-route=budget\pfd:online-string=budget\pfd:membership=budget\pfd:lex-order=budget\pfd:length-lia=budget\pfd:source-string-sat-probe=budget\pfd:bounded-completeness-unsat=budget	\p\p\p\p\pquantifier over non-enumerable domain Int\p\pe-matching: instantiation time budget exhausted mid-round (the interleaved ground check did not decide the set inside the deadline)\pe-matching: instantiation time budget exhausted mid-round (the interleaved ground check did not decide the set inside the deadline)\pquantified solve time budget exhausted after e-matching\pquantified solve time budget exhausted after MBQI and the finite-model finder\pquantified solve time budget exhausted after MBQI and the finite-model finder\pquantified solve time budget exhausted after MBQI and the finite-model finder\pquantified solve time budget exhausted after MBQI and the finite-model finder\pquantified solve time budget exhausted after MBQI and the finite-model finder\pquantified solve time budget exhausted after MBQI and the finite-model finder\pquantified solve time budget exhausted after MBQI and the finite-model finder\pquantified solve time budget exhausted after MBQI and the finite-model finder\pquantified solve time budget exhausted after MBQI and the finite-model finder\pquantified solve time budget exhausted after MBQI and the finite-model finder	\p\p\p\p\pbackend\p\pother\pother\pother\pother\pother\pother\pother\pother\pother\pother\pother\pother\pother	server7	1,9	3.96
t1-UFLIA-db31113fa	main	UFLIA/misc/list4.smt2	db31113fa	not-dispatched	unknown	0	none	q:egraph	22	fd:parse:probe\pq:ground-subset:declined\pq:bool-skeleton:declined\pq:eq-partition:declined\pq:unsat-universal:declined\pq:forall-exists-witness:declined\pq:finite-expansion:declined\pq:uf-fmf-probe:declined\pq:mbqi-quick:declined\pq:egraph:declined\pq:uf-fmf-full:declined\pq:mbqi:declined\pq:nat-induction:declined\pfd:string-gate:declined\pfd:source-string-semantic-unsat:declined\pfd:word-route:declined\pfd:online-string:declined\pfd:membership:declined\pfd:lex-order:declined\pfd:length-lia:declined\pfd:source-string-sat-probe:declined\pfd:bounded-completeness-unsat:declined	18321	0\p0\p0\p0\p0\p0\p0\p0\p2\p18268\p0\p4\p0\p0\p0\p0\p0\p0\p0\p0\p0\p0	no	q:ground-subset=not-applicable\pq:bool-skeleton=not-applicable\pq:eq-partition=not-applicable\pq:unsat-universal=not-applicable\pq:forall-exists-witness=not-applicable\pq:finite-expansion=unsupported\pq:uf-fmf-probe=not-applicable\pq:mbqi-quick=incomplete\pq:egraph=incomplete\pq:uf-fmf-full=incomplete\pq:mbqi=incomplete\pq:nat-induction=not-applicable\pfd:string-gate=incomplete\pfd:source-string-semantic-unsat=incomplete\pfd:word-route=incomplete\pfd:online-string=incomplete\pfd:membership=incomplete\pfd:lex-order=incomplete\pfd:length-lia=incomplete\pfd:source-string-sat-probe=incomplete\pfd:bounded-completeness-unsat=incomplete	\p\p\p\p\pquantifier over non-enumerable domain (Uninterpreted 0)\p\pinstantiation is satisfiable; the universal may still be violated outside the instantiated terms\pe-matching instantiation reached fixpoint without refuting after 165 rounds (no further instance to admit; more rounds cannot help)\pinstantiation is satisfiable; the universal may still be violated outside the instantiated terms\pinstantiation is satisfiable; the universal may still be violated outside the instantiated terms\p\pinstantiation is satisfiable; the universal may still be violated outside the instantiated terms\pinstantiation is satisfiable; the universal may still be violated outside the instantiated terms\pinstantiation is satisfiable; the universal may still be violated outside the instantiated terms\pinstantiation is satisfiable; the universal may still be violated outside the instantiated terms\pinstantiation is satisfiable; the universal may still be violated outside the instantiated terms\pinstantiation is satisfiable; the universal may still be violated outside the instantiated terms\pinstantiation is satisfiable; the universal may still be violated outside the instantiated terms\pinstantiation is satisfiable; the universal may still be violated outside the instantiated terms\pinstantiation is satisfiable; the universal may still be violated outside the instantiated terms	\p\p\p\p\pbackend\p\p\p\p\p\p\p\p\p\p\p\p\p\p\p	server7	1,9	3.97
t1-UFLIA-db31113fa	main	UFLIA/simplify/javafe.parser.TokenQueue.576.smt2	db31113fa	not-dispatched	unsat	0	q:mbqi	q:egraph	11	fd:parse:probe\pq:ground-subset:declined\pq:bool-skeleton:declined\pq:eq-partition:declined\pq:unsat-universal:declined\pq:forall-exists-witness:declined\pq:finite-expansion:declined\pq:uf-fmf-probe:declined\pq:mbqi-quick:declined\pq:egraph:declined\pq:mbqi:decided	21221	1\p40\p50\p258\p0\p0\p0\p0\p1560\p16231\p2937	no	q:ground-subset=not-applicable\pq:bool-skeleton=not-applicable\pq:eq-partition=not-applicable\pq:unsat-universal=not-applicable\pq:forall-exists-witness=not-applicable\pq:finite-expansion=unsupported\pq:uf-fmf-probe=not-applicable\pq:mbqi-quick=budget\pq:egraph=incomplete	\p\p\p\p\pquantifier over non-enumerable domain Int\p\pe-matching: instantiation time budget exhausted mid-round (the interleaved ground check did not decide the set inside the deadline)\pe-matching instantiation admitted nothing further after 4 rounds with the ground set at the admission ceiling (a saturation, not a fixpoint: more rounds cannot help at THIS ceiling, and that is a different claim)	\p\p\p\p\pbackend\p\pother\p	server7	1,9	4.20
t1-UFLIA-db31113fa	main	UFLIA/simplify2/front_end_suite/javafe.ast.DefaultVisitor.028.smt2	db31113fa	not-dispatched	unsat	0	q:bool-skeleton	q:bool-skeleton	3	fd:parse:probe\pq:ground-subset:declined\pq:bool-skeleton:decided	707	7\p239\p347	no	q:ground-subset=not-applicable			server7	1,9	4.08
t1-UFLIA-db31113fa	main	UFLIA/simplify2/front_end_suite/javafe.ast.SuperObjectDesignator.008.smt2	db31113fa	not-dispatched	unsat	0	q:bool-skeleton	q:bool-skeleton	3	fd:parse:probe\pq:ground-subset:declined\pq:bool-skeleton:decided	707	6\p309\p320	no	q:ground-subset=not-applicable			server7	1,9	4.08
t1-UFLIA-db31113fa	main	UFLIA/simplify2/front_end_suite/javafe.parser.Parse.005.smt2	db31113fa	not-dispatched	unknown	0	none	q:eq-partition	21	fd:parse:probe\pq:ground-subset:declined\pq:bool-skeleton:declined\pq:eq-partition:declined\pq:unsat-universal:declined\pq:forall-exists-witness:declined\pq:finite-expansion:declined\pq:uf-fmf-probe:declined\pq:mbqi-quick:declined\pq:egraph:declined\pq:timeout:declined\pq:timeout:declined\pfd:string-gate:declined\pfd:source-string-semantic-unsat:declined\pfd:word-route:declined\pfd:online-string:declined\pfd:membership:declined\pfd:lex-order:declined\pfd:length-lia:declined\pfd:source-string-sat-probe:declined\pfd:bounded-completeness-unsat:declined	24227	7\p2460\p3178\p8265\p0\p0\p0\p11\p2113\p8132\p0\p0\p0\p0\p0\p0\p0\p0\p0\p0\p0	no	q:ground-subset=not-applicable\pq:bool-skeleton=not-applicable\pq:eq-partition=not-applicable\pq:unsat-universal=not-applicable\pq:forall-exists-witness=not-applicable\pq:finite-expansion=unsupported\pq:uf-fmf-probe=not-applicable\pq:mbqi-quick=incomplete\pq:egraph=budget\pq:timeout=budget\pq:timeout=budget\pfd:string-gate=budget\pfd:source-string-semantic-unsat=budget\pfd:word-route=budget\pfd:online-string=budget\pfd:membership=budget\pfd:lex-order=budget\pfd:length-lia=budget\pfd:source-string-sat-probe=budget\pfd:bounded-completeness-unsat=budget	\p\p\p\p\pquantifier over non-enumerable domain Int\p\pquery has quantifiers instantiation does not reach (nested, existential, or non-top-level)\pe-matching: instantiation time budget exhausted mid-round (the interleaved ground check did not decide the set inside the deadline)\pquantified solve time budget exhausted after e-matching\pquantified solve time budget exhausted after MBQI and the finite-model finder\pquantified solve time budget exhausted after MBQI and the finite-model finder\pquantified solve time budget exhausted after MBQI and the finite-model finder\pquantified solve time budget exhausted after MBQI and the finite-model finder\pquantified solve time budget exhausted after MBQI and the finite-model finder\pquantified solve time budget exhausted after MBQI and the finite-model finder\pquantified solve time budget exhausted after MBQI and the finite-model finder\pquantified solve time budget exhausted after MBQI and the finite-model finder\pquantified solve time budget exhausted after MBQI and the finite-model finder\pquantified solve time budget exhausted after MBQI and the finite-model finder	\p\p\p\p\pbackend\p\p\pother\pother\pother\pother\pother\pother\pother\pother\pother\pother\pother\pother	server7	1,9	4.08
t1-UFLIA-db31113fa	main	UFLIA/simplify2/front_end_suite/javafe.util.ErrorSet.009.smt2	db31113fa	not-dispatched	unsat	0	q:bool-skeleton	q:ground-subset	3	fd:parse:probe\pq:ground-subset:declined\pq:bool-skeleton:decided	107	1\p48\p17	no	q:ground-subset=not-applicable			server7	1,9	3.99
t1-UFLIA-db31113fa	main	UFLIA/sledgehammer/Fundamental_Theorem_Algebra/smtlib.1057395.smt2	db31113fa	not-dispatched	unknown	0	none	q:egraph	23	fd:parse:probe\pq:ground-subset:declined\pq:bool-skeleton:declined\pq:valid-universal-qf:declined\pq:eq-partition:declined\pq:unsat-universal:declined\pq:forall-exists-witness:declined\pq:finite-expansion:declined\pq:uf-fmf-probe:declined\pq:mbqi-quick:declined\pq:egraph:declined\pq:uf-fmf-full:declined\pq:mbqi:declined\pq:nat-induction:declined\pfd:string-gate:declined\pfd:source-string-semantic-unsat:declined\pfd:word-route:declined\pfd:online-string:declined\pfd:membership:declined\pfd:lex-order:declined\pfd:length-lia:declined\pfd:source-string-sat-probe:declined\pfd:bounded-completeness-unsat:declined	19123	12\p18\p17\p196\p1\p0\p0\p0\p0\p1672\p11483\p52\p5519\p0\p0\p0\p0\p0\p0\p0\p0\p0\p0	no	q:ground-subset=not-applicable\pq:bool-skeleton=not-applicable\pq:valid-universal-qf=unsupported\pq:eq-partition=not-applicable\pq:unsat-universal=not-applicable\pq:forall-exists-witness=not-applicable\pq:finite-expansion=unsupported\pq:uf-fmf-probe=not-applicable\pq:mbqi-quick=budget\pq:egraph=incomplete\pq:uf-fmf-full=budget\pq:mbqi=budget\pq:nat-induction=not-applicable\pfd:string-gate=budget\pfd:source-string-semantic-unsat=budget\pfd:word-route=budget\pfd:online-string=budget\pfd:membership=budget\pfd:lex-order=budget\pfd:length-lia=budget\pfd:source-string-sat-probe=budget\pfd:bounded-completeness-unsat=budget	\p\pterm #140 has sort (Uninterpreted 51) that the pure-Rust BV backend cannot bit-blast\p\p\p\pquantifier over non-enumerable domain (Uninterpreted 1)\p\pe-matching: instantiation time budget exhausted mid-round (the interleaved ground check did not decide the set inside the deadline)\pe-matching instantiation admitted nothing further after 4 rounds with the ground set at the admission ceiling (a saturation, not a fixpoint: more rounds cannot help at THIS ceiling, and that is a different claim)\pe-matching: instantiation time budget exhausted mid-round (the interleaved ground check did not decide the set inside the deadline)\pe-matching: instantiation time budget exhausted mid-round (the interleaved ground check did not decide the set inside the deadline)\p\pe-matching: instantiation time budget exhausted mid-round (the interleaved ground check did not decide the set inside the deadline)\pe-matching: instantiation time budget exhausted mid-round (the interleaved ground check did not decide the set inside the deadline)\pe-matching: instantiation time budget exhausted mid-round (the interleaved ground check did not decide the set inside the deadline)\pe-matching: instantiation time budget exhausted mid-round (the interleaved ground check did not decide the set inside the deadline)\pe-matching: instantiation time budget exhausted mid-round (the interleaved ground check did not decide the set inside the deadline)\pe-matching: instantiation time budget exhausted mid-round (the interleaved ground check did not decide the set inside the deadline)\pe-matching: instantiation time budget exhausted mid-round (the interleaved ground check did not decide the set inside the deadline)\pe-matching: instantiation time budget exhausted mid-round (the interleaved ground check did not decide the set inside the deadline)\pe-matching: instantiation time budget exhausted mid-round (the interleaved ground check did not decide the set inside the deadline)	\p\pbackend\p\p\p\pbackend\p\pother\p\pother\pother\p\pother\pother\pother\pother\pother\pother\pother\pother\pother	server7	1,9	3.99
t1-UFLIA-db31113fa	main	UFLIA/sledgehammer/Fundamental_Theorem_Algebra/smtlib.718896.smt2	db31113fa	not-dispatched	unsat	0	q:egraph	q:mbqi-quick	10	fd:parse:probe\pq:ground-subset:declined\pq:bool-skeleton:declined\pq:eq-partition:declined\pq:unsat-universal:declined\pq:forall-exists-witness:declined\pq:finite-expansion:declined\pq:uf-fmf-probe:declined\pq:mbqi-quick:declined\pq:egraph:decided	3711	15\p1\p0\p139\p0\p0\p0\p1\p2914\p569	no	q:ground-subset=not-applicable\pq:bool-skeleton=not-applicable\pq:eq-partition=not-applicable\pq:unsat-universal=not-applicable\pq:forall-exists-witness=not-applicable\pq:finite-expansion=unsupported\pq:uf-fmf-probe=not-applicable\pq:mbqi-quick=budget	\p\p\p\p\pquantifier over non-enumerable domain (Uninterpreted 1)\p\pe-matching: instantiation time budget exhausted mid-round (the interleaved ground check did not decide the set inside the deadline)	\p\p\p\p\pbackend\p\pother	server7	1,9	3.99
t1-UFLIA-db31113fa	main	UFLIA/sledgehammer/Hoare/smtlib.820036.smt2	db31113fa	not-dispatched	unsat	0	q:mbqi-quick	q:eq-partition	9	fd:parse:probe\pq:ground-subset:declined\pq:bool-skeleton:declined\pq:eq-partition:declined\pq:unsat-universal:declined\pq:forall-exists-witness:declined\pq:finite-expansion:declined\pq:uf-fmf-probe:declined\pq:mbqi-quick:decided	208	2\p4\p3\p77\p0\p0\p0\p0\p19	no	q:ground-subset=not-applicable\pq:bool-skeleton=not-applicable\pq:eq-partition=not-applicable\pq:unsat-universal=not-applicable\pq:forall-exists-witness=not-applicable\pq:finite-expansion=unsupported\pq:uf-fmf-probe=not-applicable	\p\p\p\p\pquantifier over non-enumerable domain (Uninterpreted 2)\p	\p\p\p\p\pbackend\p	server7	1,9	3.99
t1-UFLIA-db31113fa	main	UFLIA/sledgehammer/QEpres/smtlib.730254.smt2	db31113fa	not-dispatched	unknown	0	none	q:mbqi	23	fd:parse:probe\pq:ground-subset:declined\pq:bool-skeleton:declined\pq:valid-universal-qf:declined\pq:eq-partition:declined\pq:unsat-universal:declined\pq:forall-exists-witness:declined\pq:finite-expansion:declined\pq:uf-fmf-probe:declined\pq:mbqi-quick:declined\pq:egraph:declined\pq:uf-fmf-full:declined\pq:mbqi:declined\pq:nat-induction:declined\pfd:string-gate:declined\pfd:source-string-semantic-unsat:declined\pfd:word-route:declined\pfd:online-string:declined\pfd:membership:declined\pfd:lex-order:declined\pfd:length-lia:declined\pfd:source-string-sat-probe:declined\pfd:bounded-completeness-unsat:declined	6313	5\p92\p99\p46\p0\p0\p0\p0\p0\p2055\p142\p18\p3786\p0\p0\p0\p0\p0\p0\p0\p0\p0\p0	no	q:ground-subset=not-applicable\pq:bool-skeleton=not-applicable\pq:valid-universal-qf=unsupported\pq:eq-partition=not-applicable\pq:unsat-universal=not-applicable\pq:forall-exists-witness=not-applicable\pq:finite-expansion=unsupported\pq:uf-fmf-probe=not-applicable\pq:mbqi-quick=unsupported\pq:egraph=unsupported\pq:uf-fmf-full=incomplete\pq:mbqi=incomplete\pq:nat-induction=not-applicable\pfd:string-gate=incomplete\pfd:source-string-semantic-unsat=incomplete\pfd:word-route=incomplete\pfd:online-string=incomplete\pfd:membership=incomplete\pfd:lex-order=incomplete\pfd:length-lia=incomplete\pfd:source-string-sat-probe=incomplete\pfd:bounded-completeness-unsat=incomplete	\p\pterm #40 has sort (Uninterpreted 18) that the pure-Rust BV backend cannot bit-blast\p\p\p\pquantifier over non-enumerable domain (Uninterpreted 1)\p\pterm #0 has sort (Uninterpreted 0) that the pure-Rust BV backend cannot bit-blast\pterm #0 has sort (Uninterpreted 0) that the pure-Rust BV backend cannot bit-blast\pmbqi declined an unsupported fragment: term #0 has sort (Uninterpreted 0) that the pure-Rust BV backend cannot bit-blast\pmbqi declined an unsupported fragment: term #0 has sort (Uninterpreted 0) that the pure-Rust BV backend cannot bit-blast\p\pmbqi declined an unsupported fragment: term #0 has sort (Uninterpreted 0) that the pure-Rust BV backend cannot bit-blast\pmbqi declined an unsupported fragment: term #0 has sort (Uninterpreted 0) that the pure-Rust BV backend cannot bit-blast\pmbqi declined an unsupported fragment: term #0 has sort (Uninterpreted 0) that the pure-Rust BV backend cannot bit-blast\pmbqi declined an unsupported fragment: term #0 has sort (Uninterpreted 0) that the pure-Rust BV backend cannot bit-blast\pmbqi declined an unsupported fragment: term #0 has sort (Uninterpreted 0) that the pure-Rust BV backend cannot bit-blast\pmbqi declined an unsupported fragment: term #0 has sort (Uninterpreted 0) that the pure-Rust BV backend cannot bit-blast\pmbqi declined an unsupported fragment: term #0 has sort (Uninterpreted 0) that the pure-Rust BV backend cannot bit-blast\pmbqi declined an unsupported fragment: term #0 has sort (Uninterpreted 0) that the pure-Rust BV backend cannot bit-blast\pmbqi declined an unsupported fragment: term #0 has sort (Uninterpreted 0) that the pure-Rust BV backend cannot bit-blast	\p\pbackend\p\p\p\pbackend\p\pbackend\pbackend\p\p\p\p\p\p\p\p\p\p\p\p	server7	1,9	3.99
t1-UFLIA-db31113fa	main	UFLIA/sledgehammer/TwoSquares/smtlib.672156.smt2	db31113fa	not-dispatched	unknown	0	none	q:egraph	22	fd:parse:probe\pq:ground-subset:declined\pq:bool-skeleton:declined\pq:valid-universal-qf:declined\pq:eq-partition:declined\pq:unsat-universal:declined\pq:forall-exists-witness:declined\pq:finite-expansion:declined\pq:uf-fmf-probe:declined\pq:mbqi-quick:declined\pq:egraph:declined\pq:timeout:declined\pq:timeout:declined\pfd:string-gate:declined\pfd:source-string-semantic-unsat:declined\pfd:word-route:declined\pfd:online-string:declined\pfd:membership:declined\pfd:lex-order:declined\pfd:length-lia:declined\pfd:source-string-sat-probe:declined\pfd:bounded-completeness-unsat:declined	24126	6\p215\p215\p40\p0\p0\p0\p0\p0\p3338\p20210\p0\p0\p0\p0\p0\p0\p0\p0\p0\p0\p0	no	q:ground-subset=not-applicable\pq:bool-skeleton=not-applicable\pq:valid-universal-qf=unsupported\pq:eq-partition=not-applicable\pq:unsat-universal=not-applicable\pq:forall-exists-witness=not-applicable\pq:finite-expansion=unsupported\pq:uf-fmf-probe=not-applicable\pq:mbqi-quick=budget\pq:egraph=incomplete\pq:timeout=budget\pq:timeout=budget\pfd:string-gate=budget\pfd:source-string-semantic-unsat=budget\pfd:word-route=budget\pfd:online-string=budget\pfd:membership=budget\pfd:lex-order=budget\pfd:length-lia=budget\pfd:source-string-sat-probe=budget\pfd:bounded-completeness-unsat=budget	\p\pterm #9 has sort (Uninterpreted 4) that the pure-Rust BV backend cannot bit-blast\p\p\p\pquantifier over non-enumerable domain (Uninterpreted 1)\p\pe-matching: instantiation time budget exhausted mid-round (the interleaved ground check did not decide the set inside the deadline)\pe-matching instantiation admitted nothing further after 5 rounds with the ground set at the admission ceiling (a saturation, not a fixpoint: more rounds cannot help at THIS ceiling, and that is a different claim)\pquantified solve time budget exhausted after e-matching\pquantified solve time budget exhausted after MBQI and the finite-model finder\pquantified solve time budget exhausted after MBQI and the finite-model finder\pquantified solve time budget exhausted after MBQI and the finite-model finder\pquantified solve time budget exhausted after MBQI and the finite-model finder\pquantified solve time budget exhausted after MBQI and the finite-model finder\pquantified solve time budget exhausted after MBQI and the finite-model finder\pquantified solve time budget exhausted after MBQI and the finite-model finder\pquantified solve time budget exhausted after MBQI and the finite-model finder\pquantified solve time budget exhausted after MBQI and the finite-model finder\pquantified solve time budget exhausted after MBQI and the finite-model finder	\p\pbackend\p\p\p\pbackend\p\pother\p\pother\pother\pother\pother\pother\pother\pother\pother\pother\pother\pother	server7	1,9	4.07
t1-UFLIA-db31113fa	main	UFLIA/tokeneer/admintoken/clear-6.smt2	db31113fa	not-dispatched	unknown	0	none	q:egraph	21	fd:parse:probe\pq:ground-subset:declined\pq:bool-skeleton:declined\pq:eq-partition:declined\pq:unsat-universal:declined\pq:forall-exists-witness:declined\pq:finite-expansion:declined\pq:uf-fmf-probe:declined\pq:mbqi-quick:declined\pq:egraph:declined\pq:timeout:declined\pq:timeout:declined\pfd:string-gate:declined\pfd:source-string-semantic-unsat:declined\pfd:word-route:declined\pfd:online-string:declined\pfd:membership:declined\pfd:lex-order:declined\pfd:length-lia:declined\pfd:source-string-sat-probe:declined\pfd:bounded-completeness-unsat:declined	24121	0\p2\p2\p29\p0\p0\p0\p0\p1537\p22468\p0\p0\p0\p0\p0\p0\p0\p0\p0\p0\p0	no	q:ground-subset=not-applicable\pq:bool-skeleton=not-applicable\pq:eq-partition=not-applicable\pq:unsat-universal=not-applicable\pq:forall-exists-witness=not-applicable\pq:finite-expansion=unsupported\pq:uf-fmf-probe=not-applicable\pq:mbqi-quick=budget\pq:egraph=budget\pq:timeout=budget\pq:timeout=budget\pfd:string-gate=budget\pfd:source-string-semantic-unsat=budget\pfd:word-route=budget\pfd:online-string=budget\pfd:membership=budget\pfd:lex-order=budget\pfd:length-lia=budget\pfd:source-string-sat-probe=budget\pfd:bounded-completeness-unsat=budget	\p\p\p\p\pquantifier over non-enumerable domain Int\p\pe-matching: instantiation time budget exhausted mid-round (the interleaved ground check did not decide the set inside the deadline)\pe-matching: instantiation time budget exhausted mid-round (the interleaved ground check did not decide the set inside the deadline)\pquantified solve time budget exhausted after e-matching\pquantified solve time budget exhausted after MBQI and the finite-model finder\pquantified solve time budget exhausted after MBQI and the finite-model finder\pquantified solve time budget exhausted after MBQI and the finite-model finder\pquantified solve time budget exhausted after MBQI and the finite-model finder\pquantified solve time budget exhausted after MBQI and the finite-model finder\pquantified solve time budget exhausted after MBQI and the finite-model finder\pquantified solve time budget exhausted after MBQI and the finite-model finder\pquantified solve time budget exhausted after MBQI and the finite-model finder\pquantified solve time budget exhausted after MBQI and the finite-model finder\pquantified solve time budget exhausted after MBQI and the finite-model finder	\p\p\p\p\pbackend\p\pother\pother\pother\pother\pother\pother\pother\pother\pother\pother\pother\pother\pother	server7	1,9	4.05
t1-UFLIA-db31113fa	main	UFLIA/tokeneer/configdata/writefile-8.smt2	db31113fa	not-dispatched	unsat	0	q:ground-subset	q:ground-subset	2	fd:parse:probe\pq:ground-subset:decided	107	0\p1	no				server7	1,9	4.03
t1-UFLIA-db31113fa	main	UFLIA/tokeneer/keystore/dofind-32.smt2	db31113fa	not-dispatched	unsat	0	q:ground-subset	q:ground-subset	2	fd:parse:probe\pq:ground-subset:decided	107	0\p2	no				server7	1,9	4.03
t1-UFLIA-db31113fa	main	UFLIA/tptp/NUM860=1.smt2	db31113fa	not-dispatched	unknown	0	none	q:egraph	21	fd:parse:probe\pq:ground-subset:declined\pq:bool-skeleton:declined\pq:eq-partition:declined\pq:unsat-universal:declined\pq:forall-exists-witness:declined\pq:finite-expansion:declined\pq:uf-fmf-probe:declined\pq:mbqi-quick:declined\pq:egraph:declined\pq:timeout:declined\pq:timeout:declined\pfd:string-gate:declined\pfd:source-string-semantic-unsat:declined\pfd:word-route:declined\pfd:online-string:declined\pfd:membership:declined\pfd:lex-order:declined\pfd:length-lia:declined\pfd:source-string-sat-probe:declined\pfd:bounded-completeness-unsat:declined	24125	0\p0\p0\p2\p0\p0\p0\p0\p1508\p22551\p0\p0\p0\p0\p0\p0\p0\p0\p0\p0\p0	no	q:ground-subset=not-applicable\pq:bool-skeleton=not-applicable\pq:eq-partition=not-applicable\pq:unsat-universal=not-applicable\pq:forall-exists-witness=not-applicable\pq:finite-expansion=unsupported\pq:uf-fmf-probe=not-applicable\pq:mbqi-quick=incomplete\pq:egraph=incomplete\pq:timeout=budget\pq:timeout=budget\pfd:string-gate=budget\pfd:source-string-semantic-unsat=budget\pfd:word-route=budget\pfd:online-string=budget\pfd:membership=budget\pfd:lex-order=budget\pfd:length-lia=budget\pfd:source-string-sat-probe=budget\pfd:bounded-completeness-unsat=budget	\p\p\p\p\pquantifier over non-enumerable domain Int\p\pe-matching instantiation admitted nothing further after 45 rounds with the ground set at the admission ceiling (a saturation, not a fixpoint: more rounds cannot help at THIS ceiling, and that is a different claim)\pe-matching instantiation reached fixpoint without refuting after 117 rounds (no further instance to admit; more rounds cannot help)\pquantified solve time budget exhausted after e-matching\pquantified solve time budget exhausted after MBQI and the finite-model finder\pquantified solve time budget exhausted after MBQI and the finite-model finder\pquantified solve time budget exhausted after MBQI and the finite-model finder\pquantified solve time budget exhausted after MBQI and the finite-model finder\pquantified solve time budget exhausted after MBQI and the finite-model finder\pquantified solve time budget exhausted after MBQI and the finite-model finder\pquantified solve time budget exhausted after MBQI and the finite-model finder\pquantified solve time budget exhausted after MBQI and the finite-model finder\pquantified solve time budget exhausted after MBQI and the finite-model finder\pquantified solve time budget exhausted after MBQI and the finite-model finder	\p\p\p\p\pbackend\p\p\p\pother\pother\pother\pother\pother\pother\pother\pother\pother\pother\pother	server7	1,9	4.03
t1-UFLIA-db31113fa	main	UFLIA/boogie/DefaultLoopInv0_A.M-modifiesOnLoop-noinfer.smt2	db31113fa	not-dispatched	unknown	0	none	q:egraph	22	fd:parse:probe\pq:ground-subset:declined\pq:bool-skeleton:declined\pq:eq-partition:declined\pq:unsat-universal:declined\pq:forall-exists-witness:declined\pq:finite-expansion:declined\pq:uf-fmf-probe:declined\pq:mbqi-quick:declined\pq:egraph:declined\pq:uf-fmf-full:declined\pq:mbqi:declined\pq:nat-induction:declined\pfd:string-gate:declined\pfd:source-string-semantic-unsat:declined\pfd:word-route:declined\pfd:online-string:declined\pfd:membership:declined\pfd:lex-order:declined\pfd:length-lia:declined\pfd:source-string-sat-probe:declined\pfd:bounded-completeness-unsat:declined	24025	2\p388\p2117\p2064\p0\p0\p0\p2\p1328\p17420\p32\p600\p0\p0\p0\p0\p0\p0\p0\p0\p0\p0	no	q:ground-subset=not-applicable\pq:bool-skeleton=not-applicable\pq:eq-partition=not-applicable\pq:unsat-universal=not-applicable\pq:forall-exists-witness=not-applicable\pq:finite-expansion=unsupported\pq:uf-fmf-probe=not-applicable\pq:mbqi-quick=budget\pq:egraph=incomplete\pq:uf-fmf-full=budget\pq:mbqi=budget\pq:nat-induction=not-applicable\pfd:string-gate=budget\pfd:source-string-semantic-unsat=budget\pfd:word-route=budget\pfd:online-string=budget\pfd:membership=budget\pfd:lex-order=budget\pfd:length-lia=budget\pfd:source-string-sat-probe=budget\pfd:bounded-completeness-unsat=budget	\p\p\p\p\pquantifier over non-enumerable domain Int\p\pe-matching: instantiation time budget exhausted mid-round (the interleaved ground check did not decide the set inside the deadline)\pe-matching instantiation reached fixpoint without refuting after 20 rounds (no further instance to admit; more rounds cannot help)\pe-matching: instantiation time budget exhausted mid-round (the interleaved ground check did not decide the set inside the deadline)\pe-matching: instantiation time budget exhausted mid-round (the interleaved ground check did not decide the set inside the deadline)\p\pe-matching: instantiation time budget exhausted mid-round (the interleaved ground check did not decide the set inside the deadline)\pe-matching: instantiation time budget exhausted mid-round (the interleaved ground check did not decide the set inside the deadline)\pe-matching: instantiation time budget exhausted mid-round (the interleaved ground check did not decide the set inside the deadline)\pe-matching: instantiation time budget exhausted mid-round (the interleaved ground check did not decide the set inside the deadline)\pe-matching: instantiation time budget exhausted mid-round (the interleaved ground check did not decide the set inside the deadline)\pe-matching: instantiation time budget exhausted mid-round (the interleaved ground check did not decide the set inside the deadline)\pe-matching: instantiation time budget exhausted mid-round (the interleaved ground check did not decide the set inside the deadline)\pe-matching: instantiation time budget exhausted mid-round (the interleaved ground check did not decide the set inside the deadline)\pe-matching: instantiation time budget exhausted mid-round (the interleaved ground check did not decide the set inside the deadline)	\p\p\p\p\pbackend\p\pother\p\pother\pother\p\pother\pother\pother\pother\pother\pother\pother\pother\pother	server7	3,11	3.97
t1-UFLIA-db31113fa	main	UFLIA/boogie/StructTests_St.S_System.Int32.ptr_System.Int32.ptr-level_2.smt2	db31113fa	not-dispatched	unknown	0	none	q:egraph	21	fd:parse:probe\pq:ground-subset:declined\pq:bool-skeleton:declined\pq:eq-partition:declined\pq:unsat-universal:declined\pq:forall-exists-witness:declined\pq:finite-expansion:declined\pq:uf-fmf-probe:declined\pq:mbqi-quick:declined\pq:egraph:declined\pq:timeout:declined\pq:timeout:declined\pfd:string-gate:declined\pfd:source-string-semantic-unsat:declined\pfd:word-route:declined\pfd:online-string:declined\pfd:membership:declined\pfd:lex-order:declined\pfd:length-lia:declined\pfd:source-string-sat-probe:declined\pfd:bounded-completeness-unsat:declined	24124	2\p373\p924\p1876\p0\p0\p0\p0\p1421\p19452\p0\p0\p0\p0\p0\p0\p0\p0\p0\p0\p0	no	q:ground-subset=not-applicable\pq:bool-skeleton=not-applicable\pq:eq-partition=not-applicable\pq:unsat-universal=not-applicable\pq:forall-exists-witness=not-applicable\pq:finite-expansion=unsupported\pq:uf-fmf-probe=not-applicable\pq:mbqi-quick=budget\pq:egraph=budget\pq:timeout=budget\pq:timeout=budget\pfd:string-gate=budget\pfd:source-string-semantic-unsat=budget\pfd:word-route=budget\pfd:online-string=budget\pfd:membership=budget\pfd:lex-order=budget\pfd:length-lia=budget\pfd:source-string-sat-probe=budget\pfd:bounded-completeness-unsat=budget	\p\p\p\p\pquantifier over non-enumerable domain Int\p\pe-matching: instantiation time budget exhausted mid-round (the interleaved ground check did not decide the set inside the deadline)\pe-matching: instantiation time budget exhausted mid-round (the interleaved ground check did not decide the set inside the deadline)\pquantified solve time budget exhausted after e-matching\pquantified solve time budget exhausted after MBQI and the finite-model finder\pquantified solve time budget exhausted after MBQI and the finite-model finder\pquantified solve time budget exhausted after MBQI and the finite-model finder\pquantified solve time budget exhausted after MBQI and the finite-model finder\pquantified solve time budget exhausted after MBQI and the finite-model finder\pquantified solve time budget exhausted after MBQI and the finite-model finder\pquantified solve time budget exhausted after MBQI and the finite-model finder\pquantified solve time budget exhausted after MBQI and the finite-model finder\pquantified solve time budget exhausted after MBQI and the finite-model finder\pquantified solve time budget exhausted after MBQI and the finite-model finder	\p\p\p\p\pbackend\p\pother\pother\pother\pother\pother\pother\pother\pother\pother\pother\pother\pother\pother	server7	3,11	3.98
t1-UFLIA-db31113fa	main	UFLIA/simplify/javafe.SrcTool.15.smt2	db31113fa	not-dispatched	unsat	0	q:mbqi-quick	q:eq-partition	9	fd:parse:probe\pq:ground-subset:declined\pq:bool-skeleton:declined\pq:eq-partition:declined\pq:unsat-universal:declined\pq:forall-exists-witness:declined\pq:finite-expansion:declined\pq:uf-fmf-probe:declined\pq:mbqi-quick:decided	608	1\p17\p28\p362\p0\p0\p0\p0\p165	no	q:ground-subset=not-applicable\pq:bool-skeleton=not-applicable\pq:eq-partition=not-applicable\pq:unsat-universal=not-applicable\pq:forall-exists-witness=not-applicable\pq:finite-expansion=unsupported\pq:uf-fmf-probe=not-applicable	\p\p\p\p\pquantifier over non-enumerable domain Int\p	\p\p\p\p\pbackend\p	server7	3,11	4.09
t1-UFLIA-db31113fa	main	UFLIA/simplify/javafe.reader.StandardTypeReader.628.smt2	db31113fa	not-dispatched	unsat	0	q:mbqi-quick	q:eq-partition	9	fd:parse:probe\pq:ground-subset:declined\pq:bool-skeleton:declined\pq:eq-partition:declined\pq:unsat-universal:declined\pq:forall-exists-witness:declined\pq:finite-expansion:declined\pq:uf-fmf-probe:declined\pq:mbqi-quick:decided	609	1\p24\p63\p258\p0\p0\p0\p0\p162	no	q:ground-subset=not-applicable\pq:bool-skeleton=not-applicable\pq:eq-partition=not-applicable\pq:unsat-universal=not-applicable\pq:forall-exists-witness=not-applicable\pq:finite-expansion=unsupported\pq:uf-fmf-probe=not-applicable	\p\p\p\p\pquantifier over non-enumerable domain Int\p	\p\p\p\p\pbackend\p	server7	3,11	4.09
t1-UFLIA-db31113fa	main	UFLIA/simplify2/front_end_suite/javafe.ast.DelegatingPrettyPrint.010.smt2	db31113fa	not-dispatched	unsat	0	q:mbqi-quick	q:mbqi-quick	9	fd:parse:probe\pq:ground-subset:declined\pq:bool-skeleton:declined\pq:eq-partition:declined\pq:unsat-universal:declined\pq:forall-exists-witness:declined\pq:finite-expansion:declined\pq:uf-fmf-probe:declined\pq:mbqi-quick:decided	1009	2\p102\p132\p234\p0\p0\p0\p0\p512	no	q:ground-subset=not-applicable\pq:bool-skeleton=not-applicable\pq:eq-partition=not-applicable\pq:unsat-universal=not-applicable\pq:forall-exists-witness=not-applicable\pq:finite-expansion=unsupported\pq:uf-fmf-probe=not-applicable	\p\p\p\p\pquantifier over non-enumerable domain Int\p	\p\p\p\p\pbackend\p	server7	3,11	4.08
t1-UFLIA-db31113fa	main	UFLIA/simplify2/front_end_suite/javafe.ast.ThrowStmt.004.smt2	db31113fa	not-dispatched	unsat	0	q:bool-skeleton	q:ground-subset	3	fd:parse:probe\pq:ground-subset:declined\pq:bool-skeleton:decided	708	7\p336\p314	no	q:ground-subset=not-applicable			server7	3,11	4.08
t1-UFLIA-db31113fa	main	UFLIA/simplify2/front_end_suite/javafe.parser.TagConstants.001.smt2	db31113fa	not-dispatched	unknown	0	none	q:egraph	21	fd:parse:probe\pq:ground-subset:declined\pq:bool-skeleton:declined\pq:eq-partition:declined\pq:unsat-universal:declined\pq:forall-exists-witness:declined\pq:finite-expansion:declined\pq:uf-fmf-probe:declined\pq:mbqi-quick:declined\pq:egraph:declined\pq:timeout:declined\pq:timeout:declined\pfd:string-gate:declined\pfd:source-string-semantic-unsat:declined\pfd:word-route:declined\pfd:online-string:declined\pfd:membership:declined\pfd:lex-order:declined\pfd:length-lia:declined\pfd:source-string-sat-probe:declined\pfd:bounded-completeness-unsat:declined	24424	2\p52\p631\p343\p0\p0\p0\p1\p1556\p21760\p0\p0\p0\p0\p0\p0\p0\p0\p0\p0\p0	no	q:ground-subset=not-applicable\pq:bool-skeleton=not-applicable\pq:eq-partition=not-applicable\pq:unsat-universal=not-applicable\pq:forall-exists-witness=not-applicable\pq:finite-expansion=unsupported\pq:uf-fmf-probe=not-applicable\pq:mbqi-quick=budget\pq:egraph=budget\pq:timeout=budget\pq:timeout=budget\pfd:string-gate=budget\pfd:source-string-semantic-unsat=budget\pfd:word-route=budget\pfd:online-string=budget\pfd:membership=budget\pfd:lex-order=budget\pfd:length-lia=budget\pfd:source-string-sat-probe=budget\pfd:bounded-completeness-unsat=budget	\p\p\p\p\pquantifier over non-enumerable domain Int\p\pe-matching: instantiation time budget exhausted mid-round (the interleaved ground check did not decide the set inside the deadline)\pe-matching: instantiation time budget exhausted mid-round (the interleaved ground check did not decide the set inside the deadline)\pquantified solve time budget exhausted after e-matching\pquantified solve time budget exhausted after MBQI and the finite-model finder\pquantified solve time budget exhausted after MBQI and the finite-model finder\pquantified solve time budget exhausted after MBQI and the finite-model finder\pquantified solve time budget exhausted after MBQI and the finite-model finder\pquantified solve time budget exhausted after MBQI and the finite-model finder\pquantified solve time budget exhausted after MBQI and the finite-model finder\pquantified solve time budget exhausted after MBQI and the finite-model finder\pquantified solve time budget exhausted after MBQI and the finite-model finder\pquantified solve time budget exhausted after MBQI and the finite-model finder\pquantified solve time budget exhausted after MBQI and the finite-model finder	\p\p\p\p\pbackend\p\pother\pother\pother\pother\pother\pother\pother\pother\pother\pother\pother\pother\pother	server7	3,11	4.08
t1-UFLIA-db31113fa	main	UFLIA/simplify2/front_end_suite/javafe.util.LocationManagerCorrelatedReader.011.smt2	db31113fa	not-dispatched	unsat	0	q:bool-skeleton	q:ground-subset	3	fd:parse:probe\pq:ground-subset:declined\pq:bool-skeleton:decided	207	1\p74\p21	no	q:ground-subset=not-applicable			server7	3,11	3.99
t1-UFLIA-db31113fa	main	UFLIA/sledgehammer/Fundamental_Theorem_Algebra/smtlib.1127270.smt2	db31113fa	not-dispatched	unknown	0	none	q:mbqi	23	fd:parse:probe\pq:ground-subset:declined\pq:bool-skeleton:declined\pq:valid-universal-qf:declined\pq:eq-partition:declined\pq:unsat-universal:declined\pq:forall-exists-witness:declined\pq:finite-expansion:declined\pq:uf-fmf-probe:declined\pq:mbqi-quick:declined\pq:egraph:declined\pq:uf-fmf-full:declined\pq:mbqi:declined\pq:nat-induction:declined\pfd:string-gate:declined\pfd:source-string-semantic-unsat:declined\pfd:word-route:declined\pfd:online-string:declined\pfd:membership:declined\pfd:lex-order:declined\pfd:length-lia:declined\pfd:source-string-sat-probe:declined\pfd:bounded-completeness-unsat:declined	16620	2\p2\p1\p41\p0\p0\p0\p0\p0\p1653\p6996\p24\p7737\p0\p0\p0\p0\p0\p0\p0\p0\p0\p0	no	q:ground-subset=not-applicable\pq:bool-skeleton=not-applicable\pq:valid-universal-qf=unsupported\pq:eq-partition=not-applicable\pq:unsat-universal=not-applicable\pq:forall-exists-witness=not-applicable\pq:finite-expansion=unsupported\pq:uf-fmf-probe=not-applicable\pq:mbqi-quick=budget\pq:egraph=incomplete\pq:uf-fmf-full=budget\pq:mbqi=budget\pq:nat-induction=not-applicable\pfd:string-gate=budget\pfd:source-string-semantic-unsat=budget\pfd:word-route=budget\pfd:online-string=budget\pfd:membership=budget\pfd:lex-order=budget\pfd:length-lia=budget\pfd:source-string-sat-probe=budget\pfd:bounded-completeness-unsat=budget	\p\pterm #307 has sort (Uninterpreted 43) that the pure-Rust BV backend cannot bit-blast\p\p\p\pquantifier over non-enumerable domain (Uninterpreted 2)\p\pe-matching: instantiation time budget exhausted mid-round (the interleaved ground check did not decide the set inside the deadline)\pe-matching instantiation admitted nothing further after 7 rounds with the ground set at the admission ceiling (a saturation, not a fixpoint: more rounds cannot help at THIS ceiling, and that is a different claim)\pe-matching: instantiation time budget exhausted mid-round (the interleaved ground check did not decide the set inside the deadline)\pe-matching: instantiation time budget exhausted mid-round (the interleaved ground check did not decide the set inside the deadline)\p\pe-matching: instantiation time budget exhausted mid-round (the interleaved ground check did not decide the set inside the deadline)\pe-matching: instantiation time budget exhausted mid-round (the interleaved ground check did not decide the set inside the deadline)\pe-matching: instantiation time budget exhausted mid-round (the interleaved ground check did not decide the set inside the deadline)\pe-matching: instantiation time budget exhausted mid-round (the interleaved ground check did not decide the set inside the deadline)\pe-matching: instantiation time budget exhausted mid-round (the interleaved ground check did not decide the set inside the deadline)\pe-matching: instantiation time budget exhausted mid-round (the interleaved ground check did not decide the set inside the deadline)\pe-matching: instantiation time budget exhausted mid-round (the interleaved ground check did not decide the set inside the deadline)\pe-matching: instantiation time budget exhausted mid-round (the interleaved ground check did not decide the set inside the deadline)\pe-matching: instantiation time budget exhausted mid-round (the interleaved ground check did not decide the set inside the deadline)	\p\pbackend\p\p\p\pbackend\p\pother\p\pother\pother\p\pother\pother\pother\pother\pother\pother\pother\pother\pother	server7	3,11	3.99
t1-UFLIA-db31113fa	main	UFLIA/sledgehammer/Fundamental_Theorem_Algebra/smtlib.775573.smt2	db31113fa	not-dispatched	unknown	0	none	q:egraph	22	fd:parse:probe\pq:ground-subset:declined\pq:bool-skeleton:declined\pq:valid-universal-qf:declined\pq:eq-partition:declined\pq:unsat-universal:declined\pq:forall-exists-witness:declined\pq:finite-expansion:declined\pq:uf-fmf-probe:declined\pq:mbqi-quick:declined\pq:egraph:declined\pq:timeout:declined\pq:timeout:declined\pfd:string-gate:declined\pfd:source-string-semantic-unsat:declined\pfd:word-route:declined\pfd:online-string:declined\pfd:membership:declined\pfd:lex-order:declined\pfd:length-lia:declined\pfd:source-string-sat-probe:declined\pfd:bounded-completeness-unsat:declined	24125	1\p25\p28\p58\p0\p0\p0\p0\p0\p1962\p21975\p0\p0\p0\p0\p0\p0\p0\p0\p0\p0\p0	no	q:ground-subset=not-applicable\pq:bool-skeleton=not-applicable\pq:valid-universal-qf=unsupported\pq:eq-partition=not-applicable\pq:unsat-universal=not-applicable\pq:forall-exists-witness=not-applicable\pq:finite-expansion=unsupported\pq:uf-fmf-probe=not-applicable\pq:mbqi-quick=budget\pq:egraph=budget\pq:timeout=budget\pq:timeout=budget\pfd:string-gate=budget\pfd:source-string-semantic-unsat=budget\pfd:word-route=budget\pfd:online-string=budget\pfd:membership=budget\pfd:lex-order=budget\pfd:length-lia=budget\pfd:source-string-sat-probe=budget\pfd:bounded-completeness-unsat=budget	\p\pterm #1158 has sort (Uninterpreted 18) that the pure-Rust BV backend cannot bit-blast\p\p\p\pquantifier over non-enumerable domain (Uninterpreted 1)\p\pe-matching: instantiation time budget exhausted mid-round (the interleaved ground check did not decide the set inside the deadline)\pe-matching: instantiation time budget exhausted mid-round (the interleaved ground check did not decide the set inside the deadline)\pquantified solve time budget exhausted after e-matching\pquantified solve time budget exhausted after MBQI and the finite-model finder\pquantified solve time budget exhausted after MBQI and the finite-model finder\pquantified solve time budget exhausted after MBQI and the finite-model finder\pquantified solve time budget exhausted after MBQI and the finite-model finder\pquantified solve time budget exhausted after MBQI and the finite-model finder\pquantified solve time budget exhausted after MBQI and the finite-model finder\pquantified solve time budget exhausted after MBQI and the finite-model finder\pquantified solve time budget exhausted after MBQI and the finite-model finder\pquantified solve time budget exhausted after MBQI and the finite-model finder\pquantified solve time budget exhausted after MBQI and the finite-model finder	\p\pbackend\p\p\p\pbackend\p\pother\pother\pother\pother\pother\pother\pother\pother\pother\pother\pother\pother\pother	server7	3,11	3.99
t1-UFLIA-db31113fa	main	UFLIA/sledgehammer/Hoare/smtlib.894255.smt2	db31113fa	not-dispatched	unknown	0	none	q:egraph	22	fd:parse:probe\pq:ground-subset:declined\pq:bool-skeleton:declined\pq:eq-partition:declined\pq:unsat-universal:declined\pq:forall-exists-witness:declined\pq:finite-expansion:declined\pq:uf-fmf-probe:declined\pq:mbqi-quick:declined\pq:egraph:declined\pq:uf-fmf-full:declined\pq:mbqi:declined\pq:nat-induction:declined\pfd:string-gate:declined\pfd:source-string-semantic-unsat:declined\pfd:word-route:declined\pfd:online-string:declined\pfd:membership:declined\pfd:lex-order:declined\pfd:length-lia:declined\pfd:source-string-sat-probe:declined\pfd:bounded-completeness-unsat:declined	23123	4\p2\p2\p143\p0\p0\p0\p0\p1533\p20252\p9\p1086\p0\p0\p0\p0\p0\p0\p0\p0\p0\p0	no	q:ground-subset=not-applicable\pq:bool-skeleton=not-applicable\pq:eq-partition=not-applicable\pq:unsat-universal=not-applicable\pq:forall-exists-witness=not-applicable\pq:finite-expansion=unsupported\pq:uf-fmf-probe=not-applicable\pq:mbqi-quick=budget\pq:egraph=incomplete\pq:uf-fmf-full=incomplete\pq:mbqi=incomplete\pq:nat-induction=not-applicable\pfd:string-gate=incomplete\pfd:source-string-semantic-unsat=incomplete\pfd:word-route=incomplete\pfd:online-string=incomplete\pfd:membership=incomplete\pfd:lex-order=incomplete\pfd:length-lia=incomplete\pfd:source-string-sat-probe=incomplete\pfd:bounded-completeness-unsat=incomplete	\p\p\p\p\pquantifier over non-enumerable domain (Uninterpreted 1)\p\pe-matching: instantiation time budget exhausted mid-round (the interleaved ground check did not decide the set inside the deadline)\pe-matching instantiation admitted nothing further after 31 rounds with the ground set at the admission ceiling (a saturation, not a fixpoint: more rounds cannot help at THIS ceiling, and that is a different claim)\pe-matching instantiation stopped after 4 rounds: the remaining budget could not fit another round with growth headroom\pe-matching instantiation stopped after 4 rounds: the remaining budget could not fit another round with growth headroom\p\pe-matching instantiation stopped after 4 rounds: the remaining budget could not fit another round with growth headroom\pe-matching instantiation stopped after 4 rounds: the remaining budget could not fit another round with growth headroom\pe-matching instantiation stopped after 4 rounds: the remaining budget could not fit another round with growth headroom\pe-matching instantiation stopped after 4 rounds: the remaining budget could not fit another round with growth headroom\pe-matching instantiation stopped after 4 rounds: the remaining budget could not fit another round with growth headroom\pe-matching instantiation stopped after 4 rounds: the remaining budget could not fit another round with growth headroom\pe-matching instantiation stopped after 4 rounds: the remaining budget could not fit another round with growth headroom\pe-matching instantiation stopped after 4 rounds: the remaining budget could not fit another round with growth headroom\pe-matching instantiation stopped after 4 rounds: the remaining budget could not fit another round with growth headroom	\p\p\p\p\pbackend\p\pother\p\p\p\p\p\p\p\p\p\p\p\p\p	server7	3,11	4.07
t1-UFLIA-db31113fa	main	UFLIA/sledgehammer/QEpres/smtlib.783502.smt2	db31113fa	not-dispatched	unknown	0	none	q:egraph	23	fd:parse:probe\pq:ground-subset:declined\pq:bool-skeleton:declined\pq:valid-universal-qf:declined\pq:eq-partition:declined\pq:unsat-universal:declined\pq:forall-exists-witness:declined\pq:finite-expansion:declined\pq:uf-fmf-probe:declined\pq:mbqi-quick:declined\pq:egraph:declined\pq:uf-fmf-full:declined\pq:mbqi:declined\pq:nat-induction:declined\pfd:string-gate:declined\pfd:source-string-semantic-unsat:declined\pfd:word-route:declined\pfd:online-string:declined\pfd:membership:declined\pfd:lex-order:declined\pfd:length-lia:declined\pfd:source-string-sat-probe:declined\pfd:bounded-completeness-unsat:declined	9313	15\p18\p26\p139\p0\p0\p0\p0\p0\p739\p7321\p11\p938\p0\p0\p0\p0\p0\p0\p0\p0\p0\p0	no	q:ground-subset=not-applicable\pq:bool-skeleton=not-applicable\pq:valid-universal-qf=unsupported\pq:eq-partition=not-applicable\pq:unsat-universal=not-applicable\pq:forall-exists-witness=not-applicable\pq:finite-expansion=unsupported\pq:uf-fmf-probe=not-applicable\pq:mbqi-quick=unsupported\pq:egraph=incomplete\pq:uf-fmf-full=incomplete\pq:mbqi=incomplete\pq:nat-induction=not-applicable\pfd:string-gate=incomplete\pfd:source-string-semantic-unsat=incomplete\pfd:word-route=incomplete\pfd:online-string=incomplete\pfd:membership=incomplete\pfd:lex-order=incomplete\pfd:length-lia=incomplete\pfd:source-string-sat-probe=incomplete\pfd:bounded-completeness-unsat=incomplete	\p\pterm #9795 has sort (Uninterpreted 0) that the pure-Rust BV backend cannot bit-blast\p\p\p\pquantifier over non-enumerable domain (Uninterpreted 1)\p\pterm #0 has sort (Uninterpreted 0) that the pure-Rust BV backend cannot bit-blast\pe-matching instantiation admitted nothing further after 125 rounds with the ground set at the admission ceiling (a saturation, not a fixpoint: more rounds cannot help at THIS ceiling, and that is a different claim)\pmbqi declined an unsupported fragment: term #0 has sort (Uninterpreted 0) that the pure-Rust BV backend cannot bit-blast\pmbqi declined an unsupported fragment: term #0 has sort (Uninterpreted 0) that the pure-Rust BV backend cannot bit-blast\p\pmbqi declined an unsupported fragment: term #0 has sort (Uninterpreted 0) that the pure-Rust BV backend cannot bit-blast\pmbqi declined an unsupported fragment: term #0 has sort (Uninterpreted 0) that the pure-Rust BV backend cannot bit-blast\pmbqi declined an unsupported fragment: term #0 has sort (Uninterpreted 0) that the pure-Rust BV backend cannot bit-blast\pmbqi declined an unsupported fragment: term #0 has sort (Uninterpreted 0) that the pure-Rust BV backend cannot bit-blast\pmbqi declined an unsupported fragment: term #0 has sort (Uninterpreted 0) that the pure-Rust BV backend cannot bit-blast\pmbqi declined an unsupported fragment: term #0 has sort (Uninterpreted 0) that the pure-Rust BV backend cannot bit-blast\pmbqi declined an unsupported fragment: term #0 has sort (Uninterpreted 0) that the pure-Rust BV backend cannot bit-blast\pmbqi declined an unsupported fragment: term #0 has sort (Uninterpreted 0) that the pure-Rust BV backend cannot bit-blast\pmbqi declined an unsupported fragment: term #0 has sort (Uninterpreted 0) that the pure-Rust BV backend cannot bit-blast	\p\pbackend\p\p\p\pbackend\p\pbackend\p\p\p\p\p\p\p\p\p\p\p\p\p	server7	3,11	4.04
t1-UFLIA-db31113fa	main	UFLIA/sledgehammer/TwoSquares/smtlib.711545.smt2	db31113fa	not-dispatched	unknown	0	none	q:egraph	23	fd:parse:probe\pq:ground-subset:declined\pq:bool-skeleton:declined\pq:valid-universal-qf:declined\pq:eq-partition:declined\pq:unsat-universal:declined\pq:forall-exists-witness:declined\pq:finite-expansion:declined\pq:uf-fmf-probe:declined\pq:mbqi-quick:declined\pq:egraph:declined\pq:uf-fmf-full:declined\pq:mbqi:declined\pq:timeout:declined\pfd:string-gate:declined\pfd:source-string-semantic-unsat:declined\pfd:word-route:declined\pfd:online-string:declined\pfd:membership:declined\pfd:lex-order:declined\pfd:length-lia:declined\pfd:source-string-sat-probe:declined\pfd:bounded-completeness-unsat:declined	24523	6\p5\p3\p334\p0\p0\p0\p0\p0\p2230\p20806\p0\p941\p0\p0\p0\p0\p0\p0\p0\p0\p0\p0	no	q:ground-subset=not-applicable\pq:bool-skeleton=not-applicable\pq:valid-universal-qf=unsupported\pq:eq-partition=not-applicable\pq:unsat-universal=not-applicable\pq:forall-exists-witness=not-applicable\pq:finite-expansion=unsupported\pq:uf-fmf-probe=not-applicable\pq:mbqi-quick=budget\pq:egraph=incomplete\pq:uf-fmf-full=incomplete\pq:mbqi=incomplete\pq:timeout=budget\pfd:string-gate=budget\pfd:source-string-semantic-unsat=budget\pfd:word-route=budget\pfd:online-string=budget\pfd:membership=budget\pfd:lex-order=budget\pfd:length-lia=budget\pfd:source-string-sat-probe=budget\pfd:bounded-completeness-unsat=budget	\p\pterm #24 has sort (Uninterpreted 8) that the pure-Rust BV backend cannot bit-blast\p\p\p\pquantifier over non-enumerable domain (Uninterpreted 1)\p\pe-matching: instantiation time budget exhausted mid-round (the interleaved ground check did not decide the set inside the deadline)\pe-matching instantiation admitted nothing further after 5 rounds with the ground set at the admission ceiling (a saturation, not a fixpoint: more rounds cannot help at THIS ceiling, and that is a different claim)\pquery has quantifiers instantiation does not reach (nested, existential, or non-top-level)\pquery has quantifiers instantiation does not reach (nested, existential, or non-top-level)\pquantified solve time budget exhausted after MBQI and the finite-model finder\pquantified solve time budget exhausted after MBQI and the finite-model finder\pquantified solve time budget exhausted after MBQI and the finite-model finder\pquantified solve time budget exhausted after MBQI and the finite-model finder\pquantified solve time budget exhausted after MBQI and the finite-model finder\pquantified solve time budget exhausted after MBQI and the finite-model finder\pquantified solve time budget exhausted after MBQI and the finite-model finder\pquantified solve time budget exhausted after MBQI and the finite-model finder\pquantified solve time budget exhausted after MBQI and the finite-model finder\pquantified solve time budget exhausted after MBQI and the finite-model finder	\p\pbackend\p\p\p\pbackend\p\pother\p\p\p\pother\pother\pother\pother\pother\pother\pother\pother\pother\pother	server7	3,11	4.04
t1-UFLIA-db31113fa	main	UFLIA/tokeneer/auditlog/addelementtofile-16.smt2	db31113fa	not-dispatched	unsat	0	q:ground-subset	q:ground-subset	2	fd:parse:probe\pq:ground-subset:decided	108	0\p1	no				server7	3,11	4.02
t1-UFLIA-db31113fa	main	UFLIA/tokeneer/display/updatedevice-1.smt2	db31113fa	not-dispatched	unsat	0	q:ground-subset	q:ground-subset	2	fd:parse:probe\pq:ground-subset:decided	108	0\p1	no				server7	3,11	4.02
t1-UFLIA-db31113fa	main	UFLIA/tokeneer/keystore/init-8.smt2	db31113fa	not-dispatched	unsat	0	q:ground-subset	q:ground-subset	2	fd:parse:probe\pq:ground-subset:decided	108	0\p2	no				server7	3,11	4.02
t1-UFLIA-db31113fa	main	UFLIA/boogie/Ensures_Q-noinfer_8.smt2	db31113fa	not-dispatched	unknown	0	none	q:egraph	21	fd:parse:probe\pq:ground-subset:declined\pq:bool-skeleton:declined\pq:eq-partition:declined\pq:unsat-universal:declined\pq:forall-exists-witness:declined\pq:finite-expansion:declined\pq:uf-fmf-probe:declined\pq:mbqi-quick:declined\pq:egraph:declined\pq:timeout:declined\pq:timeout:declined\pfd:string-gate:declined\pfd:source-string-semantic-unsat:declined\pfd:word-route:declined\pfd:online-string:declined\pfd:membership:declined\pfd:lex-order:declined\pfd:length-lia:declined\pfd:source-string-sat-probe:declined\pfd:bounded-completeness-unsat:declined	24126	0\p0\p1\p16\p0\p0\p0\p0\p1540\p22466\p0\p0\p0\p0\p0\p0\p0\p0\p0\p0\p0	no	q:ground-subset=not-applicable\pq:bool-skeleton=not-applicable\pq:eq-partition=not-applicable\pq:unsat-universal=not-applicable\pq:forall-exists-witness=not-applicable\pq:finite-expansion=unsupported\pq:uf-fmf-probe=not-applicable\pq:mbqi-quick=budget\pq:egraph=budget\pq:timeout=budget\pq:timeout=budget\pfd:string-gate=budget\pfd:source-string-semantic-unsat=budget\pfd:word-route=budget\pfd:online-string=budget\pfd:membership=budget\pfd:lex-order=budget\pfd:length-lia=budget\pfd:source-string-sat-probe=budget\pfd:bounded-completeness-unsat=budget	\p\p\p\p\pquantifier over non-enumerable domain Int\p\pe-matching: instantiation time budget exhausted mid-round (the interleaved ground check did not decide the set inside the deadline)\pe-matching: instantiation time budget exhausted mid-round (the interleaved ground check did not decide the set inside the deadline)\pquantified solve time budget exhausted after e-matching\pquantified solve time budget exhausted after MBQI and the finite-model finder\pquantified solve time budget exhausted after MBQI and the finite-model finder\pquantified solve time budget exhausted after MBQI and the finite-model finder\pquantified solve time budget exhausted after MBQI and the finite-model finder\pquantified solve time budget exhausted after MBQI and the finite-model finder\pquantified solve time budget exhausted after MBQI and the finite-model finder\pquantified solve time budget exhausted after MBQI and the finite-model finder\pquantified solve time budget exhausted after MBQI and the finite-model finder\pquantified solve time budget exhausted after MBQI and the finite-model finder\pquantified solve time budget exhausted after MBQI and the finite-model finder	\p\p\p\p\pbackend\p\pother\pother\pother\pother\pother\pother\pother\pother\pother\pother\pother\pother\pother	server7	5,13	3.94
t1-UFLIA-db31113fa	main	UFLIA/boogie/Unsigned_test.Conversions_System.UInt32_System.Double.smt2	db31113fa	not-dispatched	unknown	0	none	q:egraph	21	fd:parse:probe\pq:ground-subset:declined\pq:bool-skeleton:declined\pq:eq-partition:declined\pq:unsat-universal:declined\pq:forall-exists-witness:declined\pq:finite-expansion:declined\pq:uf-fmf-probe:declined\pq:mbqi-quick:declined\pq:egraph:declined\pq:timeout:declined\pq:timeout:declined\pfd:string-gate:declined\pfd:source-string-semantic-unsat:declined\pfd:word-route:declined\pfd:online-string:declined\pfd:membership:declined\pfd:lex-order:declined\pfd:length-lia:declined\pfd:source-string-sat-probe:declined\pfd:bounded-completeness-unsat:declined	24126	2\p401\p1990\p1960\p0\p0\p0\p0\p1352\p18350\p0\p0\p0\p0\p0\p0\p0\p0\p0\p0\p0	no	q:ground-subset=not-applicable\pq:bool-skeleton=not-applicable\pq:eq-partition=not-applicable\pq:unsat-universal=not-applicable\pq:forall-exists-witness=not-applicable\pq:finite-expansion=unsupported\pq:uf-fmf-probe=not-applicable\pq:mbqi-quick=budget\pq:egraph=budget\pq:timeout=budget\pq:timeout=budget\pfd:string-gate=budget\pfd:source-string-semantic-unsat=budget\pfd:word-route=budget\pfd:online-string=budget\pfd:membership=budget\pfd:lex-order=budget\pfd:length-lia=budget\pfd:source-string-sat-probe=budget\pfd:bounded-completeness-unsat=budget	\p\p\p\p\pquantifier over non-enumerable domain Int\p\pe-matching: instantiation time budget exhausted mid-round (the interleaved ground check did not decide the set inside the deadline)\pe-matching: instantiation time budget exhausted mid-round (the interleaved ground check did not decide the set inside the deadline)\pquantified solve time budget exhausted after e-matching\pquantified solve time budget exhausted after MBQI and the finite-model finder\pquantified solve time budget exhausted after MBQI and the finite-model finder\pquantified solve time budget exhausted after MBQI and the finite-model finder\pquantified solve time budget exhausted after MBQI and the finite-model finder\pquantified solve time budget exhausted after MBQI and the finite-model finder\pquantified solve time budget exhausted after MBQI and the finite-model finder\pquantified solve time budget exhausted after MBQI and the finite-model finder\pquantified solve time budget exhausted after MBQI and the finite-model finder\pquantified solve time budget exhausted after MBQI and the finite-model finder\pquantified solve time budget exhausted after MBQI and the finite-model finder	\p\p\p\p\pbackend\p\pother\pother\pother\pother\pother\pother\pother\pother\pother\pother\pother\pother\pother	server7	5,13	3.96
t1-UFLIA-db31113fa	main	UFLIA/simplify/javafe.ast.CatchClauseVec.66.smt2	db31113fa	not-dispatched	unknown	0	none	q:mbqi-quick	9	fd:parse:probe\pq:ground-subset:declined\pq:bool-skeleton:declined\pq:eq-partition:declined\pq:unsat-universal:declined\pq:forall-exists-witness:declined\pq:finite-expansion:declined\pq:uf-fmf-probe:declined\pq:mbqi-quick:declined	25030	1\p8\p21\p264\p0\p0\p0\p0\p1604	yes	q:ground-subset=not-applicable\pq:bool-skeleton=not-applicable\pq:eq-partition=not-applicable\pq:unsat-universal=not-applicable\pq:forall-exists-witness=not-applicable\pq:finite-expansion=unsupported\pq:uf-fmf-probe=not-applicable\pq:mbqi-quick=budget	\p\p\p\p\pquantifier over non-enumerable domain Int\p\pe-matching: instantiation time budget exhausted mid-round (the interleaved ground check did not decide the set inside the deadline)	\p\p\p\p\pbackend\p\pother	server7	5,13	3.97
t1-UFLIA-db31113fa	main	UFLIA/simplify/javafe.tc.FlowInsensitiveChecks.679.smt2	db31113fa	not-dispatched	unknown	0	none	q:bool-skeleton	10	fd:parse:probe\pq:ground-subset:declined\pq:bool-skeleton:declined\pq:eq-partition:declined\pq:unsat-universal:declined\pq:forall-exists-witness:declined\pq:finite-expansion:declined\pq:uf-fmf-probe:declined\pq:mbqi-quick:declined\pq:egraph:declined	25126	4\p194\p8957\p915\p0\p0\p0\p2\p5088\p4091	yes	q:ground-subset=not-applicable\pq:bool-skeleton=not-applicable\pq:eq-partition=not-applicable\pq:unsat-universal=not-applicable\pq:forall-exists-witness=not-applicable\pq:finite-expansion=unsupported\pq:uf-fmf-probe=not-applicable\pq:mbqi-quick=budget\pq:egraph=incomplete	\p\p\p\p\pquantifier over non-enumerable domain Int\p\pe-matching: instantiation time budget exhausted mid-round (the interleaved ground check did not decide the set inside the deadline)\pe-matching instantiation admitted nothing further after 3 rounds with the ground set at the admission ceiling (a saturation, not a fixpoint: more rounds cannot help at THIS ceiling, and that is a different claim)	\p\p\p\p\pbackend\p\pother\p	server7	5,13	4.20
t1-UFLIA-db31113fa	main	UFLIA/simplify2/front_end_suite/javafe.ast.ExprVec.004.smt2	db31113fa	not-dispatched	unsat	0	q:bool-skeleton	q:ground-subset	3	fd:parse:probe\pq:ground-subset:declined\pq:bool-skeleton:decided	108	1\p55\p16	no	q:ground-subset=not-applicable			server7	5,13	3.98
t1-UFLIA-db31113fa	main	UFLIA/simplify2/front_end_suite/javafe.ast.TypeDeclElemVec.006.smt2	db31113fa	not-dispatched	unsat	0	q:bool-skeleton	q:ground-subset	3	fd:parse:probe\pq:ground-subset:declined\pq:bool-skeleton:decided	108	1\p53\p17	no	q:ground-subset=not-applicable			server7	5,13	3.98
t1-UFLIA-db31113fa	main	UFLIA/simplify2/front_end_suite/javafe.parser.test.TestLex.030.smt2	db31113fa	not-dispatched	unsat	0	q:bool-skeleton	q:bool-skeleton	3	fd:parse:probe\pq:ground-subset:declined\pq:bool-skeleton:decided	809	8\p337\p383	no	q:ground-subset=not-applicable			server7	5,13	3.98
t1-UFLIA-db31113fa	main	UFLIA/simplify2/front_end_suite/tohtml.DeclLinks.009.smt2	db31113fa	not-dispatched	unsat	0	q:bool-skeleton	q:ground-subset	3	fd:parse:probe\pq:ground-subset:declined\pq:bool-skeleton:decided	1009	3\p888\p73	no	q:ground-subset=not-applicable			server7	5,13	3.98
t1-UFLIA-db31113fa	main	UFLIA/sledgehammer/Fundamental_Theorem_Algebra/smtlib.1185183.smt2	db31113fa	not-dispatched	unsat	0	q:egraph	q:mbqi-quick	11	fd:parse:probe\pq:ground-subset:declined\pq:bool-skeleton:declined\pq:valid-universal-qf:declined\pq:eq-partition:declined\pq:unsat-universal:declined\pq:forall-exists-witness:declined\pq:finite-expansion:declined\pq:uf-fmf-probe:declined\pq:mbqi-quick:declined\pq:egraph:decided	2610	11\p8\p9\p57\p0\p0\p0\p0\p0\p1858\p570	no	q:ground-subset=not-applicable\pq:bool-skeleton=not-applicable\pq:valid-universal-qf=unsupported\pq:eq-partition=not-applicable\pq:unsat-universal=not-applicable\pq:forall-exists-witness=not-applicable\pq:finite-expansion=unsupported\pq:uf-fmf-probe=not-applicable\pq:mbqi-quick=budget	\p\pterm #68 has sort (Uninterpreted 12) that the pure-Rust BV backend cannot bit-blast\p\p\p\pquantifier over non-enumerable domain (Uninterpreted 2)\p\pe-matching: instantiation time budget exhausted mid-round (the interleaved ground check did not decide the set inside the deadline)	\p\pbackend\p\p\p\pbackend\p\pother	server7	5,13	3.98
t1-UFLIA-db31113fa	main	UFLIA/sledgehammer/Fundamental_Theorem_Algebra/smtlib.824330.smt2	db31113fa	not-dispatched	unknown	0	none	q:mbqi	23	fd:parse:probe\pq:ground-subset:declined\pq:bool-skeleton:declined\pq:valid-universal-qf:declined\pq:eq-partition:declined\pq:unsat-universal:declined\pq:forall-exists-witness:declined\pq:finite-expansion:declined\pq:uf-fmf-probe:declined\pq:mbqi-quick:declined\pq:egraph:declined\pq:uf-fmf-full:declined\pq:mbqi:declined\pq:nat-induction:declined\pfd:string-gate:declined\pfd:source-string-semantic-unsat:declined\pfd:word-route:declined\pfd:online-string:declined\pfd:membership:declined\pfd:lex-order:declined\pfd:length-lia:declined\pfd:source-string-sat-probe:declined\pfd:bounded-completeness-unsat:declined	16020	5\p3\p2\p92\p0\p0\p0\p0\p0\p1511\p6102\p14\p8167\p0\p0\p0\p0\p0\p0\p0\p0\p0\p0	no	q:ground-subset=not-applicable\pq:bool-skeleton=not-applicable\pq:valid-universal-qf=unsupported\pq:eq-partition=not-applicable\pq:unsat-universal=not-applicable\pq:forall-exists-witness=not-applicable\pq:finite-expansion=unsupported\pq:uf-fmf-probe=not-applicable\pq:mbqi-quick=incomplete\pq:egraph=incomplete\pq:uf-fmf-full=budget\pq:mbqi=budget\pq:nat-induction=not-applicable\pfd:string-gate=budget\pfd:source-string-semantic-unsat=budget\pfd:word-route=budget\pfd:online-string=budget\pfd:membership=budget\pfd:lex-order=budget\pfd:length-lia=budget\pfd:source-string-sat-probe=budget\pfd:bounded-completeness-unsat=budget	\p\pterm #2477 has sort (Uninterpreted 49) that the pure-Rust BV backend cannot bit-blast\p\p\p\pquantifier over non-enumerable domain (Uninterpreted 1)\p\pe-matching instantiation reached fixpoint without refuting after 4 rounds (no further instance to admit; more rounds cannot help)\pe-matching instantiation admitted nothing further after 31 rounds with the ground set at the admission ceiling (a saturation, not a fixpoint: more rounds cannot help at THIS ceiling, and that is a different claim)\pe-matching: instantiation time budget exhausted mid-round (the interleaved ground check did not decide the set inside the deadline)\pe-matching: instantiation time budget exhausted mid-round (the interleaved ground check did not decide the set inside the deadline)\p\pe-matching: instantiation time budget exhausted mid-round (the interleaved ground check did not decide the set inside the deadline)\pe-matching: instantiation time budget exhausted mid-round (the interleaved ground check did not decide the set inside the deadline)\pe-matching: instantiation time budget exhausted mid-round (the interleaved ground check did not decide the set inside the deadline)\pe-matching: instantiation time budget exhausted mid-round (the interleaved ground check did not decide the set inside the deadline)\pe-matching: instantiation time budget exhausted mid-round (the interleaved ground check did not decide the set inside the deadline)\pe-matching: instantiation time budget exhausted mid-round (the interleaved ground check did not decide the set inside the deadline)\pe-matching: instantiation time budget exhausted mid-round (the interleaved ground check did not decide the set inside the deadline)\pe-matching: instantiation time budget exhausted mid-round (the interleaved ground check did not decide the set inside the deadline)\pe-matching: instantiation time budget exhausted mid-round (the interleaved ground check did not decide the set inside the deadline)	\p\pbackend\p\p\p\pbackend\p\p\p\pother\pother\p\pother\pother\pother\pother\pother\pother\pother\pother\pother	server7	5,13	3.99
t1-UFLIA-db31113fa	main	UFLIA/sledgehammer/Hoare/smtlib.993567.smt2	db31113fa	not-dispatched	unknown	0	none	q:egraph	23	fd:parse:probe\pq:ground-subset:declined\pq:bool-skeleton:declined\pq:valid-universal-qf:declined\pq:eq-partition:declined\pq:unsat-universal:declined\pq:forall-exists-witness:declined\pq:finite-expansion:declined\pq:uf-fmf-probe:declined\pq:mbqi-quick:declined\pq:egraph:declined\pq:uf-fmf-full:declined\pq:mbqi:declined\pq:nat-induction:declined\pfd:string-gate:declined\pfd:source-string-semantic-unsat:declined\pfd:word-route:declined\pfd:online-string:declined\pfd:membership:declined\pfd:lex-order:declined\pfd:length-lia:declined\pfd:source-string-sat-probe:declined\pfd:bounded-completeness-unsat:declined	22322	17\p10\p13\p943\p0\p0\p0\p0\p1\p1472\p17515\p16\p2191\p0\p0\p0\p0\p0\p0\p0\p0\p0\p0	no	q:ground-subset=not-applicable\pq:bool-skeleton=not-applicable\pq:valid-universal-qf=unsupported\pq:eq-partition=not-applicable\pq:unsat-universal=not-applicable\pq:forall-exists-witness=not-applicable\pq:finite-expansion=unsupported\pq:uf-fmf-probe=not-applicable\pq:mbqi-quick=budget\pq:egraph=incomplete\pq:uf-fmf-full=budget\pq:mbqi=budget\pq:nat-induction=not-applicable\pfd:string-gate=budget\pfd:source-string-semantic-unsat=budget\pfd:word-route=budget\pfd:online-string=budget\pfd:membership=budget\pfd:lex-order=budget\pfd:length-lia=budget\pfd:source-string-sat-probe=budget\pfd:bounded-completeness-unsat=budget	\p\pterm #2738 has sort (Uninterpreted 120) that the pure-Rust BV backend cannot bit-blast\p\p\p\pquantifier over non-enumerable domain (Uninterpreted 1)\p\pe-matching: instantiation time budget exhausted mid-round (the interleaved ground check did not decide the set inside the deadline)\pe-matching instantiation admitted nothing further after 4 rounds with the ground set at the admission ceiling (a saturation, not a fixpoint: more rounds cannot help at THIS ceiling, and that is a different claim)\pe-matching: instantiation time budget exhausted mid-round (the interleaved ground check did not decide the set inside the deadline)\pe-matching: instantiation time budget exhausted mid-round (the interleaved ground check did not decide the set inside the deadline)\p\pe-matching: instantiation time budget exhausted mid-round (the interleaved ground check did not decide the set inside the deadline)\pe-matching: instantiation time budget exhausted mid-round (the interleaved ground check did not decide the set inside the deadline)\pe-matching: instantiation time budget exhausted mid-round (the interleaved ground check did not decide the set inside the deadline)\pe-matching: instantiation time budget exhausted mid-round (the interleaved ground check did not decide the set inside the deadline)\pe-matching: instantiation time budget exhausted mid-round (the interleaved ground check did not decide the set inside the deadline)\pe-matching: instantiation time budget exhausted mid-round (the interleaved ground check did not decide the set inside the deadline)\pe-matching: instantiation time budget exhausted mid-round (the interleaved ground check did not decide the set inside the deadline)\pe-matching: instantiation time budget exhausted mid-round (the interleaved ground check did not decide the set inside the deadline)\pe-matching: instantiation time budget exhausted mid-round (the interleaved ground check did not decide the set inside the deadline)	\p\pbackend\p\p\p\pbackend\p\pother\p\pother\pother\p\pother\pother\pother\pother\pother\pother\pother\pother\pother	server7	5,13	3.99
t1-UFLIA-db31113fa	main	UFLIA/sledgehammer/QEpres/smtlib.830613.smt2	db31113fa	not-dispatched	unknown	0	none	q:mbqi	23	fd:parse:probe\pq:ground-subset:declined\pq:bool-skeleton:declined\pq:valid-universal-qf:declined\pq:eq-partition:declined\pq:unsat-universal:declined\pq:forall-exists-witness:declined\pq:finite-expansion:declined\pq:uf-fmf-probe:declined\pq:mbqi-quick:declined\pq:egraph:declined\pq:uf-fmf-full:declined\pq:mbqi:declined\pq:nat-induction:declined\pfd:string-gate:declined\pfd:source-string-semantic-unsat:declined\pfd:word-route:declined\pfd:online-string:declined\pfd:membership:declined\pfd:lex-order:declined\pfd:length-lia:declined\pfd:source-string-sat-probe:declined\pfd:bounded-completeness-unsat:declined	9415	10\p96\p99\p328\p0\p0\p0\p0\p0\p1804\p141\p9\p6876\p0\p0\p0\p0\p0\p0\p0\p0\p0\p0	no	q:ground-subset=not-applicable\pq:bool-skeleton=not-applicable\pq:valid-universal-qf=unsupported\pq:eq-partition=not-applicable\pq:unsat-universal=not-applicable\pq:forall-exists-witness=not-applicable\pq:finite-expansion=unsupported\pq:uf-fmf-probe=not-applicable\pq:mbqi-quick=unsupported\pq:egraph=unsupported\pq:uf-fmf-full=incomplete\pq:mbqi=incomplete\pq:nat-induction=not-applicable\pfd:string-gate=incomplete\pfd:source-string-semantic-unsat=incomplete\pfd:word-route=incomplete\pfd:online-string=incomplete\pfd:membership=incomplete\pfd:lex-order=incomplete\pfd:length-lia=incomplete\pfd:source-string-sat-probe=incomplete\pfd:bounded-completeness-unsat=incomplete	\p\pterm #11200 has sort (Uninterpreted 0) that the pure-Rust BV backend cannot bit-blast\p\p\p\pquantifier over non-enumerable domain (Uninterpreted 1)\p\pterm #0 has sort (Uninterpreted 0) that the pure-Rust BV backend cannot bit-blast\pterm #0 has sort (Uninterpreted 0) that the pure-Rust BV backend cannot bit-blast\pmbqi declined an unsupported fragment: term #0 has sort (Uninterpreted 0) that the pure-Rust BV backend cannot bit-blast\pmbqi declined an unsupported fragment: term #0 has sort (Uninterpreted 0) that the pure-Rust BV backend cannot bit-blast\p\pmbqi declined an unsupported fragment: term #0 has sort (Uninterpreted 0) that the pure-Rust BV backend cannot bit-blast\pmbqi declined an unsupported fragment: term #0 has sort (Uninterpreted 0) that the pure-Rust BV backend cannot bit-blast\pmbqi declined an unsupported fragment: term #0 has sort (Uninterpreted 0) that the pure-Rust BV backend cannot bit-blast\pmbqi declined an unsupported fragment: term #0 has sort (Uninterpreted 0) that the pure-Rust BV backend cannot bit-blast\pmbqi declined an unsupported fragment: term #0 has sort (Uninterpreted 0) that the pure-Rust BV backend cannot bit-blast\pmbqi declined an unsupported fragment: term #0 has sort (Uninterpreted 0) that the pure-Rust BV backend cannot bit-blast\pmbqi declined an unsupported fragment: term #0 has sort (Uninterpreted 0) that the pure-Rust BV backend cannot bit-blast\pmbqi declined an unsupported fragment: term #0 has sort (Uninterpreted 0) that the pure-Rust BV backend cannot bit-blast\pmbqi declined an unsupported fragment: term #0 has sort (Uninterpreted 0) that the pure-Rust BV backend cannot bit-blast	\p\pbackend\p\p\p\pbackend\p\pbackend\pbackend\p\p\p\p\p\p\p\p\p\p\p\p	server7	5,13	3.99
t1-UFLIA-db31113fa	main	UFLIA/sledgehammer/TwoSquares/smtlib.753723.smt2	db31113fa	not-dispatched	unknown	0	none	q:egraph	22	fd:parse:probe\pq:ground-subset:declined\pq:bool-skeleton:declined\pq:valid-universal-qf:declined\pq:eq-partition:declined\pq:unsat-universal:declined\pq:forall-exists-witness:declined\pq:finite-expansion:declined\pq:uf-fmf-probe:declined\pq:mbqi-quick:declined\pq:egraph:declined\pq:timeout:declined\pq:timeout:declined\pfd:string-gate:declined\pfd:source-string-semantic-unsat:declined\pfd:word-route:declined\pfd:online-string:declined\pfd:membership:declined\pfd:lex-order:declined\pfd:length-lia:declined\pfd:source-string-sat-probe:declined\pfd:bounded-completeness-unsat:declined	24127	1\p55\p59\p8\p0\p0\p0\p0\p0\p1616\p22278\p0\p0\p0\p0\p0\p0\p0\p0\p0\p0\p0	no	q:ground-subset=not-applicable\pq:bool-skeleton=not-applicable\pq:valid-universal-qf=unsupported\pq:eq-partition=not-applicable\pq:unsat-universal=not-applicable\pq:forall-exists-witness=not-applicable\pq:finite-expansion=unsupported\pq:uf-fmf-probe=not-applicable\pq:mbqi-quick=budget\pq:egraph=budget\pq:timeout=budget\pq:timeout=budget\pfd:string-gate=budget\pfd:source-string-semantic-unsat=budget\pfd:word-route=budget\pfd:online-string=budget\pfd:membership=budget\pfd:lex-order=budget\pfd:length-lia=budget\pfd:source-string-sat-probe=budget\pfd:bounded-completeness-unsat=budget	\p\pterm #2328 has sort (Uninterpreted 0) that the pure-Rust BV backend cannot bit-blast\p\p\p\pquantifier over non-enumerable domain Int\p\pe-matching: instantiation time budget exhausted mid-round (the interleaved ground check did not decide the set inside the deadline)\pe-matching: instantiation time budget exhausted mid-round (the interleaved ground check did not decide the set inside the deadline)\pquantified solve time budget exhausted after e-matching\pquantified solve time budget exhausted after MBQI and the finite-model finder\pquantified solve time budget exhausted after MBQI and the finite-model finder\pquantified solve time budget exhausted after MBQI and the finite-model finder\pquantified solve time budget exhausted after MBQI and the finite-model finder\pquantified solve time budget exhausted after MBQI and the finite-model finder\pquantified solve time budget exhausted after MBQI and the finite-model finder\pquantified solve time budget exhausted after MBQI and the finite-model finder\pquantified solve time budget exhausted after MBQI and the finite-model finder\pquantified solve time budget exhausted after MBQI and the finite-model finder\pquantified solve time budget exhausted after MBQI and the finite-model finder	\p\pbackend\p\p\p\pbackend\p\pother\pother\pother\pother\pother\pother\pother\pother\pother\pother\pother\pother\pother	server7	5,13	4.07
t1-UFLIA-db31113fa	main	UFLIA/tokeneer/auditlog/addelementtologfile/addelementtonextfile/setcurrentfiletonextfreefile-4.smt2	db31113fa	not-dispatched	unsat	0	q:bool-skeleton	q:bool-skeleton	3	fd:parse:probe\pq:ground-subset:declined\pq:bool-skeleton:decided	108	0\p0\p0	no	q:ground-subset=not-applicable			server7	5,13	4.04
t1-UFLIA-db31113fa	main	UFLIA/tokeneer/enclave/adminlogout-5.smt2	db31113fa	not-dispatched	unknown	0	none	q:mbqi-quick	9	fd:parse:probe\pq:ground-subset:declined\pq:bool-skeleton:declined\pq:eq-partition:declined\pq:unsat-universal:declined\pq:forall-exists-witness:declined\pq:finite-expansion:declined\pq:uf-fmf-probe:declined\pq:mbqi-quick:declined	25020	0\p1\p1\p39\p0\p0\p0\p0\p1536	yes	q:ground-subset=not-applicable\pq:bool-skeleton=not-applicable\pq:eq-partition=not-applicable\pq:unsat-universal=not-applicable\pq:forall-exists-witness=not-applicable\pq:finite-expansion=unsupported\pq:uf-fmf-probe=not-applicable\pq:mbqi-quick=budget	\p\p\p\p\pquantifier over non-enumerable domain Int\p\pe-matching: instantiation time budget exhausted mid-round (the interleaved ground check did not decide the set inside the deadline)	\p\p\p\p\pbackend\p\pother	server7	5,13	4.04
t1-UFLIA-db31113fa	main	UFLIA/tokeneer/latch/updateinternallatch-5.smt2	db31113fa	not-dispatched	unsat	0	q:ground-subset	q:ground-subset	2	fd:parse:probe\pq:ground-subset:decided	108	0\p0	no				server7	5,13	4.03
t1-UFLIA-db31113fa	main	UFLIA/boogie/ExposeVersion_D..ctor-level_2.smt2	db31113fa	not-dispatched	unknown	0	none	q:eq-partition	21	fd:parse:probe\pq:ground-subset:declined\pq:bool-skeleton:declined\pq:eq-partition:declined\pq:unsat-universal:declined\pq:forall-exists-witness:declined\pq:finite-expansion:declined\pq:uf-fmf-probe:declined\pq:mbqi-quick:declined\pq:egraph:declined\pq:timeout:declined\pq:timeout:declined\pfd:string-gate:declined\pfd:source-string-semantic-unsat:declined\pfd:word-route:declined\pfd:online-string:declined\pfd:membership:declined\pfd:lex-order:declined\pfd:length-lia:declined\pfd:source-string-sat-probe:declined\pfd:bounded-completeness-unsat:declined	24125	4\p1581\p2681\p14846\p0\p0\p1\p8\p1306\p3611\p0\p0\p0\p0\p0\p0\p0\p0\p0\p0\p0	no	q:ground-subset=not-applicable\pq:bool-skeleton=not-applicable\pq:eq-partition=not-applicable\pq:unsat-universal=not-applicable\pq:forall-exists-witness=not-applicable\pq:finite-expansion=unsupported\pq:uf-fmf-probe=not-applicable\pq:mbqi-quick=incomplete\pq:egraph=budget\pq:timeout=budget\pq:timeout=budget\pfd:string-gate=budget\pfd:source-string-semantic-unsat=budget\pfd:word-route=budget\pfd:online-string=budget\pfd:membership=budget\pfd:lex-order=budget\pfd:length-lia=budget\pfd:source-string-sat-probe=budget\pfd:bounded-completeness-unsat=budget	\p\p\p\p\pquantifier over non-enumerable domain Int\p\pquery has quantifiers instantiation does not reach (nested, existential, or non-top-level)\pe-matching: instantiation time budget exhausted mid-round (the interleaved ground check did not decide the set inside the deadline)\pquantified solve time budget exhausted after e-matching\pquantified solve time budget exhausted after MBQI and the finite-model finder\pquantified solve time budget exhausted after MBQI and the finite-model finder\pquantified solve time budget exhausted after MBQI and the finite-model finder\pquantified solve time budget exhausted after MBQI and the finite-model finder\pquantified solve time budget exhausted after MBQI and the finite-model finder\pquantified solve time budget exhausted after MBQI and the finite-model finder\pquantified solve time budget exhausted after MBQI and the finite-model finder\pquantified solve time budget exhausted after MBQI and the finite-model finder\pquantified solve time budget exhausted after MBQI and the finite-model finder\pquantified solve time budget exhausted after MBQI and the finite-model finder	\p\p\p\p\pbackend\p\p\pother\pother\pother\pother\pother\pother\pother\pother\pother\pother\pother\pother	server7	6,14	4.07
t1-UFLIA-db31113fa	main	UFLIA/boogie/WhereMotivation_Types.MLoop0.smt2	db31113fa	not-dispatched	unknown	0	none	q:egraph	21	fd:parse:probe\pq:ground-subset:declined\pq:bool-skeleton:declined\pq:eq-partition:declined\pq:unsat-universal:declined\pq:forall-exists-witness:declined\pq:finite-expansion:declined\pq:uf-fmf-probe:declined\pq:mbqi-quick:declined\pq:egraph:declined\pq:timeout:declined\pq:timeout:declined\pfd:string-gate:declined\pfd:source-string-semantic-unsat:declined\pfd:word-route:declined\pfd:online-string:declined\pfd:membership:declined\pfd:lex-order:declined\pfd:length-lia:declined\pfd:source-string-sat-probe:declined\pfd:bounded-completeness-unsat:declined	24127	2\p522\p2562\p2376\p0\p0\p0\p1\p1350\p17248\p0\p0\p0\p0\p0\p0\p0\p0\p0\p0\p0	no	q:ground-subset=not-applicable\pq:bool-skeleton=not-applicable\pq:eq-partition=not-applicable\pq:unsat-universal=not-applicable\pq:forall-exists-witness=not-applicable\pq:finite-expansion=unsupported\pq:uf-fmf-probe=not-applicable\pq:mbqi-quick=budget\pq:egraph=budget\pq:timeout=budget\pq:timeout=budget\pfd:string-gate=budget\pfd:source-string-semantic-unsat=budget\pfd:word-route=budget\pfd:online-string=budget\pfd:membership=budget\pfd:lex-order=budget\pfd:length-lia=budget\pfd:source-string-sat-probe=budget\pfd:bounded-completeness-unsat=budget	\p\p\p\p\pquantifier over non-enumerable domain Int\p\pe-matching: instantiation time budget exhausted mid-round (the interleaved ground check did not decide the set inside the deadline)\pe-matching: instantiation time budget exhausted mid-round (the interleaved ground check did not decide the set inside the deadline)\pquantified solve time budget exhausted after e-matching\pquantified solve time budget exhausted after MBQI and the finite-model finder\pquantified solve time budget exhausted after MBQI and the finite-model finder\pquantified solve time budget exhausted after MBQI and the finite-model finder\pquantified solve time budget exhausted after MBQI and the finite-model finder\pquantified solve time budget exhausted after MBQI and the finite-model finder\pquantified solve time budget exhausted after MBQI and the finite-model finder\pquantified solve time budget exhausted after MBQI and the finite-model finder\pquantified solve time budget exhausted after MBQI and the finite-model finder\pquantified solve time budget exhausted after MBQI and the finite-model finder\pquantified solve time budget exhausted after MBQI and the finite-model finder	\p\p\p\p\pbackend\p\pother\pother\pother\pother\pother\pother\pother\pother\pother\pother\pother\pother\pother	server7	6,14	3.99
t1-UFLIA-db31113fa	main	UFLIA/simplify/javafe.ast.DelegatingPrettyPrint.117.smt2	db31113fa	not-dispatched	unsat	0	q:mbqi-quick	q:eq-partition	9	fd:parse:probe\pq:ground-subset:declined\pq:bool-skeleton:declined\pq:eq-partition:declined\pq:unsat-universal:declined\pq:forall-exists-witness:declined\pq:finite-expansion:declined\pq:uf-fmf-probe:declined\pq:mbqi-quick:decided	410	1\p12\p13\p242\p0\p0\p0\p0\p83	no	q:ground-subset=not-applicable\pq:bool-skeleton=not-applicable\pq:eq-partition=not-applicable\pq:unsat-universal=not-applicable\pq:forall-exists-witness=not-applicable\pq:finite-expansion=unsupported\pq:uf-fmf-probe=not-applicable	\p\p\p\p\pquantifier over non-enumerable domain Int\p	\p\p\p\p\pbackend\p	server7	6,14	3.99
t1-UFLIA-db31113fa	main	UFLIA/simplify/javafe.tc.TypeSig.730.smt2	db31113fa	not-dispatched	unknown	0	none	q:mbqi	22	fd:parse:probe\pq:ground-subset:declined\pq:bool-skeleton:declined\pq:eq-partition:declined\pq:unsat-universal:declined\pq:forall-exists-witness:declined\pq:finite-expansion:declined\pq:uf-fmf-probe:declined\pq:mbqi-quick:declined\pq:egraph:declined\pq:uf-fmf-full:declined\pq:mbqi:declined\pq:nat-induction:declined\pfd:string-gate:declined\pfd:source-string-semantic-unsat:declined\pfd:word-route:declined\pfd:online-string:declined\pfd:membership:declined\pfd:lex-order:declined\pfd:length-lia:declined\pfd:source-string-sat-probe:declined\pfd:bounded-completeness-unsat:declined	18520	4\p217\p4206\p795\p0\p0\p0\p2\p1326\p4347\p53\p7396\p0\p0\p0\p0\p0\p0\p0\p0\p0\p0	no	q:ground-subset=not-applicable\pq:bool-skeleton=not-applicable\pq:eq-partition=not-applicable\pq:unsat-universal=not-applicable\pq:forall-exists-witness=not-applicable\pq:finite-expansion=unsupported\pq:uf-fmf-probe=not-applicable\pq:mbqi-quick=budget\pq:egraph=incomplete\pq:uf-fmf-full=budget\pq:mbqi=budget\pq:nat-induction=not-applicable\pfd:string-gate=budget\pfd:source-string-semantic-unsat=budget\pfd:word-route=budget\pfd:online-string=budget\pfd:membership=budget\pfd:lex-order=budget\pfd:length-lia=budget\pfd:source-string-sat-probe=budget\pfd:bounded-completeness-unsat=budget	\p\p\p\p\pquantifier over non-enumerable domain Int\p\pe-matching: instantiation time budget exhausted mid-round (the interleaved ground check did not decide the set inside the deadline)\pe-matching instantiation admitted nothing further after 3 rounds with the ground set at the admission ceiling (a saturation, not a fixpoint: more rounds cannot help at THIS ceiling, and that is a different claim)\pe-matching: instantiation time budget exhausted mid-round (the interleaved ground check did not decide the set inside the deadline)\pe-matching: instantiation time budget exhausted mid-round (the interleaved ground check did not decide the set inside the deadline)\p\pe-matching: instantiation time budget exhausted mid-round (the interleaved ground check did not decide the set inside the deadline)\pe-matching: instantiation time budget exhausted mid-round (the interleaved ground check did not decide the set inside the deadline)\pe-matching: instantiation time budget exhausted mid-round (the interleaved ground check did not decide the set inside the deadline)\pe-matching: instantiation time budget exhausted mid-round (the interleaved ground check did not decide the set inside the deadline)\pe-matching: instantiation time budget exhausted mid-round (the interleaved ground check did not decide the set inside the deadline)\pe-matching: instantiation time budget exhausted mid-round (the interleaved ground check did not decide the set inside the deadline)\pe-matching: instantiation time budget exhausted mid-round (the interleaved ground check did not decide the set inside the deadline)\pe-matching: instantiation time budget exhausted mid-round (the interleaved ground check did not decide the set inside the deadline)\pe-matching: instantiation time budget exhausted mid-round (the interleaved ground check did not decide the set inside the deadline)	\p\p\p\p\pbackend\p\pother\p\pother\pother\p\pother\pother\pother\pother\pother\pother\pother\pother\pother	server7	6,14	4.07
t1-UFLIA-db31113fa	main	UFLIA/simplify2/front_end_suite/javafe.ast.ForStmt.009.smt2	db31113fa	not-dispatched	unsat	0	q:bool-skeleton	q:bool-skeleton	3	fd:parse:probe\pq:ground-subset:declined\pq:bool-skeleton:decided	708	6\p334\p340	no	q:ground-subset=not-applicable			server7	6,14	4.06
t1-UFLIA-db31113fa	main	UFLIA/simplify2/front_end_suite/javafe.ast.TypeModifierPragmaVec.013.smt2	db31113fa	not-dispatched	unknown	0	none	q:egraph	21	fd:parse:probe\pq:ground-subset:declined\pq:bool-skeleton:declined\pq:eq-partition:declined\pq:unsat-universal:declined\pq:forall-exists-witness:declined\pq:finite-expansion:declined\pq:uf-fmf-probe:declined\pq:mbqi-quick:declined\pq:egraph:declined\pq:timeout:declined\pq:timeout:declined\pfd:string-gate:declined\pfd:source-string-semantic-unsat:declined\pfd:word-route:declined\pfd:online-string:declined\pfd:membership:declined\pfd:lex-order:declined\pfd:length-lia:declined\pfd:source-string-sat-probe:declined\pfd:bounded-completeness-unsat:declined	24123	1\p46\p146\p237\p0\p0\p0\p0\p1540\p22049\p0\p0\p0\p0\p0\p0\p0\p0\p0\p0\p0	no	q:ground-subset=not-applicable\pq:bool-skeleton=not-applicable\pq:eq-partition=not-applicable\pq:unsat-universal=not-applicable\pq:forall-exists-witness=not-applicable\pq:finite-expansion=unsupported\pq:uf-fmf-probe=not-applicable\pq:mbqi-quick=budget\pq:egraph=budget\pq:timeout=budget\pq:timeout=budget\pfd:string-gate=budget\pfd:source-string-semantic-unsat=budget\pfd:word-route=budget\pfd:online-string=budget\pfd:membership=budget\pfd:lex-order=budget\pfd:length-lia=budget\pfd:source-string-sat-probe=budget\pfd:bounded-completeness-unsat=budget	\p\p\p\p\pquantifier over non-enumerable domain Int\p\pe-matching: instantiation time budget exhausted mid-round (the interleaved ground check did not decide the set inside the deadline)\pe-matching: instantiation time budget exhausted mid-round (the interleaved ground check did not decide the set inside the deadline)\pquantified solve time budget exhausted after e-matching\pquantified solve time budget exhausted after MBQI and the finite-model finder\pquantified solve time budget exhausted after MBQI and the finite-model finder\pquantified solve time budget exhausted after MBQI and the finite-model finder\pquantified solve time budget exhausted after MBQI and the finite-model finder\pquantified solve time budget exhausted after MBQI and the finite-model finder\pquantified solve time budget exhausted after MBQI and the finite-model finder\pquantified solve time budget exhausted after MBQI and the finite-model finder\pquantified solve time budget exhausted after MBQI and the finite-model finder\pquantified solve time budget exhausted after MBQI and the finite-model finder\pquantified solve time budget exhausted after MBQI and the finite-model finder	\p\p\p\p\pbackend\p\pother\pother\pother\pother\pother\pother\pother\pother\pother\pother\pother\pother\pother	server7	6,14	4.06
t1-UFLIA-db31113fa	main	UFLIA/simplify2/front_end_suite/javafe.reader.CachedReader.003.smt2	db31113fa	not-dispatched	unknown	0	none	q:egraph	21	fd:parse:probe\pq:ground-subset:declined\pq:bool-skeleton:declined\pq:eq-partition:declined\pq:unsat-universal:declined\pq:forall-exists-witness:declined\pq:finite-expansion:declined\pq:uf-fmf-probe:declined\pq:mbqi-quick:declined\pq:egraph:declined\pq:timeout:declined\pq:timeout:declined\pfd:string-gate:declined\pfd:source-string-semantic-unsat:declined\pfd:word-route:declined\pfd:online-string:declined\pfd:membership:declined\pfd:lex-order:declined\pfd:length-lia:declined\pfd:source-string-sat-probe:declined\pfd:bounded-completeness-unsat:declined	24121	1\p19\p175\p168\p0\p0\p0\p0\p1527\p22131\p0\p0\p0\p0\p0\p0\p0\p0\p0\p0\p0	no	q:ground-subset=not-applicable\pq:bool-skeleton=not-applicable\pq:eq-partition=not-applicable\pq:unsat-universal=not-applicable\pq:forall-exists-witness=not-applicable\pq:finite-expansion=unsupported\pq:uf-fmf-probe=not-applicable\pq:mbqi-quick=budget\pq:egraph=budget\pq:timeout=budget\pq:timeout=budget\pfd:string-gate=budget\pfd:source-string-semantic-unsat=budget\pfd:word-route=budget\pfd:online-string=budget\pfd:membership=budget\pfd:lex-order=budget\pfd:length-lia=budget\pfd:source-string-sat-probe=budget\pfd:bounded-completeness-unsat=budget	\p\p\p\p\pquantifier over non-enumerable domain Int\p\pe-matching: instantiation time budget exhausted mid-round (the interleaved ground check did not decide the set inside the deadline)\pe-matching: instantiation time budget exhausted mid-round (the interleaved ground check did not decide the set inside the deadline)\pquantified solve time budget exhausted after e-matching\pquantified solve time budget exhausted after MBQI and the finite-model finder\pquantified solve time budget exhausted after MBQI and the finite-model finder\pquantified solve time budget exhausted after MBQI and the finite-model finder\pquantified solve time budget exhausted after MBQI and the finite-model finder\pquantified solve time budget exhausted after MBQI and the finite-model finder\pquantified solve time budget exhausted after MBQI and the finite-model finder\pquantified solve time budget exhausted after MBQI and the finite-model finder\pquantified solve time budget exhausted after MBQI and the finite-model finder\pquantified solve time budget exhausted after MBQI and the finite-model finder\pquantified solve time budget exhausted after MBQI and the finite-model finder	\p\p\p\p\pbackend\p\pother\pother\pother\pother\pother\pother\pother\pother\pother\pother\pother\pother\pother	server7	6,14	4.04
t1-UFLIA-db31113fa	main	UFLIA/simplify2/small_suite/getRootInterface.smt2	db31113fa	not-dispatched	unknown	0	none	q:eq-partition	8	fd:parse:probe\pq:ground-subset:declined\pq:bool-skeleton:declined\pq:eq-partition:declined\pq:unsat-universal:declined\pq:forall-exists-witness:declined\pq:finite-expansion:declined\pq:uf-fmf-probe:declined	25128	13\p424\p770\p11262\p0\p0\p0\p25	yes	q:ground-subset=not-applicable\pq:bool-skeleton=not-applicable\pq:eq-partition=not-applicable\pq:unsat-universal=not-applicable\pq:forall-exists-witness=not-applicable\pq:finite-expansion=unsupported\pq:uf-fmf-probe=not-applicable	\p\p\p\p\pquantifier over non-enumerable domain Int\p	\p\p\p\p\pbackend\p	server7	6,14	4.02
t1-UFLIA-db31113fa	main	UFLIA/sledgehammer/Fundamental_Theorem_Algebra/smtlib.1234945.smt2	db31113fa	not-dispatched	unsat	0	q:ground-subset	fd:parse	2	fd:parse:probe\pq:ground-subset:decided	109	11\p9	no				server7	6,14	4.01
t1-UFLIA-db31113fa	main	UFLIA/sledgehammer/Fundamental_Theorem_Algebra/smtlib.874641.smt2	db31113fa	not-dispatched	unsat	0	q:mbqi-quick	q:mbqi-quick	10	fd:parse:probe\pq:ground-subset:declined\pq:bool-skeleton:declined\pq:valid-universal-qf:declined\pq:eq-partition:declined\pq:unsat-universal:declined\pq:forall-exists-witness:declined\pq:finite-expansion:declined\pq:uf-fmf-probe:declined\pq:mbqi-quick:decided	510	14\p11\p10\p34\p0\p0\p0\p0\p0\p335	no	q:ground-subset=not-applicable\pq:bool-skeleton=not-applicable\pq:valid-universal-qf=unsupported\pq:eq-partition=not-applicable\pq:unsat-universal=not-applicable\pq:forall-exists-witness=not-applicable\pq:finite-expansion=unsupported\pq:uf-fmf-probe=not-applicable	\p\pterm #77 has sort (Uninterpreted 29) that the pure-Rust BV backend cannot bit-blast\p\p\p\pquantifier over non-enumerable domain (Uninterpreted 4)\p	\p\pbackend\p\p\p\pbackend\p	server7	6,14	4.01
t1-UFLIA-db31113fa	main	UFLIA/sledgehammer/NS_Shared/smtlib.657037.smt2	db31113fa	not-dispatched	unsat	0	q:mbqi	q:egraph	11	fd:parse:probe\pq:ground-subset:declined\pq:bool-skeleton:declined\pq:eq-partition:declined\pq:unsat-universal:declined\pq:forall-exists-witness:declined\pq:finite-expansion:declined\pq:uf-fmf-probe:declined\pq:mbqi-quick:declined\pq:egraph:declined\pq:mbqi:decided	14320	19\p1\p1\p173\p0\p0\p0\p1\p2203\p7446\p4305	no	q:ground-subset=not-applicable\pq:bool-skeleton=not-applicable\pq:eq-partition=not-applicable\pq:unsat-universal=not-applicable\pq:forall-exists-witness=not-applicable\pq:finite-expansion=unsupported\pq:uf-fmf-probe=not-applicable\pq:mbqi-quick=budget\pq:egraph=incomplete	\p\p\p\p\pquantifier over non-enumerable domain (Uninterpreted 1)\p\pe-matching: instantiation time budget exhausted mid-round (the interleaved ground check did not decide the set inside the deadline)\pe-matching instantiation admitted nothing further after 6 rounds with the ground set at the admission ceiling (a saturation, not a fixpoint: more rounds cannot help at THIS ceiling, and that is a different claim)	\p\p\p\p\pbackend\p\pother\p	server7	6,14	4.01
t1-UFLIA-db31113fa	main	UFLIA/sledgehammer/QEpres/smtlib.876524.smt2	db31113fa	not-dispatched	unknown	0	none	q:mbqi	23	fd:parse:probe\pq:ground-subset:declined\pq:bool-skeleton:declined\pq:valid-universal-qf:declined\pq:eq-partition:declined\pq:unsat-universal:declined\pq:forall-exists-witness:declined\pq:finite-expansion:declined\pq:uf-fmf-probe:declined\pq:mbqi-quick:declined\pq:egraph:declined\pq:uf-fmf-full:declined\pq:mbqi:declined\pq:nat-induction:declined\pfd:string-gate:declined\pfd:source-string-semantic-unsat:declined\pfd:word-route:declined\pfd:online-string:declined\pfd:membership:declined\pfd:lex-order:declined\pfd:length-lia:declined\pfd:source-string-sat-probe:declined\pfd:bounded-completeness-unsat:declined	4011	1\p41\p67\p25\p0\p0\p0\p0\p0\p1689\p73\p7\p2066\p0\p0\p0\p0\p0\p0\p0\p0\p0\p0	no	q:ground-subset=not-applicable\pq:bool-skeleton=not-applicable\pq:valid-universal-qf=unsupported\pq:eq-partition=not-applicable\pq:unsat-universal=not-applicable\pq:forall-exists-witness=not-applicable\pq:finite-expansion=unsupported\pq:uf-fmf-probe=not-applicable\pq:mbqi-quick=unsupported\pq:egraph=unsupported\pq:uf-fmf-full=incomplete\pq:mbqi=incomplete\pq:nat-induction=not-applicable\pfd:string-gate=incomplete\pfd:source-string-semantic-unsat=incomplete\pfd:word-route=incomplete\pfd:online-string=incomplete\pfd:membership=incomplete\pfd:lex-order=incomplete\pfd:length-lia=incomplete\pfd:source-string-sat-probe=incomplete\pfd:bounded-completeness-unsat=incomplete	\p\pterm #3181 has sort (Uninterpreted 0) that the pure-Rust BV backend cannot bit-blast\p\p\p\pquantifier over non-enumerable domain Int\p\pterm #0 has sort (Uninterpreted 0) that the pure-Rust BV backend cannot bit-blast\pterm #0 has sort (Uninterpreted 0) that the pure-Rust BV backend cannot bit-blast\pmbqi declined an unsupported fragment: term #0 has sort (Uninterpreted 0) that the pure-Rust BV backend cannot bit-blast\pmbqi declined an unsupported fragment: term #0 has sort (Uninterpreted 0) that the pure-Rust BV backend cannot bit-blast\p\pmbqi declined an unsupported fragment: term #0 has sort (Uninterpreted 0) that the pure-Rust BV backend cannot bit-blast\pmbqi declined an unsupported fragment: term #0 has sort (Uninterpreted 0) that the pure-Rust BV backend cannot bit-blast\pmbqi declined an unsupported fragment: term #0 has sort (Uninterpreted 0) that the pure-Rust BV backend cannot bit-blast\pmbqi declined an unsupported fragment: term #0 has sort (Uninterpreted 0) that the pure-Rust BV backend cannot bit-blast\pmbqi declined an unsupported fragment: term #0 has sort (Uninterpreted 0) that the pure-Rust BV backend cannot bit-blast\pmbqi declined an unsupported fragment: term #0 has sort (Uninterpreted 0) that the pure-Rust BV backend cannot bit-blast\pmbqi declined an unsupported fragment: term #0 has sort (Uninterpreted 0) that the pure-Rust BV backend cannot bit-blast\pmbqi declined an unsupported fragment: term #0 has sort (Uninterpreted 0) that the pure-Rust BV backend cannot bit-blast\pmbqi declined an unsupported fragment: term #0 has sort (Uninterpreted 0) that the pure-Rust BV backend cannot bit-blast	\p\pbackend\p\p\p\pbackend\p\pbackend\pbackend\p\p\p\p\p\p\p\p\p\p\p\p	server7	6,14	4.01
t1-UFLIA-db31113fa	main	UFLIA/sledgehammer/TwoSquares/smtlib.788343.smt2	db31113fa	not-dispatched	unsat	0	q:bool-skeleton	q:bool-skeleton	3	fd:parse:probe\pq:ground-subset:declined\pq:bool-skeleton:decided	108	0\p0\p0	no	q:ground-subset=not-applicable			server7	6,14	4.01
t1-UFLIA-db31113fa	main	UFLIA/tokeneer/auditlog/clearlogentries-11.smt2	db31113fa	not-dispatched	unsat	0	q:mbqi-quick	q:bool-skeleton	9	fd:parse:probe\pq:ground-subset:declined\pq:bool-skeleton:declined\pq:eq-partition:declined\pq:unsat-universal:declined\pq:forall-exists-witness:declined\pq:finite-expansion:declined\pq:uf-fmf-probe:declined\pq:mbqi-quick:decided	3310	0\p1104\p1107\p65\p0\p0\p0\p0\p982	no	q:ground-subset=not-applicable\pq:bool-skeleton=not-applicable\pq:eq-partition=not-applicable\pq:unsat-universal=not-applicable\pq:forall-exists-witness=not-applicable\pq:finite-expansion=unsupported\pq:uf-fmf-probe=not-applicable	\p\p\p\p\pquantifier over non-enumerable domain Int\p	\p\p\p\p\pbackend\p	server7	6,14	4.01
t1-UFLIA-db31113fa	main	UFLIA/tokeneer/enclave/enrolop-3.smt2	db31113fa	not-dispatched	unsat	0	q:bool-skeleton	q:bool-skeleton	3	fd:parse:probe\pq:ground-subset:declined\pq:bool-skeleton:decided	108	0\p0\p0	no	q:ground-subset=not-applicable			server7	6,14	4.01
t1-UFLIA-db31113fa	main	UFLIA/tokeneer/screen/writealarms-9.smt2	db31113fa	not-dispatched	unsat	0	q:bool-skeleton	q:bool-skeleton	3	fd:parse:probe\pq:ground-subset:declined\pq:bool-skeleton:decided	108	0\p0\p0	no	q:ground-subset=not-applicable			server7	6,14	4.01
