sweep_id	arm	corpus_path	binary_sha	features	verdict	exit_status	decided_by	bound_by	attempts	attempt_trail	elapsed_ms	elapsed_ms_per_attempt	partial	decline_reasons	decline_details	decline_names	host	core	load
lra-atom-screen-20260916	shipped	QF_RDL/check/bignum_rdl1.smt2	6261a505ea6767af32873bfc897ae64f8879b6388e5ea1074d27a6d3e12218e3	Real	unknown	0	none	nra	16	fd:parse:probe\pprobe:probe\pdl-online:declined\pnra-real-root:declined\pnra:declined\pq:skolem-qf:declined\pq:nat-induction:declined\pfd:string-gate:declined\pfd:source-string-semantic-unsat:declined\pfd:word-route:declined\pfd:online-string:declined\pfd:membership:declined\pfd:lex-order:declined\pfd:length-lia:declined\pfd:source-string-sat-probe:declined\pfd:bounded-completeness-unsat:declined	107	0\p0\p0\p0\p37\p0\p0\p0\p0\p0\p0\p0\p0\p0\p0\p0	no	dl-online=not-applicable\pnra-real-root=not-applicable\pnra=budget\pq:skolem-qf=unsupported\pq:nat-induction=not-applicable\pfd:string-gate=budget\pfd:source-string-semantic-unsat=budget\pfd:word-route=budget\pfd:online-string=budget\pfd:membership=budget\pfd:lex-order=budget\pfd:length-lia=budget\pfd:source-string-sat-probe=budget\pfd:bounded-completeness-unsat=budget	\p\plra: both engines declined — Fourier–Motzkin hit an i128 overflow in its exact-rational arithmetic (not a budget at all), then the exact-rational simplex fallback declined in exact arithmetic (its own deadline, its pivot budget, or a zero-divisor decline)\pquant-route ownership (ADR-2103): `q:skolem-qf` owns {Real, Int, BvOrFloat, Datatype, Function, UninterpretedSort, Array, NonBvArray, NonBoolBvArray} and does not own {NestedArray, WideInt}, which this quantified query carries, so its non-decision is a decline and the ladder continues. Its own reason was: lra: both engines declined — Fourier–Motzkin hit an i128 overflow in its exact-rational arithmetic (not a budget at all), then the exact-rational simplex fallback declined in exact arithmetic (its own deadline, its pivot budget, or a zero-divisor decline)\p\plra: both engines declined — Fourier–Motzkin hit an i128 overflow in its exact-rational arithmetic (not a budget at all), then the exact-rational simplex fallback declined in exact arithmetic (its own deadline, its pivot budget, or a zero-divisor decline)\plra: both engines declined — Fourier–Motzkin hit an i128 overflow in its exact-rational arithmetic (not a budget at all), then the exact-rational simplex fallback declined in exact arithmetic (its own deadline, its pivot budget, or a zero-divisor decline)\plra: both engines declined — Fourier–Motzkin hit an i128 overflow in its exact-rational arithmetic (not a budget at all), then the exact-rational simplex fallback declined in exact arithmetic (its own deadline, its pivot budget, or a zero-divisor decline)\plra: both engines declined — Fourier–Motzkin hit an i128 overflow in its exact-rational arithmetic (not a budget at all), then the exact-rational simplex fallback declined in exact arithmetic (its own deadline, its pivot budget, or a zero-divisor decline)\plra: both engines declined — Fourier–Motzkin hit an i128 overflow in its exact-rational arithmetic (not a budget at all), then the exact-rational simplex fallback declined in exact arithmetic (its own deadline, its pivot budget, or a zero-divisor decline)\plra: both engines declined — Fourier–Motzkin hit an i128 overflow in its exact-rational arithmetic (not a budget at all), then the exact-rational simplex fallback declined in exact arithmetic (its own deadline, its pivot budget, or a zero-divisor decline)\plra: both engines declined — Fourier–Motzkin hit an i128 overflow in its exact-rational arithmetic (not a budget at all), then the exact-rational simplex fallback declined in exact arithmetic (its own deadline, its pivot budget, or a zero-divisor decline)\plra: both engines declined — Fourier–Motzkin hit an i128 overflow in its exact-rational arithmetic (not a budget at all), then the exact-rational simplex fallback declined in exact arithmetic (its own deadline, its pivot budget, or a zero-divisor decline)\plra: both engines declined — Fourier–Motzkin hit an i128 overflow in its exact-rational arithmetic (not a budget at all), then the exact-rational simplex fallback declined in exact arithmetic (its own deadline, its pivot budget, or a zero-divisor decline)	\p\pother\pquant-ownership-decline\p\pother\pother\pother\pother\pother\pother\pother\pother\pother	server5	3	2.05
lra-atom-screen-20260916	shipped	QF_RDL/check/bignum_rdl2.smt2	6261a505ea6767af32873bfc897ae64f8879b6388e5ea1074d27a6d3e12218e3	Real	unsat	0	nra	nra	5	fd:parse:probe\pprobe:probe\pdl-online:declined\pnra-real-root:declined\pnra:decided	107	0\p0\p0\p0\p37	no	dl-online=not-applicable\pnra-real-root=not-applicable	\p	\p	server5	3	2.05
lra-atom-screen-20260916	shipped	QF_RDL/sal/fischer3-mutex-10.smt2	6261a505ea6767af32873bfc897ae64f8879b6388e5ea1074d27a6d3e12218e3	Real	unsat	0	dl-online	dl-online	3	fd:parse:probe\pprobe:probe\pdl-online:decided	308	4\p0\p213	no				server5	3	2.05
lra-atom-screen-20260916	shipped	QF_RDL/sal/fischer3-mutex-11.smt2	6261a505ea6767af32873bfc897ae64f8879b6388e5ea1074d27a6d3e12218e3	Real	unsat	0	dl-online	dl-online	3	fd:parse:probe\pprobe:probe\pdl-online:decided	408	5\p0\p356	no				server5	3	2.05
lra-atom-screen-20260916	shipped	QF_RDL/sal/fischer3-mutex-12.smt2	6261a505ea6767af32873bfc897ae64f8879b6388e5ea1074d27a6d3e12218e3	Real	unsat	0	dl-online	dl-online	3	fd:parse:probe\pprobe:probe\pdl-online:decided	508	5\p0\p430	no				server5	3	2.05
lra-atom-screen-20260916	shipped	QF_RDL/sal/fischer3-mutex-13.smt2	6261a505ea6767af32873bfc897ae64f8879b6388e5ea1074d27a6d3e12218e3	Real	unsat	0	dl-online	dl-online	3	fd:parse:probe\pprobe:probe\pdl-online:decided	808	6\p0\p755	no				server5	3	2.05
lra-atom-screen-20260916	shipped	QF_RDL/sal/fischer3-mutex-14.smt2	6261a505ea6767af32873bfc897ae64f8879b6388e5ea1074d27a6d3e12218e3	Real	unsat	0	dl-online	dl-online	3	fd:parse:probe\pprobe:probe\pdl-online:decided	909	7\p0\p856	no				server5	3	1.97
lra-atom-screen-20260916	shipped	QF_RDL/sal/fischer3-mutex-15.smt2	6261a505ea6767af32873bfc897ae64f8879b6388e5ea1074d27a6d3e12218e3	Real	unsat	0	dl-online	dl-online	3	fd:parse:probe\pprobe:probe\pdl-online:decided	1209	9\p0\p1084	no				server5	3	1.97
lra-atom-screen-20260916	shipped	QF_RDL/sal/fischer3-mutex-16.smt2	6261a505ea6767af32873bfc897ae64f8879b6388e5ea1074d27a6d3e12218e3	Real	unsat	0	dl-online	dl-online	3	fd:parse:probe\pprobe:probe\pdl-online:decided	1409	9\p1\p1353	no				server5	3	1.97
lra-atom-screen-20260916	shipped	QF_RDL/sal/fischer3-mutex-17.smt2	6261a505ea6767af32873bfc897ae64f8879b6388e5ea1074d27a6d3e12218e3	Real	unsat	0	dl-online	dl-online	3	fd:parse:probe\pprobe:probe\pdl-online:decided	2112	11\p1\p2060	no				server5	3	1.97
lra-atom-screen-20260916	shipped	QF_RDL/sal/fischer3-mutex-18.smt2	6261a505ea6767af32873bfc897ae64f8879b6388e5ea1074d27a6d3e12218e3	Real	unsat	0	dl-online	dl-online	3	fd:parse:probe\pprobe:probe\pdl-online:decided	1410	11\p1\p1345	no				server5	3	1.97
lra-atom-screen-20260916	shipped	QF_RDL/sal/fischer3-mutex-19.smt2	6261a505ea6767af32873bfc897ae64f8879b6388e5ea1074d27a6d3e12218e3	Real	unsat	0	dl-online	dl-online	3	fd:parse:probe\pprobe:probe\pdl-online:decided	2309	13\p1\p2260	no				server5	3	1.97
lra-atom-screen-20260916	shipped	QF_RDL/sal/fischer3-mutex-1.smt2	6261a505ea6767af32873bfc897ae64f8879b6388e5ea1074d27a6d3e12218e3	Real	unsat	0	dl-online	dl-online	3	fd:parse:probe\pprobe:probe\pdl-online:decided	108	0\p0\p1	no				server5	3	1.97
lra-atom-screen-20260916	shipped	QF_RDL/sal/fischer3-mutex-20.smt2	6261a505ea6767af32873bfc897ae64f8879b6388e5ea1074d27a6d3e12218e3	Real	unsat	0	dl-online	dl-online	3	fd:parse:probe\pprobe:probe\pdl-online:decided	2710	14\p1\p2658	no				server5	3	1.97
lra-atom-screen-20260916	shipped	QF_RDL/sal/fischer3-mutex-2.smt2	6261a505ea6767af32873bfc897ae64f8879b6388e5ea1074d27a6d3e12218e3	Real	unsat	0	dl-online	dl-online	3	fd:parse:probe\pprobe:probe\pdl-online:decided	107	0\p0\p3	no				server5	3	1.97
lra-atom-screen-20260916	shipped	QF_RDL/sal/fischer3-mutex-3.smt2	6261a505ea6767af32873bfc897ae64f8879b6388e5ea1074d27a6d3e12218e3	Real	unsat	0	dl-online	dl-online	3	fd:parse:probe\pprobe:probe\pdl-online:decided	107	0\p0\p5	no				server5	3	1.97
lra-atom-screen-20260916	shipped	QF_RDL/sal/fischer3-mutex-4.smt2	6261a505ea6767af32873bfc897ae64f8879b6388e5ea1074d27a6d3e12218e3	Real	unsat	0	dl-online	dl-online	3	fd:parse:probe\pprobe:probe\pdl-online:decided	107	1\p0\p8	no				server5	3	1.97
lra-atom-screen-20260916	shipped	QF_RDL/sal/fischer3-mutex-5.smt2	6261a505ea6767af32873bfc897ae64f8879b6388e5ea1074d27a6d3e12218e3	Real	unsat	0	dl-online	dl-online	3	fd:parse:probe\pprobe:probe\pdl-online:decided	107	1\p0\p12	no				server5	3	1.97
lra-atom-screen-20260916	shipped	QF_RDL/sal/fischer3-mutex-6.smt2	6261a505ea6767af32873bfc897ae64f8879b6388e5ea1074d27a6d3e12218e3	Real	unsat	0	dl-online	dl-online	3	fd:parse:probe\pprobe:probe\pdl-online:decided	107	2\p0\p17	no				server5	3	1.97
lra-atom-screen-20260916	shipped	QF_RDL/sal/fischer3-mutex-7.smt2	6261a505ea6767af32873bfc897ae64f8879b6388e5ea1074d27a6d3e12218e3	Real	unsat	0	dl-online	dl-online	3	fd:parse:probe\pprobe:probe\pdl-online:decided	108	2\p0\p35	no				server5	3	1.97
lra-atom-screen-20260916	shipped	QF_RDL/sal/fischer3-mutex-8.smt2	6261a505ea6767af32873bfc897ae64f8879b6388e5ea1074d27a6d3e12218e3	Real	unsat	0	dl-online	dl-online	3	fd:parse:probe\pprobe:probe\pdl-online:decided	108	3\p0\p48	no				server5	3	1.97
lra-atom-screen-20260916	shipped	QF_RDL/sal/fischer3-mutex-9.smt2	6261a505ea6767af32873bfc897ae64f8879b6388e5ea1074d27a6d3e12218e3	Real	unsat	0	dl-online	dl-online	3	fd:parse:probe\pprobe:probe\pdl-online:decided	208	3\p0\p115	no				server5	3	1.97
lra-atom-screen-20260916	shipped	QF_RDL/sal/fischer6-mutex-10.smt2	6261a505ea6767af32873bfc897ae64f8879b6388e5ea1074d27a6d3e12218e3	Real	unsat	0	dl-online	dl-online	3	fd:parse:probe\pprobe:probe\pdl-online:decided	2311	16\p1\p2240	no				server5	3	1.97
lra-atom-screen-20260916	shipped	QF_RDL/sal/fischer6-mutex-11.smt2	6261a505ea6767af32873bfc897ae64f8879b6388e5ea1074d27a6d3e12218e3	Real	unsat	0	dl-online	dl-online	3	fd:parse:probe\pprobe:probe\pdl-online:decided	4411	19\p1\p4343	no				server5	3	1.97
lra-atom-screen-20260916	shipped	QF_RDL/sal/fischer6-mutex-12.smt2	6261a505ea6767af32873bfc897ae64f8879b6388e5ea1074d27a6d3e12218e3	Real	unsat	0	dl-online	dl-online	3	fd:parse:probe\pprobe:probe\pdl-online:decided	5914	23\p1\p5779	no				server5	3	1.98
lra-atom-screen-20260916	shipped	QF_RDL/sal/fischer6-mutex-13.smt2	6261a505ea6767af32873bfc897ae64f8879b6388e5ea1074d27a6d3e12218e3	Real	unsat	0	dl-online	dl-online	3	fd:parse:probe\pprobe:probe\pdl-online:decided	7515	26\p1\p7434	no				server5	3	1.98
lra-atom-screen-20260916	shipped	QF_RDL/sal/fischer6-mutex-14.smt2	6261a505ea6767af32873bfc897ae64f8879b6388e5ea1074d27a6d3e12218e3	Real	unsat	0	dl-online	dl-online	3	fd:parse:probe\pprobe:probe\pdl-online:decided	10218	31\p2\p10109	no				server5	3	1.98
lra-atom-screen-20260916	shipped	QF_RDL/sal/fischer6-mutex-15.smt2	6261a505ea6767af32873bfc897ae64f8879b6388e5ea1074d27a6d3e12218e3	Real	unsat	0	dl-online	dl-online	3	fd:parse:probe\pprobe:probe\pdl-online:decided	7916	34\p2\p7806	no				server5	3	1.91
lra-atom-screen-20260916	shipped	QF_RDL/sal/fischer6-mutex-16.smt2	6261a505ea6767af32873bfc897ae64f8879b6388e5ea1074d27a6d3e12218e3	Real	unsat	0	dl-online	dl-online	3	fd:parse:probe\pprobe:probe\pdl-online:decided	10016	38\p2\p9873	no				server5	3	1.91
lra-atom-screen-20260916	shipped	QF_RDL/sal/fischer6-mutex-17.smt2	6261a505ea6767af32873bfc897ae64f8879b6388e5ea1074d27a6d3e12218e3	Real	unsat	0	dl-online	dl-online	3	fd:parse:probe\pprobe:probe\pdl-online:decided	16822	43\p2\p16750	no				server5	3	1.93
lra-atom-screen-20260916	shipped	QF_RDL/sal/fischer6-mutex-18.smt2	6261a505ea6767af32873bfc897ae64f8879b6388e5ea1074d27a6d3e12218e3	Real	unsat	0	dl-online	dl-online	3	fd:parse:probe\pprobe:probe\pdl-online:decided	15023	48\p2\p14871	no				server5	3	1.95
lra-atom-screen-20260916	shipped	QF_RDL/sal/fischer6-mutex-19.smt2	6261a505ea6767af32873bfc897ae64f8879b6388e5ea1074d27a6d3e12218e3	Real	unknown	0	none	dl-online	15	fd:parse:probe\pprobe:probe\pdl-online:declined\pnra-real-root:declined\pnra:declined\pq:skolem-qf:declined\pfd:string-gate:declined\pfd:source-string-semantic-unsat:declined\pfd:word-route:declined\pfd:online-string:declined\pfd:membership:declined\pfd:lex-order:declined\pfd:length-lia:declined\pfd:source-string-sat-probe:declined\pfd:bounded-completeness-unsat:declined	24129	53\p2\p21030\p1\p2980\p0\p0\p0\p0\p0\p0\p0\p0\p0\p0	no	dl-online=budget\pnra-real-root=not-applicable\pnra=budget\pq:skolem-qf=unsupported\pfd:string-gate=budget\pfd:source-string-semantic-unsat=budget\pfd:word-route=budget\pfd:online-string=budget\pfd:membership=budget\pfd:lex-order=budget\pfd:length-lia=budget\pfd:source-string-sat-probe=budget\pfd:bounded-completeness-unsat=budget	budget exhausted in the online difference-logic driver (atoms=2350, equality_gates=786, bool_equality_gates=228, cnf_vars=10905, clauses=25155)\p\plra: the deadline had already passed when the conjunctive decider was entered (an expired budget or a portfolio stop); no constraint was collected and neither engine ran\pquant-route ownership (ADR-2103): `q:skolem-qf` owns {Real, Int, BvOrFloat, Datatype, Function, UninterpretedSort, Array, NonBvArray, NonBoolBvArray} and does not own {NestedArray, WideInt}, which this quantified query carries, so its non-decision is a decline and the ladder continues. Its own reason was: preprocessed dispatch timeout after reduced solve; the reduced solve's own reason was [ResourceLimit] lra: the deadline had already passed when the conjunctive decider was entered (an expired budget or a portfolio stop); no constraint was collected and neither engine ran\ppreprocessed dispatch timeout after reduced solve; the reduced solve's own reason was [ResourceLimit] lra: the deadline had already passed when the conjunctive decider was entered (an expired budget or a portfolio stop); no constraint was collected and neither engine ran\ppreprocessed dispatch timeout after reduced solve; the reduced solve's own reason was [ResourceLimit] lra: the deadline had already passed when the conjunctive decider was entered (an expired budget or a portfolio stop); no constraint was collected and neither engine ran\ppreprocessed dispatch timeout after reduced solve; the reduced solve's own reason was [ResourceLimit] lra: the deadline had already passed when the conjunctive decider was entered (an expired budget or a portfolio stop); no constraint was collected and neither engine ran\ppreprocessed dispatch timeout after reduced solve; the reduced solve's own reason was [ResourceLimit] lra: the deadline had already passed when the conjunctive decider was entered (an expired budget or a portfolio stop); no constraint was collected and neither engine ran\ppreprocessed dispatch timeout after reduced solve; the reduced solve's own reason was [ResourceLimit] lra: the deadline had already passed when the conjunctive decider was entered (an expired budget or a portfolio stop); no constraint was collected and neither engine ran\ppreprocessed dispatch timeout after reduced solve; the reduced solve's own reason was [ResourceLimit] lra: the deadline had already passed when the conjunctive decider was entered (an expired budget or a portfolio stop); no constraint was collected and neither engine ran\ppreprocessed dispatch timeout after reduced solve; the reduced solve's own reason was [ResourceLimit] lra: the deadline had already passed when the conjunctive decider was entered (an expired budget or a portfolio stop); no constraint was collected and neither engine ran\ppreprocessed dispatch timeout after reduced solve; the reduced solve's own reason was [ResourceLimit] lra: the deadline had already passed when the conjunctive decider was entered (an expired budget or a portfolio stop); no constraint was collected and neither engine ran\ppreprocessed dispatch timeout after reduced solve; the reduced solve's own reason was [ResourceLimit] lra: the deadline had already passed when the conjunctive decider was entered (an expired budget or a portfolio stop); no constraint was collected and neither engine ran	other\p\pother\pquant-ownership-decline\pother\pother\pother\pother\pother\pother\pother\pother\pother	server5	3	1.88
lra-atom-screen-20260916	shipped	QF_RDL/sal/fischer6-mutex-1.smt2	6261a505ea6767af32873bfc897ae64f8879b6388e5ea1074d27a6d3e12218e3	Real	unsat	0	dl-online	dl-online	3	fd:parse:probe\pprobe:probe\pdl-online:decided	108	0\p0\p3	no				server5	3	1.84
lra-atom-screen-20260916	shipped	QF_RDL/sal/fischer6-mutex-20.smt2	6261a505ea6767af32873bfc897ae64f8879b6388e5ea1074d27a6d3e12218e3	Real	unknown	0	none	dl-online	15	fd:parse:probe\pprobe:probe\pdl-online:declined\pnra-real-root:declined\pnra:declined\pq:skolem-qf:declined\pfd:string-gate:declined\pfd:source-string-semantic-unsat:declined\pfd:word-route:declined\pfd:online-string:declined\pfd:membership:declined\pfd:lex-order:declined\pfd:length-lia:declined\pfd:source-string-sat-probe:declined\pfd:bounded-completeness-unsat:declined	24129	57\p2\p21011\p1\p2989\p0\p0\p0\p0\p0\p0\p0\p0\p0\p0	no	dl-online=budget\pnra-real-root=not-applicable\pnra=budget\pq:skolem-qf=unsupported\pfd:string-gate=budget\pfd:source-string-semantic-unsat=budget\pfd:word-route=budget\pfd:online-string=budget\pfd:membership=budget\pfd:lex-order=budget\pfd:length-lia=budget\pfd:source-string-sat-probe=budget\pfd:bounded-completeness-unsat=budget	budget exhausted in the online difference-logic driver (atoms=2473, equality_gates=827, bool_equality_gates=240, cnf_vars=11473, clauses=26466)\p\plra: the deadline had already passed when the conjunctive decider was entered (an expired budget or a portfolio stop); no constraint was collected and neither engine ran\pquant-route ownership (ADR-2103): `q:skolem-qf` owns {Real, Int, BvOrFloat, Datatype, Function, UninterpretedSort, Array, NonBvArray, NonBoolBvArray} and does not own {NestedArray, WideInt}, which this quantified query carries, so its non-decision is a decline and the ladder continues. Its own reason was: preprocessed dispatch timeout after reduced solve; the reduced solve's own reason was [ResourceLimit] lra: the deadline had already passed when the conjunctive decider was entered (an expired budget or a portfolio stop); no constraint was collected and neither engine ran\ppreprocessed dispatch timeout after reduced solve; the reduced solve's own reason was [ResourceLimit] lra: the deadline had already passed when the conjunctive decider was entered (an expired budget or a portfolio stop); no constraint was collected and neither engine ran\ppreprocessed dispatch timeout after reduced solve; the reduced solve's own reason was [ResourceLimit] lra: the deadline had already passed when the conjunctive decider was entered (an expired budget or a portfolio stop); no constraint was collected and neither engine ran\ppreprocessed dispatch timeout after reduced solve; the reduced solve's own reason was [ResourceLimit] lra: the deadline had already passed when the conjunctive decider was entered (an expired budget or a portfolio stop); no constraint was collected and neither engine ran\ppreprocessed dispatch timeout after reduced solve; the reduced solve's own reason was [ResourceLimit] lra: the deadline had already passed when the conjunctive decider was entered (an expired budget or a portfolio stop); no constraint was collected and neither engine ran\ppreprocessed dispatch timeout after reduced solve; the reduced solve's own reason was [ResourceLimit] lra: the deadline had already passed when the conjunctive decider was entered (an expired budget or a portfolio stop); no constraint was collected and neither engine ran\ppreprocessed dispatch timeout after reduced solve; the reduced solve's own reason was [ResourceLimit] lra: the deadline had already passed when the conjunctive decider was entered (an expired budget or a portfolio stop); no constraint was collected and neither engine ran\ppreprocessed dispatch timeout after reduced solve; the reduced solve's own reason was [ResourceLimit] lra: the deadline had already passed when the conjunctive decider was entered (an expired budget or a portfolio stop); no constraint was collected and neither engine ran\ppreprocessed dispatch timeout after reduced solve; the reduced solve's own reason was [ResourceLimit] lra: the deadline had already passed when the conjunctive decider was entered (an expired budget or a portfolio stop); no constraint was collected and neither engine ran\ppreprocessed dispatch timeout after reduced solve; the reduced solve's own reason was [ResourceLimit] lra: the deadline had already passed when the conjunctive decider was entered (an expired budget or a portfolio stop); no constraint was collected and neither engine ran	other\p\pother\pquant-ownership-decline\pother\pother\pother\pother\pother\pother\pother\pother\pother	server5	3	1.84
lra-atom-screen-20260916	shipped	QF_RDL/sal/fischer6-mutex-2.smt2	6261a505ea6767af32873bfc897ae64f8879b6388e5ea1074d27a6d3e12218e3	Real	unsat	0	dl-online	dl-online	3	fd:parse:probe\pprobe:probe\pdl-online:decided	107	1\p0\p7	no				server5	3	1.95
lra-atom-screen-20260916	shipped	QF_RDL/sal/fischer6-mutex-3.smt2	6261a505ea6767af32873bfc897ae64f8879b6388e5ea1074d27a6d3e12218e3	Real	unsat	0	dl-online	dl-online	3	fd:parse:probe\pprobe:probe\pdl-online:decided	108	2\p0\p12	no				server5	3	1.95
lra-atom-screen-20260916	shipped	QF_RDL/sal/fischer6-mutex-4.smt2	6261a505ea6767af32873bfc897ae64f8879b6388e5ea1074d27a6d3e12218e3	Real	unsat	0	dl-online	dl-online	3	fd:parse:probe\pprobe:probe\pdl-online:decided	107	3\p0\p25	no				server5	3	1.95
lra-atom-screen-20260916	shipped	QF_RDL/sal/fischer6-mutex-5.smt2	6261a505ea6767af32873bfc897ae64f8879b6388e5ea1074d27a6d3e12218e3	Real	unsat	0	dl-online	dl-online	3	fd:parse:probe\pprobe:probe\pdl-online:decided	106	5\p0\p39	no				server5	3	1.95
lra-atom-screen-20260916	shipped	QF_RDL/sal/fischer6-mutex-6.smt2	6261a505ea6767af32873bfc897ae64f8879b6388e5ea1074d27a6d3e12218e3	Real	unsat	0	dl-online	dl-online	3	fd:parse:probe\pprobe:probe\pdl-online:decided	207	8\p0\p135	no				server5	3	1.95
lra-atom-screen-20260916	shipped	QF_RDL/sal/fischer6-mutex-7.smt2	6261a505ea6767af32873bfc897ae64f8879b6388e5ea1074d27a6d3e12218e3	Real	unsat	0	dl-online	dl-online	3	fd:parse:probe\pprobe:probe\pdl-online:decided	208	9\p0\p135	no				server5	3	1.95
lra-atom-screen-20260916	shipped	QF_RDL/sal/fischer6-mutex-8.smt2	6261a505ea6767af32873bfc897ae64f8879b6388e5ea1074d27a6d3e12218e3	Real	unsat	0	dl-online	dl-online	3	fd:parse:probe\pprobe:probe\pdl-online:decided	607	11\p1\p517	no				server5	3	1.95
lra-atom-screen-20260916	shipped	QF_RDL/sal/fischer6-mutex-9.smt2	6261a505ea6767af32873bfc897ae64f8879b6388e5ea1074d27a6d3e12218e3	Real	unsat	0	dl-online	dl-online	3	fd:parse:probe\pprobe:probe\pdl-online:decided	1108	13\p1\p1017	no				server5	3	1.96
lra-atom-screen-20260916	shipped	QF_RDL/sal/fischer9-mutex-10.smt2	6261a505ea6767af32873bfc897ae64f8879b6388e5ea1074d27a6d3e12218e3	Real	unsat	0	dl-online	dl-online	3	fd:parse:probe\pprobe:probe\pdl-online:decided	8416	36\p2\p8302	no				server5	3	1.96
lra-atom-screen-20260916	shipped	QF_RDL/sal/fischer9-mutex-11.smt2	6261a505ea6767af32873bfc897ae64f8879b6388e5ea1074d27a6d3e12218e3	Real	unsat	0	dl-online	dl-online	3	fd:parse:probe\pprobe:probe\pdl-online:decided	9816	44\p2\p9716	no				server5	3	1.96
lra-atom-screen-20260916	shipped	QF_RDL/sal/fischer9-mutex-12.smt2	6261a505ea6767af32873bfc897ae64f8879b6388e5ea1074d27a6d3e12218e3	Real	unsat	0	dl-online	dl-online	3	fd:parse:probe\pprobe:probe\pdl-online:decided	17323	52\p2\p17230	no				server5	3	2.04
lra-atom-screen-20260916	shipped	QF_RDL/sal/fischer9-mutex-13.smt2	6261a505ea6767af32873bfc897ae64f8879b6388e5ea1074d27a6d3e12218e3	Real	unknown	0	none	dl-online	15	fd:parse:probe\pprobe:probe\pdl-online:declined\pnra-real-root:declined\pnra:declined\pq:skolem-qf:declined\pfd:string-gate:declined\pfd:source-string-semantic-unsat:declined\pfd:word-route:declined\pfd:online-string:declined\pfd:membership:declined\pfd:lex-order:declined\pfd:length-lia:declined\pfd:source-string-sat-probe:declined\pfd:bounded-completeness-unsat:declined	24123	59\p3\p21013\p1\p2985\p0\p0\p0\p0\p0\p0\p0\p0\p0\p0	no	dl-online=budget\pnra-real-root=not-applicable\pnra=budget\pq:skolem-qf=unsupported\pfd:string-gate=budget\pfd:source-string-semantic-unsat=budget\pfd:word-route=budget\pfd:online-string=budget\pfd:membership=budget\pfd:lex-order=budget\pfd:length-lia=budget\pfd:source-string-sat-probe=budget\pfd:bounded-completeness-unsat=budget	budget exhausted in the online difference-logic driver (atoms=2437, equality_gates=738, bool_equality_gates=234, cnf_vars=11376, clauses=26463)\p\plra: the deadline had already passed when the conjunctive decider was entered (an expired budget or a portfolio stop); no constraint was collected and neither engine ran\pquant-route ownership (ADR-2103): `q:skolem-qf` owns {Real, Int, BvOrFloat, Datatype, Function, UninterpretedSort, Array, NonBvArray, NonBoolBvArray} and does not own {NestedArray, WideInt}, which this quantified query carries, so its non-decision is a decline and the ladder continues. Its own reason was: preprocessed dispatch timeout after reduced solve; the reduced solve's own reason was [ResourceLimit] lra: the deadline had already passed when the conjunctive decider was entered (an expired budget or a portfolio stop); no constraint was collected and neither engine ran\ppreprocessed dispatch timeout after reduced solve; the reduced solve's own reason was [ResourceLimit] lra: the deadline had already passed when the conjunctive decider was entered (an expired budget or a portfolio stop); no constraint was collected and neither engine ran\ppreprocessed dispatch timeout after reduced solve; the reduced solve's own reason was [ResourceLimit] lra: the deadline had already passed when the conjunctive decider was entered (an expired budget or a portfolio stop); no constraint was collected and neither engine ran\ppreprocessed dispatch timeout after reduced solve; the reduced solve's own reason was [ResourceLimit] lra: the deadline had already passed when the conjunctive decider was entered (an expired budget or a portfolio stop); no constraint was collected and neither engine ran\ppreprocessed dispatch timeout after reduced solve; the reduced solve's own reason was [ResourceLimit] lra: the deadline had already passed when the conjunctive decider was entered (an expired budget or a portfolio stop); no constraint was collected and neither engine ran\ppreprocessed dispatch timeout after reduced solve; the reduced solve's own reason was [ResourceLimit] lra: the deadline had already passed when the conjunctive decider was entered (an expired budget or a portfolio stop); no constraint was collected and neither engine ran\ppreprocessed dispatch timeout after reduced solve; the reduced solve's own reason was [ResourceLimit] lra: the deadline had already passed when the conjunctive decider was entered (an expired budget or a portfolio stop); no constraint was collected and neither engine ran\ppreprocessed dispatch timeout after reduced solve; the reduced solve's own reason was [ResourceLimit] lra: the deadline had already passed when the conjunctive decider was entered (an expired budget or a portfolio stop); no constraint was collected and neither engine ran\ppreprocessed dispatch timeout after reduced solve; the reduced solve's own reason was [ResourceLimit] lra: the deadline had already passed when the conjunctive decider was entered (an expired budget or a portfolio stop); no constraint was collected and neither engine ran\ppreprocessed dispatch timeout after reduced solve; the reduced solve's own reason was [ResourceLimit] lra: the deadline had already passed when the conjunctive decider was entered (an expired budget or a portfolio stop); no constraint was collected and neither engine ran	other\p\pother\pquant-ownership-decline\pother\pother\pother\pother\pother\pother\pother\pother\pother	server5	3	2.03
lra-atom-screen-20260916	shipped	QF_RDL/sal/fischer9-mutex-14.smt2	6261a505ea6767af32873bfc897ae64f8879b6388e5ea1074d27a6d3e12218e3	Real	unknown	0	none	dl-online	15	fd:parse:probe\pprobe:probe\pdl-online:declined\pnra-real-root:declined\pnra:declined\pq:skolem-qf:declined\pfd:string-gate:declined\pfd:source-string-semantic-unsat:declined\pfd:word-route:declined\pfd:online-string:declined\pfd:membership:declined\pfd:lex-order:declined\pfd:length-lia:declined\pfd:source-string-sat-probe:declined\pfd:bounded-completeness-unsat:declined	24128	69\p3\p21012\p1\p2989\p0\p0\p0\p0\p0\p0\p0\p0\p0\p0	no	dl-online=budget\pnra-real-root=not-applicable\pnra=budget\pq:skolem-qf=unsupported\pfd:string-gate=budget\pfd:source-string-semantic-unsat=budget\pfd:word-route=budget\pfd:online-string=budget\pfd:membership=budget\pfd:lex-order=budget\pfd:length-lia=budget\pfd:source-string-sat-probe=budget\pfd:bounded-completeness-unsat=budget	budget exhausted in the online difference-logic driver (atoms=2623, equality_gates=794, bool_equality_gates=252, cnf_vars=12238, clauses=28470)\p\plra: the deadline had already passed when the conjunctive decider was entered (an expired budget or a portfolio stop); no constraint was collected and neither engine ran\pquant-route ownership (ADR-2103): `q:skolem-qf` owns {Real, Int, BvOrFloat, Datatype, Function, UninterpretedSort, Array, NonBvArray, NonBoolBvArray} and does not own {NestedArray, WideInt}, which this quantified query carries, so its non-decision is a decline and the ladder continues. Its own reason was: preprocessed dispatch timeout after reduced solve; the reduced solve's own reason was [ResourceLimit] lra: the deadline had already passed when the conjunctive decider was entered (an expired budget or a portfolio stop); no constraint was collected and neither engine ran\ppreprocessed dispatch timeout after reduced solve; the reduced solve's own reason was [ResourceLimit] lra: the deadline had already passed when the conjunctive decider was entered (an expired budget or a portfolio stop); no constraint was collected and neither engine ran\ppreprocessed dispatch timeout after reduced solve; the reduced solve's own reason was [ResourceLimit] lra: the deadline had already passed when the conjunctive decider was entered (an expired budget or a portfolio stop); no constraint was collected and neither engine ran\ppreprocessed dispatch timeout after reduced solve; the reduced solve's own reason was [ResourceLimit] lra: the deadline had already passed when the conjunctive decider was entered (an expired budget or a portfolio stop); no constraint was collected and neither engine ran\ppreprocessed dispatch timeout after reduced solve; the reduced solve's own reason was [ResourceLimit] lra: the deadline had already passed when the conjunctive decider was entered (an expired budget or a portfolio stop); no constraint was collected and neither engine ran\ppreprocessed dispatch timeout after reduced solve; the reduced solve's own reason was [ResourceLimit] lra: the deadline had already passed when the conjunctive decider was entered (an expired budget or a portfolio stop); no constraint was collected and neither engine ran\ppreprocessed dispatch timeout after reduced solve; the reduced solve's own reason was [ResourceLimit] lra: the deadline had already passed when the conjunctive decider was entered (an expired budget or a portfolio stop); no constraint was collected and neither engine ran\ppreprocessed dispatch timeout after reduced solve; the reduced solve's own reason was [ResourceLimit] lra: the deadline had already passed when the conjunctive decider was entered (an expired budget or a portfolio stop); no constraint was collected and neither engine ran\ppreprocessed dispatch timeout after reduced solve; the reduced solve's own reason was [ResourceLimit] lra: the deadline had already passed when the conjunctive decider was entered (an expired budget or a portfolio stop); no constraint was collected and neither engine ran\ppreprocessed dispatch timeout after reduced solve; the reduced solve's own reason was [ResourceLimit] lra: the deadline had already passed when the conjunctive decider was entered (an expired budget or a portfolio stop); no constraint was collected and neither engine ran	other\p\pother\pquant-ownership-decline\pother\pother\pother\pother\pother\pother\pother\pother\pother	server5	3	2.02
lra-atom-screen-20260916	shipped	QF_RDL/sal/fischer9-mutex-15.smt2	6261a505ea6767af32873bfc897ae64f8879b6388e5ea1074d27a6d3e12218e3	Real	unknown	0	none	dl-online	15	fd:parse:probe\pprobe:probe\pdl-online:declined\pnra-real-root:declined\pnra:declined\pq:skolem-qf:declined\pfd:string-gate:declined\pfd:source-string-semantic-unsat:declined\pfd:word-route:declined\pfd:online-string:declined\pfd:membership:declined\pfd:lex-order:declined\pfd:length-lia:declined\pfd:source-string-sat-probe:declined\pfd:bounded-completeness-unsat:declined	24130	78\p3\p21058\p2\p2951\p0\p0\p0\p0\p0\p0\p0\p0\p0\p0	no	dl-online=budget\pnra-real-root=not-applicable\pnra=budget\pq:skolem-qf=unsupported\pfd:string-gate=budget\pfd:source-string-semantic-unsat=budget\pfd:word-route=budget\pfd:online-string=budget\pfd:membership=budget\pfd:lex-order=budget\pfd:length-lia=budget\pfd:source-string-sat-probe=budget\pfd:bounded-completeness-unsat=budget	budget exhausted in the online difference-logic driver (atoms=2809, equality_gates=850, bool_equality_gates=270, cnf_vars=13100, clauses=30477)\p\plra: the deadline had already passed when the conjunctive decider was entered (an expired budget or a portfolio stop); no constraint was collected and neither engine ran\pquant-route ownership (ADR-2103): `q:skolem-qf` owns {Real, Int, BvOrFloat, Datatype, Function, UninterpretedSort, Array, NonBvArray, NonBoolBvArray} and does not own {NestedArray, WideInt}, which this quantified query carries, so its non-decision is a decline and the ladder continues. Its own reason was: preprocessed dispatch timeout after reduced solve; the reduced solve's own reason was [ResourceLimit] lra: the deadline had already passed when the conjunctive decider was entered (an expired budget or a portfolio stop); no constraint was collected and neither engine ran\ppreprocessed dispatch timeout after reduced solve; the reduced solve's own reason was [ResourceLimit] lra: the deadline had already passed when the conjunctive decider was entered (an expired budget or a portfolio stop); no constraint was collected and neither engine ran\ppreprocessed dispatch timeout after reduced solve; the reduced solve's own reason was [ResourceLimit] lra: the deadline had already passed when the conjunctive decider was entered (an expired budget or a portfolio stop); no constraint was collected and neither engine ran\ppreprocessed dispatch timeout after reduced solve; the reduced solve's own reason was [ResourceLimit] lra: the deadline had already passed when the conjunctive decider was entered (an expired budget or a portfolio stop); no constraint was collected and neither engine ran\ppreprocessed dispatch timeout after reduced solve; the reduced solve's own reason was [ResourceLimit] lra: the deadline had already passed when the conjunctive decider was entered (an expired budget or a portfolio stop); no constraint was collected and neither engine ran\ppreprocessed dispatch timeout after reduced solve; the reduced solve's own reason was [ResourceLimit] lra: the deadline had already passed when the conjunctive decider was entered (an expired budget or a portfolio stop); no constraint was collected and neither engine ran\ppreprocessed dispatch timeout after reduced solve; the reduced solve's own reason was [ResourceLimit] lra: the deadline had already passed when the conjunctive decider was entered (an expired budget or a portfolio stop); no constraint was collected and neither engine ran\ppreprocessed dispatch timeout after reduced solve; the reduced solve's own reason was [ResourceLimit] lra: the deadline had already passed when the conjunctive decider was entered (an expired budget or a portfolio stop); no constraint was collected and neither engine ran\ppreprocessed dispatch timeout after reduced solve; the reduced solve's own reason was [ResourceLimit] lra: the deadline had already passed when the conjunctive decider was entered (an expired budget or a portfolio stop); no constraint was collected and neither engine ran\ppreprocessed dispatch timeout after reduced solve; the reduced solve's own reason was [ResourceLimit] lra: the deadline had already passed when the conjunctive decider was entered (an expired budget or a portfolio stop); no constraint was collected and neither engine ran	other\p\pother\pquant-ownership-decline\pother\pother\pother\pother\pother\pother\pother\pother\pother	server5	3	2.01
lra-atom-screen-20260916	shipped	QF_RDL/sal/fischer9-mutex-16.smt2	6261a505ea6767af32873bfc897ae64f8879b6388e5ea1074d27a6d3e12218e3	Real	unknown	0	none	dl-online	15	fd:parse:probe\pprobe:probe\pdl-online:declined\pnra-real-root:declined\pnra:declined\pq:skolem-qf:declined\pfd:string-gate:declined\pfd:source-string-semantic-unsat:declined\pfd:word-route:declined\pfd:online-string:declined\pfd:membership:declined\pfd:lex-order:declined\pfd:length-lia:declined\pfd:source-string-sat-probe:declined\pfd:bounded-completeness-unsat:declined	24232	94\p3\p21014\p2\p3001\p0\p0\p0\p0\p0\p0\p0\p0\p0\p0	no	dl-online=budget\pnra-real-root=not-applicable\pnra=budget\pq:skolem-qf=unsupported\pfd:string-gate=budget\pfd:source-string-semantic-unsat=budget\pfd:word-route=budget\pfd:online-string=budget\pfd:membership=budget\pfd:lex-order=budget\pfd:length-lia=budget\pfd:source-string-sat-probe=budget\pfd:bounded-completeness-unsat=budget	budget exhausted in the online difference-logic driver (atoms=2995, equality_gates=906, bool_equality_gates=288, cnf_vars=13962, clauses=32484)\p\plra: the deadline had already passed when the conjunctive decider was entered (an expired budget or a portfolio stop); no constraint was collected and neither engine ran\pquant-route ownership (ADR-2103): `q:skolem-qf` owns {Real, Int, BvOrFloat, Datatype, Function, UninterpretedSort, Array, NonBvArray, NonBoolBvArray} and does not own {NestedArray, WideInt}, which this quantified query carries, so its non-decision is a decline and the ladder continues. Its own reason was: preprocessed dispatch timeout after reduced solve; the reduced solve's own reason was [ResourceLimit] lra: the deadline had already passed when the conjunctive decider was entered (an expired budget or a portfolio stop); no constraint was collected and neither engine ran\ppreprocessed dispatch timeout after reduced solve; the reduced solve's own reason was [ResourceLimit] lra: the deadline had already passed when the conjunctive decider was entered (an expired budget or a portfolio stop); no constraint was collected and neither engine ran\ppreprocessed dispatch timeout after reduced solve; the reduced solve's own reason was [ResourceLimit] lra: the deadline had already passed when the conjunctive decider was entered (an expired budget or a portfolio stop); no constraint was collected and neither engine ran\ppreprocessed dispatch timeout after reduced solve; the reduced solve's own reason was [ResourceLimit] lra: the deadline had already passed when the conjunctive decider was entered (an expired budget or a portfolio stop); no constraint was collected and neither engine ran\ppreprocessed dispatch timeout after reduced solve; the reduced solve's own reason was [ResourceLimit] lra: the deadline had already passed when the conjunctive decider was entered (an expired budget or a portfolio stop); no constraint was collected and neither engine ran\ppreprocessed dispatch timeout after reduced solve; the reduced solve's own reason was [ResourceLimit] lra: the deadline had already passed when the conjunctive decider was entered (an expired budget or a portfolio stop); no constraint was collected and neither engine ran\ppreprocessed dispatch timeout after reduced solve; the reduced solve's own reason was [ResourceLimit] lra: the deadline had already passed when the conjunctive decider was entered (an expired budget or a portfolio stop); no constraint was collected and neither engine ran\ppreprocessed dispatch timeout after reduced solve; the reduced solve's own reason was [ResourceLimit] lra: the deadline had already passed when the conjunctive decider was entered (an expired budget or a portfolio stop); no constraint was collected and neither engine ran\ppreprocessed dispatch timeout after reduced solve; the reduced solve's own reason was [ResourceLimit] lra: the deadline had already passed when the conjunctive decider was entered (an expired budget or a portfolio stop); no constraint was collected and neither engine ran\ppreprocessed dispatch timeout after reduced solve; the reduced solve's own reason was [ResourceLimit] lra: the deadline had already passed when the conjunctive decider was entered (an expired budget or a portfolio stop); no constraint was collected and neither engine ran	other\p\pother\pquant-ownership-decline\pother\pother\pother\pother\pother\pother\pother\pother\pother	server5	3	2.01
lra-atom-screen-20260916	shipped	QF_RDL/sal/fischer9-mutex-17.smt2	6261a505ea6767af32873bfc897ae64f8879b6388e5ea1074d27a6d3e12218e3	Real	unknown	0	none	dl-online	15	fd:parse:probe\pprobe:probe\pdl-online:declined\pnra-real-root:declined\pnra:declined\pq:skolem-qf:declined\pfd:string-gate:declined\pfd:source-string-semantic-unsat:declined\pfd:word-route:declined\pfd:online-string:declined\pfd:membership:declined\pfd:lex-order:declined\pfd:length-lia:declined\pfd:source-string-sat-probe:declined\pfd:bounded-completeness-unsat:declined	24231	99\p3\p21015\p2\p2990\p0\p0\p0\p0\p0\p0\p0\p0\p0\p0	no	dl-online=budget\pnra-real-root=not-applicable\pnra=budget\pq:skolem-qf=unsupported\pfd:string-gate=budget\pfd:source-string-semantic-unsat=budget\pfd:word-route=budget\pfd:online-string=budget\pfd:membership=budget\pfd:lex-order=budget\pfd:length-lia=budget\pfd:source-string-sat-probe=budget\pfd:bounded-completeness-unsat=budget	budget exhausted in the online difference-logic driver (atoms=3181, equality_gates=962, bool_equality_gates=306, cnf_vars=14824, clauses=34491)\p\plra: the deadline had already passed when the conjunctive decider was entered (an expired budget or a portfolio stop); no constraint was collected and neither engine ran\pquant-route ownership (ADR-2103): `q:skolem-qf` owns {Real, Int, BvOrFloat, Datatype, Function, UninterpretedSort, Array, NonBvArray, NonBoolBvArray} and does not own {NestedArray, WideInt}, which this quantified query carries, so its non-decision is a decline and the ladder continues. Its own reason was: preprocessed dispatch timeout after reduced solve; the reduced solve's own reason was [ResourceLimit] lra: the deadline had already passed when the conjunctive decider was entered (an expired budget or a portfolio stop); no constraint was collected and neither engine ran\ppreprocessed dispatch timeout after reduced solve; the reduced solve's own reason was [ResourceLimit] lra: the deadline had already passed when the conjunctive decider was entered (an expired budget or a portfolio stop); no constraint was collected and neither engine ran\ppreprocessed dispatch timeout after reduced solve; the reduced solve's own reason was [ResourceLimit] lra: the deadline had already passed when the conjunctive decider was entered (an expired budget or a portfolio stop); no constraint was collected and neither engine ran\ppreprocessed dispatch timeout after reduced solve; the reduced solve's own reason was [ResourceLimit] lra: the deadline had already passed when the conjunctive decider was entered (an expired budget or a portfolio stop); no constraint was collected and neither engine ran\ppreprocessed dispatch timeout after reduced solve; the reduced solve's own reason was [ResourceLimit] lra: the deadline had already passed when the conjunctive decider was entered (an expired budget or a portfolio stop); no constraint was collected and neither engine ran\ppreprocessed dispatch timeout after reduced solve; the reduced solve's own reason was [ResourceLimit] lra: the deadline had already passed when the conjunctive decider was entered (an expired budget or a portfolio stop); no constraint was collected and neither engine ran\ppreprocessed dispatch timeout after reduced solve; the reduced solve's own reason was [ResourceLimit] lra: the deadline had already passed when the conjunctive decider was entered (an expired budget or a portfolio stop); no constraint was collected and neither engine ran\ppreprocessed dispatch timeout after reduced solve; the reduced solve's own reason was [ResourceLimit] lra: the deadline had already passed when the conjunctive decider was entered (an expired budget or a portfolio stop); no constraint was collected and neither engine ran\ppreprocessed dispatch timeout after reduced solve; the reduced solve's own reason was [ResourceLimit] lra: the deadline had already passed when the conjunctive decider was entered (an expired budget or a portfolio stop); no constraint was collected and neither engine ran\ppreprocessed dispatch timeout after reduced solve; the reduced solve's own reason was [ResourceLimit] lra: the deadline had already passed when the conjunctive decider was entered (an expired budget or a portfolio stop); no constraint was collected and neither engine ran	other\p\pother\pquant-ownership-decline\pother\pother\pother\pother\pother\pother\pother\pother\pother	server5	3	2.00
lra-atom-screen-20260916	shipped	QF_RDL/sal/fischer9-mutex-18.smt2	6261a505ea6767af32873bfc897ae64f8879b6388e5ea1074d27a6d3e12218e3	Real	unknown	0	none	dl-online	15	fd:parse:probe\pprobe:probe\pdl-online:declined\pnra-real-root:declined\pnra:declined\pq:skolem-qf:declined\pfd:string-gate:declined\pfd:source-string-semantic-unsat:declined\pfd:word-route:declined\pfd:online-string:declined\pfd:membership:declined\pfd:lex-order:declined\pfd:length-lia:declined\pfd:source-string-sat-probe:declined\pfd:bounded-completeness-unsat:declined	24232	126\p5\p21042\p2\p2973\p0\p0\p0\p0\p0\p0\p0\p0\p0\p0	no	dl-online=budget\pnra-real-root=not-applicable\pnra=budget\pq:skolem-qf=unsupported\pfd:string-gate=budget\pfd:source-string-semantic-unsat=budget\pfd:word-route=budget\pfd:online-string=budget\pfd:membership=budget\pfd:lex-order=budget\pfd:length-lia=budget\pfd:source-string-sat-probe=budget\pfd:bounded-completeness-unsat=budget	budget exhausted in the online difference-logic driver (atoms=3367, equality_gates=1018, bool_equality_gates=324, cnf_vars=15686, clauses=36498)\p\plra: the deadline had already passed when the conjunctive decider was entered (an expired budget or a portfolio stop); no constraint was collected and neither engine ran\pquant-route ownership (ADR-2103): `q:skolem-qf` owns {Real, Int, BvOrFloat, Datatype, Function, UninterpretedSort, Array, NonBvArray, NonBoolBvArray} and does not own {NestedArray, WideInt}, which this quantified query carries, so its non-decision is a decline and the ladder continues. Its own reason was: preprocessed dispatch timeout after reduced solve; the reduced solve's own reason was [ResourceLimit] lra: the deadline had already passed when the conjunctive decider was entered (an expired budget or a portfolio stop); no constraint was collected and neither engine ran\ppreprocessed dispatch timeout after reduced solve; the reduced solve's own reason was [ResourceLimit] lra: the deadline had already passed when the conjunctive decider was entered (an expired budget or a portfolio stop); no constraint was collected and neither engine ran\ppreprocessed dispatch timeout after reduced solve; the reduced solve's own reason was [ResourceLimit] lra: the deadline had already passed when the conjunctive decider was entered (an expired budget or a portfolio stop); no constraint was collected and neither engine ran\ppreprocessed dispatch timeout after reduced solve; the reduced solve's own reason was [ResourceLimit] lra: the deadline had already passed when the conjunctive decider was entered (an expired budget or a portfolio stop); no constraint was collected and neither engine ran\ppreprocessed dispatch timeout after reduced solve; the reduced solve's own reason was [ResourceLimit] lra: the deadline had already passed when the conjunctive decider was entered (an expired budget or a portfolio stop); no constraint was collected and neither engine ran\ppreprocessed dispatch timeout after reduced solve; the reduced solve's own reason was [ResourceLimit] lra: the deadline had already passed when the conjunctive decider was entered (an expired budget or a portfolio stop); no constraint was collected and neither engine ran\ppreprocessed dispatch timeout after reduced solve; the reduced solve's own reason was [ResourceLimit] lra: the deadline had already passed when the conjunctive decider was entered (an expired budget or a portfolio stop); no constraint was collected and neither engine ran\ppreprocessed dispatch timeout after reduced solve; the reduced solve's own reason was [ResourceLimit] lra: the deadline had already passed when the conjunctive decider was entered (an expired budget or a portfolio stop); no constraint was collected and neither engine ran\ppreprocessed dispatch timeout after reduced solve; the reduced solve's own reason was [ResourceLimit] lra: the deadline had already passed when the conjunctive decider was entered (an expired budget or a portfolio stop); no constraint was collected and neither engine ran\ppreprocessed dispatch timeout after reduced solve; the reduced solve's own reason was [ResourceLimit] lra: the deadline had already passed when the conjunctive decider was entered (an expired budget or a portfolio stop); no constraint was collected and neither engine ran	other\p\pother\pquant-ownership-decline\pother\pother\pother\pother\pother\pother\pother\pother\pother	server5	3	2.00
lra-atom-screen-20260916	shipped	QF_RDL/sal/fischer9-mutex-19.smt2	6261a505ea6767af32873bfc897ae64f8879b6388e5ea1074d27a6d3e12218e3	Real	unknown	0	none	dl-online	15	fd:parse:probe\pprobe:probe\pdl-online:declined\pnra-real-root:declined\pnra:declined\pq:skolem-qf:declined\pfd:string-gate:declined\pfd:source-string-semantic-unsat:declined\pfd:word-route:declined\pfd:online-string:declined\pfd:membership:declined\pfd:lex-order:declined\pfd:length-lia:declined\pfd:source-string-sat-probe:declined\pfd:bounded-completeness-unsat:declined	24231	124\p4\p21037\p2\p2962\p0\p0\p0\p0\p0\p0\p0\p0\p0\p0	no	dl-online=budget\pnra-real-root=not-applicable\pnra=budget\pq:skolem-qf=unsupported\pfd:string-gate=budget\pfd:source-string-semantic-unsat=budget\pfd:word-route=budget\pfd:online-string=budget\pfd:membership=budget\pfd:lex-order=budget\pfd:length-lia=budget\pfd:source-string-sat-probe=budget\pfd:bounded-completeness-unsat=budget	budget exhausted in the online difference-logic driver (atoms=3553, equality_gates=1074, bool_equality_gates=342, cnf_vars=16548, clauses=38505)\p\plra: the deadline had already passed when the conjunctive decider was entered (an expired budget or a portfolio stop); no constraint was collected and neither engine ran\pquant-route ownership (ADR-2103): `q:skolem-qf` owns {Real, Int, BvOrFloat, Datatype, Function, UninterpretedSort, Array, NonBvArray, NonBoolBvArray} and does not own {NestedArray, WideInt}, which this quantified query carries, so its non-decision is a decline and the ladder continues. Its own reason was: preprocessed dispatch timeout after reduced solve; the reduced solve's own reason was [ResourceLimit] lra: the deadline had already passed when the conjunctive decider was entered (an expired budget or a portfolio stop); no constraint was collected and neither engine ran\ppreprocessed dispatch timeout after reduced solve; the reduced solve's own reason was [ResourceLimit] lra: the deadline had already passed when the conjunctive decider was entered (an expired budget or a portfolio stop); no constraint was collected and neither engine ran\ppreprocessed dispatch timeout after reduced solve; the reduced solve's own reason was [ResourceLimit] lra: the deadline had already passed when the conjunctive decider was entered (an expired budget or a portfolio stop); no constraint was collected and neither engine ran\ppreprocessed dispatch timeout after reduced solve; the reduced solve's own reason was [ResourceLimit] lra: the deadline had already passed when the conjunctive decider was entered (an expired budget or a portfolio stop); no constraint was collected and neither engine ran\ppreprocessed dispatch timeout after reduced solve; the reduced solve's own reason was [ResourceLimit] lra: the deadline had already passed when the conjunctive decider was entered (an expired budget or a portfolio stop); no constraint was collected and neither engine ran\ppreprocessed dispatch timeout after reduced solve; the reduced solve's own reason was [ResourceLimit] lra: the deadline had already passed when the conjunctive decider was entered (an expired budget or a portfolio stop); no constraint was collected and neither engine ran\ppreprocessed dispatch timeout after reduced solve; the reduced solve's own reason was [ResourceLimit] lra: the deadline had already passed when the conjunctive decider was entered (an expired budget or a portfolio stop); no constraint was collected and neither engine ran\ppreprocessed dispatch timeout after reduced solve; the reduced solve's own reason was [ResourceLimit] lra: the deadline had already passed when the conjunctive decider was entered (an expired budget or a portfolio stop); no constraint was collected and neither engine ran\ppreprocessed dispatch timeout after reduced solve; the reduced solve's own reason was [ResourceLimit] lra: the deadline had already passed when the conjunctive decider was entered (an expired budget or a portfolio stop); no constraint was collected and neither engine ran\ppreprocessed dispatch timeout after reduced solve; the reduced solve's own reason was [ResourceLimit] lra: the deadline had already passed when the conjunctive decider was entered (an expired budget or a portfolio stop); no constraint was collected and neither engine ran	other\p\pother\pquant-ownership-decline\pother\pother\pother\pother\pother\pother\pother\pother\pother	server5	3	2.00
lra-atom-screen-20260916	shipped	QF_RDL/sal/fischer9-mutex-1.smt2	6261a505ea6767af32873bfc897ae64f8879b6388e5ea1074d27a6d3e12218e3	Real	unsat	0	dl-online	dl-online	3	fd:parse:probe\pprobe:probe\pdl-online:decided	111	1\p0\p7	no				server5	3	2.00
lra-atom-screen-20260916	shipped	QF_RDL/sal/fischer9-mutex-20.smt2	6261a505ea6767af32873bfc897ae64f8879b6388e5ea1074d27a6d3e12218e3	Real	unknown	0	none	dl-online	15	fd:parse:probe\pprobe:probe\pdl-online:declined\pnra-real-root:declined\pnra:declined\pq:skolem-qf:declined\pfd:string-gate:declined\pfd:source-string-semantic-unsat:declined\pfd:word-route:declined\pfd:online-string:declined\pfd:membership:declined\pfd:lex-order:declined\pfd:length-lia:declined\pfd:source-string-sat-probe:declined\pfd:bounded-completeness-unsat:declined	24236	152\p5\p21037\p3\p2966\p0\p0\p0\p0\p0\p0\p0\p0\p0\p0	no	dl-online=budget\pnra-real-root=not-applicable\pnra=budget\pq:skolem-qf=unsupported\pfd:string-gate=budget\pfd:source-string-semantic-unsat=budget\pfd:word-route=budget\pfd:online-string=budget\pfd:membership=budget\pfd:lex-order=budget\pfd:length-lia=budget\pfd:source-string-sat-probe=budget\pfd:bounded-completeness-unsat=budget	budget exhausted in the online difference-logic driver (atoms=3739, equality_gates=1130, bool_equality_gates=360, cnf_vars=17410, clauses=40512)\p\plra: the deadline had already passed when the conjunctive decider was entered (an expired budget or a portfolio stop); no constraint was collected and neither engine ran\pquant-route ownership (ADR-2103): `q:skolem-qf` owns {Real, Int, BvOrFloat, Datatype, Function, UninterpretedSort, Array, NonBvArray, NonBoolBvArray} and does not own {NestedArray, WideInt}, which this quantified query carries, so its non-decision is a decline and the ladder continues. Its own reason was: preprocessed dispatch timeout after reduced solve; the reduced solve's own reason was [ResourceLimit] lra: the deadline had already passed when the conjunctive decider was entered (an expired budget or a portfolio stop); no constraint was collected and neither engine ran\ppreprocessed dispatch timeout after reduced solve; the reduced solve's own reason was [ResourceLimit] lra: the deadline had already passed when the conjunctive decider was entered (an expired budget or a portfolio stop); no constraint was collected and neither engine ran\ppreprocessed dispatch timeout after reduced solve; the reduced solve's own reason was [ResourceLimit] lra: the deadline had already passed when the conjunctive decider was entered (an expired budget or a portfolio stop); no constraint was collected and neither engine ran\ppreprocessed dispatch timeout after reduced solve; the reduced solve's own reason was [ResourceLimit] lra: the deadline had already passed when the conjunctive decider was entered (an expired budget or a portfolio stop); no constraint was collected and neither engine ran\ppreprocessed dispatch timeout after reduced solve; the reduced solve's own reason was [ResourceLimit] lra: the deadline had already passed when the conjunctive decider was entered (an expired budget or a portfolio stop); no constraint was collected and neither engine ran\ppreprocessed dispatch timeout after reduced solve; the reduced solve's own reason was [ResourceLimit] lra: the deadline had already passed when the conjunctive decider was entered (an expired budget or a portfolio stop); no constraint was collected and neither engine ran\ppreprocessed dispatch timeout after reduced solve; the reduced solve's own reason was [ResourceLimit] lra: the deadline had already passed when the conjunctive decider was entered (an expired budget or a portfolio stop); no constraint was collected and neither engine ran\ppreprocessed dispatch timeout after reduced solve; the reduced solve's own reason was [ResourceLimit] lra: the deadline had already passed when the conjunctive decider was entered (an expired budget or a portfolio stop); no constraint was collected and neither engine ran\ppreprocessed dispatch timeout after reduced solve; the reduced solve's own reason was [ResourceLimit] lra: the deadline had already passed when the conjunctive decider was entered (an expired budget or a portfolio stop); no constraint was collected and neither engine ran\ppreprocessed dispatch timeout after reduced solve; the reduced solve's own reason was [ResourceLimit] lra: the deadline had already passed when the conjunctive decider was entered (an expired budget or a portfolio stop); no constraint was collected and neither engine ran	other\p\pother\pquant-ownership-decline\pother\pother\pother\pother\pother\pother\pother\pother\pother	server5	3	2.00
lra-atom-screen-20260916	shipped	QF_RDL/sal/fischer9-mutex-2.smt2	6261a505ea6767af32873bfc897ae64f8879b6388e5ea1074d27a6d3e12218e3	Real	unsat	0	dl-online	dl-online	3	fd:parse:probe\pprobe:probe\pdl-online:decided	108	2\p0\p12	no				server5	3	2.00
lra-atom-screen-20260916	shipped	QF_RDL/sal/fischer9-mutex-3.smt2	6261a505ea6767af32873bfc897ae64f8879b6388e5ea1074d27a6d3e12218e3	Real	unsat	0	dl-online	dl-online	3	fd:parse:probe\pprobe:probe\pdl-online:decided	107	4\p0\p22	no				server5	3	2.00
lra-atom-screen-20260916	shipped	QF_RDL/sal/fischer9-mutex-4.smt2	6261a505ea6767af32873bfc897ae64f8879b6388e5ea1074d27a6d3e12218e3	Real	unsat	0	dl-online	dl-online	3	fd:parse:probe\pprobe:probe\pdl-online:decided	108	7\p0\p53	no				server5	3	2.00
lra-atom-screen-20260916	shipped	QF_RDL/sal/fischer9-mutex-5.smt2	6261a505ea6767af32873bfc897ae64f8879b6388e5ea1074d27a6d3e12218e3	Real	unsat	0	dl-online	dl-online	3	fd:parse:probe\pprobe:probe\pdl-online:decided	208	10\p1\p129	no				server5	3	2.00
lra-atom-screen-20260916	shipped	QF_RDL/sal/fischer9-mutex-6.smt2	6261a505ea6767af32873bfc897ae64f8879b6388e5ea1074d27a6d3e12218e3	Real	unsat	0	dl-online	dl-online	3	fd:parse:probe\pprobe:probe\pdl-online:decided	508	14\p1\p383	no				server5	3	2.00
lra-atom-screen-20260916	shipped	QF_RDL/sal/fischer9-mutex-7.smt2	6261a505ea6767af32873bfc897ae64f8879b6388e5ea1074d27a6d3e12218e3	Real	unsat	0	dl-online	dl-online	3	fd:parse:probe\pprobe:probe\pdl-online:decided	408	19\p1\p357	no				server5	3	2.00
lra-atom-screen-20260916	shipped	QF_RDL/sal/fischer9-mutex-8.smt2	6261a505ea6767af32873bfc897ae64f8879b6388e5ea1074d27a6d3e12218e3	Real	unsat	0	dl-online	dl-online	3	fd:parse:probe\pprobe:probe\pdl-online:decided	808	25\p1\p759	no				server5	3	2.00
lra-atom-screen-20260916	shipped	QF_RDL/sal/fischer9-mutex-9.smt2	6261a505ea6767af32873bfc897ae64f8879b6388e5ea1074d27a6d3e12218e3	Real	unsat	0	dl-online	dl-online	3	fd:parse:probe\pprobe:probe\pdl-online:decided	2610	30\p2\p2473	no				server5	3	2.00
lra-atom-screen-20260916	shipped	QF_RDL/scheduling/abz5_1000.smt2	6261a505ea6767af32873bfc897ae64f8879b6388e5ea1074d27a6d3e12218e3	Real	unsat	0	dl-online	dl-online	3	fd:parse:probe\pprobe:probe\pdl-online:decided	108	1\p0\p11	no				server5	3	2.00
lra-atom-screen-20260916	shipped	QF_RDL/scheduling/abz5_1200.smt2	6261a505ea6767af32873bfc897ae64f8879b6388e5ea1074d27a6d3e12218e3	Real	unsat	0	dl-online	dl-online	3	fd:parse:probe\pprobe:probe\pdl-online:decided	5912	1\p0\p5848	no				server5	3	2.00
lra-atom-screen-20260916	shipped	QF_RDL/scheduling/abz5_1234.smt2	6261a505ea6767af32873bfc897ae64f8879b6388e5ea1074d27a6d3e12218e3	Real	sat	0	dl-online	dl-online	3	fd:parse:probe\pprobe:probe\pdl-online:decided	5312	1\p0\p5277	no				server5	3	2.00
lra-atom-screen-20260916	shipped	QF_RDL/scheduling/abz5_1300.smt2	6261a505ea6767af32873bfc897ae64f8879b6388e5ea1074d27a6d3e12218e3	Real	sat	0	dl-online	dl-online	3	fd:parse:probe\pprobe:probe\pdl-online:decided	608	1\p0\p488	no				server5	3	2.08
lra-atom-screen-20260916	shipped	QF_RDL/scheduling/abz5_1400.smt2	6261a505ea6767af32873bfc897ae64f8879b6388e5ea1074d27a6d3e12218e3	Real	sat	0	dl-online	dl-online	3	fd:parse:probe\pprobe:probe\pdl-online:decided	208	1\p0\p91	no				server5	3	2.08
lra-atom-screen-20260916	shipped	QF_RDL/scheduling/abz6_1000.smt2	6261a505ea6767af32873bfc897ae64f8879b6388e5ea1074d27a6d3e12218e3	Real	sat	0	dl-online	dl-online	3	fd:parse:probe\pprobe:probe\pdl-online:decided	108	1\p0\p73	no				server5	3	2.08
lra-atom-screen-20260916	shipped	QF_RDL/scheduling/abz6_1100.smt2	6261a505ea6767af32873bfc897ae64f8879b6388e5ea1074d27a6d3e12218e3	Real	sat	0	dl-online	dl-online	3	fd:parse:probe\pprobe:probe\pdl-online:decided	209	1\p0\p103	no				server5	3	1.99
lra-atom-screen-20260916	shipped	QF_RDL/scheduling/abz6_800.smt2	6261a505ea6767af32873bfc897ae64f8879b6388e5ea1074d27a6d3e12218e3	Real	unsat	0	dl-online	dl-online	3	fd:parse:probe\pprobe:probe\pdl-online:decided	108	1\p0\p9	no				server5	3	1.99
lra-atom-screen-20260916	shipped	QF_RDL/scheduling/abz6_900.smt2	6261a505ea6767af32873bfc897ae64f8879b6388e5ea1074d27a6d3e12218e3	Real	unsat	0	dl-online	dl-online	3	fd:parse:probe\pprobe:probe\pdl-online:decided	308	1\p0\p238	no				server5	3	1.99
lra-atom-screen-20260916	shipped	QF_RDL/scheduling/abz6_943.smt2	6261a505ea6767af32873bfc897ae64f8879b6388e5ea1074d27a6d3e12218e3	Real	sat	0	dl-online	dl-online	3	fd:parse:probe\pprobe:probe\pdl-online:decided	2109	1\p0\p1993	no				server5	3	1.99
lra-atom-screen-20260916	shipped	QF_RDL/scheduling/abz7_500.smt2	6261a505ea6767af32873bfc897ae64f8879b6388e5ea1074d27a6d3e12218e3	Real	unsat	0	dl-online	dl-online	3	fd:parse:probe\pprobe:probe\pdl-online:decided	6312	10\p3\p6212	no				server5	3	1.99
lra-atom-screen-20260916	shipped	QF_RDL/scheduling/abz7_600.smt2	6261a505ea6767af32873bfc897ae64f8879b6388e5ea1074d27a6d3e12218e3	Real	unknown	0	none	dl-online	15	fd:parse:probe\pprobe:probe\pdl-online:declined\pnra-real-root:declined\pnra:declined\pq:skolem-qf:declined\pfd:string-gate:declined\pfd:source-string-semantic-unsat:declined\pfd:word-route:declined\pfd:online-string:declined\pfd:membership:declined\pfd:lex-order:declined\pfd:length-lia:declined\pfd:source-string-sat-probe:declined\pfd:bounded-completeness-unsat:declined	24130	10\p3\p18031\p0\p5987\p0\p0\p0\p0\p0\p0\p0\p0\p0\p0	no	dl-online=budget\pnra-real-root=not-applicable\pnra=budget\pq:skolem-qf=unsupported\pfd:string-gate=budget\pfd:source-string-semantic-unsat=budget\pfd:word-route=budget\pfd:online-string=budget\pfd:membership=budget\pfd:lex-order=budget\pfd:length-lia=budget\pfd:source-string-sat-probe=budget\pfd:bounded-completeness-unsat=budget	budget exhausted in the online difference-logic driver (atoms=6021, equality_gates=0, bool_equality_gates=0, cnf_vars=12041, clauses=18061)\p\plra: the deadline passed building the Fourier–Motzkin unit-multiplier matrix; the elimination itself never started\pquant-route ownership (ADR-2103): `q:skolem-qf` owns {Real, Int, BvOrFloat, Datatype, Function, UninterpretedSort, Array, NonBvArray, NonBoolBvArray} and does not own {NestedArray, WideInt}, which this quantified query carries, so its non-decision is a decline and the ladder continues. Its own reason was: preprocessed dispatch timeout after reduced solve; the reduced solve's own reason was [ResourceLimit] lra: the deadline passed building the Fourier–Motzkin unit-multiplier matrix; the elimination itself never started\ppreprocessed dispatch timeout after reduced solve; the reduced solve's own reason was [ResourceLimit] lra: the deadline passed building the Fourier–Motzkin unit-multiplier matrix; the elimination itself never started\ppreprocessed dispatch timeout after reduced solve; the reduced solve's own reason was [ResourceLimit] lra: the deadline passed building the Fourier–Motzkin unit-multiplier matrix; the elimination itself never started\ppreprocessed dispatch timeout after reduced solve; the reduced solve's own reason was [ResourceLimit] lra: the deadline passed building the Fourier–Motzkin unit-multiplier matrix; the elimination itself never started\ppreprocessed dispatch timeout after reduced solve; the reduced solve's own reason was [ResourceLimit] lra: the deadline passed building the Fourier–Motzkin unit-multiplier matrix; the elimination itself never started\ppreprocessed dispatch timeout after reduced solve; the reduced solve's own reason was [ResourceLimit] lra: the deadline passed building the Fourier–Motzkin unit-multiplier matrix; the elimination itself never started\ppreprocessed dispatch timeout after reduced solve; the reduced solve's own reason was [ResourceLimit] lra: the deadline passed building the Fourier–Motzkin unit-multiplier matrix; the elimination itself never started\ppreprocessed dispatch timeout after reduced solve; the reduced solve's own reason was [ResourceLimit] lra: the deadline passed building the Fourier–Motzkin unit-multiplier matrix; the elimination itself never started\ppreprocessed dispatch timeout after reduced solve; the reduced solve's own reason was [ResourceLimit] lra: the deadline passed building the Fourier–Motzkin unit-multiplier matrix; the elimination itself never started\ppreprocessed dispatch timeout after reduced solve; the reduced solve's own reason was [ResourceLimit] lra: the deadline passed building the Fourier–Motzkin unit-multiplier matrix; the elimination itself never started	other\p\pother\pquant-ownership-decline\pother\pother\pother\pother\pother\pother\pother\pother\pother	server5	3	1.99
lra-atom-screen-20260916	shipped	QF_RDL/scheduling/abz7_667.smt2	6261a505ea6767af32873bfc897ae64f8879b6388e5ea1074d27a6d3e12218e3	Real	unknown	0	none	dl-online	15	fd:parse:probe\pprobe:probe\pdl-online:declined\pnra-real-root:declined\pnra:declined\pq:skolem-qf:declined\pfd:string-gate:declined\pfd:source-string-semantic-unsat:declined\pfd:word-route:declined\pfd:online-string:declined\pfd:membership:declined\pfd:lex-order:declined\pfd:length-lia:declined\pfd:source-string-sat-probe:declined\pfd:bounded-completeness-unsat:declined	24129	10\p3\p18025\p1\p6004\p0\p0\p0\p0\p0\p0\p0\p0\p0\p0	no	dl-online=budget\pnra-real-root=not-applicable\pnra=budget\pq:skolem-qf=unsupported\pfd:string-gate=budget\pfd:source-string-semantic-unsat=budget\pfd:word-route=budget\pfd:online-string=budget\pfd:membership=budget\pfd:lex-order=budget\pfd:length-lia=budget\pfd:source-string-sat-probe=budget\pfd:bounded-completeness-unsat=budget	budget exhausted in the online difference-logic driver (atoms=6021, equality_gates=0, bool_equality_gates=0, cnf_vars=12041, clauses=18061)\p\plra: the deadline passed building the Fourier–Motzkin unit-multiplier matrix; the elimination itself never started\pquant-route ownership (ADR-2103): `q:skolem-qf` owns {Real, Int, BvOrFloat, Datatype, Function, UninterpretedSort, Array, NonBvArray, NonBoolBvArray} and does not own {NestedArray, WideInt}, which this quantified query carries, so its non-decision is a decline and the ladder continues. Its own reason was: preprocessed dispatch timeout after reduced solve; the reduced solve's own reason was [ResourceLimit] lra: the deadline passed building the Fourier–Motzkin unit-multiplier matrix; the elimination itself never started\ppreprocessed dispatch timeout after reduced solve; the reduced solve's own reason was [ResourceLimit] lra: the deadline passed building the Fourier–Motzkin unit-multiplier matrix; the elimination itself never started\ppreprocessed dispatch timeout after reduced solve; the reduced solve's own reason was [ResourceLimit] lra: the deadline passed building the Fourier–Motzkin unit-multiplier matrix; the elimination itself never started\ppreprocessed dispatch timeout after reduced solve; the reduced solve's own reason was [ResourceLimit] lra: the deadline passed building the Fourier–Motzkin unit-multiplier matrix; the elimination itself never started\ppreprocessed dispatch timeout after reduced solve; the reduced solve's own reason was [ResourceLimit] lra: the deadline passed building the Fourier–Motzkin unit-multiplier matrix; the elimination itself never started\ppreprocessed dispatch timeout after reduced solve; the reduced solve's own reason was [ResourceLimit] lra: the deadline passed building the Fourier–Motzkin unit-multiplier matrix; the elimination itself never started\ppreprocessed dispatch timeout after reduced solve; the reduced solve's own reason was [ResourceLimit] lra: the deadline passed building the Fourier–Motzkin unit-multiplier matrix; the elimination itself never started\ppreprocessed dispatch timeout after reduced solve; the reduced solve's own reason was [ResourceLimit] lra: the deadline passed building the Fourier–Motzkin unit-multiplier matrix; the elimination itself never started\ppreprocessed dispatch timeout after reduced solve; the reduced solve's own reason was [ResourceLimit] lra: the deadline passed building the Fourier–Motzkin unit-multiplier matrix; the elimination itself never started\ppreprocessed dispatch timeout after reduced solve; the reduced solve's own reason was [ResourceLimit] lra: the deadline passed building the Fourier–Motzkin unit-multiplier matrix; the elimination itself never started	other\p\pother\pquant-ownership-decline\pother\pother\pother\pother\pother\pother\pother\pother\pother	server5	3	2.00
lra-atom-screen-20260916	shipped	QF_RDL/scheduling/abz7_670.smt2	6261a505ea6767af32873bfc897ae64f8879b6388e5ea1074d27a6d3e12218e3	Real	unknown	0	none	dl-online	15	fd:parse:probe\pprobe:probe\pdl-online:declined\pnra-real-root:declined\pnra:declined\pq:skolem-qf:declined\pfd:string-gate:declined\pfd:source-string-semantic-unsat:declined\pfd:word-route:declined\pfd:online-string:declined\pfd:membership:declined\pfd:lex-order:declined\pfd:length-lia:declined\pfd:source-string-sat-probe:declined\pfd:bounded-completeness-unsat:declined	24129	10\p3\p18028\p1\p5991\p0\p0\p0\p0\p0\p0\p0\p0\p0\p0	no	dl-online=budget\pnra-real-root=not-applicable\pnra=budget\pq:skolem-qf=unsupported\pfd:string-gate=budget\pfd:source-string-semantic-unsat=budget\pfd:word-route=budget\pfd:online-string=budget\pfd:membership=budget\pfd:lex-order=budget\pfd:length-lia=budget\pfd:source-string-sat-probe=budget\pfd:bounded-completeness-unsat=budget	budget exhausted in the online difference-logic driver (atoms=6021, equality_gates=0, bool_equality_gates=0, cnf_vars=12041, clauses=18061)\p\plra: the deadline passed building the Fourier–Motzkin unit-multiplier matrix; the elimination itself never started\pquant-route ownership (ADR-2103): `q:skolem-qf` owns {Real, Int, BvOrFloat, Datatype, Function, UninterpretedSort, Array, NonBvArray, NonBoolBvArray} and does not own {NestedArray, WideInt}, which this quantified query carries, so its non-decision is a decline and the ladder continues. Its own reason was: preprocessed dispatch timeout after reduced solve; the reduced solve's own reason was [ResourceLimit] lra: the deadline passed building the Fourier–Motzkin unit-multiplier matrix; the elimination itself never started\ppreprocessed dispatch timeout after reduced solve; the reduced solve's own reason was [ResourceLimit] lra: the deadline passed building the Fourier–Motzkin unit-multiplier matrix; the elimination itself never started\ppreprocessed dispatch timeout after reduced solve; the reduced solve's own reason was [ResourceLimit] lra: the deadline passed building the Fourier–Motzkin unit-multiplier matrix; the elimination itself never started\ppreprocessed dispatch timeout after reduced solve; the reduced solve's own reason was [ResourceLimit] lra: the deadline passed building the Fourier–Motzkin unit-multiplier matrix; the elimination itself never started\ppreprocessed dispatch timeout after reduced solve; the reduced solve's own reason was [ResourceLimit] lra: the deadline passed building the Fourier–Motzkin unit-multiplier matrix; the elimination itself never started\ppreprocessed dispatch timeout after reduced solve; the reduced solve's own reason was [ResourceLimit] lra: the deadline passed building the Fourier–Motzkin unit-multiplier matrix; the elimination itself never started\ppreprocessed dispatch timeout after reduced solve; the reduced solve's own reason was [ResourceLimit] lra: the deadline passed building the Fourier–Motzkin unit-multiplier matrix; the elimination itself never started\ppreprocessed dispatch timeout after reduced solve; the reduced solve's own reason was [ResourceLimit] lra: the deadline passed building the Fourier–Motzkin unit-multiplier matrix; the elimination itself never started\ppreprocessed dispatch timeout after reduced solve; the reduced solve's own reason was [ResourceLimit] lra: the deadline passed building the Fourier–Motzkin unit-multiplier matrix; the elimination itself never started\ppreprocessed dispatch timeout after reduced solve; the reduced solve's own reason was [ResourceLimit] lra: the deadline passed building the Fourier–Motzkin unit-multiplier matrix; the elimination itself never started	other\p\pother\pquant-ownership-decline\pother\pother\pother\pother\pother\pother\pother\pother\pother	server5	3	2.00
lra-atom-screen-20260916	shipped	QF_RDL/scheduling/abz7_691.smt2	6261a505ea6767af32873bfc897ae64f8879b6388e5ea1074d27a6d3e12218e3	Real	unknown	0	none	dl-online	15	fd:parse:probe\pprobe:probe\pdl-online:declined\pnra-real-root:declined\pnra:declined\pq:skolem-qf:declined\pfd:string-gate:declined\pfd:source-string-semantic-unsat:declined\pfd:word-route:declined\pfd:online-string:declined\pfd:membership:declined\pfd:lex-order:declined\pfd:length-lia:declined\pfd:source-string-sat-probe:declined\pfd:bounded-completeness-unsat:declined	24131	11\p3\p18024\p1\p6039\p0\p0\p0\p0\p0\p0\p0\p0\p0\p0	no	dl-online=budget\pnra-real-root=not-applicable\pnra=budget\pq:skolem-qf=unsupported\pfd:string-gate=budget\pfd:source-string-semantic-unsat=budget\pfd:word-route=budget\pfd:online-string=budget\pfd:membership=budget\pfd:lex-order=budget\pfd:length-lia=budget\pfd:source-string-sat-probe=budget\pfd:bounded-completeness-unsat=budget	budget exhausted in the online difference-logic driver (atoms=6021, equality_gates=0, bool_equality_gates=0, cnf_vars=12041, clauses=18061)\p\plra: the deadline passed building the Fourier–Motzkin unit-multiplier matrix; the elimination itself never started\pquant-route ownership (ADR-2103): `q:skolem-qf` owns {Real, Int, BvOrFloat, Datatype, Function, UninterpretedSort, Array, NonBvArray, NonBoolBvArray} and does not own {NestedArray, WideInt}, which this quantified query carries, so its non-decision is a decline and the ladder continues. Its own reason was: preprocessed dispatch timeout after reduced solve; the reduced solve's own reason was [ResourceLimit] lra: the deadline passed building the Fourier–Motzkin unit-multiplier matrix; the elimination itself never started\ppreprocessed dispatch timeout after reduced solve; the reduced solve's own reason was [ResourceLimit] lra: the deadline passed building the Fourier–Motzkin unit-multiplier matrix; the elimination itself never started\ppreprocessed dispatch timeout after reduced solve; the reduced solve's own reason was [ResourceLimit] lra: the deadline passed building the Fourier–Motzkin unit-multiplier matrix; the elimination itself never started\ppreprocessed dispatch timeout after reduced solve; the reduced solve's own reason was [ResourceLimit] lra: the deadline passed building the Fourier–Motzkin unit-multiplier matrix; the elimination itself never started\ppreprocessed dispatch timeout after reduced solve; the reduced solve's own reason was [ResourceLimit] lra: the deadline passed building the Fourier–Motzkin unit-multiplier matrix; the elimination itself never started\ppreprocessed dispatch timeout after reduced solve; the reduced solve's own reason was [ResourceLimit] lra: the deadline passed building the Fourier–Motzkin unit-multiplier matrix; the elimination itself never started\ppreprocessed dispatch timeout after reduced solve; the reduced solve's own reason was [ResourceLimit] lra: the deadline passed building the Fourier–Motzkin unit-multiplier matrix; the elimination itself never started\ppreprocessed dispatch timeout after reduced solve; the reduced solve's own reason was [ResourceLimit] lra: the deadline passed building the Fourier–Motzkin unit-multiplier matrix; the elimination itself never started\ppreprocessed dispatch timeout after reduced solve; the reduced solve's own reason was [ResourceLimit] lra: the deadline passed building the Fourier–Motzkin unit-multiplier matrix; the elimination itself never started\ppreprocessed dispatch timeout after reduced solve; the reduced solve's own reason was [ResourceLimit] lra: the deadline passed building the Fourier–Motzkin unit-multiplier matrix; the elimination itself never started	other\p\pother\pquant-ownership-decline\pother\pother\pother\pother\pother\pother\pother\pother\pother	server5	3	2.56
lra-atom-screen-20260916	shipped	QF_RDL/scheduling/abz7_700.smt2	6261a505ea6767af32873bfc897ae64f8879b6388e5ea1074d27a6d3e12218e3	Real	unknown	0	none	dl-online	15	fd:parse:probe\pprobe:probe\pdl-online:declined\pnra-real-root:declined\pnra:declined\pq:skolem-qf:declined\pfd:string-gate:declined\pfd:source-string-semantic-unsat:declined\pfd:word-route:declined\pfd:online-string:declined\pfd:membership:declined\pfd:lex-order:declined\pfd:length-lia:declined\pfd:source-string-sat-probe:declined\pfd:bounded-completeness-unsat:declined	24131	11\p4\p18024\p1\p5981\p0\p0\p0\p0\p0\p0\p0\p0\p0\p0	no	dl-online=budget\pnra-real-root=not-applicable\pnra=budget\pq:skolem-qf=unsupported\pfd:string-gate=budget\pfd:source-string-semantic-unsat=budget\pfd:word-route=budget\pfd:online-string=budget\pfd:membership=budget\pfd:lex-order=budget\pfd:length-lia=budget\pfd:source-string-sat-probe=budget\pfd:bounded-completeness-unsat=budget	budget exhausted in the online difference-logic driver (atoms=6021, equality_gates=0, bool_equality_gates=0, cnf_vars=12041, clauses=18061)\p\plra: the deadline passed building the Fourier–Motzkin unit-multiplier matrix; the elimination itself never started\pquant-route ownership (ADR-2103): `q:skolem-qf` owns {Real, Int, BvOrFloat, Datatype, Function, UninterpretedSort, Array, NonBvArray, NonBoolBvArray} and does not own {NestedArray, WideInt}, which this quantified query carries, so its non-decision is a decline and the ladder continues. Its own reason was: preprocessed dispatch timeout after reduced solve; the reduced solve's own reason was [ResourceLimit] lra: the deadline passed building the Fourier–Motzkin unit-multiplier matrix; the elimination itself never started\ppreprocessed dispatch timeout after reduced solve; the reduced solve's own reason was [ResourceLimit] lra: the deadline passed building the Fourier–Motzkin unit-multiplier matrix; the elimination itself never started\ppreprocessed dispatch timeout after reduced solve; the reduced solve's own reason was [ResourceLimit] lra: the deadline passed building the Fourier–Motzkin unit-multiplier matrix; the elimination itself never started\ppreprocessed dispatch timeout after reduced solve; the reduced solve's own reason was [ResourceLimit] lra: the deadline passed building the Fourier–Motzkin unit-multiplier matrix; the elimination itself never started\ppreprocessed dispatch timeout after reduced solve; the reduced solve's own reason was [ResourceLimit] lra: the deadline passed building the Fourier–Motzkin unit-multiplier matrix; the elimination itself never started\ppreprocessed dispatch timeout after reduced solve; the reduced solve's own reason was [ResourceLimit] lra: the deadline passed building the Fourier–Motzkin unit-multiplier matrix; the elimination itself never started\ppreprocessed dispatch timeout after reduced solve; the reduced solve's own reason was [ResourceLimit] lra: the deadline passed building the Fourier–Motzkin unit-multiplier matrix; the elimination itself never started\ppreprocessed dispatch timeout after reduced solve; the reduced solve's own reason was [ResourceLimit] lra: the deadline passed building the Fourier–Motzkin unit-multiplier matrix; the elimination itself never started\ppreprocessed dispatch timeout after reduced solve; the reduced solve's own reason was [ResourceLimit] lra: the deadline passed building the Fourier–Motzkin unit-multiplier matrix; the elimination itself never started\ppreprocessed dispatch timeout after reduced solve; the reduced solve's own reason was [ResourceLimit] lra: the deadline passed building the Fourier–Motzkin unit-multiplier matrix; the elimination itself never started	other\p\pother\pquant-ownership-decline\pother\pother\pother\pother\pother\pother\pother\pother\pother	server5	3	3.05
lra-atom-screen-20260916	shipped	QF_RDL/scheduling/abz7_800.smt2	6261a505ea6767af32873bfc897ae64f8879b6388e5ea1074d27a6d3e12218e3	Real	sat	0	dl-online	dl-online	3	fd:parse:probe\pprobe:probe\pdl-online:decided	3412	11\p4\p3367	no				server5	3	3.38
lra-atom-screen-20260916	shipped	QF_RDL/scheduling/orb01_1000.smt2	6261a505ea6767af32873bfc897ae64f8879b6388e5ea1074d27a6d3e12218e3	Real	unknown	0	none	dl-online	15	fd:parse:probe\pprobe:probe\pdl-online:declined\pnra-real-root:declined\pnra:declined\pq:skolem-qf:declined\pfd:string-gate:declined\pfd:source-string-semantic-unsat:declined\pfd:word-route:declined\pfd:online-string:declined\pfd:membership:declined\pfd:lex-order:declined\pfd:length-lia:declined\pfd:source-string-sat-probe:declined\pfd:bounded-completeness-unsat:declined	24031	1\p0\p18012\p0\p5987\p0\p0\p0\p0\p0\p0\p0\p0\p0\p0	no	dl-online=budget\pnra-real-root=not-applicable\pnra=budget\pq:skolem-qf=unsupported\pfd:string-gate=budget\pfd:source-string-semantic-unsat=budget\pfd:word-route=budget\pfd:online-string=budget\pfd:membership=budget\pfd:lex-order=budget\pfd:length-lia=budget\pfd:source-string-sat-probe=budget\pfd:bounded-completeness-unsat=budget	budget exhausted in the online difference-logic driver (atoms=1011, equality_gates=0, bool_equality_gates=0, cnf_vars=2021, clauses=3031)\p\ptimeout in the online CDCL(T) LRA driver\pquant-route ownership (ADR-2103): `q:skolem-qf` owns {Real, Int, BvOrFloat, Datatype, Function, UninterpretedSort, Array, NonBvArray, NonBoolBvArray} and does not own {NestedArray, WideInt}, which this quantified query carries, so its non-decision is a decline and the ladder continues. Its own reason was: preprocessed dispatch timeout after reduced solve; the reduced solve's own reason was [Timeout] timeout in the online CDCL(T) LRA driver\ppreprocessed dispatch timeout after reduced solve; the reduced solve's own reason was [Timeout] timeout in the online CDCL(T) LRA driver\ppreprocessed dispatch timeout after reduced solve; the reduced solve's own reason was [Timeout] timeout in the online CDCL(T) LRA driver\ppreprocessed dispatch timeout after reduced solve; the reduced solve's own reason was [Timeout] timeout in the online CDCL(T) LRA driver\ppreprocessed dispatch timeout after reduced solve; the reduced solve's own reason was [Timeout] timeout in the online CDCL(T) LRA driver\ppreprocessed dispatch timeout after reduced solve; the reduced solve's own reason was [Timeout] timeout in the online CDCL(T) LRA driver\ppreprocessed dispatch timeout after reduced solve; the reduced solve's own reason was [Timeout] timeout in the online CDCL(T) LRA driver\ppreprocessed dispatch timeout after reduced solve; the reduced solve's own reason was [Timeout] timeout in the online CDCL(T) LRA driver\ppreprocessed dispatch timeout after reduced solve; the reduced solve's own reason was [Timeout] timeout in the online CDCL(T) LRA driver\ppreprocessed dispatch timeout after reduced solve; the reduced solve's own reason was [Timeout] timeout in the online CDCL(T) LRA driver	other\p\pother\pquant-ownership-decline\pother\pother\pother\pother\pother\pother\pother\pother\pother	server5	3	3.38
lra-atom-screen-20260916	shipped	QF_RDL/scheduling/orb01_1059.smt2	6261a505ea6767af32873bfc897ae64f8879b6388e5ea1074d27a6d3e12218e3	Real	unknown	0	none	dl-online	15	fd:parse:probe\pprobe:probe\pdl-online:declined\pnra-real-root:declined\pnra:declined\pq:skolem-qf:declined\pfd:string-gate:declined\pfd:source-string-semantic-unsat:declined\pfd:word-route:declined\pfd:online-string:declined\pfd:membership:declined\pfd:lex-order:declined\pfd:length-lia:declined\pfd:source-string-sat-probe:declined\pfd:bounded-completeness-unsat:declined	24029	1\p0\p18008\p0\p5991\p0\p0\p0\p0\p0\p0\p0\p0\p0\p0	no	dl-online=budget\pnra-real-root=not-applicable\pnra=incomplete\pq:skolem-qf=unsupported\pfd:string-gate=budget\pfd:source-string-semantic-unsat=budget\pfd:word-route=budget\pfd:online-string=budget\pfd:membership=budget\pfd:lex-order=budget\pfd:length-lia=budget\pfd:source-string-sat-probe=budget\pfd:bounded-completeness-unsat=budget	budget exhausted in the online difference-logic driver (atoms=1011, equality_gates=0, bool_equality_gates=0, cnf_vars=2021, clauses=3031)\p\ponline CDCL(T) LRA model did not replay (arithmetic outside the incremental engine)\pquant-route ownership (ADR-2103): `q:skolem-qf` owns {Real, Int, BvOrFloat, Datatype, Function, UninterpretedSort, Array, NonBvArray, NonBoolBvArray} and does not own {NestedArray, WideInt}, which this quantified query carries, so its non-decision is a decline and the ladder continues. Its own reason was: preprocessed dispatch timeout after reduced solve; the reduced solve's own reason was [Incomplete] online CDCL(T) LRA model did not replay (arithmetic outside the incremental engine)\ppreprocessed dispatch timeout after reduced solve; the reduced solve's own reason was [Incomplete] online CDCL(T) LRA model did not replay (arithmetic outside the incremental engine)\ppreprocessed dispatch timeout after reduced solve; the reduced solve's own reason was [Incomplete] online CDCL(T) LRA model did not replay (arithmetic outside the incremental engine)\ppreprocessed dispatch timeout after reduced solve; the reduced solve's own reason was [Incomplete] online CDCL(T) LRA model did not replay (arithmetic outside the incremental engine)\ppreprocessed dispatch timeout after reduced solve; the reduced solve's own reason was [Incomplete] online CDCL(T) LRA model did not replay (arithmetic outside the incremental engine)\ppreprocessed dispatch timeout after reduced solve; the reduced solve's own reason was [Incomplete] online CDCL(T) LRA model did not replay (arithmetic outside the incremental engine)\ppreprocessed dispatch timeout after reduced solve; the reduced solve's own reason was [Incomplete] online CDCL(T) LRA model did not replay (arithmetic outside the incremental engine)\ppreprocessed dispatch timeout after reduced solve; the reduced solve's own reason was [Incomplete] online CDCL(T) LRA model did not replay (arithmetic outside the incremental engine)\ppreprocessed dispatch timeout after reduced solve; the reduced solve's own reason was [Incomplete] online CDCL(T) LRA model did not replay (arithmetic outside the incremental engine)\ppreprocessed dispatch timeout after reduced solve; the reduced solve's own reason was [Incomplete] online CDCL(T) LRA model did not replay (arithmetic outside the incremental engine)	other\p\p\pquant-ownership-decline\pother\pother\pother\pother\pother\pother\pother\pother\pother	server5	3	3.59
lra-atom-screen-20260916	shipped	QF_RDL/scheduling/orb01_1100.smt2	6261a505ea6767af32873bfc897ae64f8879b6388e5ea1074d27a6d3e12218e3	Real	unknown	0	none	dl-online	15	fd:parse:probe\pprobe:probe\pdl-online:declined\pnra-real-root:declined\pnra:declined\pq:skolem-qf:declined\pfd:string-gate:declined\pfd:source-string-semantic-unsat:declined\pfd:word-route:declined\pfd:online-string:declined\pfd:membership:declined\pfd:lex-order:declined\pfd:length-lia:declined\pfd:source-string-sat-probe:declined\pfd:bounded-completeness-unsat:declined	24031	1\p0\p18005\p0\p5995\p0\p0\p0\p0\p0\p0\p0\p0\p0\p0	no	dl-online=budget\pnra-real-root=not-applicable\pnra=incomplete\pq:skolem-qf=unsupported\pfd:string-gate=budget\pfd:source-string-semantic-unsat=budget\pfd:word-route=budget\pfd:online-string=budget\pfd:membership=budget\pfd:lex-order=budget\pfd:length-lia=budget\pfd:source-string-sat-probe=budget\pfd:bounded-completeness-unsat=budget	budget exhausted in the online difference-logic driver (atoms=1011, equality_gates=0, bool_equality_gates=0, cnf_vars=2021, clauses=3031)\p\ponline CDCL(T) LRA model did not replay (arithmetic outside the incremental engine)\pquant-route ownership (ADR-2103): `q:skolem-qf` owns {Real, Int, BvOrFloat, Datatype, Function, UninterpretedSort, Array, NonBvArray, NonBoolBvArray} and does not own {NestedArray, WideInt}, which this quantified query carries, so its non-decision is a decline and the ladder continues. Its own reason was: preprocessed dispatch timeout after reduced solve; the reduced solve's own reason was [Incomplete] online CDCL(T) LRA model did not replay (arithmetic outside the incremental engine)\ppreprocessed dispatch timeout after reduced solve; the reduced solve's own reason was [Incomplete] online CDCL(T) LRA model did not replay (arithmetic outside the incremental engine)\ppreprocessed dispatch timeout after reduced solve; the reduced solve's own reason was [Incomplete] online CDCL(T) LRA model did not replay (arithmetic outside the incremental engine)\ppreprocessed dispatch timeout after reduced solve; the reduced solve's own reason was [Incomplete] online CDCL(T) LRA model did not replay (arithmetic outside the incremental engine)\ppreprocessed dispatch timeout after reduced solve; the reduced solve's own reason was [Incomplete] online CDCL(T) LRA model did not replay (arithmetic outside the incremental engine)\ppreprocessed dispatch timeout after reduced solve; the reduced solve's own reason was [Incomplete] online CDCL(T) LRA model did not replay (arithmetic outside the incremental engine)\ppreprocessed dispatch timeout after reduced solve; the reduced solve's own reason was [Incomplete] online CDCL(T) LRA model did not replay (arithmetic outside the incremental engine)\ppreprocessed dispatch timeout after reduced solve; the reduced solve's own reason was [Incomplete] online CDCL(T) LRA model did not replay (arithmetic outside the incremental engine)\ppreprocessed dispatch timeout after reduced solve; the reduced solve's own reason was [Incomplete] online CDCL(T) LRA model did not replay (arithmetic outside the incremental engine)\ppreprocessed dispatch timeout after reduced solve; the reduced solve's own reason was [Incomplete] online CDCL(T) LRA model did not replay (arithmetic outside the incremental engine)	other\p\p\pquant-ownership-decline\pother\pother\pother\pother\pother\pother\pother\pother\pother	server5	3	3.73
lra-atom-screen-20260916	shipped	QF_RDL/scheduling/orb01_1200.smt2	6261a505ea6767af32873bfc897ae64f8879b6388e5ea1074d27a6d3e12218e3	Real	sat	0	dl-online	dl-online	3	fd:parse:probe\pprobe:probe\pdl-online:decided	509	1\p0\p413	no				server5	3	3.74
lra-atom-screen-20260916	shipped	QF_RDL/scheduling/orb01_900.smt2	6261a505ea6767af32873bfc897ae64f8879b6388e5ea1074d27a6d3e12218e3	Real	unsat	0	dl-online	dl-online	3	fd:parse:probe\pprobe:probe\pdl-online:decided	5112	1\p0\p5034	no				server5	3	3.74
lra-atom-screen-20260916	shipped	QF_RDL/scheduling/orb02_1000.smt2	6261a505ea6767af32873bfc897ae64f8879b6388e5ea1074d27a6d3e12218e3	Real	sat	0	dl-online	dl-online	3	fd:parse:probe\pprobe:probe\pdl-online:decided	809	1\p0\p724	no				server5	3	3.68
lra-atom-screen-20260916	shipped	QF_RDL/scheduling/orb02_700.smt2	6261a505ea6767af32873bfc897ae64f8879b6388e5ea1074d27a6d3e12218e3	Real	unsat	0	dl-online	dl-online	3	fd:parse:probe\pprobe:probe\pdl-online:decided	108	1\p0\p10	no				server5	3	3.68
lra-atom-screen-20260916	shipped	QF_RDL/scheduling/orb02_800.smt2	6261a505ea6767af32873bfc897ae64f8879b6388e5ea1074d27a6d3e12218e3	Real	unsat	0	dl-online	dl-online	3	fd:parse:probe\pprobe:probe\pdl-online:decided	209	1\p0\p151	no				server5	3	3.68
lra-atom-screen-20260916	shipped	QF_RDL/scheduling/orb02_888.smt2	6261a505ea6767af32873bfc897ae64f8879b6388e5ea1074d27a6d3e12218e3	Real	sat	0	dl-online	dl-online	3	fd:parse:probe\pprobe:probe\pdl-online:decided	5313	1\p0\p5203	no				server5	3	3.68
lra-atom-screen-20260916	shipped	QF_RDL/scheduling/orb02_900.smt2	6261a505ea6767af32873bfc897ae64f8879b6388e5ea1074d27a6d3e12218e3	Real	sat	0	dl-online	dl-online	3	fd:parse:probe\pprobe:probe\pdl-online:decided	1009	1\p0\p919	no				server5	3	3.63
lra-atom-screen-20260916	shipped	QF_RDL/scheduling/orb03_1005.smt2	6261a505ea6767af32873bfc897ae64f8879b6388e5ea1074d27a6d3e12218e3	Real	unknown	0	none	dl-online	15	fd:parse:probe\pprobe:probe\pdl-online:declined\pnra-real-root:declined\pnra:declined\pq:skolem-qf:declined\pfd:string-gate:declined\pfd:source-string-semantic-unsat:declined\pfd:word-route:declined\pfd:online-string:declined\pfd:membership:declined\pfd:lex-order:declined\pfd:length-lia:declined\pfd:source-string-sat-probe:declined\pfd:bounded-completeness-unsat:declined	24028	1\p0\p18007\p0\p5992\p0\p0\p0\p0\p0\p0\p0\p0\p0\p0	no	dl-online=budget\pnra-real-root=not-applicable\pnra=incomplete\pq:skolem-qf=unsupported\pfd:string-gate=budget\pfd:source-string-semantic-unsat=budget\pfd:word-route=budget\pfd:online-string=budget\pfd:membership=budget\pfd:lex-order=budget\pfd:length-lia=budget\pfd:source-string-sat-probe=budget\pfd:bounded-completeness-unsat=budget	budget exhausted in the online difference-logic driver (atoms=1011, equality_gates=0, bool_equality_gates=0, cnf_vars=2021, clauses=3031)\p\ponline CDCL(T) LRA model did not replay (arithmetic outside the incremental engine)\pquant-route ownership (ADR-2103): `q:skolem-qf` owns {Real, Int, BvOrFloat, Datatype, Function, UninterpretedSort, Array, NonBvArray, NonBoolBvArray} and does not own {NestedArray, WideInt}, which this quantified query carries, so its non-decision is a decline and the ladder continues. Its own reason was: preprocessed dispatch timeout after reduced solve; the reduced solve's own reason was [Incomplete] online CDCL(T) LRA model did not replay (arithmetic outside the incremental engine)\ppreprocessed dispatch timeout after reduced solve; the reduced solve's own reason was [Incomplete] online CDCL(T) LRA model did not replay (arithmetic outside the incremental engine)\ppreprocessed dispatch timeout after reduced solve; the reduced solve's own reason was [Incomplete] online CDCL(T) LRA model did not replay (arithmetic outside the incremental engine)\ppreprocessed dispatch timeout after reduced solve; the reduced solve's own reason was [Incomplete] online CDCL(T) LRA model did not replay (arithmetic outside the incremental engine)\ppreprocessed dispatch timeout after reduced solve; the reduced solve's own reason was [Incomplete] online CDCL(T) LRA model did not replay (arithmetic outside the incremental engine)\ppreprocessed dispatch timeout after reduced solve; the reduced solve's own reason was [Incomplete] online CDCL(T) LRA model did not replay (arithmetic outside the incremental engine)\ppreprocessed dispatch timeout after reduced solve; the reduced solve's own reason was [Incomplete] online CDCL(T) LRA model did not replay (arithmetic outside the incremental engine)\ppreprocessed dispatch timeout after reduced solve; the reduced solve's own reason was [Incomplete] online CDCL(T) LRA model did not replay (arithmetic outside the incremental engine)\ppreprocessed dispatch timeout after reduced solve; the reduced solve's own reason was [Incomplete] online CDCL(T) LRA model did not replay (arithmetic outside the incremental engine)\ppreprocessed dispatch timeout after reduced solve; the reduced solve's own reason was [Incomplete] online CDCL(T) LRA model did not replay (arithmetic outside the incremental engine)	other\p\p\pquant-ownership-decline\pother\pother\pother\pother\pother\pother\pother\pother\pother	server5	3	3.63
lra-atom-screen-20260916	shipped	QF_RDL/scheduling/orb03_1100.smt2	6261a505ea6767af32873bfc897ae64f8879b6388e5ea1074d27a6d3e12218e3	Real	sat	0	dl-online	dl-online	3	fd:parse:probe\pprobe:probe\pdl-online:decided	10417	1\p0\p10388	no				server5	3	3.35
lra-atom-screen-20260916	shipped	QF_RDL/scheduling/orb03_1200.smt2	6261a505ea6767af32873bfc897ae64f8879b6388e5ea1074d27a6d3e12218e3	Real	sat	0	dl-online	dl-online	3	fd:parse:probe\pprobe:probe\pdl-online:decided	308	1\p0\p222	no				server5	3	3.22
lra-atom-screen-20260916	shipped	QF_RDL/scheduling/orb03_850.smt2	6261a505ea6767af32873bfc897ae64f8879b6388e5ea1074d27a6d3e12218e3	Real	unsat	0	dl-online	dl-online	3	fd:parse:probe\pprobe:probe\pdl-online:decided	1110	1\p0\p1072	no				server5	3	3.22
lra-atom-screen-20260916	shipped	QF_RDL/scheduling/orb03_950.smt2	6261a505ea6767af32873bfc897ae64f8879b6388e5ea1074d27a6d3e12218e3	Real	unknown	0	none	dl-online	15	fd:parse:probe\pprobe:probe\pdl-online:declined\pnra-real-root:declined\pnra:declined\pq:skolem-qf:declined\pfd:string-gate:declined\pfd:source-string-semantic-unsat:declined\pfd:word-route:declined\pfd:online-string:declined\pfd:membership:declined\pfd:lex-order:declined\pfd:length-lia:declined\pfd:source-string-sat-probe:declined\pfd:bounded-completeness-unsat:declined	24030	1\p0\p18017\p0\p5982\p0\p0\p0\p0\p0\p0\p0\p0\p0\p0	no	dl-online=budget\pnra-real-root=not-applicable\pnra=incomplete\pq:skolem-qf=unsupported\pfd:string-gate=budget\pfd:source-string-semantic-unsat=budget\pfd:word-route=budget\pfd:online-string=budget\pfd:membership=budget\pfd:lex-order=budget\pfd:length-lia=budget\pfd:source-string-sat-probe=budget\pfd:bounded-completeness-unsat=budget	budget exhausted in the online difference-logic driver (atoms=1011, equality_gates=0, bool_equality_gates=0, cnf_vars=2021, clauses=3031)\p\ponline CDCL(T) LRA model did not replay (arithmetic outside the incremental engine)\pquant-route ownership (ADR-2103): `q:skolem-qf` owns {Real, Int, BvOrFloat, Datatype, Function, UninterpretedSort, Array, NonBvArray, NonBoolBvArray} and does not own {NestedArray, WideInt}, which this quantified query carries, so its non-decision is a decline and the ladder continues. Its own reason was: preprocessed dispatch timeout after reduced solve; the reduced solve's own reason was [Incomplete] online CDCL(T) LRA model did not replay (arithmetic outside the incremental engine)\ppreprocessed dispatch timeout after reduced solve; the reduced solve's own reason was [Incomplete] online CDCL(T) LRA model did not replay (arithmetic outside the incremental engine)\ppreprocessed dispatch timeout after reduced solve; the reduced solve's own reason was [Incomplete] online CDCL(T) LRA model did not replay (arithmetic outside the incremental engine)\ppreprocessed dispatch timeout after reduced solve; the reduced solve's own reason was [Incomplete] online CDCL(T) LRA model did not replay (arithmetic outside the incremental engine)\ppreprocessed dispatch timeout after reduced solve; the reduced solve's own reason was [Incomplete] online CDCL(T) LRA model did not replay (arithmetic outside the incremental engine)\ppreprocessed dispatch timeout after reduced solve; the reduced solve's own reason was [Incomplete] online CDCL(T) LRA model did not replay (arithmetic outside the incremental engine)\ppreprocessed dispatch timeout after reduced solve; the reduced solve's own reason was [Incomplete] online CDCL(T) LRA model did not replay (arithmetic outside the incremental engine)\ppreprocessed dispatch timeout after reduced solve; the reduced solve's own reason was [Incomplete] online CDCL(T) LRA model did not replay (arithmetic outside the incremental engine)\ppreprocessed dispatch timeout after reduced solve; the reduced solve's own reason was [Incomplete] online CDCL(T) LRA model did not replay (arithmetic outside the incremental engine)\ppreprocessed dispatch timeout after reduced solve; the reduced solve's own reason was [Incomplete] online CDCL(T) LRA model did not replay (arithmetic outside the incremental engine)	other\p\p\pquant-ownership-decline\pother\pother\pother\pother\pother\pother\pother\pother\pother	server5	3	3.20
lra-atom-screen-20260916	shipped	QF_RDL/scheduling/orb04_1005.smt2	6261a505ea6767af32873bfc897ae64f8879b6388e5ea1074d27a6d3e12218e3	Real	unknown	0	none	dl-online	15	fd:parse:probe\pprobe:probe\pdl-online:declined\pnra-real-root:declined\pnra:declined\pq:skolem-qf:declined\pfd:string-gate:declined\pfd:source-string-semantic-unsat:declined\pfd:word-route:declined\pfd:online-string:declined\pfd:membership:declined\pfd:lex-order:declined\pfd:length-lia:declined\pfd:source-string-sat-probe:declined\pfd:bounded-completeness-unsat:declined	24029	1\p0\p18011\p0\p5987\p0\p0\p0\p0\p0\p0\p0\p0\p0\p0	no	dl-online=budget\pnra-real-root=not-applicable\pnra=budget\pq:skolem-qf=unsupported\pfd:string-gate=budget\pfd:source-string-semantic-unsat=budget\pfd:word-route=budget\pfd:online-string=budget\pfd:membership=budget\pfd:lex-order=budget\pfd:length-lia=budget\pfd:source-string-sat-probe=budget\pfd:bounded-completeness-unsat=budget	budget exhausted in the online difference-logic driver (atoms=1011, equality_gates=0, bool_equality_gates=0, cnf_vars=2021, clauses=3031)\p\ptimeout in the online CDCL(T) LRA driver\pquant-route ownership (ADR-2103): `q:skolem-qf` owns {Real, Int, BvOrFloat, Datatype, Function, UninterpretedSort, Array, NonBvArray, NonBoolBvArray} and does not own {NestedArray, WideInt}, which this quantified query carries, so its non-decision is a decline and the ladder continues. Its own reason was: preprocessed dispatch timeout after reduced solve; the reduced solve's own reason was [Timeout] timeout in the online CDCL(T) LRA driver\ppreprocessed dispatch timeout after reduced solve; the reduced solve's own reason was [Timeout] timeout in the online CDCL(T) LRA driver\ppreprocessed dispatch timeout after reduced solve; the reduced solve's own reason was [Timeout] timeout in the online CDCL(T) LRA driver\ppreprocessed dispatch timeout after reduced solve; the reduced solve's own reason was [Timeout] timeout in the online CDCL(T) LRA driver\ppreprocessed dispatch timeout after reduced solve; the reduced solve's own reason was [Timeout] timeout in the online CDCL(T) LRA driver\ppreprocessed dispatch timeout after reduced solve; the reduced solve's own reason was [Timeout] timeout in the online CDCL(T) LRA driver\ppreprocessed dispatch timeout after reduced solve; the reduced solve's own reason was [Timeout] timeout in the online CDCL(T) LRA driver\ppreprocessed dispatch timeout after reduced solve; the reduced solve's own reason was [Timeout] timeout in the online CDCL(T) LRA driver\ppreprocessed dispatch timeout after reduced solve; the reduced solve's own reason was [Timeout] timeout in the online CDCL(T) LRA driver\ppreprocessed dispatch timeout after reduced solve; the reduced solve's own reason was [Timeout] timeout in the online CDCL(T) LRA driver	other\p\pother\pquant-ownership-decline\pother\pother\pother\pother\pother\pother\pother\pother\pother	server5	3	3.29
lra-atom-screen-20260916	shipped	QF_RDL/scheduling/orb04_1100.smt2	6261a505ea6767af32873bfc897ae64f8879b6388e5ea1074d27a6d3e12218e3	Real	sat	0	dl-online	dl-online	3	fd:parse:probe\pprobe:probe\pdl-online:decided	307	1\p0\p258	no				server5	3	3.20
lra-atom-screen-20260916	shipped	QF_RDL/scheduling/orb04_1200.smt2	6261a505ea6767af32873bfc897ae64f8879b6388e5ea1074d27a6d3e12218e3	Real	sat	0	dl-online	dl-online	3	fd:parse:probe\pprobe:probe\pdl-online:decided	108	1\p0\p50	no				server5	3	3.20
lra-atom-screen-20260916	shipped	QF_RDL/scheduling/orb04_850.smt2	6261a505ea6767af32873bfc897ae64f8879b6388e5ea1074d27a6d3e12218e3	Real	unsat	0	dl-online	dl-online	3	fd:parse:probe\pprobe:probe\pdl-online:decided	208	1\p0\p91	no				server5	3	3.20
lra-atom-screen-20260916	shipped	QF_RDL/scheduling/orb04_950.smt2	6261a505ea6767af32873bfc897ae64f8879b6388e5ea1074d27a6d3e12218e3	Real	unsat	0	dl-online	dl-online	3	fd:parse:probe\pprobe:probe\pdl-online:decided	5313	1\p0\p5288	no				server5	3	3.11
lra-atom-screen-20260916	shipped	QF_RDL/scheduling/orb05_1000.smt2	6261a505ea6767af32873bfc897ae64f8879b6388e5ea1074d27a6d3e12218e3	Real	sat	0	dl-online	dl-online	3	fd:parse:probe\pprobe:probe\pdl-online:decided	508	1\p0\p405	no				server5	3	3.10
lra-atom-screen-20260916	shipped	QF_RDL/scheduling/orb05_700.smt2	6261a505ea6767af32873bfc897ae64f8879b6388e5ea1074d27a6d3e12218e3	Real	unsat	0	dl-online	dl-online	3	fd:parse:probe\pprobe:probe\pdl-online:decided	108	1\p0\p12	no				server5	3	3.10
lra-atom-screen-20260916	shipped	QF_RDL/scheduling/orb05_800.smt2	6261a505ea6767af32873bfc897ae64f8879b6388e5ea1074d27a6d3e12218e3	Real	unsat	0	dl-online	dl-online	3	fd:parse:probe\pprobe:probe\pdl-online:decided	809	1\p0\p705	no				server5	3	3.10
lra-atom-screen-20260916	shipped	QF_RDL/scheduling/orb05_887.smt2	6261a505ea6767af32873bfc897ae64f8879b6388e5ea1074d27a6d3e12218e3	Real	sat	0	dl-online	dl-online	3	fd:parse:probe\pprobe:probe\pdl-online:decided	13220	1\p0\p13117	no				server5	3	3.10
lra-atom-screen-20260916	shipped	QF_RDL/scheduling/orb05_900.smt2	6261a505ea6767af32873bfc897ae64f8879b6388e5ea1074d27a6d3e12218e3	Real	sat	0	dl-online	dl-online	3	fd:parse:probe\pprobe:probe\pdl-online:decided	10317	1\p0\p10251	no				server5	3	3.08
lra-atom-screen-20260916	shipped	QF_RDL/scheduling/orb06_1000.smt2	6261a505ea6767af32873bfc897ae64f8879b6388e5ea1074d27a6d3e12218e3	Real	unknown	0	none	dl-online	15	fd:parse:probe\pprobe:probe\pdl-online:declined\pnra-real-root:declined\pnra:declined\pq:skolem-qf:declined\pfd:string-gate:declined\pfd:source-string-semantic-unsat:declined\pfd:word-route:declined\pfd:online-string:declined\pfd:membership:declined\pfd:lex-order:declined\pfd:length-lia:declined\pfd:source-string-sat-probe:declined\pfd:bounded-completeness-unsat:declined	24032	1\p0\p18006\p0\p5993\p0\p0\p0\p0\p0\p0\p0\p0\p0\p0	no	dl-online=budget\pnra-real-root=not-applicable\pnra=incomplete\pq:skolem-qf=unsupported\pfd:string-gate=budget\pfd:source-string-semantic-unsat=budget\pfd:word-route=budget\pfd:online-string=budget\pfd:membership=budget\pfd:lex-order=budget\pfd:length-lia=budget\pfd:source-string-sat-probe=budget\pfd:bounded-completeness-unsat=budget	budget exhausted in the online difference-logic driver (atoms=1011, equality_gates=0, bool_equality_gates=0, cnf_vars=2021, clauses=3031)\p\ponline CDCL(T) LRA model did not replay (arithmetic outside the incremental engine)\pquant-route ownership (ADR-2103): `q:skolem-qf` owns {Real, Int, BvOrFloat, Datatype, Function, UninterpretedSort, Array, NonBvArray, NonBoolBvArray} and does not own {NestedArray, WideInt}, which this quantified query carries, so its non-decision is a decline and the ladder continues. Its own reason was: preprocessed dispatch timeout after reduced solve; the reduced solve's own reason was [Incomplete] online CDCL(T) LRA model did not replay (arithmetic outside the incremental engine)\ppreprocessed dispatch timeout after reduced solve; the reduced solve's own reason was [Incomplete] online CDCL(T) LRA model did not replay (arithmetic outside the incremental engine)\ppreprocessed dispatch timeout after reduced solve; the reduced solve's own reason was [Incomplete] online CDCL(T) LRA model did not replay (arithmetic outside the incremental engine)\ppreprocessed dispatch timeout after reduced solve; the reduced solve's own reason was [Incomplete] online CDCL(T) LRA model did not replay (arithmetic outside the incremental engine)\ppreprocessed dispatch timeout after reduced solve; the reduced solve's own reason was [Incomplete] online CDCL(T) LRA model did not replay (arithmetic outside the incremental engine)\ppreprocessed dispatch timeout after reduced solve; the reduced solve's own reason was [Incomplete] online CDCL(T) LRA model did not replay (arithmetic outside the incremental engine)\ppreprocessed dispatch timeout after reduced solve; the reduced solve's own reason was [Incomplete] online CDCL(T) LRA model did not replay (arithmetic outside the incremental engine)\ppreprocessed dispatch timeout after reduced solve; the reduced solve's own reason was [Incomplete] online CDCL(T) LRA model did not replay (arithmetic outside the incremental engine)\ppreprocessed dispatch timeout after reduced solve; the reduced solve's own reason was [Incomplete] online CDCL(T) LRA model did not replay (arithmetic outside the incremental engine)\ppreprocessed dispatch timeout after reduced solve; the reduced solve's own reason was [Incomplete] online CDCL(T) LRA model did not replay (arithmetic outside the incremental engine)	other\p\p\pquant-ownership-decline\pother\pother\pother\pother\pother\pother\pother\pother\pother	server5	3	3.06
lra-atom-screen-20260916	shipped	QF_RDL/scheduling/orb06_1010.smt2	6261a505ea6767af32873bfc897ae64f8879b6388e5ea1074d27a6d3e12218e3	Real	unknown	0	none	dl-online	15	fd:parse:probe\pprobe:probe\pdl-online:declined\pnra-real-root:declined\pnra:declined\pq:skolem-qf:declined\pfd:string-gate:declined\pfd:source-string-semantic-unsat:declined\pfd:word-route:declined\pfd:online-string:declined\pfd:membership:declined\pfd:lex-order:declined\pfd:length-lia:declined\pfd:source-string-sat-probe:declined\pfd:bounded-completeness-unsat:declined	24031	1\p0\p18007\p0\p5991\p0\p0\p0\p0\p0\p0\p0\p0\p0\p0	no	dl-online=budget\pnra-real-root=not-applicable\pnra=incomplete\pq:skolem-qf=unsupported\pfd:string-gate=budget\pfd:source-string-semantic-unsat=budget\pfd:word-route=budget\pfd:online-string=budget\pfd:membership=budget\pfd:lex-order=budget\pfd:length-lia=budget\pfd:source-string-sat-probe=budget\pfd:bounded-completeness-unsat=budget	budget exhausted in the online difference-logic driver (atoms=1011, equality_gates=0, bool_equality_gates=0, cnf_vars=2021, clauses=3031)\p\ponline CDCL(T) LRA model did not replay (arithmetic outside the incremental engine)\pquant-route ownership (ADR-2103): `q:skolem-qf` owns {Real, Int, BvOrFloat, Datatype, Function, UninterpretedSort, Array, NonBvArray, NonBoolBvArray} and does not own {NestedArray, WideInt}, which this quantified query carries, so its non-decision is a decline and the ladder continues. Its own reason was: preprocessed dispatch timeout after reduced solve; the reduced solve's own reason was [Incomplete] online CDCL(T) LRA model did not replay (arithmetic outside the incremental engine)\ppreprocessed dispatch timeout after reduced solve; the reduced solve's own reason was [Incomplete] online CDCL(T) LRA model did not replay (arithmetic outside the incremental engine)\ppreprocessed dispatch timeout after reduced solve; the reduced solve's own reason was [Incomplete] online CDCL(T) LRA model did not replay (arithmetic outside the incremental engine)\ppreprocessed dispatch timeout after reduced solve; the reduced solve's own reason was [Incomplete] online CDCL(T) LRA model did not replay (arithmetic outside the incremental engine)\ppreprocessed dispatch timeout after reduced solve; the reduced solve's own reason was [Incomplete] online CDCL(T) LRA model did not replay (arithmetic outside the incremental engine)\ppreprocessed dispatch timeout after reduced solve; the reduced solve's own reason was [Incomplete] online CDCL(T) LRA model did not replay (arithmetic outside the incremental engine)\ppreprocessed dispatch timeout after reduced solve; the reduced solve's own reason was [Incomplete] online CDCL(T) LRA model did not replay (arithmetic outside the incremental engine)\ppreprocessed dispatch timeout after reduced solve; the reduced solve's own reason was [Incomplete] online CDCL(T) LRA model did not replay (arithmetic outside the incremental engine)\ppreprocessed dispatch timeout after reduced solve; the reduced solve's own reason was [Incomplete] online CDCL(T) LRA model did not replay (arithmetic outside the incremental engine)\ppreprocessed dispatch timeout after reduced solve; the reduced solve's own reason was [Incomplete] online CDCL(T) LRA model did not replay (arithmetic outside the incremental engine)	other\p\p\pquant-ownership-decline\pother\pother\pother\pother\pother\pother\pother\pother\pother	server5	3	3.04
lra-atom-screen-20260916	shipped	QF_RDL/scheduling/orb06_1100.smt2	6261a505ea6767af32873bfc897ae64f8879b6388e5ea1074d27a6d3e12218e3	Real	sat	0	dl-online	dl-online	3	fd:parse:probe\pprobe:probe\pdl-online:decided	1408	1\p0\p1336	no				server5	3	3.10
lra-atom-screen-20260916	shipped	QF_RDL/scheduling/orb06_1200.smt2	6261a505ea6767af32873bfc897ae64f8879b6388e5ea1074d27a6d3e12218e3	Real	sat	0	dl-online	dl-online	3	fd:parse:probe\pprobe:probe\pdl-online:decided	1009	1\p0\p899	no				server5	3	3.09
lra-atom-screen-20260916	shipped	QF_RDL/scheduling/orb06_900.smt2	6261a505ea6767af32873bfc897ae64f8879b6388e5ea1074d27a6d3e12218e3	Real	unsat	0	dl-online	dl-online	3	fd:parse:probe\pprobe:probe\pdl-online:decided	15921	1\p0\p15883	no				server5	3	3.09
lra-atom-screen-20260916	shipped	QF_RDL/scheduling/orb07_250.smt2	6261a505ea6767af32873bfc897ae64f8879b6388e5ea1074d27a6d3e12218e3	Real	unsat	0	dl-online	dl-online	3	fd:parse:probe\pprobe:probe\pdl-online:decided	107	1\p0\p8	no				server5	3	3.07
lra-atom-screen-20260916	shipped	QF_RDL/scheduling/orb07_330.smt2	6261a505ea6767af32873bfc897ae64f8879b6388e5ea1074d27a6d3e12218e3	Real	unsat	0	dl-online	dl-online	3	fd:parse:probe\pprobe:probe\pdl-online:decided	108	1\p0\p13	no				server5	3	3.07
lra-atom-screen-20260916	shipped	QF_RDL/scheduling/orb07_397.smt2	6261a505ea6767af32873bfc897ae64f8879b6388e5ea1074d27a6d3e12218e3	Real	sat	0	dl-online	dl-online	3	fd:parse:probe\pprobe:probe\pdl-online:decided	5314	1\p0\p5275	no				server5	3	3.07
lra-atom-screen-20260916	shipped	QF_RDL/scheduling/orb07_430.smt2	6261a505ea6767af32873bfc897ae64f8879b6388e5ea1074d27a6d3e12218e3	Real	sat	0	dl-online	dl-online	3	fd:parse:probe\pprobe:probe\pdl-online:decided	1310	1\p0\p1241	no				server5	3	3.15
lra-atom-screen-20260916	shipped	QF_RDL/scheduling/orb07_550.smt2	6261a505ea6767af32873bfc897ae64f8879b6388e5ea1074d27a6d3e12218e3	Real	sat	0	dl-online	dl-online	3	fd:parse:probe\pprobe:probe\pdl-online:decided	208	1\p0\p93	no				server5	3	3.15
lra-atom-screen-20260916	shipped	QF_RDL/scheduling/orb08_1000.smt2	6261a505ea6767af32873bfc897ae64f8879b6388e5ea1074d27a6d3e12218e3	Real	sat	0	dl-online	dl-online	3	fd:parse:probe\pprobe:probe\pdl-online:decided	309	1\p0\p265	no				server5	3	3.22
lra-atom-screen-20260916	shipped	QF_RDL/scheduling/orb08_700.smt2	6261a505ea6767af32873bfc897ae64f8879b6388e5ea1074d27a6d3e12218e3	Real	unsat	0	dl-online	dl-online	3	fd:parse:probe\pprobe:probe\pdl-online:decided	109	1\p0\p82	no				server5	3	3.22
lra-atom-screen-20260916	shipped	QF_RDL/scheduling/orb08_830.smt2	6261a505ea6767af32873bfc897ae64f8879b6388e5ea1074d27a6d3e12218e3	Real	unsat	0	dl-online	dl-online	3	fd:parse:probe\pprobe:probe\pdl-online:decided	3311	1\p0\p3215	no				server5	3	3.22
lra-atom-screen-20260916	shipped	QF_RDL/scheduling/orb08_888.smt2	6261a505ea6767af32873bfc897ae64f8879b6388e5ea1074d27a6d3e12218e3	Real	unsat	0	dl-online	dl-online	3	fd:parse:probe\pprobe:probe\pdl-online:decided	13221	1\p0\p13139	no				server5	3	3.22
lra-atom-screen-20260916	shipped	QF_RDL/scheduling/orb08_930.smt2	6261a505ea6767af32873bfc897ae64f8879b6388e5ea1074d27a6d3e12218e3	Real	sat	0	dl-online	dl-online	3	fd:parse:probe\pprobe:probe\pdl-online:decided	6915	1\p0\p6857	no				server5	3	3.39
lra-atom-screen-20260916	shipped	QF_RDL/scheduling/orb09_1000.smt2	6261a505ea6767af32873bfc897ae64f8879b6388e5ea1074d27a6d3e12218e3	Real	sat	0	dl-online	dl-online	3	fd:parse:probe\pprobe:probe\pdl-online:decided	209	1\p0\p149	no				server5	3	3.44
lra-atom-screen-20260916	shipped	QF_RDL/scheduling/orb09_1100.smt2	6261a505ea6767af32873bfc897ae64f8879b6388e5ea1074d27a6d3e12218e3	Real	sat	0	dl-online	dl-online	3	fd:parse:probe\pprobe:probe\pdl-online:decided	209	1\p0\p173	no				server5	3	3.44
lra-atom-screen-20260916	shipped	QF_RDL/scheduling/orb09_800.smt2	6261a505ea6767af32873bfc897ae64f8879b6388e5ea1074d27a6d3e12218e3	Real	unsat	0	dl-online	dl-online	3	fd:parse:probe\pprobe:probe\pdl-online:decided	109	1\p0\p22	no				server5	3	3.44
lra-atom-screen-20260916	shipped	QF_RDL/scheduling/orb09_900.smt2	6261a505ea6767af32873bfc897ae64f8879b6388e5ea1074d27a6d3e12218e3	Real	unsat	0	dl-online	dl-online	3	fd:parse:probe\pprobe:probe\pdl-online:decided	1911	2\p0\p1829	no				server5	3	3.40
lra-atom-screen-20260916	shipped	QF_RDL/scheduling/orb09_934.smt2	6261a505ea6767af32873bfc897ae64f8879b6388e5ea1074d27a6d3e12218e3	Real	unknown	0	none	dl-online	15	fd:parse:probe\pprobe:probe\pdl-online:declined\pnra-real-root:declined\pnra:declined\pq:skolem-qf:declined\pfd:string-gate:declined\pfd:source-string-semantic-unsat:declined\pfd:word-route:declined\pfd:online-string:declined\pfd:membership:declined\pfd:lex-order:declined\pfd:length-lia:declined\pfd:source-string-sat-probe:declined\pfd:bounded-completeness-unsat:declined	24035	1\p0\p18010\p0\p5989\p0\p0\p0\p0\p0\p0\p0\p0\p0\p0	no	dl-online=budget\pnra-real-root=not-applicable\pnra=incomplete\pq:skolem-qf=unsupported\pfd:string-gate=budget\pfd:source-string-semantic-unsat=budget\pfd:word-route=budget\pfd:online-string=budget\pfd:membership=budget\pfd:lex-order=budget\pfd:length-lia=budget\pfd:source-string-sat-probe=budget\pfd:bounded-completeness-unsat=budget	budget exhausted in the online difference-logic driver (atoms=1011, equality_gates=0, bool_equality_gates=0, cnf_vars=2021, clauses=3031)\p\ponline CDCL(T) LRA model did not replay (arithmetic outside the incremental engine)\pquant-route ownership (ADR-2103): `q:skolem-qf` owns {Real, Int, BvOrFloat, Datatype, Function, UninterpretedSort, Array, NonBvArray, NonBoolBvArray} and does not own {NestedArray, WideInt}, which this quantified query carries, so its non-decision is a decline and the ladder continues. Its own reason was: preprocessed dispatch timeout after reduced solve; the reduced solve's own reason was [Incomplete] online CDCL(T) LRA model did not replay (arithmetic outside the incremental engine)\ppreprocessed dispatch timeout after reduced solve; the reduced solve's own reason was [Incomplete] online CDCL(T) LRA model did not replay (arithmetic outside the incremental engine)\ppreprocessed dispatch timeout after reduced solve; the reduced solve's own reason was [Incomplete] online CDCL(T) LRA model did not replay (arithmetic outside the incremental engine)\ppreprocessed dispatch timeout after reduced solve; the reduced solve's own reason was [Incomplete] online CDCL(T) LRA model did not replay (arithmetic outside the incremental engine)\ppreprocessed dispatch timeout after reduced solve; the reduced solve's own reason was [Incomplete] online CDCL(T) LRA model did not replay (arithmetic outside the incremental engine)\ppreprocessed dispatch timeout after reduced solve; the reduced solve's own reason was [Incomplete] online CDCL(T) LRA model did not replay (arithmetic outside the incremental engine)\ppreprocessed dispatch timeout after reduced solve; the reduced solve's own reason was [Incomplete] online CDCL(T) LRA model did not replay (arithmetic outside the incremental engine)\ppreprocessed dispatch timeout after reduced solve; the reduced solve's own reason was [Incomplete] online CDCL(T) LRA model did not replay (arithmetic outside the incremental engine)\ppreprocessed dispatch timeout after reduced solve; the reduced solve's own reason was [Incomplete] online CDCL(T) LRA model did not replay (arithmetic outside the incremental engine)\ppreprocessed dispatch timeout after reduced solve; the reduced solve's own reason was [Incomplete] online CDCL(T) LRA model did not replay (arithmetic outside the incremental engine)	other\p\p\pquant-ownership-decline\pother\pother\pother\pother\pother\pother\pother\pother\pother	server5	3	3.40
lra-atom-screen-20260916	shipped	QF_RDL/scheduling/orb10_1000.smt2	6261a505ea6767af32873bfc897ae64f8879b6388e5ea1074d27a6d3e12218e3	Real	sat	0	dl-online	dl-online	3	fd:parse:probe\pprobe:probe\pdl-online:decided	210	1\p0\p182	no				server5	3	3.61
lra-atom-screen-20260916	shipped	QF_RDL/scheduling/orb10_1100.smt2	6261a505ea6767af32873bfc897ae64f8879b6388e5ea1074d27a6d3e12218e3	Real	sat	0	dl-online	dl-online	3	fd:parse:probe\pprobe:probe\pdl-online:decided	210	1\p0\p109	no				server5	3	3.61
lra-atom-screen-20260916	shipped	QF_RDL/scheduling/orb10_800.smt2	6261a505ea6767af32873bfc897ae64f8879b6388e5ea1074d27a6d3e12218e3	Real	unsat	0	dl-online	dl-online	3	fd:parse:probe\pprobe:probe\pdl-online:decided	110	1\p0\p63	no				server5	3	3.61
lra-atom-screen-20260916	shipped	QF_RDL/scheduling/orb10_900.smt2	6261a505ea6767af32873bfc897ae64f8879b6388e5ea1074d27a6d3e12218e3	Real	unsat	0	dl-online	dl-online	3	fd:parse:probe\pprobe:probe\pdl-online:decided	3612	1\p0\p3492	no				server5	3	3.61
lra-atom-screen-20260916	shipped	QF_RDL/scheduling/orb10_944.smt2	6261a505ea6767af32873bfc897ae64f8879b6388e5ea1074d27a6d3e12218e3	Real	sat	0	dl-online	dl-online	3	fd:parse:probe\pprobe:probe\pdl-online:decided	1010	1\p0\p914	no				server5	3	3.64
lra-atom-screen-20260916	shipped	QF_RDL/scheduling/swv11_2900.smt2	6261a505ea6767af32873bfc897ae64f8879b6388e5ea1074d27a6d3e12218e3	Real	unknown	0	none	dl-online	15	fd:parse:probe\pprobe:probe\pdl-online:declined\pnra-real-root:declined\pnra:declined\pq:skolem-qf:declined\pfd:string-gate:declined\pfd:source-string-semantic-unsat:declined\pfd:word-route:declined\pfd:online-string:declined\pfd:membership:declined\pfd:lex-order:declined\pfd:length-lia:declined\pfd:source-string-sat-probe:declined\pfd:bounded-completeness-unsat:declined	24736	62\p16\p18046\p4\p6445\p0\p0\p0\p0\p0\p0\p0\p0\p0\p0	no	dl-online=budget\pnra-real-root=not-applicable\pnra=budget\pq:skolem-qf=unsupported\pfd:string-gate=budget\pfd:source-string-semantic-unsat=budget\pfd:word-route=budget\pfd:online-string=budget\pfd:membership=budget\pfd:lex-order=budget\pfd:length-lia=budget\pfd:source-string-sat-probe=budget\pfd:bounded-completeness-unsat=budget	budget exhausted in the online difference-logic driver (atoms=25051, equality_gates=0, bool_equality_gates=0, cnf_vars=50101, clauses=75151)\p\plra: the deadline passed building the Fourier–Motzkin unit-multiplier matrix; the elimination itself never started\pquant-route ownership (ADR-2103): `q:skolem-qf` owns {Real, Int, BvOrFloat, Datatype, Function, UninterpretedSort, Array, NonBvArray, NonBoolBvArray} and does not own {NestedArray, WideInt}, which this quantified query carries, so its non-decision is a decline and the ladder continues. Its own reason was: preprocessed dispatch timeout after reduced solve; the reduced solve's own reason was [ResourceLimit] lra: the deadline passed building the Fourier–Motzkin unit-multiplier matrix; the elimination itself never started\ppreprocessed dispatch timeout after reduced solve; the reduced solve's own reason was [ResourceLimit] lra: the deadline passed building the Fourier–Motzkin unit-multiplier matrix; the elimination itself never started\ppreprocessed dispatch timeout after reduced solve; the reduced solve's own reason was [ResourceLimit] lra: the deadline passed building the Fourier–Motzkin unit-multiplier matrix; the elimination itself never started\ppreprocessed dispatch timeout after reduced solve; the reduced solve's own reason was [ResourceLimit] lra: the deadline passed building the Fourier–Motzkin unit-multiplier matrix; the elimination itself never started\ppreprocessed dispatch timeout after reduced solve; the reduced solve's own reason was [ResourceLimit] lra: the deadline passed building the Fourier–Motzkin unit-multiplier matrix; the elimination itself never started\ppreprocessed dispatch timeout after reduced solve; the reduced solve's own reason was [ResourceLimit] lra: the deadline passed building the Fourier–Motzkin unit-multiplier matrix; the elimination itself never started\ppreprocessed dispatch timeout after reduced solve; the reduced solve's own reason was [ResourceLimit] lra: the deadline passed building the Fourier–Motzkin unit-multiplier matrix; the elimination itself never started\ppreprocessed dispatch timeout after reduced solve; the reduced solve's own reason was [ResourceLimit] lra: the deadline passed building the Fourier–Motzkin unit-multiplier matrix; the elimination itself never started\ppreprocessed dispatch timeout after reduced solve; the reduced solve's own reason was [ResourceLimit] lra: the deadline passed building the Fourier–Motzkin unit-multiplier matrix; the elimination itself never started\ppreprocessed dispatch timeout after reduced solve; the reduced solve's own reason was [ResourceLimit] lra: the deadline passed building the Fourier–Motzkin unit-multiplier matrix; the elimination itself never started	other\p\pother\pquant-ownership-decline\pother\pother\pother\pother\pother\pother\pother\pother\pother	server5	3	3.64
lra-atom-screen-20260916	shipped	QF_RDL/scheduling/swv11_2983.smt2	6261a505ea6767af32873bfc897ae64f8879b6388e5ea1074d27a6d3e12218e3	Real	unknown	0	none	dl-online	15	fd:parse:probe\pprobe:probe\pdl-online:declined\pnra-real-root:declined\pnra:declined\pq:skolem-qf:declined\pfd:string-gate:declined\pfd:source-string-semantic-unsat:declined\pfd:word-route:declined\pfd:online-string:declined\pfd:membership:declined\pfd:lex-order:declined\pfd:length-lia:declined\pfd:source-string-sat-probe:declined\pfd:bounded-completeness-unsat:declined	24535	77\p17\p15178\p4\p9123\p0\p0\p0\p0\p0\p0\p0\p0\p0\p0	no	dl-online=budget\pnra-real-root=not-applicable\pnra=budget\pq:skolem-qf=unsupported\pfd:string-gate=budget\pfd:source-string-semantic-unsat=budget\pfd:word-route=budget\pfd:online-string=budget\pfd:membership=budget\pfd:lex-order=budget\pfd:length-lia=budget\pfd:source-string-sat-probe=budget\pfd:bounded-completeness-unsat=budget	budget exhausted in the online difference-logic driver (atoms=25051, equality_gates=0, bool_equality_gates=0, cnf_vars=50101, clauses=75151)\p\plra: the deadline passed building the Fourier–Motzkin unit-multiplier matrix; the elimination itself never started\pquant-route ownership (ADR-2103): `q:skolem-qf` owns {Real, Int, BvOrFloat, Datatype, Function, UninterpretedSort, Array, NonBvArray, NonBoolBvArray} and does not own {NestedArray, WideInt}, which this quantified query carries, so its non-decision is a decline and the ladder continues. Its own reason was: preprocessed dispatch timeout after reduced solve; the reduced solve's own reason was [ResourceLimit] lra: the deadline passed building the Fourier–Motzkin unit-multiplier matrix; the elimination itself never started\ppreprocessed dispatch timeout after reduced solve; the reduced solve's own reason was [ResourceLimit] lra: the deadline passed building the Fourier–Motzkin unit-multiplier matrix; the elimination itself never started\ppreprocessed dispatch timeout after reduced solve; the reduced solve's own reason was [ResourceLimit] lra: the deadline passed building the Fourier–Motzkin unit-multiplier matrix; the elimination itself never started\ppreprocessed dispatch timeout after reduced solve; the reduced solve's own reason was [ResourceLimit] lra: the deadline passed building the Fourier–Motzkin unit-multiplier matrix; the elimination itself never started\ppreprocessed dispatch timeout after reduced solve; the reduced solve's own reason was [ResourceLimit] lra: the deadline passed building the Fourier–Motzkin unit-multiplier matrix; the elimination itself never started\ppreprocessed dispatch timeout after reduced solve; the reduced solve's own reason was [ResourceLimit] lra: the deadline passed building the Fourier–Motzkin unit-multiplier matrix; the elimination itself never started\ppreprocessed dispatch timeout after reduced solve; the reduced solve's own reason was [ResourceLimit] lra: the deadline passed building the Fourier–Motzkin unit-multiplier matrix; the elimination itself never started\ppreprocessed dispatch timeout after reduced solve; the reduced solve's own reason was [ResourceLimit] lra: the deadline passed building the Fourier–Motzkin unit-multiplier matrix; the elimination itself never started\ppreprocessed dispatch timeout after reduced solve; the reduced solve's own reason was [ResourceLimit] lra: the deadline passed building the Fourier–Motzkin unit-multiplier matrix; the elimination itself never started\ppreprocessed dispatch timeout after reduced solve; the reduced solve's own reason was [ResourceLimit] lra: the deadline passed building the Fourier–Motzkin unit-multiplier matrix; the elimination itself never started	other\p\pother\pquant-ownership-decline\pother\pother\pother\pother\pother\pother\pother\pother\pother	server5	3	3.76
lra-atom-screen-20260916	shipped	QF_RDL/scheduling/swv11_2988.smt2	6261a505ea6767af32873bfc897ae64f8879b6388e5ea1074d27a6d3e12218e3	Real	unknown	0	none	nra	15	fd:parse:probe\pprobe:probe\pdl-online:declined\pnra-real-root:declined\pnra:declined\pq:skolem-qf:declined\pfd:string-gate:declined\pfd:source-string-semantic-unsat:declined\pfd:word-route:declined\pfd:online-string:declined\pfd:membership:declined\pfd:lex-order:declined\pfd:length-lia:declined\pfd:source-string-sat-probe:declined\pfd:bounded-completeness-unsat:declined	24527	61\p17\p11500\p3\p12891\p0\p0\p0\p0\p0\p0\p0\p0\p0\p0	no	dl-online=budget\pnra-real-root=not-applicable\pnra=budget\pq:skolem-qf=unsupported\pfd:string-gate=budget\pfd:source-string-semantic-unsat=budget\pfd:word-route=budget\pfd:online-string=budget\pfd:membership=budget\pfd:lex-order=budget\pfd:length-lia=budget\pfd:source-string-sat-probe=budget\pfd:bounded-completeness-unsat=budget	budget exhausted in the online difference-logic driver (atoms=25051, equality_gates=0, bool_equality_gates=0, cnf_vars=50101, clauses=75151)\p\plra: the deadline passed building the Fourier–Motzkin unit-multiplier matrix; the elimination itself never started\pquant-route ownership (ADR-2103): `q:skolem-qf` owns {Real, Int, BvOrFloat, Datatype, Function, UninterpretedSort, Array, NonBvArray, NonBoolBvArray} and does not own {NestedArray, WideInt}, which this quantified query carries, so its non-decision is a decline and the ladder continues. Its own reason was: preprocessed dispatch timeout after reduced solve; the reduced solve's own reason was [ResourceLimit] lra: the deadline passed building the Fourier–Motzkin unit-multiplier matrix; the elimination itself never started\ppreprocessed dispatch timeout after reduced solve; the reduced solve's own reason was [ResourceLimit] lra: the deadline passed building the Fourier–Motzkin unit-multiplier matrix; the elimination itself never started\ppreprocessed dispatch timeout after reduced solve; the reduced solve's own reason was [ResourceLimit] lra: the deadline passed building the Fourier–Motzkin unit-multiplier matrix; the elimination itself never started\ppreprocessed dispatch timeout after reduced solve; the reduced solve's own reason was [ResourceLimit] lra: the deadline passed building the Fourier–Motzkin unit-multiplier matrix; the elimination itself never started\ppreprocessed dispatch timeout after reduced solve; the reduced solve's own reason was [ResourceLimit] lra: the deadline passed building the Fourier–Motzkin unit-multiplier matrix; the elimination itself never started\ppreprocessed dispatch timeout after reduced solve; the reduced solve's own reason was [ResourceLimit] lra: the deadline passed building the Fourier–Motzkin unit-multiplier matrix; the elimination itself never started\ppreprocessed dispatch timeout after reduced solve; the reduced solve's own reason was [ResourceLimit] lra: the deadline passed building the Fourier–Motzkin unit-multiplier matrix; the elimination itself never started\ppreprocessed dispatch timeout after reduced solve; the reduced solve's own reason was [ResourceLimit] lra: the deadline passed building the Fourier–Motzkin unit-multiplier matrix; the elimination itself never started\ppreprocessed dispatch timeout after reduced solve; the reduced solve's own reason was [ResourceLimit] lra: the deadline passed building the Fourier–Motzkin unit-multiplier matrix; the elimination itself never started\ppreprocessed dispatch timeout after reduced solve; the reduced solve's own reason was [ResourceLimit] lra: the deadline passed building the Fourier–Motzkin unit-multiplier matrix; the elimination itself never started	other\p\pother\pquant-ownership-decline\pother\pother\pother\pother\pother\pother\pother\pother\pother	server5	3	3.85
lra-atom-screen-20260916	shipped	QF_RDL/scheduling/swv11_2992.smt2	6261a505ea6767af32873bfc897ae64f8879b6388e5ea1074d27a6d3e12218e3	Real	unknown	0	none	nra	15	fd:parse:probe\pprobe:probe\pdl-online:declined\pnra-real-root:declined\pnra:declined\pq:skolem-qf:declined\pfd:string-gate:declined\pfd:source-string-semantic-unsat:declined\pfd:word-route:declined\pfd:online-string:declined\pfd:membership:declined\pfd:lex-order:declined\pfd:length-lia:declined\pfd:source-string-sat-probe:declined\pfd:bounded-completeness-unsat:declined	24731	51\p16\p11751\p3\p12758\p0\p0\p0\p0\p0\p0\p0\p0\p0\p0	no	dl-online=budget\pnra-real-root=not-applicable\pnra=budget\pq:skolem-qf=unsupported\pfd:string-gate=budget\pfd:source-string-semantic-unsat=budget\pfd:word-route=budget\pfd:online-string=budget\pfd:membership=budget\pfd:lex-order=budget\pfd:length-lia=budget\pfd:source-string-sat-probe=budget\pfd:bounded-completeness-unsat=budget	budget exhausted in the online difference-logic driver (atoms=25051, equality_gates=0, bool_equality_gates=0, cnf_vars=50101, clauses=75151)\p\plra: the deadline passed building the Fourier–Motzkin unit-multiplier matrix; the elimination itself never started\pquant-route ownership (ADR-2103): `q:skolem-qf` owns {Real, Int, BvOrFloat, Datatype, Function, UninterpretedSort, Array, NonBvArray, NonBoolBvArray} and does not own {NestedArray, WideInt}, which this quantified query carries, so its non-decision is a decline and the ladder continues. Its own reason was: preprocessed dispatch timeout after reduced solve; the reduced solve's own reason was [ResourceLimit] lra: the deadline passed building the Fourier–Motzkin unit-multiplier matrix; the elimination itself never started\ppreprocessed dispatch timeout after reduced solve; the reduced solve's own reason was [ResourceLimit] lra: the deadline passed building the Fourier–Motzkin unit-multiplier matrix; the elimination itself never started\ppreprocessed dispatch timeout after reduced solve; the reduced solve's own reason was [ResourceLimit] lra: the deadline passed building the Fourier–Motzkin unit-multiplier matrix; the elimination itself never started\ppreprocessed dispatch timeout after reduced solve; the reduced solve's own reason was [ResourceLimit] lra: the deadline passed building the Fourier–Motzkin unit-multiplier matrix; the elimination itself never started\ppreprocessed dispatch timeout after reduced solve; the reduced solve's own reason was [ResourceLimit] lra: the deadline passed building the Fourier–Motzkin unit-multiplier matrix; the elimination itself never started\ppreprocessed dispatch timeout after reduced solve; the reduced solve's own reason was [ResourceLimit] lra: the deadline passed building the Fourier–Motzkin unit-multiplier matrix; the elimination itself never started\ppreprocessed dispatch timeout after reduced solve; the reduced solve's own reason was [ResourceLimit] lra: the deadline passed building the Fourier–Motzkin unit-multiplier matrix; the elimination itself never started\ppreprocessed dispatch timeout after reduced solve; the reduced solve's own reason was [ResourceLimit] lra: the deadline passed building the Fourier–Motzkin unit-multiplier matrix; the elimination itself never started\ppreprocessed dispatch timeout after reduced solve; the reduced solve's own reason was [ResourceLimit] lra: the deadline passed building the Fourier–Motzkin unit-multiplier matrix; the elimination itself never started\ppreprocessed dispatch timeout after reduced solve; the reduced solve's own reason was [ResourceLimit] lra: the deadline passed building the Fourier–Motzkin unit-multiplier matrix; the elimination itself never started	other\p\pother\pquant-ownership-decline\pother\pother\pother\pother\pother\pother\pother\pother\pother	server5	3	3.90
lra-atom-screen-20260916	shipped	QF_RDL/scheduling/swv11_3050.smt2	6261a505ea6767af32873bfc897ae64f8879b6388e5ea1074d27a6d3e12218e3	Real	unknown	0	none	dl-online	15	fd:parse:probe\pprobe:probe\pdl-online:declined\pnra-real-root:declined\pnra:declined\pq:skolem-qf:declined\pfd:string-gate:declined\pfd:source-string-semantic-unsat:declined\pfd:word-route:declined\pfd:online-string:declined\pfd:membership:declined\pfd:lex-order:declined\pfd:length-lia:declined\pfd:source-string-sat-probe:declined\pfd:bounded-completeness-unsat:declined	24231	56\p16\p13079\p3\p10932\p0\p0\p0\p0\p0\p0\p0\p0\p0\p0	no	dl-online=budget\pnra-real-root=not-applicable\pnra=budget\pq:skolem-qf=unsupported\pfd:string-gate=budget\pfd:source-string-semantic-unsat=budget\pfd:word-route=budget\pfd:online-string=budget\pfd:membership=budget\pfd:lex-order=budget\pfd:length-lia=budget\pfd:source-string-sat-probe=budget\pfd:bounded-completeness-unsat=budget	budget exhausted in the online difference-logic driver (atoms=25051, equality_gates=0, bool_equality_gates=0, cnf_vars=50101, clauses=75151)\p\plra: the deadline passed building the Fourier–Motzkin unit-multiplier matrix; the elimination itself never started\pquant-route ownership (ADR-2103): `q:skolem-qf` owns {Real, Int, BvOrFloat, Datatype, Function, UninterpretedSort, Array, NonBvArray, NonBoolBvArray} and does not own {NestedArray, WideInt}, which this quantified query carries, so its non-decision is a decline and the ladder continues. Its own reason was: preprocessed dispatch timeout after reduced solve; the reduced solve's own reason was [ResourceLimit] lra: the deadline passed building the Fourier–Motzkin unit-multiplier matrix; the elimination itself never started\ppreprocessed dispatch timeout after reduced solve; the reduced solve's own reason was [ResourceLimit] lra: the deadline passed building the Fourier–Motzkin unit-multiplier matrix; the elimination itself never started\ppreprocessed dispatch timeout after reduced solve; the reduced solve's own reason was [ResourceLimit] lra: the deadline passed building the Fourier–Motzkin unit-multiplier matrix; the elimination itself never started\ppreprocessed dispatch timeout after reduced solve; the reduced solve's own reason was [ResourceLimit] lra: the deadline passed building the Fourier–Motzkin unit-multiplier matrix; the elimination itself never started\ppreprocessed dispatch timeout after reduced solve; the reduced solve's own reason was [ResourceLimit] lra: the deadline passed building the Fourier–Motzkin unit-multiplier matrix; the elimination itself never started\ppreprocessed dispatch timeout after reduced solve; the reduced solve's own reason was [ResourceLimit] lra: the deadline passed building the Fourier–Motzkin unit-multiplier matrix; the elimination itself never started\ppreprocessed dispatch timeout after reduced solve; the reduced solve's own reason was [ResourceLimit] lra: the deadline passed building the Fourier–Motzkin unit-multiplier matrix; the elimination itself never started\ppreprocessed dispatch timeout after reduced solve; the reduced solve's own reason was [ResourceLimit] lra: the deadline passed building the Fourier–Motzkin unit-multiplier matrix; the elimination itself never started\ppreprocessed dispatch timeout after reduced solve; the reduced solve's own reason was [ResourceLimit] lra: the deadline passed building the Fourier–Motzkin unit-multiplier matrix; the elimination itself never started\ppreprocessed dispatch timeout after reduced solve; the reduced solve's own reason was [ResourceLimit] lra: the deadline passed building the Fourier–Motzkin unit-multiplier matrix; the elimination itself never started	other\p\pother\pquant-ownership-decline\pother\pother\pother\pother\pother\pother\pother\pother\pother	server5	3	3.93
lra-atom-screen-20260916	shipped	QF_RDL/scheduling/swv12_2900.smt2	6261a505ea6767af32873bfc897ae64f8879b6388e5ea1074d27a6d3e12218e3	Real	unknown	0	none	dl-online	15	fd:parse:probe\pprobe:probe\pdl-online:declined\pnra-real-root:declined\pnra:declined\pq:skolem-qf:declined\pfd:string-gate:declined\pfd:source-string-semantic-unsat:declined\pfd:word-route:declined\pfd:online-string:declined\pfd:membership:declined\pfd:lex-order:declined\pfd:length-lia:declined\pfd:source-string-sat-probe:declined\pfd:bounded-completeness-unsat:declined	24129	57\p16\p16841\p4\p7136\p0\p0\p0\p0\p0\p0\p0\p0\p0\p0	no	dl-online=budget\pnra-real-root=not-applicable\pnra=budget\pq:skolem-qf=unsupported\pfd:string-gate=budget\pfd:source-string-semantic-unsat=budget\pfd:word-route=budget\pfd:online-string=budget\pfd:membership=budget\pfd:lex-order=budget\pfd:length-lia=budget\pfd:source-string-sat-probe=budget\pfd:bounded-completeness-unsat=budget	budget exhausted in the online difference-logic driver (atoms=25051, equality_gates=0, bool_equality_gates=0, cnf_vars=50101, clauses=75151)\p\plra: the deadline passed while linearizing the assertions; the constraint system was never finished and neither engine ran\pquant-route ownership (ADR-2103): `q:skolem-qf` owns {Real, Int, BvOrFloat, Datatype, Function, UninterpretedSort, Array, NonBvArray, NonBoolBvArray} and does not own {NestedArray, WideInt}, which this quantified query carries, so its non-decision is a decline and the ladder continues. Its own reason was: preprocessed dispatch timeout after reduced solve; the reduced solve's own reason was [ResourceLimit] lra: the deadline passed while linearizing the assertions; the constraint system was never finished and neither engine ran\ppreprocessed dispatch timeout after reduced solve; the reduced solve's own reason was [ResourceLimit] lra: the deadline passed while linearizing the assertions; the constraint system was never finished and neither engine ran\ppreprocessed dispatch timeout after reduced solve; the reduced solve's own reason was [ResourceLimit] lra: the deadline passed while linearizing the assertions; the constraint system was never finished and neither engine ran\ppreprocessed dispatch timeout after reduced solve; the reduced solve's own reason was [ResourceLimit] lra: the deadline passed while linearizing the assertions; the constraint system was never finished and neither engine ran\ppreprocessed dispatch timeout after reduced solve; the reduced solve's own reason was [ResourceLimit] lra: the deadline passed while linearizing the assertions; the constraint system was never finished and neither engine ran\ppreprocessed dispatch timeout after reduced solve; the reduced solve's own reason was [ResourceLimit] lra: the deadline passed while linearizing the assertions; the constraint system was never finished and neither engine ran\ppreprocessed dispatch timeout after reduced solve; the reduced solve's own reason was [ResourceLimit] lra: the deadline passed while linearizing the assertions; the constraint system was never finished and neither engine ran\ppreprocessed dispatch timeout after reduced solve; the reduced solve's own reason was [ResourceLimit] lra: the deadline passed while linearizing the assertions; the constraint system was never finished and neither engine ran\ppreprocessed dispatch timeout after reduced solve; the reduced solve's own reason was [ResourceLimit] lra: the deadline passed while linearizing the assertions; the constraint system was never finished and neither engine ran\ppreprocessed dispatch timeout after reduced solve; the reduced solve's own reason was [ResourceLimit] lra: the deadline passed while linearizing the assertions; the constraint system was never finished and neither engine ran	other\p\pother\pquant-ownership-decline\pother\pother\pother\pother\pother\pother\pother\pother\pother	server5	3	3.96
lra-atom-screen-20260916	shipped	QF_RDL/scheduling/swv12_2972.smt2	6261a505ea6767af32873bfc897ae64f8879b6388e5ea1074d27a6d3e12218e3	Real	unknown	0	none	dl-online	15	fd:parse:probe\pprobe:probe\pdl-online:declined\pnra-real-root:declined\pnra:declined\pq:skolem-qf:declined\pfd:string-gate:declined\pfd:source-string-semantic-unsat:declined\pfd:word-route:declined\pfd:online-string:declined\pfd:membership:declined\pfd:lex-order:declined\pfd:length-lia:declined\pfd:source-string-sat-probe:declined\pfd:bounded-completeness-unsat:declined	24731	55\p16\p13819\p3\p10734\p0\p0\p0\p0\p0\p0\p0\p0\p0\p0	no	dl-online=budget\pnra-real-root=not-applicable\pnra=budget\pq:skolem-qf=unsupported\pfd:string-gate=budget\pfd:source-string-semantic-unsat=budget\pfd:word-route=budget\pfd:online-string=budget\pfd:membership=budget\pfd:lex-order=budget\pfd:length-lia=budget\pfd:source-string-sat-probe=budget\pfd:bounded-completeness-unsat=budget	budget exhausted in the online difference-logic driver (atoms=25051, equality_gates=0, bool_equality_gates=0, cnf_vars=50101, clauses=75151)\p\plazy SMT: wall-clock timeout reached\pquant-route ownership (ADR-2103): `q:skolem-qf` owns {Real, Int, BvOrFloat, Datatype, Function, UninterpretedSort, Array, NonBvArray, NonBoolBvArray} and does not own {NestedArray, WideInt}, which this quantified query carries, so its non-decision is a decline and the ladder continues. Its own reason was: preprocessed dispatch timeout after reduced solve; the reduced solve's own reason was [ResourceLimit] lazy SMT: wall-clock timeout reached\ppreprocessed dispatch timeout after reduced solve; the reduced solve's own reason was [ResourceLimit] lazy SMT: wall-clock timeout reached\ppreprocessed dispatch timeout after reduced solve; the reduced solve's own reason was [ResourceLimit] lazy SMT: wall-clock timeout reached\ppreprocessed dispatch timeout after reduced solve; the reduced solve's own reason was [ResourceLimit] lazy SMT: wall-clock timeout reached\ppreprocessed dispatch timeout after reduced solve; the reduced solve's own reason was [ResourceLimit] lazy SMT: wall-clock timeout reached\ppreprocessed dispatch timeout after reduced solve; the reduced solve's own reason was [ResourceLimit] lazy SMT: wall-clock timeout reached\ppreprocessed dispatch timeout after reduced solve; the reduced solve's own reason was [ResourceLimit] lazy SMT: wall-clock timeout reached\ppreprocessed dispatch timeout after reduced solve; the reduced solve's own reason was [ResourceLimit] lazy SMT: wall-clock timeout reached\ppreprocessed dispatch timeout after reduced solve; the reduced solve's own reason was [ResourceLimit] lazy SMT: wall-clock timeout reached\ppreprocessed dispatch timeout after reduced solve; the reduced solve's own reason was [ResourceLimit] lazy SMT: wall-clock timeout reached	other\p\pother\pquant-ownership-decline\pother\pother\pother\pother\pother\pother\pother\pother\pother	server5	3	3.97
lra-atom-screen-20260916	shipped	QF_RDL/scheduling/swv12_2990.smt2	6261a505ea6767af32873bfc897ae64f8879b6388e5ea1074d27a6d3e12218e3	Real	unknown	0	none	nra	15	fd:parse:probe\pprobe:probe\pdl-online:declined\pnra-real-root:declined\pnra:declined\pq:skolem-qf:declined\pfd:string-gate:declined\pfd:source-string-semantic-unsat:declined\pfd:word-route:declined\pfd:online-string:declined\pfd:membership:declined\pfd:lex-order:declined\pfd:length-lia:declined\pfd:source-string-sat-probe:declined\pfd:bounded-completeness-unsat:declined	24230	56\p17\p11261\p3\p12792\p0\p0\p0\p0\p0\p0\p0\p0\p0\p0	no	dl-online=budget\pnra-real-root=not-applicable\pnra=budget\pq:skolem-qf=unsupported\pfd:string-gate=budget\pfd:source-string-semantic-unsat=budget\pfd:word-route=budget\pfd:online-string=budget\pfd:membership=budget\pfd:lex-order=budget\pfd:length-lia=budget\pfd:source-string-sat-probe=budget\pfd:bounded-completeness-unsat=budget	budget exhausted in the online difference-logic driver (atoms=25051, equality_gates=0, bool_equality_gates=0, cnf_vars=50101, clauses=75151)\p\plra: the deadline passed building the Fourier–Motzkin unit-multiplier matrix; the elimination itself never started\pquant-route ownership (ADR-2103): `q:skolem-qf` owns {Real, Int, BvOrFloat, Datatype, Function, UninterpretedSort, Array, NonBvArray, NonBoolBvArray} and does not own {NestedArray, WideInt}, which this quantified query carries, so its non-decision is a decline and the ladder continues. Its own reason was: preprocessed dispatch timeout after reduced solve; the reduced solve's own reason was [ResourceLimit] lra: the deadline passed building the Fourier–Motzkin unit-multiplier matrix; the elimination itself never started\ppreprocessed dispatch timeout after reduced solve; the reduced solve's own reason was [ResourceLimit] lra: the deadline passed building the Fourier–Motzkin unit-multiplier matrix; the elimination itself never started\ppreprocessed dispatch timeout after reduced solve; the reduced solve's own reason was [ResourceLimit] lra: the deadline passed building the Fourier–Motzkin unit-multiplier matrix; the elimination itself never started\ppreprocessed dispatch timeout after reduced solve; the reduced solve's own reason was [ResourceLimit] lra: the deadline passed building the Fourier–Motzkin unit-multiplier matrix; the elimination itself never started\ppreprocessed dispatch timeout after reduced solve; the reduced solve's own reason was [ResourceLimit] lra: the deadline passed building the Fourier–Motzkin unit-multiplier matrix; the elimination itself never started\ppreprocessed dispatch timeout after reduced solve; the reduced solve's own reason was [ResourceLimit] lra: the deadline passed building the Fourier–Motzkin unit-multiplier matrix; the elimination itself never started\ppreprocessed dispatch timeout after reduced solve; the reduced solve's own reason was [ResourceLimit] lra: the deadline passed building the Fourier–Motzkin unit-multiplier matrix; the elimination itself never started\ppreprocessed dispatch timeout after reduced solve; the reduced solve's own reason was [ResourceLimit] lra: the deadline passed building the Fourier–Motzkin unit-multiplier matrix; the elimination itself never started\ppreprocessed dispatch timeout after reduced solve; the reduced solve's own reason was [ResourceLimit] lra: the deadline passed building the Fourier–Motzkin unit-multiplier matrix; the elimination itself never started\ppreprocessed dispatch timeout after reduced solve; the reduced solve's own reason was [ResourceLimit] lra: the deadline passed building the Fourier–Motzkin unit-multiplier matrix; the elimination itself never started	other\p\pother\pquant-ownership-decline\pother\pother\pother\pother\pother\pother\pother\pother\pother	server5	3	3.98
lra-atom-screen-20260916	shipped	QF_RDL/scheduling/swv12_3004.smt2	6261a505ea6767af32873bfc897ae64f8879b6388e5ea1074d27a6d3e12218e3	Real	unknown	0	none	nra	15	fd:parse:probe\pprobe:probe\pdl-online:declined\pnra-real-root:declined\pnra:declined\pq:skolem-qf:declined\pfd:string-gate:declined\pfd:source-string-semantic-unsat:declined\pfd:word-route:declined\pfd:online-string:declined\pfd:membership:declined\pfd:lex-order:declined\pfd:length-lia:declined\pfd:source-string-sat-probe:declined\pfd:bounded-completeness-unsat:declined	24530	55\p16\p11280\p3\p13037\p0\p0\p0\p0\p0\p0\p0\p0\p0\p0	no	dl-online=budget\pnra-real-root=not-applicable\pnra=budget\pq:skolem-qf=unsupported\pfd:string-gate=budget\pfd:source-string-semantic-unsat=budget\pfd:word-route=budget\pfd:online-string=budget\pfd:membership=budget\pfd:lex-order=budget\pfd:length-lia=budget\pfd:source-string-sat-probe=budget\pfd:bounded-completeness-unsat=budget	budget exhausted in the online difference-logic driver (atoms=25051, equality_gates=0, bool_equality_gates=0, cnf_vars=50101, clauses=75151)\p\plra: the deadline passed building the Fourier–Motzkin unit-multiplier matrix; the elimination itself never started\pquant-route ownership (ADR-2103): `q:skolem-qf` owns {Real, Int, BvOrFloat, Datatype, Function, UninterpretedSort, Array, NonBvArray, NonBoolBvArray} and does not own {NestedArray, WideInt}, which this quantified query carries, so its non-decision is a decline and the ladder continues. Its own reason was: preprocessed dispatch timeout after reduced solve; the reduced solve's own reason was [ResourceLimit] lra: the deadline passed building the Fourier–Motzkin unit-multiplier matrix; the elimination itself never started\ppreprocessed dispatch timeout after reduced solve; the reduced solve's own reason was [ResourceLimit] lra: the deadline passed building the Fourier–Motzkin unit-multiplier matrix; the elimination itself never started\ppreprocessed dispatch timeout after reduced solve; the reduced solve's own reason was [ResourceLimit] lra: the deadline passed building the Fourier–Motzkin unit-multiplier matrix; the elimination itself never started\ppreprocessed dispatch timeout after reduced solve; the reduced solve's own reason was [ResourceLimit] lra: the deadline passed building the Fourier–Motzkin unit-multiplier matrix; the elimination itself never started\ppreprocessed dispatch timeout after reduced solve; the reduced solve's own reason was [ResourceLimit] lra: the deadline passed building the Fourier–Motzkin unit-multiplier matrix; the elimination itself never started\ppreprocessed dispatch timeout after reduced solve; the reduced solve's own reason was [ResourceLimit] lra: the deadline passed building the Fourier–Motzkin unit-multiplier matrix; the elimination itself never started\ppreprocessed dispatch timeout after reduced solve; the reduced solve's own reason was [ResourceLimit] lra: the deadline passed building the Fourier–Motzkin unit-multiplier matrix; the elimination itself never started\ppreprocessed dispatch timeout after reduced solve; the reduced solve's own reason was [ResourceLimit] lra: the deadline passed building the Fourier–Motzkin unit-multiplier matrix; the elimination itself never started\ppreprocessed dispatch timeout after reduced solve; the reduced solve's own reason was [ResourceLimit] lra: the deadline passed building the Fourier–Motzkin unit-multiplier matrix; the elimination itself never started\ppreprocessed dispatch timeout after reduced solve; the reduced solve's own reason was [ResourceLimit] lra: the deadline passed building the Fourier–Motzkin unit-multiplier matrix; the elimination itself never started	other\p\pother\pquant-ownership-decline\pother\pother\pother\pother\pother\pother\pother\pother\pother	server5	3	3.70
lra-atom-screen-20260916	shipped	QF_RDL/scheduling/swv12_3050.smt2	6261a505ea6767af32873bfc897ae64f8879b6388e5ea1074d27a6d3e12218e3	Real	unknown	0	none	nra	15	fd:parse:probe\pprobe:probe\pdl-online:declined\pnra-real-root:declined\pnra:declined\pq:skolem-qf:declined\pfd:string-gate:declined\pfd:source-string-semantic-unsat:declined\pfd:word-route:declined\pfd:online-string:declined\pfd:membership:declined\pfd:lex-order:declined\pfd:length-lia:declined\pfd:source-string-sat-probe:declined\pfd:bounded-completeness-unsat:declined	24228	46\p16\p7774\p3\p16276\p0\p0\p0\p0\p0\p0\p0\p0\p0\p0	no	dl-online=budget\pnra-real-root=not-applicable\pnra=budget\pq:skolem-qf=unsupported\pfd:string-gate=budget\pfd:source-string-semantic-unsat=budget\pfd:word-route=budget\pfd:online-string=budget\pfd:membership=budget\pfd:lex-order=budget\pfd:length-lia=budget\pfd:source-string-sat-probe=budget\pfd:bounded-completeness-unsat=budget	budget exhausted in the online difference-logic driver (atoms=25051, equality_gates=0, bool_equality_gates=0, cnf_vars=50101, clauses=75151)\p\plra: the deadline passed building the Fourier–Motzkin unit-multiplier matrix; the elimination itself never started\pquant-route ownership (ADR-2103): `q:skolem-qf` owns {Real, Int, BvOrFloat, Datatype, Function, UninterpretedSort, Array, NonBvArray, NonBoolBvArray} and does not own {NestedArray, WideInt}, which this quantified query carries, so its non-decision is a decline and the ladder continues. Its own reason was: preprocessed dispatch timeout after reduced solve; the reduced solve's own reason was [ResourceLimit] lra: the deadline passed building the Fourier–Motzkin unit-multiplier matrix; the elimination itself never started\ppreprocessed dispatch timeout after reduced solve; the reduced solve's own reason was [ResourceLimit] lra: the deadline passed building the Fourier–Motzkin unit-multiplier matrix; the elimination itself never started\ppreprocessed dispatch timeout after reduced solve; the reduced solve's own reason was [ResourceLimit] lra: the deadline passed building the Fourier–Motzkin unit-multiplier matrix; the elimination itself never started\ppreprocessed dispatch timeout after reduced solve; the reduced solve's own reason was [ResourceLimit] lra: the deadline passed building the Fourier–Motzkin unit-multiplier matrix; the elimination itself never started\ppreprocessed dispatch timeout after reduced solve; the reduced solve's own reason was [ResourceLimit] lra: the deadline passed building the Fourier–Motzkin unit-multiplier matrix; the elimination itself never started\ppreprocessed dispatch timeout after reduced solve; the reduced solve's own reason was [ResourceLimit] lra: the deadline passed building the Fourier–Motzkin unit-multiplier matrix; the elimination itself never started\ppreprocessed dispatch timeout after reduced solve; the reduced solve's own reason was [ResourceLimit] lra: the deadline passed building the Fourier–Motzkin unit-multiplier matrix; the elimination itself never started\ppreprocessed dispatch timeout after reduced solve; the reduced solve's own reason was [ResourceLimit] lra: the deadline passed building the Fourier–Motzkin unit-multiplier matrix; the elimination itself never started\ppreprocessed dispatch timeout after reduced solve; the reduced solve's own reason was [ResourceLimit] lra: the deadline passed building the Fourier–Motzkin unit-multiplier matrix; the elimination itself never started\ppreprocessed dispatch timeout after reduced solve; the reduced solve's own reason was [ResourceLimit] lra: the deadline passed building the Fourier–Motzkin unit-multiplier matrix; the elimination itself never started	other\p\pother\pquant-ownership-decline\pother\pother\pother\pother\pother\pother\pother\pother\pother	server5	3	3.54
lra-atom-screen-20260916	shipped	QF_RDL/scheduling/swv13_3000.smt2	6261a505ea6767af32873bfc897ae64f8879b6388e5ea1074d27a6d3e12218e3	Real	unknown	0	none	nra	15	fd:parse:probe\pprobe:probe\pdl-online:declined\pnra-real-root:declined\pnra:declined\pq:skolem-qf:declined\pfd:string-gate:declined\pfd:source-string-semantic-unsat:declined\pfd:word-route:declined\pfd:online-string:declined\pfd:membership:declined\pfd:lex-order:declined\pfd:length-lia:declined\pfd:source-string-sat-probe:declined\pfd:bounded-completeness-unsat:declined	24230	50\p16\p11618\p3\p12424\p0\p0\p0\p0\p0\p0\p0\p0\p0\p0	no	dl-online=budget\pnra-real-root=not-applicable\pnra=budget\pq:skolem-qf=unsupported\pfd:string-gate=budget\pfd:source-string-semantic-unsat=budget\pfd:word-route=budget\pfd:online-string=budget\pfd:membership=budget\pfd:lex-order=budget\pfd:length-lia=budget\pfd:source-string-sat-probe=budget\pfd:bounded-completeness-unsat=budget	budget exhausted in the online difference-logic driver (atoms=25051, equality_gates=0, bool_equality_gates=0, cnf_vars=50101, clauses=75151)\p\plra: the deadline passed building the Fourier–Motzkin unit-multiplier matrix; the elimination itself never started\pquant-route ownership (ADR-2103): `q:skolem-qf` owns {Real, Int, BvOrFloat, Datatype, Function, UninterpretedSort, Array, NonBvArray, NonBoolBvArray} and does not own {NestedArray, WideInt}, which this quantified query carries, so its non-decision is a decline and the ladder continues. Its own reason was: preprocessed dispatch timeout after reduced solve; the reduced solve's own reason was [ResourceLimit] lra: the deadline passed building the Fourier–Motzkin unit-multiplier matrix; the elimination itself never started\ppreprocessed dispatch timeout after reduced solve; the reduced solve's own reason was [ResourceLimit] lra: the deadline passed building the Fourier–Motzkin unit-multiplier matrix; the elimination itself never started\ppreprocessed dispatch timeout after reduced solve; the reduced solve's own reason was [ResourceLimit] lra: the deadline passed building the Fourier–Motzkin unit-multiplier matrix; the elimination itself never started\ppreprocessed dispatch timeout after reduced solve; the reduced solve's own reason was [ResourceLimit] lra: the deadline passed building the Fourier–Motzkin unit-multiplier matrix; the elimination itself never started\ppreprocessed dispatch timeout after reduced solve; the reduced solve's own reason was [ResourceLimit] lra: the deadline passed building the Fourier–Motzkin unit-multiplier matrix; the elimination itself never started\ppreprocessed dispatch timeout after reduced solve; the reduced solve's own reason was [ResourceLimit] lra: the deadline passed building the Fourier–Motzkin unit-multiplier matrix; the elimination itself never started\ppreprocessed dispatch timeout after reduced solve; the reduced solve's own reason was [ResourceLimit] lra: the deadline passed building the Fourier–Motzkin unit-multiplier matrix; the elimination itself never started\ppreprocessed dispatch timeout after reduced solve; the reduced solve's own reason was [ResourceLimit] lra: the deadline passed building the Fourier–Motzkin unit-multiplier matrix; the elimination itself never started\ppreprocessed dispatch timeout after reduced solve; the reduced solve's own reason was [ResourceLimit] lra: the deadline passed building the Fourier–Motzkin unit-multiplier matrix; the elimination itself never started\ppreprocessed dispatch timeout after reduced solve; the reduced solve's own reason was [ResourceLimit] lra: the deadline passed building the Fourier–Motzkin unit-multiplier matrix; the elimination itself never started	other\p\pother\pquant-ownership-decline\pother\pother\pother\pother\pother\pother\pother\pother\pother	server5	3	3.29
lra-atom-screen-20260916	shipped	QF_RDL/scheduling/swv13_3104.smt2	6261a505ea6767af32873bfc897ae64f8879b6388e5ea1074d27a6d3e12218e3	Real	unknown	0	none	dl-online	4	fd:parse:probe\pprobe:probe\pdl-online:declined\pnra-real-root:declined	25131	52\p16\p10104\p3	yes	dl-online=budget\pnra-real-root=not-applicable	budget exhausted in the online difference-logic driver (atoms=25051, equality_gates=0, bool_equality_gates=0, cnf_vars=50101, clauses=75151)\p	other\p	server5	3	3.25
lra-atom-screen-20260916	shipped	QF_RDL/scheduling/swv13_3150.smt2	6261a505ea6767af32873bfc897ae64f8879b6388e5ea1074d27a6d3e12218e3	Real	unknown	0	none	nra	15	fd:parse:probe\pprobe:probe\pdl-online:declined\pnra-real-root:declined\pnra:declined\pq:skolem-qf:declined\pfd:string-gate:declined\pfd:source-string-semantic-unsat:declined\pfd:word-route:declined\pfd:online-string:declined\pfd:membership:declined\pfd:lex-order:declined\pfd:length-lia:declined\pfd:source-string-sat-probe:declined\pfd:bounded-completeness-unsat:declined	24532	53\p16\p9628\p3\p14755\p0\p0\p0\p0\p0\p0\p0\p0\p0\p0	no	dl-online=budget\pnra-real-root=not-applicable\pnra=budget\pq:skolem-qf=unsupported\pfd:string-gate=budget\pfd:source-string-semantic-unsat=budget\pfd:word-route=budget\pfd:online-string=budget\pfd:membership=budget\pfd:lex-order=budget\pfd:length-lia=budget\pfd:source-string-sat-probe=budget\pfd:bounded-completeness-unsat=budget	budget exhausted in the online difference-logic driver (atoms=25051, equality_gates=0, bool_equality_gates=0, cnf_vars=50101, clauses=75151)\p\plra: the deadline passed building the Fourier–Motzkin unit-multiplier matrix; the elimination itself never started\pquant-route ownership (ADR-2103): `q:skolem-qf` owns {Real, Int, BvOrFloat, Datatype, Function, UninterpretedSort, Array, NonBvArray, NonBoolBvArray} and does not own {NestedArray, WideInt}, which this quantified query carries, so its non-decision is a decline and the ladder continues. Its own reason was: preprocessed dispatch timeout after reduced solve; the reduced solve's own reason was [ResourceLimit] lra: the deadline passed building the Fourier–Motzkin unit-multiplier matrix; the elimination itself never started\ppreprocessed dispatch timeout after reduced solve; the reduced solve's own reason was [ResourceLimit] lra: the deadline passed building the Fourier–Motzkin unit-multiplier matrix; the elimination itself never started\ppreprocessed dispatch timeout after reduced solve; the reduced solve's own reason was [ResourceLimit] lra: the deadline passed building the Fourier–Motzkin unit-multiplier matrix; the elimination itself never started\ppreprocessed dispatch timeout after reduced solve; the reduced solve's own reason was [ResourceLimit] lra: the deadline passed building the Fourier–Motzkin unit-multiplier matrix; the elimination itself never started\ppreprocessed dispatch timeout after reduced solve; the reduced solve's own reason was [ResourceLimit] lra: the deadline passed building the Fourier–Motzkin unit-multiplier matrix; the elimination itself never started\ppreprocessed dispatch timeout after reduced solve; the reduced solve's own reason was [ResourceLimit] lra: the deadline passed building the Fourier–Motzkin unit-multiplier matrix; the elimination itself never started\ppreprocessed dispatch timeout after reduced solve; the reduced solve's own reason was [ResourceLimit] lra: the deadline passed building the Fourier–Motzkin unit-multiplier matrix; the elimination itself never started\ppreprocessed dispatch timeout after reduced solve; the reduced solve's own reason was [ResourceLimit] lra: the deadline passed building the Fourier–Motzkin unit-multiplier matrix; the elimination itself never started\ppreprocessed dispatch timeout after reduced solve; the reduced solve's own reason was [ResourceLimit] lra: the deadline passed building the Fourier–Motzkin unit-multiplier matrix; the elimination itself never started\ppreprocessed dispatch timeout after reduced solve; the reduced solve's own reason was [ResourceLimit] lra: the deadline passed building the Fourier–Motzkin unit-multiplier matrix; the elimination itself never started	other\p\pother\pquant-ownership-decline\pother\pother\pother\pother\pother\pother\pother\pother\pother	server5	3	3.16
lra-atom-screen-20260916	shipped	QF_RDL/scheduling/swv13_3200.smt2	6261a505ea6767af32873bfc897ae64f8879b6388e5ea1074d27a6d3e12218e3	Real	unknown	0	none	nra	15	fd:parse:probe\pprobe:probe\pdl-online:declined\pnra-real-root:declined\pnra:declined\pq:skolem-qf:declined\pfd:string-gate:declined\pfd:source-string-semantic-unsat:declined\pfd:word-route:declined\pfd:online-string:declined\pfd:membership:declined\pfd:lex-order:declined\pfd:length-lia:declined\pfd:source-string-sat-probe:declined\pfd:bounded-completeness-unsat:declined	24230	52\p16\p8795\p3\p15218\p0\p0\p0\p0\p0\p0\p0\p0\p0\p0	no	dl-online=budget\pnra-real-root=not-applicable\pnra=budget\pq:skolem-qf=unsupported\pfd:string-gate=budget\pfd:source-string-semantic-unsat=budget\pfd:word-route=budget\pfd:online-string=budget\pfd:membership=budget\pfd:lex-order=budget\pfd:length-lia=budget\pfd:source-string-sat-probe=budget\pfd:bounded-completeness-unsat=budget	budget exhausted in the online difference-logic driver (atoms=25051, equality_gates=0, bool_equality_gates=0, cnf_vars=50101, clauses=75151)\p\plra: the deadline passed building the Fourier–Motzkin unit-multiplier matrix; the elimination itself never started\pquant-route ownership (ADR-2103): `q:skolem-qf` owns {Real, Int, BvOrFloat, Datatype, Function, UninterpretedSort, Array, NonBvArray, NonBoolBvArray} and does not own {NestedArray, WideInt}, which this quantified query carries, so its non-decision is a decline and the ladder continues. Its own reason was: preprocessed dispatch timeout after reduced solve; the reduced solve's own reason was [ResourceLimit] lra: the deadline passed building the Fourier–Motzkin unit-multiplier matrix; the elimination itself never started\ppreprocessed dispatch timeout after reduced solve; the reduced solve's own reason was [ResourceLimit] lra: the deadline passed building the Fourier–Motzkin unit-multiplier matrix; the elimination itself never started\ppreprocessed dispatch timeout after reduced solve; the reduced solve's own reason was [ResourceLimit] lra: the deadline passed building the Fourier–Motzkin unit-multiplier matrix; the elimination itself never started\ppreprocessed dispatch timeout after reduced solve; the reduced solve's own reason was [ResourceLimit] lra: the deadline passed building the Fourier–Motzkin unit-multiplier matrix; the elimination itself never started\ppreprocessed dispatch timeout after reduced solve; the reduced solve's own reason was [ResourceLimit] lra: the deadline passed building the Fourier–Motzkin unit-multiplier matrix; the elimination itself never started\ppreprocessed dispatch timeout after reduced solve; the reduced solve's own reason was [ResourceLimit] lra: the deadline passed building the Fourier–Motzkin unit-multiplier matrix; the elimination itself never started\ppreprocessed dispatch timeout after reduced solve; the reduced solve's own reason was [ResourceLimit] lra: the deadline passed building the Fourier–Motzkin unit-multiplier matrix; the elimination itself never started\ppreprocessed dispatch timeout after reduced solve; the reduced solve's own reason was [ResourceLimit] lra: the deadline passed building the Fourier–Motzkin unit-multiplier matrix; the elimination itself never started\ppreprocessed dispatch timeout after reduced solve; the reduced solve's own reason was [ResourceLimit] lra: the deadline passed building the Fourier–Motzkin unit-multiplier matrix; the elimination itself never started\ppreprocessed dispatch timeout after reduced solve; the reduced solve's own reason was [ResourceLimit] lra: the deadline passed building the Fourier–Motzkin unit-multiplier matrix; the elimination itself never started	other\p\pother\pquant-ownership-decline\pother\pother\pother\pother\pother\pother\pother\pother\pother	server5	3	3.10
lra-atom-screen-20260916	shipped	QF_RDL/scheduling/swv14_2800.smt2	6261a505ea6767af32873bfc897ae64f8879b6388e5ea1074d27a6d3e12218e3	Real	unknown	0	none	nra	15	fd:parse:probe\pprobe:probe\pdl-online:declined\pnra-real-root:declined\pnra:declined\pq:skolem-qf:declined\pfd:string-gate:declined\pfd:source-string-semantic-unsat:declined\pfd:word-route:declined\pfd:online-string:declined\pfd:membership:declined\pfd:lex-order:declined\pfd:length-lia:declined\pfd:source-string-sat-probe:declined\pfd:bounded-completeness-unsat:declined	24230	49\p16\p9386\p3\p14632\p0\p0\p0\p0\p0\p0\p0\p0\p0\p0	no	dl-online=budget\pnra-real-root=not-applicable\pnra=budget\pq:skolem-qf=unsupported\pfd:string-gate=budget\pfd:source-string-semantic-unsat=budget\pfd:word-route=budget\pfd:online-string=budget\pfd:membership=budget\pfd:lex-order=budget\pfd:length-lia=budget\pfd:source-string-sat-probe=budget\pfd:bounded-completeness-unsat=budget	budget exhausted in the online difference-logic driver (atoms=25051, equality_gates=0, bool_equality_gates=0, cnf_vars=50101, clauses=75151)\p\plra: the deadline passed building the Fourier–Motzkin unit-multiplier matrix; the elimination itself never started\pquant-route ownership (ADR-2103): `q:skolem-qf` owns {Real, Int, BvOrFloat, Datatype, Function, UninterpretedSort, Array, NonBvArray, NonBoolBvArray} and does not own {NestedArray, WideInt}, which this quantified query carries, so its non-decision is a decline and the ladder continues. Its own reason was: preprocessed dispatch timeout after reduced solve; the reduced solve's own reason was [ResourceLimit] lra: the deadline passed building the Fourier–Motzkin unit-multiplier matrix; the elimination itself never started\ppreprocessed dispatch timeout after reduced solve; the reduced solve's own reason was [ResourceLimit] lra: the deadline passed building the Fourier–Motzkin unit-multiplier matrix; the elimination itself never started\ppreprocessed dispatch timeout after reduced solve; the reduced solve's own reason was [ResourceLimit] lra: the deadline passed building the Fourier–Motzkin unit-multiplier matrix; the elimination itself never started\ppreprocessed dispatch timeout after reduced solve; the reduced solve's own reason was [ResourceLimit] lra: the deadline passed building the Fourier–Motzkin unit-multiplier matrix; the elimination itself never started\ppreprocessed dispatch timeout after reduced solve; the reduced solve's own reason was [ResourceLimit] lra: the deadline passed building the Fourier–Motzkin unit-multiplier matrix; the elimination itself never started\ppreprocessed dispatch timeout after reduced solve; the reduced solve's own reason was [ResourceLimit] lra: the deadline passed building the Fourier–Motzkin unit-multiplier matrix; the elimination itself never started\ppreprocessed dispatch timeout after reduced solve; the reduced solve's own reason was [ResourceLimit] lra: the deadline passed building the Fourier–Motzkin unit-multiplier matrix; the elimination itself never started\ppreprocessed dispatch timeout after reduced solve; the reduced solve's own reason was [ResourceLimit] lra: the deadline passed building the Fourier–Motzkin unit-multiplier matrix; the elimination itself never started\ppreprocessed dispatch timeout after reduced solve; the reduced solve's own reason was [ResourceLimit] lra: the deadline passed building the Fourier–Motzkin unit-multiplier matrix; the elimination itself never started\ppreprocessed dispatch timeout after reduced solve; the reduced solve's own reason was [ResourceLimit] lra: the deadline passed building the Fourier–Motzkin unit-multiplier matrix; the elimination itself never started	other\p\pother\pquant-ownership-decline\pother\pother\pother\pother\pother\pother\pother\pother\pother	server5	3	3.07
lra-atom-screen-20260916	shipped	QF_RDL/scheduling/swv14_2885.smt2	6261a505ea6767af32873bfc897ae64f8879b6388e5ea1074d27a6d3e12218e3	Real	unknown	0	none	nra	15	fd:parse:probe\pprobe:probe\pdl-online:declined\pnra-real-root:declined\pnra:declined\pq:skolem-qf:declined\pfd:string-gate:declined\pfd:source-string-semantic-unsat:declined\pfd:word-route:declined\pfd:online-string:declined\pfd:membership:declined\pfd:lex-order:declined\pfd:length-lia:declined\pfd:source-string-sat-probe:declined\pfd:bounded-completeness-unsat:declined	24230	48\p16\p9246\p3\p14769\p0\p0\p0\p0\p0\p0\p0\p0\p0\p0	no	dl-online=budget\pnra-real-root=not-applicable\pnra=budget\pq:skolem-qf=unsupported\pfd:string-gate=budget\pfd:source-string-semantic-unsat=budget\pfd:word-route=budget\pfd:online-string=budget\pfd:membership=budget\pfd:lex-order=budget\pfd:length-lia=budget\pfd:source-string-sat-probe=budget\pfd:bounded-completeness-unsat=budget	budget exhausted in the online difference-logic driver (atoms=25051, equality_gates=0, bool_equality_gates=0, cnf_vars=50101, clauses=75151)\p\plra: the deadline passed building the Fourier–Motzkin unit-multiplier matrix; the elimination itself never started\pquant-route ownership (ADR-2103): `q:skolem-qf` owns {Real, Int, BvOrFloat, Datatype, Function, UninterpretedSort, Array, NonBvArray, NonBoolBvArray} and does not own {NestedArray, WideInt}, which this quantified query carries, so its non-decision is a decline and the ladder continues. Its own reason was: preprocessed dispatch timeout after reduced solve; the reduced solve's own reason was [ResourceLimit] lra: the deadline passed building the Fourier–Motzkin unit-multiplier matrix; the elimination itself never started\ppreprocessed dispatch timeout after reduced solve; the reduced solve's own reason was [ResourceLimit] lra: the deadline passed building the Fourier–Motzkin unit-multiplier matrix; the elimination itself never started\ppreprocessed dispatch timeout after reduced solve; the reduced solve's own reason was [ResourceLimit] lra: the deadline passed building the Fourier–Motzkin unit-multiplier matrix; the elimination itself never started\ppreprocessed dispatch timeout after reduced solve; the reduced solve's own reason was [ResourceLimit] lra: the deadline passed building the Fourier–Motzkin unit-multiplier matrix; the elimination itself never started\ppreprocessed dispatch timeout after reduced solve; the reduced solve's own reason was [ResourceLimit] lra: the deadline passed building the Fourier–Motzkin unit-multiplier matrix; the elimination itself never started\ppreprocessed dispatch timeout after reduced solve; the reduced solve's own reason was [ResourceLimit] lra: the deadline passed building the Fourier–Motzkin unit-multiplier matrix; the elimination itself never started\ppreprocessed dispatch timeout after reduced solve; the reduced solve's own reason was [ResourceLimit] lra: the deadline passed building the Fourier–Motzkin unit-multiplier matrix; the elimination itself never started\ppreprocessed dispatch timeout after reduced solve; the reduced solve's own reason was [ResourceLimit] lra: the deadline passed building the Fourier–Motzkin unit-multiplier matrix; the elimination itself never started\ppreprocessed dispatch timeout after reduced solve; the reduced solve's own reason was [ResourceLimit] lra: the deadline passed building the Fourier–Motzkin unit-multiplier matrix; the elimination itself never started\ppreprocessed dispatch timeout after reduced solve; the reduced solve's own reason was [ResourceLimit] lra: the deadline passed building the Fourier–Motzkin unit-multiplier matrix; the elimination itself never started	other\p\pother\pquant-ownership-decline\pother\pother\pother\pother\pother\pother\pother\pother\pother	server5	3	3.04
lra-atom-screen-20260916	shipped	QF_RDL/scheduling/swv14_2895.smt2	6261a505ea6767af32873bfc897ae64f8879b6388e5ea1074d27a6d3e12218e3	Real	unknown	0	none	nra	15	fd:parse:probe\pprobe:probe\pdl-online:declined\pnra-real-root:declined\pnra:declined\pq:skolem-qf:declined\pfd:string-gate:declined\pfd:source-string-semantic-unsat:declined\pfd:word-route:declined\pfd:online-string:declined\pfd:membership:declined\pfd:lex-order:declined\pfd:length-lia:declined\pfd:source-string-sat-probe:declined\pfd:bounded-completeness-unsat:declined	24229	47\p16\p8849\p3\p15251\p0\p0\p0\p0\p0\p0\p0\p0\p0\p0	no	dl-online=budget\pnra-real-root=not-applicable\pnra=budget\pq:skolem-qf=unsupported\pfd:string-gate=budget\pfd:source-string-semantic-unsat=budget\pfd:word-route=budget\pfd:online-string=budget\pfd:membership=budget\pfd:lex-order=budget\pfd:length-lia=budget\pfd:source-string-sat-probe=budget\pfd:bounded-completeness-unsat=budget	budget exhausted in the online difference-logic driver (atoms=25051, equality_gates=0, bool_equality_gates=0, cnf_vars=50101, clauses=75151)\p\plra: the deadline passed building the Fourier–Motzkin unit-multiplier matrix; the elimination itself never started\pquant-route ownership (ADR-2103): `q:skolem-qf` owns {Real, Int, BvOrFloat, Datatype, Function, UninterpretedSort, Array, NonBvArray, NonBoolBvArray} and does not own {NestedArray, WideInt}, which this quantified query carries, so its non-decision is a decline and the ladder continues. Its own reason was: preprocessed dispatch timeout after reduced solve; the reduced solve's own reason was [ResourceLimit] lra: the deadline passed building the Fourier–Motzkin unit-multiplier matrix; the elimination itself never started\ppreprocessed dispatch timeout after reduced solve; the reduced solve's own reason was [ResourceLimit] lra: the deadline passed building the Fourier–Motzkin unit-multiplier matrix; the elimination itself never started\ppreprocessed dispatch timeout after reduced solve; the reduced solve's own reason was [ResourceLimit] lra: the deadline passed building the Fourier–Motzkin unit-multiplier matrix; the elimination itself never started\ppreprocessed dispatch timeout after reduced solve; the reduced solve's own reason was [ResourceLimit] lra: the deadline passed building the Fourier–Motzkin unit-multiplier matrix; the elimination itself never started\ppreprocessed dispatch timeout after reduced solve; the reduced solve's own reason was [ResourceLimit] lra: the deadline passed building the Fourier–Motzkin unit-multiplier matrix; the elimination itself never started\ppreprocessed dispatch timeout after reduced solve; the reduced solve's own reason was [ResourceLimit] lra: the deadline passed building the Fourier–Motzkin unit-multiplier matrix; the elimination itself never started\ppreprocessed dispatch timeout after reduced solve; the reduced solve's own reason was [ResourceLimit] lra: the deadline passed building the Fourier–Motzkin unit-multiplier matrix; the elimination itself never started\ppreprocessed dispatch timeout after reduced solve; the reduced solve's own reason was [ResourceLimit] lra: the deadline passed building the Fourier–Motzkin unit-multiplier matrix; the elimination itself never started\ppreprocessed dispatch timeout after reduced solve; the reduced solve's own reason was [ResourceLimit] lra: the deadline passed building the Fourier–Motzkin unit-multiplier matrix; the elimination itself never started\ppreprocessed dispatch timeout after reduced solve; the reduced solve's own reason was [ResourceLimit] lra: the deadline passed building the Fourier–Motzkin unit-multiplier matrix; the elimination itself never started	other\p\pother\pquant-ownership-decline\pother\pother\pother\pother\pother\pother\pother\pother\pother	server5	3	3.03
lra-atom-screen-20260916	shipped	QF_RDL/scheduling/swv14_2905.smt2	6261a505ea6767af32873bfc897ae64f8879b6388e5ea1074d27a6d3e12218e3	Real	unknown	0	none	nra	15	fd:parse:probe\pprobe:probe\pdl-online:declined\pnra-real-root:declined\pnra:declined\pq:skolem-qf:declined\pfd:string-gate:declined\pfd:source-string-semantic-unsat:declined\pfd:word-route:declined\pfd:online-string:declined\pfd:membership:declined\pfd:lex-order:declined\pfd:length-lia:declined\pfd:source-string-sat-probe:declined\pfd:bounded-completeness-unsat:declined	24296	49\p16\p8896\p3\p15199\p0\p0\p0\p0\p0\p0\p0\p0\p0\p0	no	dl-online=budget\pnra-real-root=not-applicable\pnra=budget\pq:skolem-qf=unsupported\pfd:string-gate=budget\pfd:source-string-semantic-unsat=budget\pfd:word-route=budget\pfd:online-string=budget\pfd:membership=budget\pfd:lex-order=budget\pfd:length-lia=budget\pfd:source-string-sat-probe=budget\pfd:bounded-completeness-unsat=budget	budget exhausted in the online difference-logic driver (atoms=25051, equality_gates=0, bool_equality_gates=0, cnf_vars=50101, clauses=75151)\p\plra: the deadline passed building the Fourier–Motzkin unit-multiplier matrix; the elimination itself never started\pquant-route ownership (ADR-2103): `q:skolem-qf` owns {Real, Int, BvOrFloat, Datatype, Function, UninterpretedSort, Array, NonBvArray, NonBoolBvArray} and does not own {NestedArray, WideInt}, which this quantified query carries, so its non-decision is a decline and the ladder continues. Its own reason was: preprocessed dispatch timeout after reduced solve; the reduced solve's own reason was [ResourceLimit] lra: the deadline passed building the Fourier–Motzkin unit-multiplier matrix; the elimination itself never started\ppreprocessed dispatch timeout after reduced solve; the reduced solve's own reason was [ResourceLimit] lra: the deadline passed building the Fourier–Motzkin unit-multiplier matrix; the elimination itself never started\ppreprocessed dispatch timeout after reduced solve; the reduced solve's own reason was [ResourceLimit] lra: the deadline passed building the Fourier–Motzkin unit-multiplier matrix; the elimination itself never started\ppreprocessed dispatch timeout after reduced solve; the reduced solve's own reason was [ResourceLimit] lra: the deadline passed building the Fourier–Motzkin unit-multiplier matrix; the elimination itself never started\ppreprocessed dispatch timeout after reduced solve; the reduced solve's own reason was [ResourceLimit] lra: the deadline passed building the Fourier–Motzkin unit-multiplier matrix; the elimination itself never started\ppreprocessed dispatch timeout after reduced solve; the reduced solve's own reason was [ResourceLimit] lra: the deadline passed building the Fourier–Motzkin unit-multiplier matrix; the elimination itself never started\ppreprocessed dispatch timeout after reduced solve; the reduced solve's own reason was [ResourceLimit] lra: the deadline passed building the Fourier–Motzkin unit-multiplier matrix; the elimination itself never started\ppreprocessed dispatch timeout after reduced solve; the reduced solve's own reason was [ResourceLimit] lra: the deadline passed building the Fourier–Motzkin unit-multiplier matrix; the elimination itself never started\ppreprocessed dispatch timeout after reduced solve; the reduced solve's own reason was [ResourceLimit] lra: the deadline passed building the Fourier–Motzkin unit-multiplier matrix; the elimination itself never started\ppreprocessed dispatch timeout after reduced solve; the reduced solve's own reason was [ResourceLimit] lra: the deadline passed building the Fourier–Motzkin unit-multiplier matrix; the elimination itself never started	other\p\pother\pquant-ownership-decline\pother\pother\pother\pother\pother\pother\pother\pother\pother	server5	3	3.02
lra-atom-screen-20260916	shipped	QF_RDL/scheduling/swv14_3000.smt2	6261a505ea6767af32873bfc897ae64f8879b6388e5ea1074d27a6d3e12218e3	Real	unknown	0	none	nra	15	fd:parse:probe\pprobe:probe\pdl-online:declined\pnra-real-root:declined\pnra:declined\pq:skolem-qf:declined\pfd:string-gate:declined\pfd:source-string-semantic-unsat:declined\pfd:word-route:declined\pfd:online-string:declined\pfd:membership:declined\pfd:lex-order:declined\pfd:length-lia:declined\pfd:source-string-sat-probe:declined\pfd:bounded-completeness-unsat:declined	24252	46\p15\p8582\p3\p15471\p0\p0\p0\p0\p0\p0\p0\p0\p0\p0	no	dl-online=budget\pnra-real-root=not-applicable\pnra=budget\pq:skolem-qf=unsupported\pfd:string-gate=budget\pfd:source-string-semantic-unsat=budget\pfd:word-route=budget\pfd:online-string=budget\pfd:membership=budget\pfd:lex-order=budget\pfd:length-lia=budget\pfd:source-string-sat-probe=budget\pfd:bounded-completeness-unsat=budget	budget exhausted in the online difference-logic driver (atoms=25051, equality_gates=0, bool_equality_gates=0, cnf_vars=50101, clauses=75151)\p\plra: the deadline passed building the Fourier–Motzkin unit-multiplier matrix; the elimination itself never started\pquant-route ownership (ADR-2103): `q:skolem-qf` owns {Real, Int, BvOrFloat, Datatype, Function, UninterpretedSort, Array, NonBvArray, NonBoolBvArray} and does not own {NestedArray, WideInt}, which this quantified query carries, so its non-decision is a decline and the ladder continues. Its own reason was: preprocessed dispatch timeout after reduced solve; the reduced solve's own reason was [ResourceLimit] lra: the deadline passed building the Fourier–Motzkin unit-multiplier matrix; the elimination itself never started\ppreprocessed dispatch timeout after reduced solve; the reduced solve's own reason was [ResourceLimit] lra: the deadline passed building the Fourier–Motzkin unit-multiplier matrix; the elimination itself never started\ppreprocessed dispatch timeout after reduced solve; the reduced solve's own reason was [ResourceLimit] lra: the deadline passed building the Fourier–Motzkin unit-multiplier matrix; the elimination itself never started\ppreprocessed dispatch timeout after reduced solve; the reduced solve's own reason was [ResourceLimit] lra: the deadline passed building the Fourier–Motzkin unit-multiplier matrix; the elimination itself never started\ppreprocessed dispatch timeout after reduced solve; the reduced solve's own reason was [ResourceLimit] lra: the deadline passed building the Fourier–Motzkin unit-multiplier matrix; the elimination itself never started\ppreprocessed dispatch timeout after reduced solve; the reduced solve's own reason was [ResourceLimit] lra: the deadline passed building the Fourier–Motzkin unit-multiplier matrix; the elimination itself never started\ppreprocessed dispatch timeout after reduced solve; the reduced solve's own reason was [ResourceLimit] lra: the deadline passed building the Fourier–Motzkin unit-multiplier matrix; the elimination itself never started\ppreprocessed dispatch timeout after reduced solve; the reduced solve's own reason was [ResourceLimit] lra: the deadline passed building the Fourier–Motzkin unit-multiplier matrix; the elimination itself never started\ppreprocessed dispatch timeout after reduced solve; the reduced solve's own reason was [ResourceLimit] lra: the deadline passed building the Fourier–Motzkin unit-multiplier matrix; the elimination itself never started\ppreprocessed dispatch timeout after reduced solve; the reduced solve's own reason was [ResourceLimit] lra: the deadline passed building the Fourier–Motzkin unit-multiplier matrix; the elimination itself never started	other\p\pother\pquant-ownership-decline\pother\pother\pother\pother\pother\pother\pother\pother\pother	server5	3	3.01
lra-atom-screen-20260916	shipped	QF_RDL/scheduling/yn1_750.smt2	6261a505ea6767af32873bfc897ae64f8879b6388e5ea1074d27a6d3e12218e3	Real	unsat	0	dl-online	dl-online	3	fd:parse:probe\pprobe:probe\pdl-online:decided	1025	13\p5\p954	no				server5	3	2.84
lra-atom-screen-20260916	shipped	QF_RDL/SMT-Temporal-Planning-Benchmarks/cooking01.smt2	6261a505ea6767af32873bfc897ae64f8879b6388e5ea1074d27a6d3e12218e3	Real	sat	0	dl-online	dl-online	3	fd:parse:probe\pprobe:probe\pdl-online:decided	109	1\p0\p15	no				server5	3	2.84
lra-atom-screen-20260916	shipped	QF_RDL/SMT-Temporal-Planning-Benchmarks/cooking02.smt2	6261a505ea6767af32873bfc897ae64f8879b6388e5ea1074d27a6d3e12218e3	Real	sat	0	dl-online	dl-online	3	fd:parse:probe\pprobe:probe\pdl-online:decided	109	1\p0\p31	no				server5	3	2.84
lra-atom-screen-20260916	shipped	QF_RDL/SMT-Temporal-Planning-Benchmarks/cooking03.smt2	6261a505ea6767af32873bfc897ae64f8879b6388e5ea1074d27a6d3e12218e3	Real	sat	0	dl-online	dl-online	3	fd:parse:probe\pprobe:probe\pdl-online:decided	107	2\p0\p50	no				server5	3	2.84
lra-atom-screen-20260916	shipped	QF_RDL/SMT-Temporal-Planning-Benchmarks/cooking04.smt2	6261a505ea6767af32873bfc897ae64f8879b6388e5ea1074d27a6d3e12218e3	Real	sat	0	dl-online	dl-online	3	fd:parse:probe\pprobe:probe\pdl-online:decided	107	3\p0\p75	no				server5	3	2.84
lra-atom-screen-20260916	shipped	QF_RDL/SMT-Temporal-Planning-Benchmarks/cooking05.smt2	6261a505ea6767af32873bfc897ae64f8879b6388e5ea1074d27a6d3e12218e3	Real	sat	0	dl-online	dl-online	3	fd:parse:probe\pprobe:probe\pdl-online:decided	208	4\p0\p109	no				server5	3	2.84
lra-atom-screen-20260916	shipped	QF_RDL/SMT-Temporal-Planning-Benchmarks/cooking06.smt2	6261a505ea6767af32873bfc897ae64f8879b6388e5ea1074d27a6d3e12218e3	Real	sat	0	dl-online	dl-online	3	fd:parse:probe\pprobe:probe\pdl-online:decided	208	5\p1\p152	no				server5	3	2.84
lra-atom-screen-20260916	shipped	QF_RDL/SMT-Temporal-Planning-Benchmarks/cooking07.smt2	6261a505ea6767af32873bfc897ae64f8879b6388e5ea1074d27a6d3e12218e3	Real	sat	0	dl-online	dl-online	3	fd:parse:probe\pprobe:probe\pdl-online:decided	309	6\p1\p186	no				server5	3	2.84
lra-atom-screen-20260916	shipped	QF_RDL/SMT-Temporal-Planning-Benchmarks/cooking08.smt2	6261a505ea6767af32873bfc897ae64f8879b6388e5ea1074d27a6d3e12218e3	Real	sat	0	dl-online	dl-online	3	fd:parse:probe\pprobe:probe\pdl-online:decided	308	7\p1\p238	no				server5	3	2.84
lra-atom-screen-20260916	shipped	QF_RDL/SMT-Temporal-Planning-Benchmarks/cooking09.smt2	6261a505ea6767af32873bfc897ae64f8879b6388e5ea1074d27a6d3e12218e3	Real	sat	0	dl-online	dl-online	3	fd:parse:probe\pprobe:probe\pdl-online:decided	408	8\p1\p281	no				server5	3	2.84
lra-atom-screen-20260916	shipped	QF_RDL/SMT-Temporal-Planning-Benchmarks/cooking10.smt2	6261a505ea6767af32873bfc897ae64f8879b6388e5ea1074d27a6d3e12218e3	Real	sat	0	dl-online	dl-online	3	fd:parse:probe\pprobe:probe\pdl-online:decided	408	9\p1\p340	no				server5	3	2.84
lra-atom-screen-20260916	shipped	QF_RDL/SMT-Temporal-Planning-Benchmarks/cooking11.smt2	6261a505ea6767af32873bfc897ae64f8879b6388e5ea1074d27a6d3e12218e3	Real	sat	0	dl-online	dl-online	3	fd:parse:probe\pprobe:probe\pdl-online:decided	508	11\p1\p421	no				server5	3	2.84
lra-atom-screen-20260916	shipped	QF_RDL/SMT-Temporal-Planning-Benchmarks/cooking12.smt2	6261a505ea6767af32873bfc897ae64f8879b6388e5ea1074d27a6d3e12218e3	Real	sat	0	dl-online	dl-online	3	fd:parse:probe\pprobe:probe\pdl-online:decided	609	12\p1\p519	no				server5	3	2.84
lra-atom-screen-20260916	shipped	QF_RDL/SMT-Temporal-Planning-Benchmarks/cooking13.smt2	6261a505ea6767af32873bfc897ae64f8879b6388e5ea1074d27a6d3e12218e3	Real	sat	0	dl-online	dl-online	3	fd:parse:probe\pprobe:probe\pdl-online:decided	708	13\p2\p620	no				server5	3	2.86
lra-atom-screen-20260916	shipped	QF_RDL/SMT-Temporal-Planning-Benchmarks/cooking14.smt2	6261a505ea6767af32873bfc897ae64f8879b6388e5ea1074d27a6d3e12218e3	Real	sat	0	dl-online	dl-online	3	fd:parse:probe\pprobe:probe\pdl-online:decided	809	16\p2\p740	no				server5	3	2.86
lra-atom-screen-20260916	shipped	QF_RDL/SMT-Temporal-Planning-Benchmarks/cooking15.smt2	6261a505ea6767af32873bfc897ae64f8879b6388e5ea1074d27a6d3e12218e3	Real	sat	0	dl-online	dl-online	3	fd:parse:probe\pprobe:probe\pdl-online:decided	908	16\p2\p844	no				server5	3	2.86
lra-atom-screen-20260916	shipped	QF_RDL/SMT-Temporal-Planning-Benchmarks/cooking16.smt2	6261a505ea6767af32873bfc897ae64f8879b6388e5ea1074d27a6d3e12218e3	Real	sat	0	dl-online	dl-online	3	fd:parse:probe\pprobe:probe\pdl-online:decided	1008	17\p2\p956	no				server5	3	2.86
lra-atom-screen-20260916	shipped	QF_RDL/SMT-Temporal-Planning-Benchmarks/cooking17.smt2	6261a505ea6767af32873bfc897ae64f8879b6388e5ea1074d27a6d3e12218e3	Real	sat	0	dl-online	dl-online	3	fd:parse:probe\pprobe:probe\pdl-online:decided	1209	19\p2\p1083	no				server5	3	2.86
lra-atom-screen-20260916	shipped	QF_RDL/SMT-Temporal-Planning-Benchmarks/cooking18.smt2	6261a505ea6767af32873bfc897ae64f8879b6388e5ea1074d27a6d3e12218e3	Real	sat	0	dl-online	dl-online	3	fd:parse:probe\pprobe:probe\pdl-online:decided	1309	21\p2\p1235	no				server5	3	2.87
lra-atom-screen-20260916	shipped	QF_RDL/SMT-Temporal-Planning-Benchmarks/cooking19.smt2	6261a505ea6767af32873bfc897ae64f8879b6388e5ea1074d27a6d3e12218e3	Real	sat	0	dl-online	dl-online	3	fd:parse:probe\pprobe:probe\pdl-online:decided	1508	23\p3\p1402	no				server5	3	2.87
lra-atom-screen-20260916	shipped	QF_RDL/SMT-Temporal-Planning-Benchmarks/cooking20.smt2	6261a505ea6767af32873bfc897ae64f8879b6388e5ea1074d27a6d3e12218e3	Real	sat	0	dl-online	dl-online	3	fd:parse:probe\pprobe:probe\pdl-online:decided	1608	26\p3\p1535	no				server5	3	2.87
lra-atom-screen-20260916	shipped	QF_RDL/SMT-Temporal-Planning-Benchmarks/cooking21.smt2	6261a505ea6767af32873bfc897ae64f8879b6388e5ea1074d27a6d3e12218e3	Real	sat	0	dl-online	dl-online	3	fd:parse:probe\pprobe:probe\pdl-online:decided	1809	27\p3\p1707	no				server5	3	2.88
lra-atom-screen-20260916	shipped	QF_RDL/SMT-Temporal-Planning-Benchmarks/cooking22.smt2	6261a505ea6767af32873bfc897ae64f8879b6388e5ea1074d27a6d3e12218e3	Real	sat	0	dl-online	dl-online	3	fd:parse:probe\pprobe:probe\pdl-online:decided	2010	29\p3\p1923	no				server5	3	2.88
lra-atom-screen-20260916	shipped	QF_RDL/SMT-Temporal-Planning-Benchmarks/tempo-depth-2.smt2	6261a505ea6767af32873bfc897ae64f8879b6388e5ea1074d27a6d3e12218e3	Real	sat	0	dl-online	dl-online	3	fd:parse:probe\pprobe:probe\pdl-online:decided	108	4\p0\p52	no				server5	3	2.88
lra-atom-screen-20260916	shipped	QF_RDL/SMT-Temporal-Planning-Benchmarks/tempo-depth-3.smt2	6261a505ea6767af32873bfc897ae64f8879b6388e5ea1074d27a6d3e12218e3	Real	sat	0	dl-online	dl-online	3	fd:parse:probe\pprobe:probe\pdl-online:decided	708	38\p2\p575	no				server5	3	2.88
lra-atom-screen-20260916	shipped	QF_RDL/SMT-Temporal-Planning-Benchmarks/tempo-depth-4.smt2	6261a505ea6767af32873bfc897ae64f8879b6388e5ea1074d27a6d3e12218e3	Real	sat	0	dl-online	dl-online	3	fd:parse:probe\pprobe:probe\pdl-online:decided	3811	206\p7\p3555	no				server5	3	2.81
lra-atom-screen-20260916	shipped	QF_RDL/SMT-Temporal-Planning-Benchmarks/tempo-depth-5.smt2	6261a505ea6767af32873bfc897ae64f8879b6388e5ea1074d27a6d3e12218e3	Real	unknown	0	none	dl-online	4	fd:parse:probe\pprobe:probe\pdl-online:declined\pnra-real-root:declined	25030	813\p15\p18062\p4	yes	dl-online=budget\pnra-real-root=not-applicable	budget exhausted in the online difference-logic driver (atoms=6176, equality_gates=0, bool_equality_gates=0, cnf_vars=64321, clauses=169669)\p	other\p	server5	3	2.81
lra-atom-screen-20260916	shipped	QF_RDL/SMT-Temporal-Planning-Benchmarks/tempo-depth-6.smt2	6261a505ea6767af32873bfc897ae64f8879b6388e5ea1074d27a6d3e12218e3	Real	unknown	0	none	dl-online	4	fd:parse:probe\pprobe:probe\pdl-online:declined\pnra-real-root:declined	25133	2754\p32\p18147\p10	yes	dl-online=budget\pnra-real-root=not-applicable	budget exhausted in the online difference-logic driver (atoms=10471, equality_gates=0, bool_equality_gates=0, cnf_vars=122067, clauses=326838)\p	other\p	server5	3	2.88
lra-atom-screen-20260916	shipped	QF_RDL/SMT-Temporal-Planning-Benchmarks/tempo-depth-7.smt2	6261a505ea6767af32873bfc897ae64f8879b6388e5ea1074d27a6d3e12218e3	Real	unknown	0	none	fd:parse	2	fd:parse:probe\pprobe:probe	25132	7239\p54	yes				server5	3	2.92
lra-atom-screen-20260916	shipped	QF_RDL/SMT-Temporal-Planning-Benchmarks/tempo-matrix1x1.pddl.smt2	6261a505ea6767af32873bfc897ae64f8879b6388e5ea1074d27a6d3e12218e3	Real	sat	0	dl-online	dl-online	3	fd:parse:probe\pprobe:probe\pdl-online:decided	108	0\p0\p2	no				server5	3	2.95
lra-atom-screen-20260916	shipped	QF_RDL/SMT-Temporal-Planning-Benchmarks/tempo-matrix2x2.pddl.smt2	6261a505ea6767af32873bfc897ae64f8879b6388e5ea1074d27a6d3e12218e3	Real	unknown	0	none	fd:parse	2	fd:parse:probe\pprobe:probe	25132	16105\p56	yes				server5	3	2.95
lra-atom-screen-20260916	shipped	QF_RDL/SMT-Temporal-Planning-Benchmarks/tempo-width-1.smt2	6261a505ea6767af32873bfc897ae64f8879b6388e5ea1074d27a6d3e12218e3	Real	sat	0	dl-online	dl-online	3	fd:parse:probe\pprobe:probe\pdl-online:decided	109	0\p0\p2	no				server5	3	2.97
lra-atom-screen-20260916	shipped	QF_RDL/SMT-Temporal-Planning-Benchmarks/tempo-width-2.smt2	6261a505ea6767af32873bfc897ae64f8879b6388e5ea1074d27a6d3e12218e3	Real	sat	0	dl-online	dl-online	3	fd:parse:probe\pprobe:probe\pdl-online:decided	109	6\p0\p48	no				server5	3	2.89
lra-atom-screen-20260916	shipped	QF_RDL/SMT-Temporal-Planning-Benchmarks/tempo-width-3.smt2	6261a505ea6767af32873bfc897ae64f8879b6388e5ea1074d27a6d3e12218e3	Real	sat	0	dl-online	dl-online	3	fd:parse:probe\pprobe:probe\pdl-online:decided	809	102\p4\p603	no				server5	3	2.89
lra-atom-screen-20260916	shipped	QF_RDL/SMT-Temporal-Planning-Benchmarks/tempo-width-4.smt2	6261a505ea6767af32873bfc897ae64f8879b6388e5ea1074d27a6d3e12218e3	Real	sat	0	dl-online	dl-online	3	fd:parse:probe\pprobe:probe\pdl-online:decided	6213	958\p14\p5143	no				server5	3	2.89
lra-atom-screen-20260916	shipped	QF_RDL/SMT-Temporal-Planning-Benchmarks/tempo-width-5.smt2	6261a505ea6767af32873bfc897ae64f8879b6388e5ea1074d27a6d3e12218e3	Real	unknown	0	none	dl-online	4	fd:parse:probe\pprobe:probe\pdl-online:declined\pnra-real-root:declined	25130	6025\p41\p18163\p14	yes	dl-online=budget\pnra-real-root=not-applicable	budget exhausted in the online difference-logic driver (atoms=14206, equality_gates=0, bool_equality_gates=0, cnf_vars=161851, clauses=440049)\p	other\p	server5	3	2.90
lra-atom-screen-20260916	shipped	QF_RDL/SMT-Temporal-Planning-Benchmarks/tempo-width-6.smt2	6261a505ea6767af32873bfc897ae64f8879b6388e5ea1074d27a6d3e12218e3	not-dispatched	unknown	0	none	none	0		25130		unknown				server5	3	2.93
lra-atom-screen-20260916	shipped	QF_RDL/SMT-Temporal-Planning-Benchmarks/tms-2-3-light-03.smt2	6261a505ea6767af32873bfc897ae64f8879b6388e5ea1074d27a6d3e12218e3	Real	sat	0	dl-online	dl-online	3	fd:parse:probe\pprobe:probe\pdl-online:decided	107	5\p0\p48	no				server5	3	2.96
lra-atom-screen-20260916	shipped	QF_RDL/SMT-Temporal-Planning-Benchmarks/tms-2-3-light-04.smt2	6261a505ea6767af32873bfc897ae64f8879b6388e5ea1074d27a6d3e12218e3	Real	sat	0	dl-online	dl-online	3	fd:parse:probe\pprobe:probe\pdl-online:decided	108	4\p0\p73	no				server5	3	2.96
lra-atom-screen-20260916	shipped	QF_RDL/SMT-Temporal-Planning-Benchmarks/tms-2-3-light-05.smt2	6261a505ea6767af32873bfc897ae64f8879b6388e5ea1074d27a6d3e12218e3	Real	sat	0	dl-online	dl-online	3	fd:parse:probe\pprobe:probe\pdl-online:decided	208	9\p1\p82	no				server5	3	2.96
lra-atom-screen-20260916	shipped	QF_RDL/SMT-Temporal-Planning-Benchmarks/tms-2-3-light-06.smt2	6261a505ea6767af32873bfc897ae64f8879b6388e5ea1074d27a6d3e12218e3	Real	sat	0	dl-online	dl-online	3	fd:parse:probe\pprobe:probe\pdl-online:decided	208	7\p1\p134	no				server5	3	2.96
lra-atom-screen-20260916	shipped	QF_RDL/SMT-Temporal-Planning-Benchmarks/tms-2-3-light-07.smt2	6261a505ea6767af32873bfc897ae64f8879b6388e5ea1074d27a6d3e12218e3	Real	sat	0	dl-online	dl-online	3	fd:parse:probe\pprobe:probe\pdl-online:decided	208	13\p1\p140	no				server5	3	2.96
lra-atom-screen-20260916	shipped	QF_RDL/SMT-Temporal-Planning-Benchmarks/tms-2-3-light-08.smt2	6261a505ea6767af32873bfc897ae64f8879b6388e5ea1074d27a6d3e12218e3	Real	sat	0	dl-online	dl-online	3	fd:parse:probe\pprobe:probe\pdl-online:decided	308	11\p1\p211	no				server5	3	2.96
lra-atom-screen-20260916	shipped	QF_RDL/SMT-Temporal-Planning-Benchmarks/tms-2-3-light-09.smt2	6261a505ea6767af32873bfc897ae64f8879b6388e5ea1074d27a6d3e12218e3	Real	sat	0	dl-online	dl-online	3	fd:parse:probe\pprobe:probe\pdl-online:decided	308	19\p1\p223	no				server5	3	2.96
lra-atom-screen-20260916	shipped	QF_RDL/SMT-Temporal-Planning-Benchmarks/tms-2-3-light-10.smt2	6261a505ea6767af32873bfc897ae64f8879b6388e5ea1074d27a6d3e12218e3	Real	sat	0	dl-online	dl-online	3	fd:parse:probe\pprobe:probe\pdl-online:decided	408	16\p1\p352	no				server5	3	2.96
lra-atom-screen-20260916	shipped	QF_RDL/SMT-Temporal-Planning-Benchmarks/tms-2-3-light-20.smt2	6261a505ea6767af32873bfc897ae64f8879b6388e5ea1074d27a6d3e12218e3	Real	sat	0	dl-online	dl-online	3	fd:parse:probe\pprobe:probe\pdl-online:decided	1208	56\p3\p1095	no				server5	3	2.96
lra-atom-screen-20260916	shipped	QF_RDL/SMT-Temporal-Planning-Benchmarks/tms-2-3-light-30.smt2	6261a505ea6767af32873bfc897ae64f8879b6388e5ea1074d27a6d3e12218e3	Real	sat	0	dl-online	dl-online	3	fd:parse:probe\pprobe:probe\pdl-online:decided	2910	119\p5\p2697	no				server5	3	2.96
lra-atom-screen-20260916	shipped	QF_RDL/SMT-Temporal-Planning-Benchmarks/tms-2-3-light-40.smt2	6261a505ea6767af32873bfc897ae64f8879b6388e5ea1074d27a6d3e12218e3	Real	sat	0	dl-online	dl-online	3	fd:parse:probe\pprobe:probe\pdl-online:decided	909	205\p7\p590	no				server5	3	2.96
lra-atom-screen-20260916	shipped	QF_RDL/SMT-Temporal-Planning-Benchmarks/tms-2-3-light-60.smt2	6261a505ea6767af32873bfc897ae64f8879b6388e5ea1074d27a6d3e12218e3	Real	sat	0	dl-online	dl-online	3	fd:parse:probe\pprobe:probe\pdl-online:decided	1709	445\p11\p1174	no				server5	3	2.96
lra-atom-screen-20260916	shipped	QF_RDL/SMT-Temporal-Planning-Benchmarks/tms-2-3-light-70.smt2	6261a505ea6767af32873bfc897ae64f8879b6388e5ea1074d27a6d3e12218e3	Real	sat	0	dl-online	dl-online	3	fd:parse:probe\pprobe:probe\pdl-online:decided	2310	598\p13\p1641	no				server5	3	2.96
lra-atom-screen-20260916	shipped	QF_RDL/SMT-Temporal-Planning-Benchmarks/tms-2-3-light-80.smt2	6261a505ea6767af32873bfc897ae64f8879b6388e5ea1074d27a6d3e12218e3	Real	sat	0	dl-online	dl-online	3	fd:parse:probe\pprobe:probe\pdl-online:decided	3011	770\p14\p2115	no				server5	3	2.96
lra-atom-screen-20260916	shipped	QF_RDL/SMT-Temporal-Planning-Benchmarks/tms-2-3-light-90.smt2	6261a505ea6767af32873bfc897ae64f8879b6388e5ea1074d27a6d3e12218e3	Real	sat	0	dl-online	dl-online	3	fd:parse:probe\pprobe:probe\pdl-online:decided	3610	977\p17\p2532	no				server5	3	2.97
lra-atom-screen-20260916	65536	QF_RDL/SMT-Temporal-Planning-Benchmarks/tempo-depth-5.smt2	6261a505ea6767af32873bfc897ae64f8879b6388e5ea1074d27a6d3e12218e3	Real	unknown	0	none	dl-online	4	fd:parse:probe\pprobe:probe\pdl-online:declined\pnra-real-root:declined	25031	837\p16\p18068\p4	yes	dl-online=budget\pnra-real-root=not-applicable	budget exhausted in the online difference-logic driver (atoms=6176, equality_gates=0, bool_equality_gates=0, cnf_vars=64321, clauses=169669)\p	other\p	server5	1	3.10
lra-atom-screen-20260916	65536	QF_RDL/SMT-Temporal-Planning-Benchmarks/tempo-depth-6.smt2	6261a505ea6767af32873bfc897ae64f8879b6388e5ea1074d27a6d3e12218e3	Real	unknown	0	none	dl-online	4	fd:parse:probe\pprobe:probe\pdl-online:declined\pnra-real-root:declined	25129	2615\p30\p18130\p9	yes	dl-online=budget\pnra-real-root=not-applicable	budget exhausted in the online difference-logic driver (atoms=10471, equality_gates=0, bool_equality_gates=0, cnf_vars=122067, clauses=326838)\p	other\p	server5	1	3.41
lra-atom-screen-20260916	65536	QF_RDL/sal/fischer6-mutex-19.smt2	6261a505ea6767af32873bfc897ae64f8879b6388e5ea1074d27a6d3e12218e3	Real	unknown	0	none	dl-online	15	fd:parse:probe\pprobe:probe\pdl-online:declined\pnra-real-root:declined\pnra:declined\pq:skolem-qf:declined\pfd:string-gate:declined\pfd:source-string-semantic-unsat:declined\pfd:word-route:declined\pfd:online-string:declined\pfd:membership:declined\pfd:lex-order:declined\pfd:length-lia:declined\pfd:source-string-sat-probe:declined\pfd:bounded-completeness-unsat:declined	24129	54\p2\p21015\p1\p2996\p0\p0\p0\p0\p0\p0\p0\p0\p0\p0	no	dl-online=budget\pnra-real-root=not-applicable\pnra=budget\pq:skolem-qf=unsupported\pfd:string-gate=budget\pfd:source-string-semantic-unsat=budget\pfd:word-route=budget\pfd:online-string=budget\pfd:membership=budget\pfd:lex-order=budget\pfd:length-lia=budget\pfd:source-string-sat-probe=budget\pfd:bounded-completeness-unsat=budget	budget exhausted in the online difference-logic driver (atoms=2350, equality_gates=786, bool_equality_gates=228, cnf_vars=10905, clauses=25155)\p\plra: the deadline had already passed when the conjunctive decider was entered (an expired budget or a portfolio stop); no constraint was collected and neither engine ran\pquant-route ownership (ADR-2103): `q:skolem-qf` owns {Real, Int, BvOrFloat, Datatype, Function, UninterpretedSort, Array, NonBvArray, NonBoolBvArray} and does not own {NestedArray, WideInt}, which this quantified query carries, so its non-decision is a decline and the ladder continues. Its own reason was: preprocessed dispatch timeout after reduced solve; the reduced solve's own reason was [ResourceLimit] lra: the deadline had already passed when the conjunctive decider was entered (an expired budget or a portfolio stop); no constraint was collected and neither engine ran\ppreprocessed dispatch timeout after reduced solve; the reduced solve's own reason was [ResourceLimit] lra: the deadline had already passed when the conjunctive decider was entered (an expired budget or a portfolio stop); no constraint was collected and neither engine ran\ppreprocessed dispatch timeout after reduced solve; the reduced solve's own reason was [ResourceLimit] lra: the deadline had already passed when the conjunctive decider was entered (an expired budget or a portfolio stop); no constraint was collected and neither engine ran\ppreprocessed dispatch timeout after reduced solve; the reduced solve's own reason was [ResourceLimit] lra: the deadline had already passed when the conjunctive decider was entered (an expired budget or a portfolio stop); no constraint was collected and neither engine ran\ppreprocessed dispatch timeout after reduced solve; the reduced solve's own reason was [ResourceLimit] lra: the deadline had already passed when the conjunctive decider was entered (an expired budget or a portfolio stop); no constraint was collected and neither engine ran\ppreprocessed dispatch timeout after reduced solve; the reduced solve's own reason was [ResourceLimit] lra: the deadline had already passed when the conjunctive decider was entered (an expired budget or a portfolio stop); no constraint was collected and neither engine ran\ppreprocessed dispatch timeout after reduced solve; the reduced solve's own reason was [ResourceLimit] lra: the deadline had already passed when the conjunctive decider was entered (an expired budget or a portfolio stop); no constraint was collected and neither engine ran\ppreprocessed dispatch timeout after reduced solve; the reduced solve's own reason was [ResourceLimit] lra: the deadline had already passed when the conjunctive decider was entered (an expired budget or a portfolio stop); no constraint was collected and neither engine ran\ppreprocessed dispatch timeout after reduced solve; the reduced solve's own reason was [ResourceLimit] lra: the deadline had already passed when the conjunctive decider was entered (an expired budget or a portfolio stop); no constraint was collected and neither engine ran\ppreprocessed dispatch timeout after reduced solve; the reduced solve's own reason was [ResourceLimit] lra: the deadline had already passed when the conjunctive decider was entered (an expired budget or a portfolio stop); no constraint was collected and neither engine ran	other\p\pother\pquant-ownership-decline\pother\pother\pother\pother\pother\pother\pother\pother\pother	server5	1	3.61
lra-atom-screen-20260916	65536	QF_RDL/sal/fischer6-mutex-20.smt2	6261a505ea6767af32873bfc897ae64f8879b6388e5ea1074d27a6d3e12218e3	Real	unknown	0	none	dl-online	15	fd:parse:probe\pprobe:probe\pdl-online:declined\pnra-real-root:declined\pnra:declined\pq:skolem-qf:declined\pfd:string-gate:declined\pfd:source-string-semantic-unsat:declined\pfd:word-route:declined\pfd:online-string:declined\pfd:membership:declined\pfd:lex-order:declined\pfd:length-lia:declined\pfd:source-string-sat-probe:declined\pfd:bounded-completeness-unsat:declined	24129	60\p2\p21023\p1\p2986\p0\p0\p0\p0\p0\p0\p0\p0\p0\p0	no	dl-online=budget\pnra-real-root=not-applicable\pnra=budget\pq:skolem-qf=unsupported\pfd:string-gate=budget\pfd:source-string-semantic-unsat=budget\pfd:word-route=budget\pfd:online-string=budget\pfd:membership=budget\pfd:lex-order=budget\pfd:length-lia=budget\pfd:source-string-sat-probe=budget\pfd:bounded-completeness-unsat=budget	budget exhausted in the online difference-logic driver (atoms=2473, equality_gates=827, bool_equality_gates=240, cnf_vars=11473, clauses=26466)\p\plra: the deadline had already passed when the conjunctive decider was entered (an expired budget or a portfolio stop); no constraint was collected and neither engine ran\pquant-route ownership (ADR-2103): `q:skolem-qf` owns {Real, Int, BvOrFloat, Datatype, Function, UninterpretedSort, Array, NonBvArray, NonBoolBvArray} and does not own {NestedArray, WideInt}, which this quantified query carries, so its non-decision is a decline and the ladder continues. Its own reason was: preprocessed dispatch timeout after reduced solve; the reduced solve's own reason was [ResourceLimit] lra: the deadline had already passed when the conjunctive decider was entered (an expired budget or a portfolio stop); no constraint was collected and neither engine ran\ppreprocessed dispatch timeout after reduced solve; the reduced solve's own reason was [ResourceLimit] lra: the deadline had already passed when the conjunctive decider was entered (an expired budget or a portfolio stop); no constraint was collected and neither engine ran\ppreprocessed dispatch timeout after reduced solve; the reduced solve's own reason was [ResourceLimit] lra: the deadline had already passed when the conjunctive decider was entered (an expired budget or a portfolio stop); no constraint was collected and neither engine ran\ppreprocessed dispatch timeout after reduced solve; the reduced solve's own reason was [ResourceLimit] lra: the deadline had already passed when the conjunctive decider was entered (an expired budget or a portfolio stop); no constraint was collected and neither engine ran\ppreprocessed dispatch timeout after reduced solve; the reduced solve's own reason was [ResourceLimit] lra: the deadline had already passed when the conjunctive decider was entered (an expired budget or a portfolio stop); no constraint was collected and neither engine ran\ppreprocessed dispatch timeout after reduced solve; the reduced solve's own reason was [ResourceLimit] lra: the deadline had already passed when the conjunctive decider was entered (an expired budget or a portfolio stop); no constraint was collected and neither engine ran\ppreprocessed dispatch timeout after reduced solve; the reduced solve's own reason was [ResourceLimit] lra: the deadline had already passed when the conjunctive decider was entered (an expired budget or a portfolio stop); no constraint was collected and neither engine ran\ppreprocessed dispatch timeout after reduced solve; the reduced solve's own reason was [ResourceLimit] lra: the deadline had already passed when the conjunctive decider was entered (an expired budget or a portfolio stop); no constraint was collected and neither engine ran\ppreprocessed dispatch timeout after reduced solve; the reduced solve's own reason was [ResourceLimit] lra: the deadline had already passed when the conjunctive decider was entered (an expired budget or a portfolio stop); no constraint was collected and neither engine ran\ppreprocessed dispatch timeout after reduced solve; the reduced solve's own reason was [ResourceLimit] lra: the deadline had already passed when the conjunctive decider was entered (an expired budget or a portfolio stop); no constraint was collected and neither engine ran	other\p\pother\pquant-ownership-decline\pother\pother\pother\pother\pother\pother\pother\pother\pother	server5	1	3.74
lra-atom-screen-20260916	65536	QF_RDL/sal/fischer9-mutex-13.smt2	6261a505ea6767af32873bfc897ae64f8879b6388e5ea1074d27a6d3e12218e3	Real	unknown	0	none	dl-online	15	fd:parse:probe\pprobe:probe\pdl-online:declined\pnra-real-root:declined\pnra:declined\pq:skolem-qf:declined\pfd:string-gate:declined\pfd:source-string-semantic-unsat:declined\pfd:word-route:declined\pfd:online-string:declined\pfd:membership:declined\pfd:lex-order:declined\pfd:length-lia:declined\pfd:source-string-sat-probe:declined\pfd:bounded-completeness-unsat:declined	24128	62\p3\p21050\p1\p2961\p0\p0\p0\p0\p0\p0\p0\p0\p0\p0	no	dl-online=budget\pnra-real-root=not-applicable\pnra=budget\pq:skolem-qf=unsupported\pfd:string-gate=budget\pfd:source-string-semantic-unsat=budget\pfd:word-route=budget\pfd:online-string=budget\pfd:membership=budget\pfd:lex-order=budget\pfd:length-lia=budget\pfd:source-string-sat-probe=budget\pfd:bounded-completeness-unsat=budget	budget exhausted in the online difference-logic driver (atoms=2437, equality_gates=738, bool_equality_gates=234, cnf_vars=11376, clauses=26463)\p\plra: the deadline had already passed when the conjunctive decider was entered (an expired budget or a portfolio stop); no constraint was collected and neither engine ran\pquant-route ownership (ADR-2103): `q:skolem-qf` owns {Real, Int, BvOrFloat, Datatype, Function, UninterpretedSort, Array, NonBvArray, NonBoolBvArray} and does not own {NestedArray, WideInt}, which this quantified query carries, so its non-decision is a decline and the ladder continues. Its own reason was: preprocessed dispatch timeout after reduced solve; the reduced solve's own reason was [ResourceLimit] lra: the deadline had already passed when the conjunctive decider was entered (an expired budget or a portfolio stop); no constraint was collected and neither engine ran\ppreprocessed dispatch timeout after reduced solve; the reduced solve's own reason was [ResourceLimit] lra: the deadline had already passed when the conjunctive decider was entered (an expired budget or a portfolio stop); no constraint was collected and neither engine ran\ppreprocessed dispatch timeout after reduced solve; the reduced solve's own reason was [ResourceLimit] lra: the deadline had already passed when the conjunctive decider was entered (an expired budget or a portfolio stop); no constraint was collected and neither engine ran\ppreprocessed dispatch timeout after reduced solve; the reduced solve's own reason was [ResourceLimit] lra: the deadline had already passed when the conjunctive decider was entered (an expired budget or a portfolio stop); no constraint was collected and neither engine ran\ppreprocessed dispatch timeout after reduced solve; the reduced solve's own reason was [ResourceLimit] lra: the deadline had already passed when the conjunctive decider was entered (an expired budget or a portfolio stop); no constraint was collected and neither engine ran\ppreprocessed dispatch timeout after reduced solve; the reduced solve's own reason was [ResourceLimit] lra: the deadline had already passed when the conjunctive decider was entered (an expired budget or a portfolio stop); no constraint was collected and neither engine ran\ppreprocessed dispatch timeout after reduced solve; the reduced solve's own reason was [ResourceLimit] lra: the deadline had already passed when the conjunctive decider was entered (an expired budget or a portfolio stop); no constraint was collected and neither engine ran\ppreprocessed dispatch timeout after reduced solve; the reduced solve's own reason was [ResourceLimit] lra: the deadline had already passed when the conjunctive decider was entered (an expired budget or a portfolio stop); no constraint was collected and neither engine ran\ppreprocessed dispatch timeout after reduced solve; the reduced solve's own reason was [ResourceLimit] lra: the deadline had already passed when the conjunctive decider was entered (an expired budget or a portfolio stop); no constraint was collected and neither engine ran\ppreprocessed dispatch timeout after reduced solve; the reduced solve's own reason was [ResourceLimit] lra: the deadline had already passed when the conjunctive decider was entered (an expired budget or a portfolio stop); no constraint was collected and neither engine ran	other\p\pother\pquant-ownership-decline\pother\pother\pother\pother\pother\pother\pother\pother\pother	server5	1	3.83
lra-atom-screen-20260916	65536	QF_RDL/sal/fischer9-mutex-14.smt2	6261a505ea6767af32873bfc897ae64f8879b6388e5ea1074d27a6d3e12218e3	Real	unknown	0	none	dl-online	15	fd:parse:probe\pprobe:probe\pdl-online:declined\pnra-real-root:declined\pnra:declined\pq:skolem-qf:declined\pfd:string-gate:declined\pfd:source-string-semantic-unsat:declined\pfd:word-route:declined\pfd:online-string:declined\pfd:membership:declined\pfd:lex-order:declined\pfd:length-lia:declined\pfd:source-string-sat-probe:declined\pfd:bounded-completeness-unsat:declined	24129	72\p3\p21042\p1\p2951\p0\p0\p0\p0\p0\p0\p0\p0\p0\p0	no	dl-online=budget\pnra-real-root=not-applicable\pnra=budget\pq:skolem-qf=unsupported\pfd:string-gate=budget\pfd:source-string-semantic-unsat=budget\pfd:word-route=budget\pfd:online-string=budget\pfd:membership=budget\pfd:lex-order=budget\pfd:length-lia=budget\pfd:source-string-sat-probe=budget\pfd:bounded-completeness-unsat=budget	budget exhausted in the online difference-logic driver (atoms=2623, equality_gates=794, bool_equality_gates=252, cnf_vars=12238, clauses=28470)\p\plra: the deadline had already passed when the conjunctive decider was entered (an expired budget or a portfolio stop); no constraint was collected and neither engine ran\pquant-route ownership (ADR-2103): `q:skolem-qf` owns {Real, Int, BvOrFloat, Datatype, Function, UninterpretedSort, Array, NonBvArray, NonBoolBvArray} and does not own {NestedArray, WideInt}, which this quantified query carries, so its non-decision is a decline and the ladder continues. Its own reason was: preprocessed dispatch timeout after reduced solve; the reduced solve's own reason was [ResourceLimit] lra: the deadline had already passed when the conjunctive decider was entered (an expired budget or a portfolio stop); no constraint was collected and neither engine ran\ppreprocessed dispatch timeout after reduced solve; the reduced solve's own reason was [ResourceLimit] lra: the deadline had already passed when the conjunctive decider was entered (an expired budget or a portfolio stop); no constraint was collected and neither engine ran\ppreprocessed dispatch timeout after reduced solve; the reduced solve's own reason was [ResourceLimit] lra: the deadline had already passed when the conjunctive decider was entered (an expired budget or a portfolio stop); no constraint was collected and neither engine ran\ppreprocessed dispatch timeout after reduced solve; the reduced solve's own reason was [ResourceLimit] lra: the deadline had already passed when the conjunctive decider was entered (an expired budget or a portfolio stop); no constraint was collected and neither engine ran\ppreprocessed dispatch timeout after reduced solve; the reduced solve's own reason was [ResourceLimit] lra: the deadline had already passed when the conjunctive decider was entered (an expired budget or a portfolio stop); no constraint was collected and neither engine ran\ppreprocessed dispatch timeout after reduced solve; the reduced solve's own reason was [ResourceLimit] lra: the deadline had already passed when the conjunctive decider was entered (an expired budget or a portfolio stop); no constraint was collected and neither engine ran\ppreprocessed dispatch timeout after reduced solve; the reduced solve's own reason was [ResourceLimit] lra: the deadline had already passed when the conjunctive decider was entered (an expired budget or a portfolio stop); no constraint was collected and neither engine ran\ppreprocessed dispatch timeout after reduced solve; the reduced solve's own reason was [ResourceLimit] lra: the deadline had already passed when the conjunctive decider was entered (an expired budget or a portfolio stop); no constraint was collected and neither engine ran\ppreprocessed dispatch timeout after reduced solve; the reduced solve's own reason was [ResourceLimit] lra: the deadline had already passed when the conjunctive decider was entered (an expired budget or a portfolio stop); no constraint was collected and neither engine ran\ppreprocessed dispatch timeout after reduced solve; the reduced solve's own reason was [ResourceLimit] lra: the deadline had already passed when the conjunctive decider was entered (an expired budget or a portfolio stop); no constraint was collected and neither engine ran	other\p\pother\pquant-ownership-decline\pother\pother\pother\pother\pother\pother\pother\pother\pother	server5	1	3.89
lra-atom-screen-20260916	65536	QF_RDL/sal/fischer9-mutex-15.smt2	6261a505ea6767af32873bfc897ae64f8879b6388e5ea1074d27a6d3e12218e3	Real	unknown	0	none	dl-online	15	fd:parse:probe\pprobe:probe\pdl-online:declined\pnra-real-root:declined\pnra:declined\pq:skolem-qf:declined\pfd:string-gate:declined\pfd:source-string-semantic-unsat:declined\pfd:word-route:declined\pfd:online-string:declined\pfd:membership:declined\pfd:lex-order:declined\pfd:length-lia:declined\pfd:source-string-sat-probe:declined\pfd:bounded-completeness-unsat:declined	24232	82\p3\p21026\p2\p2976\p0\p0\p0\p0\p0\p0\p0\p0\p0\p0	no	dl-online=budget\pnra-real-root=not-applicable\pnra=budget\pq:skolem-qf=unsupported\pfd:string-gate=budget\pfd:source-string-semantic-unsat=budget\pfd:word-route=budget\pfd:online-string=budget\pfd:membership=budget\pfd:lex-order=budget\pfd:length-lia=budget\pfd:source-string-sat-probe=budget\pfd:bounded-completeness-unsat=budget	budget exhausted in the online difference-logic driver (atoms=2809, equality_gates=850, bool_equality_gates=270, cnf_vars=13100, clauses=30477)\p\plra: the deadline had already passed when the conjunctive decider was entered (an expired budget or a portfolio stop); no constraint was collected and neither engine ran\pquant-route ownership (ADR-2103): `q:skolem-qf` owns {Real, Int, BvOrFloat, Datatype, Function, UninterpretedSort, Array, NonBvArray, NonBoolBvArray} and does not own {NestedArray, WideInt}, which this quantified query carries, so its non-decision is a decline and the ladder continues. Its own reason was: preprocessed dispatch timeout after reduced solve; the reduced solve's own reason was [ResourceLimit] lra: the deadline had already passed when the conjunctive decider was entered (an expired budget or a portfolio stop); no constraint was collected and neither engine ran\ppreprocessed dispatch timeout after reduced solve; the reduced solve's own reason was [ResourceLimit] lra: the deadline had already passed when the conjunctive decider was entered (an expired budget or a portfolio stop); no constraint was collected and neither engine ran\ppreprocessed dispatch timeout after reduced solve; the reduced solve's own reason was [ResourceLimit] lra: the deadline had already passed when the conjunctive decider was entered (an expired budget or a portfolio stop); no constraint was collected and neither engine ran\ppreprocessed dispatch timeout after reduced solve; the reduced solve's own reason was [ResourceLimit] lra: the deadline had already passed when the conjunctive decider was entered (an expired budget or a portfolio stop); no constraint was collected and neither engine ran\ppreprocessed dispatch timeout after reduced solve; the reduced solve's own reason was [ResourceLimit] lra: the deadline had already passed when the conjunctive decider was entered (an expired budget or a portfolio stop); no constraint was collected and neither engine ran\ppreprocessed dispatch timeout after reduced solve; the reduced solve's own reason was [ResourceLimit] lra: the deadline had already passed when the conjunctive decider was entered (an expired budget or a portfolio stop); no constraint was collected and neither engine ran\ppreprocessed dispatch timeout after reduced solve; the reduced solve's own reason was [ResourceLimit] lra: the deadline had already passed when the conjunctive decider was entered (an expired budget or a portfolio stop); no constraint was collected and neither engine ran\ppreprocessed dispatch timeout after reduced solve; the reduced solve's own reason was [ResourceLimit] lra: the deadline had already passed when the conjunctive decider was entered (an expired budget or a portfolio stop); no constraint was collected and neither engine ran\ppreprocessed dispatch timeout after reduced solve; the reduced solve's own reason was [ResourceLimit] lra: the deadline had already passed when the conjunctive decider was entered (an expired budget or a portfolio stop); no constraint was collected and neither engine ran\ppreprocessed dispatch timeout after reduced solve; the reduced solve's own reason was [ResourceLimit] lra: the deadline had already passed when the conjunctive decider was entered (an expired budget or a portfolio stop); no constraint was collected and neither engine ran	other\p\pother\pquant-ownership-decline\pother\pother\pother\pother\pother\pother\pother\pother\pother	server5	1	3.92
lra-atom-screen-20260916	65536	QF_RDL/sal/fischer9-mutex-16.smt2	6261a505ea6767af32873bfc897ae64f8879b6388e5ea1074d27a6d3e12218e3	Real	unknown	0	none	dl-online	15	fd:parse:probe\pprobe:probe\pdl-online:declined\pnra-real-root:declined\pnra:declined\pq:skolem-qf:declined\pfd:string-gate:declined\pfd:source-string-semantic-unsat:declined\pfd:word-route:declined\pfd:online-string:declined\pfd:membership:declined\pfd:lex-order:declined\pfd:length-lia:declined\pfd:source-string-sat-probe:declined\pfd:bounded-completeness-unsat:declined	24232	93\p3\p21020\p2\p2986\p0\p0\p0\p0\p0\p0\p0\p0\p0\p0	no	dl-online=budget\pnra-real-root=not-applicable\pnra=budget\pq:skolem-qf=unsupported\pfd:string-gate=budget\pfd:source-string-semantic-unsat=budget\pfd:word-route=budget\pfd:online-string=budget\pfd:membership=budget\pfd:lex-order=budget\pfd:length-lia=budget\pfd:source-string-sat-probe=budget\pfd:bounded-completeness-unsat=budget	budget exhausted in the online difference-logic driver (atoms=2995, equality_gates=906, bool_equality_gates=288, cnf_vars=13962, clauses=32484)\p\plra: the deadline had already passed when the conjunctive decider was entered (an expired budget or a portfolio stop); no constraint was collected and neither engine ran\pquant-route ownership (ADR-2103): `q:skolem-qf` owns {Real, Int, BvOrFloat, Datatype, Function, UninterpretedSort, Array, NonBvArray, NonBoolBvArray} and does not own {NestedArray, WideInt}, which this quantified query carries, so its non-decision is a decline and the ladder continues. Its own reason was: preprocessed dispatch timeout after reduced solve; the reduced solve's own reason was [ResourceLimit] lra: the deadline had already passed when the conjunctive decider was entered (an expired budget or a portfolio stop); no constraint was collected and neither engine ran\ppreprocessed dispatch timeout after reduced solve; the reduced solve's own reason was [ResourceLimit] lra: the deadline had already passed when the conjunctive decider was entered (an expired budget or a portfolio stop); no constraint was collected and neither engine ran\ppreprocessed dispatch timeout after reduced solve; the reduced solve's own reason was [ResourceLimit] lra: the deadline had already passed when the conjunctive decider was entered (an expired budget or a portfolio stop); no constraint was collected and neither engine ran\ppreprocessed dispatch timeout after reduced solve; the reduced solve's own reason was [ResourceLimit] lra: the deadline had already passed when the conjunctive decider was entered (an expired budget or a portfolio stop); no constraint was collected and neither engine ran\ppreprocessed dispatch timeout after reduced solve; the reduced solve's own reason was [ResourceLimit] lra: the deadline had already passed when the conjunctive decider was entered (an expired budget or a portfolio stop); no constraint was collected and neither engine ran\ppreprocessed dispatch timeout after reduced solve; the reduced solve's own reason was [ResourceLimit] lra: the deadline had already passed when the conjunctive decider was entered (an expired budget or a portfolio stop); no constraint was collected and neither engine ran\ppreprocessed dispatch timeout after reduced solve; the reduced solve's own reason was [ResourceLimit] lra: the deadline had already passed when the conjunctive decider was entered (an expired budget or a portfolio stop); no constraint was collected and neither engine ran\ppreprocessed dispatch timeout after reduced solve; the reduced solve's own reason was [ResourceLimit] lra: the deadline had already passed when the conjunctive decider was entered (an expired budget or a portfolio stop); no constraint was collected and neither engine ran\ppreprocessed dispatch timeout after reduced solve; the reduced solve's own reason was [ResourceLimit] lra: the deadline had already passed when the conjunctive decider was entered (an expired budget or a portfolio stop); no constraint was collected and neither engine ran\ppreprocessed dispatch timeout after reduced solve; the reduced solve's own reason was [ResourceLimit] lra: the deadline had already passed when the conjunctive decider was entered (an expired budget or a portfolio stop); no constraint was collected and neither engine ran	other\p\pother\pquant-ownership-decline\pother\pother\pother\pother\pother\pother\pother\pother\pother	server5	1	3.95
lra-atom-screen-20260916	65536	QF_RDL/sal/fischer9-mutex-17.smt2	6261a505ea6767af32873bfc897ae64f8879b6388e5ea1074d27a6d3e12218e3	Real	unknown	0	none	dl-online	15	fd:parse:probe\pprobe:probe\pdl-online:declined\pnra-real-root:declined\pnra:declined\pq:skolem-qf:declined\pfd:string-gate:declined\pfd:source-string-semantic-unsat:declined\pfd:word-route:declined\pfd:online-string:declined\pfd:membership:declined\pfd:lex-order:declined\pfd:length-lia:declined\pfd:source-string-sat-probe:declined\pfd:bounded-completeness-unsat:declined	24231	104\p4\p21022\p2\p2994\p0\p0\p0\p0\p0\p0\p0\p0\p0\p0	no	dl-online=budget\pnra-real-root=not-applicable\pnra=budget\pq:skolem-qf=unsupported\pfd:string-gate=budget\pfd:source-string-semantic-unsat=budget\pfd:word-route=budget\pfd:online-string=budget\pfd:membership=budget\pfd:lex-order=budget\pfd:length-lia=budget\pfd:source-string-sat-probe=budget\pfd:bounded-completeness-unsat=budget	budget exhausted in the online difference-logic driver (atoms=3181, equality_gates=962, bool_equality_gates=306, cnf_vars=14824, clauses=34491)\p\plra: the deadline had already passed when the conjunctive decider was entered (an expired budget or a portfolio stop); no constraint was collected and neither engine ran\pquant-route ownership (ADR-2103): `q:skolem-qf` owns {Real, Int, BvOrFloat, Datatype, Function, UninterpretedSort, Array, NonBvArray, NonBoolBvArray} and does not own {NestedArray, WideInt}, which this quantified query carries, so its non-decision is a decline and the ladder continues. Its own reason was: preprocessed dispatch timeout after reduced solve; the reduced solve's own reason was [ResourceLimit] lra: the deadline had already passed when the conjunctive decider was entered (an expired budget or a portfolio stop); no constraint was collected and neither engine ran\ppreprocessed dispatch timeout after reduced solve; the reduced solve's own reason was [ResourceLimit] lra: the deadline had already passed when the conjunctive decider was entered (an expired budget or a portfolio stop); no constraint was collected and neither engine ran\ppreprocessed dispatch timeout after reduced solve; the reduced solve's own reason was [ResourceLimit] lra: the deadline had already passed when the conjunctive decider was entered (an expired budget or a portfolio stop); no constraint was collected and neither engine ran\ppreprocessed dispatch timeout after reduced solve; the reduced solve's own reason was [ResourceLimit] lra: the deadline had already passed when the conjunctive decider was entered (an expired budget or a portfolio stop); no constraint was collected and neither engine ran\ppreprocessed dispatch timeout after reduced solve; the reduced solve's own reason was [ResourceLimit] lra: the deadline had already passed when the conjunctive decider was entered (an expired budget or a portfolio stop); no constraint was collected and neither engine ran\ppreprocessed dispatch timeout after reduced solve; the reduced solve's own reason was [ResourceLimit] lra: the deadline had already passed when the conjunctive decider was entered (an expired budget or a portfolio stop); no constraint was collected and neither engine ran\ppreprocessed dispatch timeout after reduced solve; the reduced solve's own reason was [ResourceLimit] lra: the deadline had already passed when the conjunctive decider was entered (an expired budget or a portfolio stop); no constraint was collected and neither engine ran\ppreprocessed dispatch timeout after reduced solve; the reduced solve's own reason was [ResourceLimit] lra: the deadline had already passed when the conjunctive decider was entered (an expired budget or a portfolio stop); no constraint was collected and neither engine ran\ppreprocessed dispatch timeout after reduced solve; the reduced solve's own reason was [ResourceLimit] lra: the deadline had already passed when the conjunctive decider was entered (an expired budget or a portfolio stop); no constraint was collected and neither engine ran\ppreprocessed dispatch timeout after reduced solve; the reduced solve's own reason was [ResourceLimit] lra: the deadline had already passed when the conjunctive decider was entered (an expired budget or a portfolio stop); no constraint was collected and neither engine ran	other\p\pother\pquant-ownership-decline\pother\pother\pother\pother\pother\pother\pother\pother\pother	server5	1	4.03
lra-atom-screen-20260916	65536	QF_RDL/sal/fischer9-mutex-18.smt2	6261a505ea6767af32873bfc897ae64f8879b6388e5ea1074d27a6d3e12218e3	Real	unknown	0	none	dl-online	15	fd:parse:probe\pprobe:probe\pdl-online:declined\pnra-real-root:declined\pnra:declined\pq:skolem-qf:declined\pfd:string-gate:declined\pfd:source-string-semantic-unsat:declined\pfd:word-route:declined\pfd:online-string:declined\pfd:membership:declined\pfd:lex-order:declined\pfd:length-lia:declined\pfd:source-string-sat-probe:declined\pfd:bounded-completeness-unsat:declined	24227	117\p4\p21022\p2\p2973\p0\p0\p0\p0\p0\p0\p0\p0\p0\p0	no	dl-online=budget\pnra-real-root=not-applicable\pnra=budget\pq:skolem-qf=unsupported\pfd:string-gate=budget\pfd:source-string-semantic-unsat=budget\pfd:word-route=budget\pfd:online-string=budget\pfd:membership=budget\pfd:lex-order=budget\pfd:length-lia=budget\pfd:source-string-sat-probe=budget\pfd:bounded-completeness-unsat=budget	budget exhausted in the online difference-logic driver (atoms=3367, equality_gates=1018, bool_equality_gates=324, cnf_vars=15686, clauses=36498)\p\plra: the deadline had already passed when the conjunctive decider was entered (an expired budget or a portfolio stop); no constraint was collected and neither engine ran\pquant-route ownership (ADR-2103): `q:skolem-qf` owns {Real, Int, BvOrFloat, Datatype, Function, UninterpretedSort, Array, NonBvArray, NonBoolBvArray} and does not own {NestedArray, WideInt}, which this quantified query carries, so its non-decision is a decline and the ladder continues. Its own reason was: preprocessed dispatch timeout after reduced solve; the reduced solve's own reason was [ResourceLimit] lra: the deadline had already passed when the conjunctive decider was entered (an expired budget or a portfolio stop); no constraint was collected and neither engine ran\ppreprocessed dispatch timeout after reduced solve; the reduced solve's own reason was [ResourceLimit] lra: the deadline had already passed when the conjunctive decider was entered (an expired budget or a portfolio stop); no constraint was collected and neither engine ran\ppreprocessed dispatch timeout after reduced solve; the reduced solve's own reason was [ResourceLimit] lra: the deadline had already passed when the conjunctive decider was entered (an expired budget or a portfolio stop); no constraint was collected and neither engine ran\ppreprocessed dispatch timeout after reduced solve; the reduced solve's own reason was [ResourceLimit] lra: the deadline had already passed when the conjunctive decider was entered (an expired budget or a portfolio stop); no constraint was collected and neither engine ran\ppreprocessed dispatch timeout after reduced solve; the reduced solve's own reason was [ResourceLimit] lra: the deadline had already passed when the conjunctive decider was entered (an expired budget or a portfolio stop); no constraint was collected and neither engine ran\ppreprocessed dispatch timeout after reduced solve; the reduced solve's own reason was [ResourceLimit] lra: the deadline had already passed when the conjunctive decider was entered (an expired budget or a portfolio stop); no constraint was collected and neither engine ran\ppreprocessed dispatch timeout after reduced solve; the reduced solve's own reason was [ResourceLimit] lra: the deadline had already passed when the conjunctive decider was entered (an expired budget or a portfolio stop); no constraint was collected and neither engine ran\ppreprocessed dispatch timeout after reduced solve; the reduced solve's own reason was [ResourceLimit] lra: the deadline had already passed when the conjunctive decider was entered (an expired budget or a portfolio stop); no constraint was collected and neither engine ran\ppreprocessed dispatch timeout after reduced solve; the reduced solve's own reason was [ResourceLimit] lra: the deadline had already passed when the conjunctive decider was entered (an expired budget or a portfolio stop); no constraint was collected and neither engine ran\ppreprocessed dispatch timeout after reduced solve; the reduced solve's own reason was [ResourceLimit] lra: the deadline had already passed when the conjunctive decider was entered (an expired budget or a portfolio stop); no constraint was collected and neither engine ran	other\p\pother\pquant-ownership-decline\pother\pother\pother\pother\pother\pother\pother\pother\pother	server5	1	4.02
lra-atom-screen-20260916	65536	QF_RDL/sal/fischer9-mutex-19.smt2	6261a505ea6767af32873bfc897ae64f8879b6388e5ea1074d27a6d3e12218e3	Real	unknown	0	none	dl-online	15	fd:parse:probe\pprobe:probe\pdl-online:declined\pnra-real-root:declined\pnra:declined\pq:skolem-qf:declined\pfd:string-gate:declined\pfd:source-string-semantic-unsat:declined\pfd:word-route:declined\pfd:online-string:declined\pfd:membership:declined\pfd:lex-order:declined\pfd:length-lia:declined\pfd:source-string-sat-probe:declined\pfd:bounded-completeness-unsat:declined	24231	135\p5\p21037\p2\p2964\p0\p0\p0\p0\p0\p0\p0\p0\p0\p0	no	dl-online=budget\pnra-real-root=not-applicable\pnra=budget\pq:skolem-qf=unsupported\pfd:string-gate=budget\pfd:source-string-semantic-unsat=budget\pfd:word-route=budget\pfd:online-string=budget\pfd:membership=budget\pfd:lex-order=budget\pfd:length-lia=budget\pfd:source-string-sat-probe=budget\pfd:bounded-completeness-unsat=budget	budget exhausted in the online difference-logic driver (atoms=3553, equality_gates=1074, bool_equality_gates=342, cnf_vars=16548, clauses=38505)\p\plra: the deadline had already passed when the conjunctive decider was entered (an expired budget or a portfolio stop); no constraint was collected and neither engine ran\pquant-route ownership (ADR-2103): `q:skolem-qf` owns {Real, Int, BvOrFloat, Datatype, Function, UninterpretedSort, Array, NonBvArray, NonBoolBvArray} and does not own {NestedArray, WideInt}, which this quantified query carries, so its non-decision is a decline and the ladder continues. Its own reason was: preprocessed dispatch timeout after reduced solve; the reduced solve's own reason was [ResourceLimit] lra: the deadline had already passed when the conjunctive decider was entered (an expired budget or a portfolio stop); no constraint was collected and neither engine ran\ppreprocessed dispatch timeout after reduced solve; the reduced solve's own reason was [ResourceLimit] lra: the deadline had already passed when the conjunctive decider was entered (an expired budget or a portfolio stop); no constraint was collected and neither engine ran\ppreprocessed dispatch timeout after reduced solve; the reduced solve's own reason was [ResourceLimit] lra: the deadline had already passed when the conjunctive decider was entered (an expired budget or a portfolio stop); no constraint was collected and neither engine ran\ppreprocessed dispatch timeout after reduced solve; the reduced solve's own reason was [ResourceLimit] lra: the deadline had already passed when the conjunctive decider was entered (an expired budget or a portfolio stop); no constraint was collected and neither engine ran\ppreprocessed dispatch timeout after reduced solve; the reduced solve's own reason was [ResourceLimit] lra: the deadline had already passed when the conjunctive decider was entered (an expired budget or a portfolio stop); no constraint was collected and neither engine ran\ppreprocessed dispatch timeout after reduced solve; the reduced solve's own reason was [ResourceLimit] lra: the deadline had already passed when the conjunctive decider was entered (an expired budget or a portfolio stop); no constraint was collected and neither engine ran\ppreprocessed dispatch timeout after reduced solve; the reduced solve's own reason was [ResourceLimit] lra: the deadline had already passed when the conjunctive decider was entered (an expired budget or a portfolio stop); no constraint was collected and neither engine ran\ppreprocessed dispatch timeout after reduced solve; the reduced solve's own reason was [ResourceLimit] lra: the deadline had already passed when the conjunctive decider was entered (an expired budget or a portfolio stop); no constraint was collected and neither engine ran\ppreprocessed dispatch timeout after reduced solve; the reduced solve's own reason was [ResourceLimit] lra: the deadline had already passed when the conjunctive decider was entered (an expired budget or a portfolio stop); no constraint was collected and neither engine ran\ppreprocessed dispatch timeout after reduced solve; the reduced solve's own reason was [ResourceLimit] lra: the deadline had already passed when the conjunctive decider was entered (an expired budget or a portfolio stop); no constraint was collected and neither engine ran	other\p\pother\pquant-ownership-decline\pother\pother\pother\pother\pother\pother\pother\pother\pother	server5	1	4.30
lra-atom-screen-20260916	65536	QF_RDL/sal/fischer9-mutex-20.smt2	6261a505ea6767af32873bfc897ae64f8879b6388e5ea1074d27a6d3e12218e3	Real	unknown	0	none	dl-online	15	fd:parse:probe\pprobe:probe\pdl-online:declined\pnra-real-root:declined\pnra:declined\pq:skolem-qf:declined\pfd:string-gate:declined\pfd:source-string-semantic-unsat:declined\pfd:word-route:declined\pfd:online-string:declined\pfd:membership:declined\pfd:lex-order:declined\pfd:length-lia:declined\pfd:source-string-sat-probe:declined\pfd:bounded-completeness-unsat:declined	24333	144\p5\p21131\p3\p2871\p0\p0\p0\p0\p0\p0\p0\p0\p0\p0	no	dl-online=budget\pnra-real-root=not-applicable\pnra=incomplete\pq:skolem-qf=unsupported\pfd:string-gate=budget\pfd:source-string-semantic-unsat=budget\pfd:word-route=budget\pfd:online-string=budget\pfd:membership=budget\pfd:lex-order=budget\pfd:length-lia=budget\pfd:source-string-sat-probe=budget\pfd:bounded-completeness-unsat=budget	budget exhausted in the online difference-logic driver (atoms=3739, equality_gates=1130, bool_equality_gates=360, cnf_vars=17410, clauses=40512)\p\ponline CDCL(T) LRA model did not replay (arithmetic outside the incremental engine)\pquant-route ownership (ADR-2103): `q:skolem-qf` owns {Real, Int, BvOrFloat, Datatype, Function, UninterpretedSort, Array, NonBvArray, NonBoolBvArray} and does not own {NestedArray, WideInt}, which this quantified query carries, so its non-decision is a decline and the ladder continues. Its own reason was: preprocessed dispatch timeout after reduced solve; the reduced solve's own reason was [Incomplete] online CDCL(T) LRA model did not replay (arithmetic outside the incremental engine)\ppreprocessed dispatch timeout after reduced solve; the reduced solve's own reason was [Incomplete] online CDCL(T) LRA model did not replay (arithmetic outside the incremental engine)\ppreprocessed dispatch timeout after reduced solve; the reduced solve's own reason was [Incomplete] online CDCL(T) LRA model did not replay (arithmetic outside the incremental engine)\ppreprocessed dispatch timeout after reduced solve; the reduced solve's own reason was [Incomplete] online CDCL(T) LRA model did not replay (arithmetic outside the incremental engine)\ppreprocessed dispatch timeout after reduced solve; the reduced solve's own reason was [Incomplete] online CDCL(T) LRA model did not replay (arithmetic outside the incremental engine)\ppreprocessed dispatch timeout after reduced solve; the reduced solve's own reason was [Incomplete] online CDCL(T) LRA model did not replay (arithmetic outside the incremental engine)\ppreprocessed dispatch timeout after reduced solve; the reduced solve's own reason was [Incomplete] online CDCL(T) LRA model did not replay (arithmetic outside the incremental engine)\ppreprocessed dispatch timeout after reduced solve; the reduced solve's own reason was [Incomplete] online CDCL(T) LRA model did not replay (arithmetic outside the incremental engine)\ppreprocessed dispatch timeout after reduced solve; the reduced solve's own reason was [Incomplete] online CDCL(T) LRA model did not replay (arithmetic outside the incremental engine)\ppreprocessed dispatch timeout after reduced solve; the reduced solve's own reason was [Incomplete] online CDCL(T) LRA model did not replay (arithmetic outside the incremental engine)	other\p\p\pquant-ownership-decline\pother\pother\pother\pother\pother\pother\pother\pother\pother	server5	1	4.54
lra-atom-screen-20260916	65536	QF_RDL/scheduling/abz7_600.smt2	6261a505ea6767af32873bfc897ae64f8879b6388e5ea1074d27a6d3e12218e3	Real	unknown	0	none	dl-online	15	fd:parse:probe\pprobe:probe\pdl-online:declined\pnra-real-root:declined\pnra:declined\pq:skolem-qf:declined\pfd:string-gate:declined\pfd:source-string-semantic-unsat:declined\pfd:word-route:declined\pfd:online-string:declined\pfd:membership:declined\pfd:lex-order:declined\pfd:length-lia:declined\pfd:source-string-sat-probe:declined\pfd:bounded-completeness-unsat:declined	24132	11\p4\p18032\p1\p5984\p0\p0\p0\p0\p0\p0\p0\p0\p0\p0	no	dl-online=budget\pnra-real-root=not-applicable\pnra=budget\pq:skolem-qf=unsupported\pfd:string-gate=budget\pfd:source-string-semantic-unsat=budget\pfd:word-route=budget\pfd:online-string=budget\pfd:membership=budget\pfd:lex-order=budget\pfd:length-lia=budget\pfd:source-string-sat-probe=budget\pfd:bounded-completeness-unsat=budget	budget exhausted in the online difference-logic driver (atoms=6021, equality_gates=0, bool_equality_gates=0, cnf_vars=12041, clauses=18061)\p\plra: the deadline passed building the Fourier–Motzkin unit-multiplier matrix; the elimination itself never started\pquant-route ownership (ADR-2103): `q:skolem-qf` owns {Real, Int, BvOrFloat, Datatype, Function, UninterpretedSort, Array, NonBvArray, NonBoolBvArray} and does not own {NestedArray, WideInt}, which this quantified query carries, so its non-decision is a decline and the ladder continues. Its own reason was: preprocessed dispatch timeout after reduced solve; the reduced solve's own reason was [ResourceLimit] lra: the deadline passed building the Fourier–Motzkin unit-multiplier matrix; the elimination itself never started\ppreprocessed dispatch timeout after reduced solve; the reduced solve's own reason was [ResourceLimit] lra: the deadline passed building the Fourier–Motzkin unit-multiplier matrix; the elimination itself never started\ppreprocessed dispatch timeout after reduced solve; the reduced solve's own reason was [ResourceLimit] lra: the deadline passed building the Fourier–Motzkin unit-multiplier matrix; the elimination itself never started\ppreprocessed dispatch timeout after reduced solve; the reduced solve's own reason was [ResourceLimit] lra: the deadline passed building the Fourier–Motzkin unit-multiplier matrix; the elimination itself never started\ppreprocessed dispatch timeout after reduced solve; the reduced solve's own reason was [ResourceLimit] lra: the deadline passed building the Fourier–Motzkin unit-multiplier matrix; the elimination itself never started\ppreprocessed dispatch timeout after reduced solve; the reduced solve's own reason was [ResourceLimit] lra: the deadline passed building the Fourier–Motzkin unit-multiplier matrix; the elimination itself never started\ppreprocessed dispatch timeout after reduced solve; the reduced solve's own reason was [ResourceLimit] lra: the deadline passed building the Fourier–Motzkin unit-multiplier matrix; the elimination itself never started\ppreprocessed dispatch timeout after reduced solve; the reduced solve's own reason was [ResourceLimit] lra: the deadline passed building the Fourier–Motzkin unit-multiplier matrix; the elimination itself never started\ppreprocessed dispatch timeout after reduced solve; the reduced solve's own reason was [ResourceLimit] lra: the deadline passed building the Fourier–Motzkin unit-multiplier matrix; the elimination itself never started\ppreprocessed dispatch timeout after reduced solve; the reduced solve's own reason was [ResourceLimit] lra: the deadline passed building the Fourier–Motzkin unit-multiplier matrix; the elimination itself never started	other\p\pother\pquant-ownership-decline\pother\pother\pother\pother\pother\pother\pother\pother\pother	server5	1	4.85
lra-atom-screen-20260916	65536	QF_RDL/scheduling/abz7_667.smt2	6261a505ea6767af32873bfc897ae64f8879b6388e5ea1074d27a6d3e12218e3	Real	unknown	0	none	dl-online	15	fd:parse:probe\pprobe:probe\pdl-online:declined\pnra-real-root:declined\pnra:declined\pq:skolem-qf:declined\pfd:string-gate:declined\pfd:source-string-semantic-unsat:declined\pfd:word-route:declined\pfd:online-string:declined\pfd:membership:declined\pfd:lex-order:declined\pfd:length-lia:declined\pfd:source-string-sat-probe:declined\pfd:bounded-completeness-unsat:declined	24130	12\p4\p18028\p1\p5973\p0\p0\p0\p0\p0\p0\p0\p0\p0\p0	no	dl-online=budget\pnra-real-root=not-applicable\pnra=budget\pq:skolem-qf=unsupported\pfd:string-gate=budget\pfd:source-string-semantic-unsat=budget\pfd:word-route=budget\pfd:online-string=budget\pfd:membership=budget\pfd:lex-order=budget\pfd:length-lia=budget\pfd:source-string-sat-probe=budget\pfd:bounded-completeness-unsat=budget	budget exhausted in the online difference-logic driver (atoms=6021, equality_gates=0, bool_equality_gates=0, cnf_vars=12041, clauses=18061)\p\plra: the deadline passed building the Fourier–Motzkin unit-multiplier matrix; the elimination itself never started\pquant-route ownership (ADR-2103): `q:skolem-qf` owns {Real, Int, BvOrFloat, Datatype, Function, UninterpretedSort, Array, NonBvArray, NonBoolBvArray} and does not own {NestedArray, WideInt}, which this quantified query carries, so its non-decision is a decline and the ladder continues. Its own reason was: preprocessed dispatch timeout after reduced solve; the reduced solve's own reason was [ResourceLimit] lra: the deadline passed building the Fourier–Motzkin unit-multiplier matrix; the elimination itself never started\ppreprocessed dispatch timeout after reduced solve; the reduced solve's own reason was [ResourceLimit] lra: the deadline passed building the Fourier–Motzkin unit-multiplier matrix; the elimination itself never started\ppreprocessed dispatch timeout after reduced solve; the reduced solve's own reason was [ResourceLimit] lra: the deadline passed building the Fourier–Motzkin unit-multiplier matrix; the elimination itself never started\ppreprocessed dispatch timeout after reduced solve; the reduced solve's own reason was [ResourceLimit] lra: the deadline passed building the Fourier–Motzkin unit-multiplier matrix; the elimination itself never started\ppreprocessed dispatch timeout after reduced solve; the reduced solve's own reason was [ResourceLimit] lra: the deadline passed building the Fourier–Motzkin unit-multiplier matrix; the elimination itself never started\ppreprocessed dispatch timeout after reduced solve; the reduced solve's own reason was [ResourceLimit] lra: the deadline passed building the Fourier–Motzkin unit-multiplier matrix; the elimination itself never started\ppreprocessed dispatch timeout after reduced solve; the reduced solve's own reason was [ResourceLimit] lra: the deadline passed building the Fourier–Motzkin unit-multiplier matrix; the elimination itself never started\ppreprocessed dispatch timeout after reduced solve; the reduced solve's own reason was [ResourceLimit] lra: the deadline passed building the Fourier–Motzkin unit-multiplier matrix; the elimination itself never started\ppreprocessed dispatch timeout after reduced solve; the reduced solve's own reason was [ResourceLimit] lra: the deadline passed building the Fourier–Motzkin unit-multiplier matrix; the elimination itself never started\ppreprocessed dispatch timeout after reduced solve; the reduced solve's own reason was [ResourceLimit] lra: the deadline passed building the Fourier–Motzkin unit-multiplier matrix; the elimination itself never started	other\p\pother\pquant-ownership-decline\pother\pother\pother\pother\pother\pother\pother\pother\pother	server5	1	4.95
lra-atom-screen-20260916	65536	QF_RDL/scheduling/abz7_670.smt2	6261a505ea6767af32873bfc897ae64f8879b6388e5ea1074d27a6d3e12218e3	Real	unknown	0	none	dl-online	15	fd:parse:probe\pprobe:probe\pdl-online:declined\pnra-real-root:declined\pnra:declined\pq:skolem-qf:declined\pfd:string-gate:declined\pfd:source-string-semantic-unsat:declined\pfd:word-route:declined\pfd:online-string:declined\pfd:membership:declined\pfd:lex-order:declined\pfd:length-lia:declined\pfd:source-string-sat-probe:declined\pfd:bounded-completeness-unsat:declined	24130	11\p4\p18027\p1\p5988\p0\p0\p0\p0\p0\p0\p0\p0\p0\p0	no	dl-online=budget\pnra-real-root=not-applicable\pnra=budget\pq:skolem-qf=unsupported\pfd:string-gate=budget\pfd:source-string-semantic-unsat=budget\pfd:word-route=budget\pfd:online-string=budget\pfd:membership=budget\pfd:lex-order=budget\pfd:length-lia=budget\pfd:source-string-sat-probe=budget\pfd:bounded-completeness-unsat=budget	budget exhausted in the online difference-logic driver (atoms=6021, equality_gates=0, bool_equality_gates=0, cnf_vars=12041, clauses=18061)\p\plra: the deadline passed building the Fourier–Motzkin unit-multiplier matrix; the elimination itself never started\pquant-route ownership (ADR-2103): `q:skolem-qf` owns {Real, Int, BvOrFloat, Datatype, Function, UninterpretedSort, Array, NonBvArray, NonBoolBvArray} and does not own {NestedArray, WideInt}, which this quantified query carries, so its non-decision is a decline and the ladder continues. Its own reason was: preprocessed dispatch timeout after reduced solve; the reduced solve's own reason was [ResourceLimit] lra: the deadline passed building the Fourier–Motzkin unit-multiplier matrix; the elimination itself never started\ppreprocessed dispatch timeout after reduced solve; the reduced solve's own reason was [ResourceLimit] lra: the deadline passed building the Fourier–Motzkin unit-multiplier matrix; the elimination itself never started\ppreprocessed dispatch timeout after reduced solve; the reduced solve's own reason was [ResourceLimit] lra: the deadline passed building the Fourier–Motzkin unit-multiplier matrix; the elimination itself never started\ppreprocessed dispatch timeout after reduced solve; the reduced solve's own reason was [ResourceLimit] lra: the deadline passed building the Fourier–Motzkin unit-multiplier matrix; the elimination itself never started\ppreprocessed dispatch timeout after reduced solve; the reduced solve's own reason was [ResourceLimit] lra: the deadline passed building the Fourier–Motzkin unit-multiplier matrix; the elimination itself never started\ppreprocessed dispatch timeout after reduced solve; the reduced solve's own reason was [ResourceLimit] lra: the deadline passed building the Fourier–Motzkin unit-multiplier matrix; the elimination itself never started\ppreprocessed dispatch timeout after reduced solve; the reduced solve's own reason was [ResourceLimit] lra: the deadline passed building the Fourier–Motzkin unit-multiplier matrix; the elimination itself never started\ppreprocessed dispatch timeout after reduced solve; the reduced solve's own reason was [ResourceLimit] lra: the deadline passed building the Fourier–Motzkin unit-multiplier matrix; the elimination itself never started\ppreprocessed dispatch timeout after reduced solve; the reduced solve's own reason was [ResourceLimit] lra: the deadline passed building the Fourier–Motzkin unit-multiplier matrix; the elimination itself never started\ppreprocessed dispatch timeout after reduced solve; the reduced solve's own reason was [ResourceLimit] lra: the deadline passed building the Fourier–Motzkin unit-multiplier matrix; the elimination itself never started	other\p\pother\pquant-ownership-decline\pother\pother\pother\pother\pother\pother\pother\pother\pother	server5	1	4.97
lra-atom-screen-20260916	65536	QF_RDL/scheduling/abz7_691.smt2	6261a505ea6767af32873bfc897ae64f8879b6388e5ea1074d27a6d3e12218e3	Real	unknown	0	none	dl-online	15	fd:parse:probe\pprobe:probe\pdl-online:declined\pnra-real-root:declined\pnra:declined\pq:skolem-qf:declined\pfd:string-gate:declined\pfd:source-string-semantic-unsat:declined\pfd:word-route:declined\pfd:online-string:declined\pfd:membership:declined\pfd:lex-order:declined\pfd:length-lia:declined\pfd:source-string-sat-probe:declined\pfd:bounded-completeness-unsat:declined	24131	12\p4\p18026\p1\p6005\p0\p0\p0\p0\p0\p0\p0\p0\p0\p0	no	dl-online=budget\pnra-real-root=not-applicable\pnra=budget\pq:skolem-qf=unsupported\pfd:string-gate=budget\pfd:source-string-semantic-unsat=budget\pfd:word-route=budget\pfd:online-string=budget\pfd:membership=budget\pfd:lex-order=budget\pfd:length-lia=budget\pfd:source-string-sat-probe=budget\pfd:bounded-completeness-unsat=budget	budget exhausted in the online difference-logic driver (atoms=6021, equality_gates=0, bool_equality_gates=0, cnf_vars=12041, clauses=18061)\p\plra: the deadline passed building the Fourier–Motzkin unit-multiplier matrix; the elimination itself never started\pquant-route ownership (ADR-2103): `q:skolem-qf` owns {Real, Int, BvOrFloat, Datatype, Function, UninterpretedSort, Array, NonBvArray, NonBoolBvArray} and does not own {NestedArray, WideInt}, which this quantified query carries, so its non-decision is a decline and the ladder continues. Its own reason was: preprocessed dispatch timeout after reduced solve; the reduced solve's own reason was [ResourceLimit] lra: the deadline passed building the Fourier–Motzkin unit-multiplier matrix; the elimination itself never started\ppreprocessed dispatch timeout after reduced solve; the reduced solve's own reason was [ResourceLimit] lra: the deadline passed building the Fourier–Motzkin unit-multiplier matrix; the elimination itself never started\ppreprocessed dispatch timeout after reduced solve; the reduced solve's own reason was [ResourceLimit] lra: the deadline passed building the Fourier–Motzkin unit-multiplier matrix; the elimination itself never started\ppreprocessed dispatch timeout after reduced solve; the reduced solve's own reason was [ResourceLimit] lra: the deadline passed building the Fourier–Motzkin unit-multiplier matrix; the elimination itself never started\ppreprocessed dispatch timeout after reduced solve; the reduced solve's own reason was [ResourceLimit] lra: the deadline passed building the Fourier–Motzkin unit-multiplier matrix; the elimination itself never started\ppreprocessed dispatch timeout after reduced solve; the reduced solve's own reason was [ResourceLimit] lra: the deadline passed building the Fourier–Motzkin unit-multiplier matrix; the elimination itself never started\ppreprocessed dispatch timeout after reduced solve; the reduced solve's own reason was [ResourceLimit] lra: the deadline passed building the Fourier–Motzkin unit-multiplier matrix; the elimination itself never started\ppreprocessed dispatch timeout after reduced solve; the reduced solve's own reason was [ResourceLimit] lra: the deadline passed building the Fourier–Motzkin unit-multiplier matrix; the elimination itself never started\ppreprocessed dispatch timeout after reduced solve; the reduced solve's own reason was [ResourceLimit] lra: the deadline passed building the Fourier–Motzkin unit-multiplier matrix; the elimination itself never started\ppreprocessed dispatch timeout after reduced solve; the reduced solve's own reason was [ResourceLimit] lra: the deadline passed building the Fourier–Motzkin unit-multiplier matrix; the elimination itself never started	other\p\pother\pquant-ownership-decline\pother\pother\pother\pother\pother\pother\pother\pother\pother	server5	1	4.90
lra-atom-screen-20260916	65536	QF_RDL/scheduling/abz7_700.smt2	6261a505ea6767af32873bfc897ae64f8879b6388e5ea1074d27a6d3e12218e3	Real	unknown	0	none	dl-online	15	fd:parse:probe\pprobe:probe\pdl-online:declined\pnra-real-root:declined\pnra:declined\pq:skolem-qf:declined\pfd:string-gate:declined\pfd:source-string-semantic-unsat:declined\pfd:word-route:declined\pfd:online-string:declined\pfd:membership:declined\pfd:lex-order:declined\pfd:length-lia:declined\pfd:source-string-sat-probe:declined\pfd:bounded-completeness-unsat:declined	24131	11\p4\p18029\p1\p6000\p0\p0\p0\p0\p0\p0\p0\p0\p0\p0	no	dl-online=budget\pnra-real-root=not-applicable\pnra=budget\pq:skolem-qf=unsupported\pfd:string-gate=budget\pfd:source-string-semantic-unsat=budget\pfd:word-route=budget\pfd:online-string=budget\pfd:membership=budget\pfd:lex-order=budget\pfd:length-lia=budget\pfd:source-string-sat-probe=budget\pfd:bounded-completeness-unsat=budget	budget exhausted in the online difference-logic driver (atoms=6021, equality_gates=0, bool_equality_gates=0, cnf_vars=12041, clauses=18061)\p\plazy SMT: wall-clock timeout reached\pquant-route ownership (ADR-2103): `q:skolem-qf` owns {Real, Int, BvOrFloat, Datatype, Function, UninterpretedSort, Array, NonBvArray, NonBoolBvArray} and does not own {NestedArray, WideInt}, which this quantified query carries, so its non-decision is a decline and the ladder continues. Its own reason was: preprocessed dispatch timeout after reduced solve; the reduced solve's own reason was [ResourceLimit] lazy SMT: wall-clock timeout reached\ppreprocessed dispatch timeout after reduced solve; the reduced solve's own reason was [ResourceLimit] lazy SMT: wall-clock timeout reached\ppreprocessed dispatch timeout after reduced solve; the reduced solve's own reason was [ResourceLimit] lazy SMT: wall-clock timeout reached\ppreprocessed dispatch timeout after reduced solve; the reduced solve's own reason was [ResourceLimit] lazy SMT: wall-clock timeout reached\ppreprocessed dispatch timeout after reduced solve; the reduced solve's own reason was [ResourceLimit] lazy SMT: wall-clock timeout reached\ppreprocessed dispatch timeout after reduced solve; the reduced solve's own reason was [ResourceLimit] lazy SMT: wall-clock timeout reached\ppreprocessed dispatch timeout after reduced solve; the reduced solve's own reason was [ResourceLimit] lazy SMT: wall-clock timeout reached\ppreprocessed dispatch timeout after reduced solve; the reduced solve's own reason was [ResourceLimit] lazy SMT: wall-clock timeout reached\ppreprocessed dispatch timeout after reduced solve; the reduced solve's own reason was [ResourceLimit] lazy SMT: wall-clock timeout reached\ppreprocessed dispatch timeout after reduced solve; the reduced solve's own reason was [ResourceLimit] lazy SMT: wall-clock timeout reached	other\p\pother\pquant-ownership-decline\pother\pother\pother\pother\pother\pother\pother\pother\pother	server5	1	4.93
lra-atom-screen-20260916	65536	QF_RDL/scheduling/swv11_2900.smt2	6261a505ea6767af32873bfc897ae64f8879b6388e5ea1074d27a6d3e12218e3	Real	unknown	0	none	dl-online	15	fd:parse:probe\pprobe:probe\pdl-online:declined\pnra-real-root:declined\pnra:declined\pq:skolem-qf:declined\pfd:string-gate:declined\pfd:source-string-semantic-unsat:declined\pfd:word-route:declined\pfd:online-string:declined\pfd:membership:declined\pfd:lex-order:declined\pfd:length-lia:declined\pfd:source-string-sat-probe:declined\pfd:bounded-completeness-unsat:declined	24131	50\p16\p13886\p3\p10111\p0\p0\p0\p0\p0\p0\p0\p0\p0\p0	no	dl-online=budget\pnra-real-root=not-applicable\pnra=budget\pq:skolem-qf=unsupported\pfd:string-gate=budget\pfd:source-string-semantic-unsat=budget\pfd:word-route=budget\pfd:online-string=budget\pfd:membership=budget\pfd:lex-order=budget\pfd:length-lia=budget\pfd:source-string-sat-probe=budget\pfd:bounded-completeness-unsat=budget	budget exhausted in the online difference-logic driver (atoms=25051, equality_gates=0, bool_equality_gates=0, cnf_vars=50101, clauses=75151)\p\ptimeout in the online CDCL(T) LRA driver\pquant-route ownership (ADR-2103): `q:skolem-qf` owns {Real, Int, BvOrFloat, Datatype, Function, UninterpretedSort, Array, NonBvArray, NonBoolBvArray} and does not own {NestedArray, WideInt}, which this quantified query carries, so its non-decision is a decline and the ladder continues. Its own reason was: preprocessed dispatch timeout after reduced solve; the reduced solve's own reason was [Timeout] timeout in the online CDCL(T) LRA driver\ppreprocessed dispatch timeout after reduced solve; the reduced solve's own reason was [Timeout] timeout in the online CDCL(T) LRA driver\ppreprocessed dispatch timeout after reduced solve; the reduced solve's own reason was [Timeout] timeout in the online CDCL(T) LRA driver\ppreprocessed dispatch timeout after reduced solve; the reduced solve's own reason was [Timeout] timeout in the online CDCL(T) LRA driver\ppreprocessed dispatch timeout after reduced solve; the reduced solve's own reason was [Timeout] timeout in the online CDCL(T) LRA driver\ppreprocessed dispatch timeout after reduced solve; the reduced solve's own reason was [Timeout] timeout in the online CDCL(T) LRA driver\ppreprocessed dispatch timeout after reduced solve; the reduced solve's own reason was [Timeout] timeout in the online CDCL(T) LRA driver\ppreprocessed dispatch timeout after reduced solve; the reduced solve's own reason was [Timeout] timeout in the online CDCL(T) LRA driver\ppreprocessed dispatch timeout after reduced solve; the reduced solve's own reason was [Timeout] timeout in the online CDCL(T) LRA driver\ppreprocessed dispatch timeout after reduced solve; the reduced solve's own reason was [Timeout] timeout in the online CDCL(T) LRA driver	other\p\pother\pquant-ownership-decline\pother\pother\pother\pother\pother\pother\pother\pother\pother	server5	1	4.96
lra-atom-screen-20260916	65536	QF_RDL/scheduling/swv11_2983.smt2	6261a505ea6767af32873bfc897ae64f8879b6388e5ea1074d27a6d3e12218e3	Real	unknown	0	none	nra	15	fd:parse:probe\pprobe:probe\pdl-online:declined\pnra-real-root:declined\pnra:declined\pq:skolem-qf:declined\pfd:string-gate:declined\pfd:source-string-semantic-unsat:declined\pfd:word-route:declined\pfd:online-string:declined\pfd:membership:declined\pfd:lex-order:declined\pfd:length-lia:declined\pfd:source-string-sat-probe:declined\pfd:bounded-completeness-unsat:declined	24131	53\p16\p11917\p3\p12080\p0\p0\p0\p0\p0\p0\p0\p0\p0\p0	no	dl-online=budget\pnra-real-root=not-applicable\pnra=incomplete\pq:skolem-qf=unsupported\pfd:string-gate=budget\pfd:source-string-semantic-unsat=budget\pfd:word-route=budget\pfd:online-string=budget\pfd:membership=budget\pfd:lex-order=budget\pfd:length-lia=budget\pfd:source-string-sat-probe=budget\pfd:bounded-completeness-unsat=budget	budget exhausted in the online difference-logic driver (atoms=25051, equality_gates=0, bool_equality_gates=0, cnf_vars=50101, clauses=75151)\p\ponline CDCL(T) LRA model did not replay (arithmetic outside the incremental engine)\pquant-route ownership (ADR-2103): `q:skolem-qf` owns {Real, Int, BvOrFloat, Datatype, Function, UninterpretedSort, Array, NonBvArray, NonBoolBvArray} and does not own {NestedArray, WideInt}, which this quantified query carries, so its non-decision is a decline and the ladder continues. Its own reason was: preprocessed dispatch timeout after reduced solve; the reduced solve's own reason was [Incomplete] online CDCL(T) LRA model did not replay (arithmetic outside the incremental engine)\ppreprocessed dispatch timeout after reduced solve; the reduced solve's own reason was [Incomplete] online CDCL(T) LRA model did not replay (arithmetic outside the incremental engine)\ppreprocessed dispatch timeout after reduced solve; the reduced solve's own reason was [Incomplete] online CDCL(T) LRA model did not replay (arithmetic outside the incremental engine)\ppreprocessed dispatch timeout after reduced solve; the reduced solve's own reason was [Incomplete] online CDCL(T) LRA model did not replay (arithmetic outside the incremental engine)\ppreprocessed dispatch timeout after reduced solve; the reduced solve's own reason was [Incomplete] online CDCL(T) LRA model did not replay (arithmetic outside the incremental engine)\ppreprocessed dispatch timeout after reduced solve; the reduced solve's own reason was [Incomplete] online CDCL(T) LRA model did not replay (arithmetic outside the incremental engine)\ppreprocessed dispatch timeout after reduced solve; the reduced solve's own reason was [Incomplete] online CDCL(T) LRA model did not replay (arithmetic outside the incremental engine)\ppreprocessed dispatch timeout after reduced solve; the reduced solve's own reason was [Incomplete] online CDCL(T) LRA model did not replay (arithmetic outside the incremental engine)\ppreprocessed dispatch timeout after reduced solve; the reduced solve's own reason was [Incomplete] online CDCL(T) LRA model did not replay (arithmetic outside the incremental engine)\ppreprocessed dispatch timeout after reduced solve; the reduced solve's own reason was [Incomplete] online CDCL(T) LRA model did not replay (arithmetic outside the incremental engine)	other\p\p\pquant-ownership-decline\pother\pother\pother\pother\pother\pother\pother\pother\pother	server5	1	4.97
lra-atom-screen-20260916	65536	QF_RDL/scheduling/swv11_2988.smt2	6261a505ea6767af32873bfc897ae64f8879b6388e5ea1074d27a6d3e12218e3	Real	unknown	0	none	nra	15	fd:parse:probe\pprobe:probe\pdl-online:declined\pnra-real-root:declined\pnra:declined\pq:skolem-qf:declined\pfd:string-gate:declined\pfd:source-string-semantic-unsat:declined\pfd:word-route:declined\pfd:online-string:declined\pfd:membership:declined\pfd:lex-order:declined\pfd:length-lia:declined\pfd:source-string-sat-probe:declined\pfd:bounded-completeness-unsat:declined	24225	51\p16\p10391\p3\p13676\p0\p0\p0\p0\p0\p0\p0\p0\p0\p0	no	dl-online=budget\pnra-real-root=not-applicable\pnra=budget\pq:skolem-qf=unsupported\pfd:string-gate=budget\pfd:source-string-semantic-unsat=budget\pfd:word-route=budget\pfd:online-string=budget\pfd:membership=budget\pfd:lex-order=budget\pfd:length-lia=budget\pfd:source-string-sat-probe=budget\pfd:bounded-completeness-unsat=budget	budget exhausted in the online difference-logic driver (atoms=25051, equality_gates=0, bool_equality_gates=0, cnf_vars=50101, clauses=75151)\p\plra: the deadline passed building the Fourier–Motzkin unit-multiplier matrix; the elimination itself never started\pquant-route ownership (ADR-2103): `q:skolem-qf` owns {Real, Int, BvOrFloat, Datatype, Function, UninterpretedSort, Array, NonBvArray, NonBoolBvArray} and does not own {NestedArray, WideInt}, which this quantified query carries, so its non-decision is a decline and the ladder continues. Its own reason was: preprocessed dispatch timeout after reduced solve; the reduced solve's own reason was [ResourceLimit] lra: the deadline passed building the Fourier–Motzkin unit-multiplier matrix; the elimination itself never started\ppreprocessed dispatch timeout after reduced solve; the reduced solve's own reason was [ResourceLimit] lra: the deadline passed building the Fourier–Motzkin unit-multiplier matrix; the elimination itself never started\ppreprocessed dispatch timeout after reduced solve; the reduced solve's own reason was [ResourceLimit] lra: the deadline passed building the Fourier–Motzkin unit-multiplier matrix; the elimination itself never started\ppreprocessed dispatch timeout after reduced solve; the reduced solve's own reason was [ResourceLimit] lra: the deadline passed building the Fourier–Motzkin unit-multiplier matrix; the elimination itself never started\ppreprocessed dispatch timeout after reduced solve; the reduced solve's own reason was [ResourceLimit] lra: the deadline passed building the Fourier–Motzkin unit-multiplier matrix; the elimination itself never started\ppreprocessed dispatch timeout after reduced solve; the reduced solve's own reason was [ResourceLimit] lra: the deadline passed building the Fourier–Motzkin unit-multiplier matrix; the elimination itself never started\ppreprocessed dispatch timeout after reduced solve; the reduced solve's own reason was [ResourceLimit] lra: the deadline passed building the Fourier–Motzkin unit-multiplier matrix; the elimination itself never started\ppreprocessed dispatch timeout after reduced solve; the reduced solve's own reason was [ResourceLimit] lra: the deadline passed building the Fourier–Motzkin unit-multiplier matrix; the elimination itself never started\ppreprocessed dispatch timeout after reduced solve; the reduced solve's own reason was [ResourceLimit] lra: the deadline passed building the Fourier–Motzkin unit-multiplier matrix; the elimination itself never started\ppreprocessed dispatch timeout after reduced solve; the reduced solve's own reason was [ResourceLimit] lra: the deadline passed building the Fourier–Motzkin unit-multiplier matrix; the elimination itself never started	other\p\pother\pquant-ownership-decline\pother\pother\pother\pother\pother\pother\pother\pother\pother	server5	1	4.64
lra-atom-screen-20260916	65536	QF_RDL/scheduling/swv11_2992.smt2	6261a505ea6767af32873bfc897ae64f8879b6388e5ea1074d27a6d3e12218e3	Real	unknown	0	none	nra	15	fd:parse:probe\pprobe:probe\pdl-online:declined\pnra-real-root:declined\pnra:declined\pq:skolem-qf:declined\pfd:string-gate:declined\pfd:source-string-semantic-unsat:declined\pfd:word-route:declined\pfd:online-string:declined\pfd:membership:declined\pfd:lex-order:declined\pfd:length-lia:declined\pfd:source-string-sat-probe:declined\pfd:bounded-completeness-unsat:declined	24230	51\p16\p11055\p3\p12992\p0\p0\p0\p0\p0\p0\p0\p0\p0\p0	no	dl-online=budget\pnra-real-root=not-applicable\pnra=budget\pq:skolem-qf=unsupported\pfd:string-gate=budget\pfd:source-string-semantic-unsat=budget\pfd:word-route=budget\pfd:online-string=budget\pfd:membership=budget\pfd:lex-order=budget\pfd:length-lia=budget\pfd:source-string-sat-probe=budget\pfd:bounded-completeness-unsat=budget	budget exhausted in the online difference-logic driver (atoms=25051, equality_gates=0, bool_equality_gates=0, cnf_vars=50101, clauses=75151)\p\plra: the deadline passed building the Fourier–Motzkin unit-multiplier matrix; the elimination itself never started\pquant-route ownership (ADR-2103): `q:skolem-qf` owns {Real, Int, BvOrFloat, Datatype, Function, UninterpretedSort, Array, NonBvArray, NonBoolBvArray} and does not own {NestedArray, WideInt}, which this quantified query carries, so its non-decision is a decline and the ladder continues. Its own reason was: preprocessed dispatch timeout after reduced solve; the reduced solve's own reason was [ResourceLimit] lra: the deadline passed building the Fourier–Motzkin unit-multiplier matrix; the elimination itself never started\ppreprocessed dispatch timeout after reduced solve; the reduced solve's own reason was [ResourceLimit] lra: the deadline passed building the Fourier–Motzkin unit-multiplier matrix; the elimination itself never started\ppreprocessed dispatch timeout after reduced solve; the reduced solve's own reason was [ResourceLimit] lra: the deadline passed building the Fourier–Motzkin unit-multiplier matrix; the elimination itself never started\ppreprocessed dispatch timeout after reduced solve; the reduced solve's own reason was [ResourceLimit] lra: the deadline passed building the Fourier–Motzkin unit-multiplier matrix; the elimination itself never started\ppreprocessed dispatch timeout after reduced solve; the reduced solve's own reason was [ResourceLimit] lra: the deadline passed building the Fourier–Motzkin unit-multiplier matrix; the elimination itself never started\ppreprocessed dispatch timeout after reduced solve; the reduced solve's own reason was [ResourceLimit] lra: the deadline passed building the Fourier–Motzkin unit-multiplier matrix; the elimination itself never started\ppreprocessed dispatch timeout after reduced solve; the reduced solve's own reason was [ResourceLimit] lra: the deadline passed building the Fourier–Motzkin unit-multiplier matrix; the elimination itself never started\ppreprocessed dispatch timeout after reduced solve; the reduced solve's own reason was [ResourceLimit] lra: the deadline passed building the Fourier–Motzkin unit-multiplier matrix; the elimination itself never started\ppreprocessed dispatch timeout after reduced solve; the reduced solve's own reason was [ResourceLimit] lra: the deadline passed building the Fourier–Motzkin unit-multiplier matrix; the elimination itself never started\ppreprocessed dispatch timeout after reduced solve; the reduced solve's own reason was [ResourceLimit] lra: the deadline passed building the Fourier–Motzkin unit-multiplier matrix; the elimination itself never started	other\p\pother\pquant-ownership-decline\pother\pother\pother\pother\pother\pother\pother\pother\pother	server5	1	4.46
lra-atom-screen-20260916	65536	QF_RDL/scheduling/swv11_3050.smt2	6261a505ea6767af32873bfc897ae64f8879b6388e5ea1074d27a6d3e12218e3	Real	unknown	0	none	nra	15	fd:parse:probe\pprobe:probe\pdl-online:declined\pnra-real-root:declined\pnra:declined\pq:skolem-qf:declined\pfd:string-gate:declined\pfd:source-string-semantic-unsat:declined\pfd:word-route:declined\pfd:online-string:declined\pfd:membership:declined\pfd:lex-order:declined\pfd:length-lia:declined\pfd:source-string-sat-probe:declined\pfd:bounded-completeness-unsat:declined	24231	54\p16\p11258\p3\p12755\p0\p0\p0\p0\p0\p0\p0\p0\p0\p0	no	dl-online=budget\pnra-real-root=not-applicable\pnra=budget\pq:skolem-qf=unsupported\pfd:string-gate=budget\pfd:source-string-semantic-unsat=budget\pfd:word-route=budget\pfd:online-string=budget\pfd:membership=budget\pfd:lex-order=budget\pfd:length-lia=budget\pfd:source-string-sat-probe=budget\pfd:bounded-completeness-unsat=budget	budget exhausted in the online difference-logic driver (atoms=25051, equality_gates=0, bool_equality_gates=0, cnf_vars=50101, clauses=75151)\p\plra: the deadline passed building the Fourier–Motzkin unit-multiplier matrix; the elimination itself never started\pquant-route ownership (ADR-2103): `q:skolem-qf` owns {Real, Int, BvOrFloat, Datatype, Function, UninterpretedSort, Array, NonBvArray, NonBoolBvArray} and does not own {NestedArray, WideInt}, which this quantified query carries, so its non-decision is a decline and the ladder continues. Its own reason was: preprocessed dispatch timeout after reduced solve; the reduced solve's own reason was [ResourceLimit] lra: the deadline passed building the Fourier–Motzkin unit-multiplier matrix; the elimination itself never started\ppreprocessed dispatch timeout after reduced solve; the reduced solve's own reason was [ResourceLimit] lra: the deadline passed building the Fourier–Motzkin unit-multiplier matrix; the elimination itself never started\ppreprocessed dispatch timeout after reduced solve; the reduced solve's own reason was [ResourceLimit] lra: the deadline passed building the Fourier–Motzkin unit-multiplier matrix; the elimination itself never started\ppreprocessed dispatch timeout after reduced solve; the reduced solve's own reason was [ResourceLimit] lra: the deadline passed building the Fourier–Motzkin unit-multiplier matrix; the elimination itself never started\ppreprocessed dispatch timeout after reduced solve; the reduced solve's own reason was [ResourceLimit] lra: the deadline passed building the Fourier–Motzkin unit-multiplier matrix; the elimination itself never started\ppreprocessed dispatch timeout after reduced solve; the reduced solve's own reason was [ResourceLimit] lra: the deadline passed building the Fourier–Motzkin unit-multiplier matrix; the elimination itself never started\ppreprocessed dispatch timeout after reduced solve; the reduced solve's own reason was [ResourceLimit] lra: the deadline passed building the Fourier–Motzkin unit-multiplier matrix; the elimination itself never started\ppreprocessed dispatch timeout after reduced solve; the reduced solve's own reason was [ResourceLimit] lra: the deadline passed building the Fourier–Motzkin unit-multiplier matrix; the elimination itself never started\ppreprocessed dispatch timeout after reduced solve; the reduced solve's own reason was [ResourceLimit] lra: the deadline passed building the Fourier–Motzkin unit-multiplier matrix; the elimination itself never started\ppreprocessed dispatch timeout after reduced solve; the reduced solve's own reason was [ResourceLimit] lra: the deadline passed building the Fourier–Motzkin unit-multiplier matrix; the elimination itself never started	other\p\pother\pquant-ownership-decline\pother\pother\pother\pother\pother\pother\pother\pother\pother	server5	1	4.30
lra-atom-screen-20260916	65536	QF_RDL/scheduling/swv12_2900.smt2	6261a505ea6767af32873bfc897ae64f8879b6388e5ea1074d27a6d3e12218e3	Real	unknown	0	none	dl-online	15	fd:parse:probe\pprobe:probe\pdl-online:declined\pnra-real-root:declined\pnra:declined\pq:skolem-qf:declined\pfd:string-gate:declined\pfd:source-string-semantic-unsat:declined\pfd:word-route:declined\pfd:online-string:declined\pfd:membership:declined\pfd:lex-order:declined\pfd:length-lia:declined\pfd:source-string-sat-probe:declined\pfd:bounded-completeness-unsat:declined	24131	54\p16\p12657\p3\p11340\p0\p0\p0\p0\p0\p0\p0\p0\p0\p0	no	dl-online=budget\pnra-real-root=not-applicable\pnra=budget\pq:skolem-qf=unsupported\pfd:string-gate=budget\pfd:source-string-semantic-unsat=budget\pfd:word-route=budget\pfd:online-string=budget\pfd:membership=budget\pfd:lex-order=budget\pfd:length-lia=budget\pfd:source-string-sat-probe=budget\pfd:bounded-completeness-unsat=budget	budget exhausted in the online difference-logic driver (atoms=25051, equality_gates=0, bool_equality_gates=0, cnf_vars=50101, clauses=75151)\p\ptimeout in the online CDCL(T) LRA driver\pquant-route ownership (ADR-2103): `q:skolem-qf` owns {Real, Int, BvOrFloat, Datatype, Function, UninterpretedSort, Array, NonBvArray, NonBoolBvArray} and does not own {NestedArray, WideInt}, which this quantified query carries, so its non-decision is a decline and the ladder continues. Its own reason was: preprocessed dispatch timeout after reduced solve; the reduced solve's own reason was [Timeout] timeout in the online CDCL(T) LRA driver\ppreprocessed dispatch timeout after reduced solve; the reduced solve's own reason was [Timeout] timeout in the online CDCL(T) LRA driver\ppreprocessed dispatch timeout after reduced solve; the reduced solve's own reason was [Timeout] timeout in the online CDCL(T) LRA driver\ppreprocessed dispatch timeout after reduced solve; the reduced solve's own reason was [Timeout] timeout in the online CDCL(T) LRA driver\ppreprocessed dispatch timeout after reduced solve; the reduced solve's own reason was [Timeout] timeout in the online CDCL(T) LRA driver\ppreprocessed dispatch timeout after reduced solve; the reduced solve's own reason was [Timeout] timeout in the online CDCL(T) LRA driver\ppreprocessed dispatch timeout after reduced solve; the reduced solve's own reason was [Timeout] timeout in the online CDCL(T) LRA driver\ppreprocessed dispatch timeout after reduced solve; the reduced solve's own reason was [Timeout] timeout in the online CDCL(T) LRA driver\ppreprocessed dispatch timeout after reduced solve; the reduced solve's own reason was [Timeout] timeout in the online CDCL(T) LRA driver\ppreprocessed dispatch timeout after reduced solve; the reduced solve's own reason was [Timeout] timeout in the online CDCL(T) LRA driver	other\p\pother\pquant-ownership-decline\pother\pother\pother\pother\pother\pother\pother\pother\pother	server5	1	4.25
lra-atom-screen-20260916	65536	QF_RDL/scheduling/swv12_2972.smt2	6261a505ea6767af32873bfc897ae64f8879b6388e5ea1074d27a6d3e12218e3	Real	unknown	0	none	dl-online	15	fd:parse:probe\pprobe:probe\pdl-online:declined\pnra-real-root:declined\pnra:declined\pq:skolem-qf:declined\pfd:string-gate:declined\pfd:source-string-semantic-unsat:declined\pfd:word-route:declined\pfd:online-string:declined\pfd:membership:declined\pfd:lex-order:declined\pfd:length-lia:declined\pfd:source-string-sat-probe:declined\pfd:bounded-completeness-unsat:declined	24132	57\p16\p12875\p3\p11123\p0\p0\p0\p0\p0\p0\p0\p0\p0\p0	no	dl-online=budget\pnra-real-root=not-applicable\pnra=budget\pq:skolem-qf=unsupported\pfd:string-gate=budget\pfd:source-string-semantic-unsat=budget\pfd:word-route=budget\pfd:online-string=budget\pfd:membership=budget\pfd:lex-order=budget\pfd:length-lia=budget\pfd:source-string-sat-probe=budget\pfd:bounded-completeness-unsat=budget	budget exhausted in the online difference-logic driver (atoms=25051, equality_gates=0, bool_equality_gates=0, cnf_vars=50101, clauses=75151)\p\ptimeout in the online CDCL(T) LRA driver\pquant-route ownership (ADR-2103): `q:skolem-qf` owns {Real, Int, BvOrFloat, Datatype, Function, UninterpretedSort, Array, NonBvArray, NonBoolBvArray} and does not own {NestedArray, WideInt}, which this quantified query carries, so its non-decision is a decline and the ladder continues. Its own reason was: preprocessed dispatch timeout after reduced solve; the reduced solve's own reason was [Timeout] timeout in the online CDCL(T) LRA driver\ppreprocessed dispatch timeout after reduced solve; the reduced solve's own reason was [Timeout] timeout in the online CDCL(T) LRA driver\ppreprocessed dispatch timeout after reduced solve; the reduced solve's own reason was [Timeout] timeout in the online CDCL(T) LRA driver\ppreprocessed dispatch timeout after reduced solve; the reduced solve's own reason was [Timeout] timeout in the online CDCL(T) LRA driver\ppreprocessed dispatch timeout after reduced solve; the reduced solve's own reason was [Timeout] timeout in the online CDCL(T) LRA driver\ppreprocessed dispatch timeout after reduced solve; the reduced solve's own reason was [Timeout] timeout in the online CDCL(T) LRA driver\ppreprocessed dispatch timeout after reduced solve; the reduced solve's own reason was [Timeout] timeout in the online CDCL(T) LRA driver\ppreprocessed dispatch timeout after reduced solve; the reduced solve's own reason was [Timeout] timeout in the online CDCL(T) LRA driver\ppreprocessed dispatch timeout after reduced solve; the reduced solve's own reason was [Timeout] timeout in the online CDCL(T) LRA driver\ppreprocessed dispatch timeout after reduced solve; the reduced solve's own reason was [Timeout] timeout in the online CDCL(T) LRA driver	other\p\pother\pquant-ownership-decline\pother\pother\pother\pother\pother\pother\pother\pother\pother	server5	1	4.17
lra-atom-screen-20260916	65536	QF_RDL/scheduling/swv12_2990.smt2	6261a505ea6767af32873bfc897ae64f8879b6388e5ea1074d27a6d3e12218e3	Real	unknown	0	none	dl-online	15	fd:parse:probe\pprobe:probe\pdl-online:declined\pnra-real-root:declined\pnra:declined\pq:skolem-qf:declined\pfd:string-gate:declined\pfd:source-string-semantic-unsat:declined\pfd:word-route:declined\pfd:online-string:declined\pfd:membership:declined\pfd:lex-order:declined\pfd:length-lia:declined\pfd:source-string-sat-probe:declined\pfd:bounded-completeness-unsat:declined	24130	55\p16\p12102\p3\p11896\p0\p0\p0\p0\p0\p0\p0\p0\p0\p0	no	dl-online=budget\pnra-real-root=not-applicable\pnra=budget\pq:skolem-qf=unsupported\pfd:string-gate=budget\pfd:source-string-semantic-unsat=budget\pfd:word-route=budget\pfd:online-string=budget\pfd:membership=budget\pfd:lex-order=budget\pfd:length-lia=budget\pfd:source-string-sat-probe=budget\pfd:bounded-completeness-unsat=budget	budget exhausted in the online difference-logic driver (atoms=25051, equality_gates=0, bool_equality_gates=0, cnf_vars=50101, clauses=75151)\p\ptimeout in the online CDCL(T) LRA driver\pquant-route ownership (ADR-2103): `q:skolem-qf` owns {Real, Int, BvOrFloat, Datatype, Function, UninterpretedSort, Array, NonBvArray, NonBoolBvArray} and does not own {NestedArray, WideInt}, which this quantified query carries, so its non-decision is a decline and the ladder continues. Its own reason was: preprocessed dispatch timeout after reduced solve; the reduced solve's own reason was [Timeout] timeout in the online CDCL(T) LRA driver\ppreprocessed dispatch timeout after reduced solve; the reduced solve's own reason was [Timeout] timeout in the online CDCL(T) LRA driver\ppreprocessed dispatch timeout after reduced solve; the reduced solve's own reason was [Timeout] timeout in the online CDCL(T) LRA driver\ppreprocessed dispatch timeout after reduced solve; the reduced solve's own reason was [Timeout] timeout in the online CDCL(T) LRA driver\ppreprocessed dispatch timeout after reduced solve; the reduced solve's own reason was [Timeout] timeout in the online CDCL(T) LRA driver\ppreprocessed dispatch timeout after reduced solve; the reduced solve's own reason was [Timeout] timeout in the online CDCL(T) LRA driver\ppreprocessed dispatch timeout after reduced solve; the reduced solve's own reason was [Timeout] timeout in the online CDCL(T) LRA driver\ppreprocessed dispatch timeout after reduced solve; the reduced solve's own reason was [Timeout] timeout in the online CDCL(T) LRA driver\ppreprocessed dispatch timeout after reduced solve; the reduced solve's own reason was [Timeout] timeout in the online CDCL(T) LRA driver\ppreprocessed dispatch timeout after reduced solve; the reduced solve's own reason was [Timeout] timeout in the online CDCL(T) LRA driver	other\p\pother\pquant-ownership-decline\pother\pother\pother\pother\pother\pother\pother\pother\pother	server5	1	4.11
lra-atom-screen-20260916	65536	QF_RDL/scheduling/swv12_3004.smt2	6261a505ea6767af32873bfc897ae64f8879b6388e5ea1074d27a6d3e12218e3	Real	unknown	0	none	dl-online	15	fd:parse:probe\pprobe:probe\pdl-online:declined\pnra-real-root:declined\pnra:declined\pq:skolem-qf:declined\pfd:string-gate:declined\pfd:source-string-semantic-unsat:declined\pfd:word-route:declined\pfd:online-string:declined\pfd:membership:declined\pfd:lex-order:declined\pfd:length-lia:declined\pfd:source-string-sat-probe:declined\pfd:bounded-completeness-unsat:declined	24131	54\p16\p12096\p3\p11900\p0\p0\p0\p0\p0\p0\p0\p0\p0\p0	no	dl-online=budget\pnra-real-root=not-applicable\pnra=budget\pq:skolem-qf=unsupported\pfd:string-gate=budget\pfd:source-string-semantic-unsat=budget\pfd:word-route=budget\pfd:online-string=budget\pfd:membership=budget\pfd:lex-order=budget\pfd:length-lia=budget\pfd:source-string-sat-probe=budget\pfd:bounded-completeness-unsat=budget	budget exhausted in the online difference-logic driver (atoms=25051, equality_gates=0, bool_equality_gates=0, cnf_vars=50101, clauses=75151)\p\ptimeout in the online CDCL(T) LRA driver\pquant-route ownership (ADR-2103): `q:skolem-qf` owns {Real, Int, BvOrFloat, Datatype, Function, UninterpretedSort, Array, NonBvArray, NonBoolBvArray} and does not own {NestedArray, WideInt}, which this quantified query carries, so its non-decision is a decline and the ladder continues. Its own reason was: preprocessed dispatch timeout after reduced solve; the reduced solve's own reason was [Timeout] timeout in the online CDCL(T) LRA driver\ppreprocessed dispatch timeout after reduced solve; the reduced solve's own reason was [Timeout] timeout in the online CDCL(T) LRA driver\ppreprocessed dispatch timeout after reduced solve; the reduced solve's own reason was [Timeout] timeout in the online CDCL(T) LRA driver\ppreprocessed dispatch timeout after reduced solve; the reduced solve's own reason was [Timeout] timeout in the online CDCL(T) LRA driver\ppreprocessed dispatch timeout after reduced solve; the reduced solve's own reason was [Timeout] timeout in the online CDCL(T) LRA driver\ppreprocessed dispatch timeout after reduced solve; the reduced solve's own reason was [Timeout] timeout in the online CDCL(T) LRA driver\ppreprocessed dispatch timeout after reduced solve; the reduced solve's own reason was [Timeout] timeout in the online CDCL(T) LRA driver\ppreprocessed dispatch timeout after reduced solve; the reduced solve's own reason was [Timeout] timeout in the online CDCL(T) LRA driver\ppreprocessed dispatch timeout after reduced solve; the reduced solve's own reason was [Timeout] timeout in the online CDCL(T) LRA driver\ppreprocessed dispatch timeout after reduced solve; the reduced solve's own reason was [Timeout] timeout in the online CDCL(T) LRA driver	other\p\pother\pquant-ownership-decline\pother\pother\pother\pother\pother\pother\pother\pother\pother	server5	1	4.07
lra-atom-screen-20260916	65536	QF_RDL/scheduling/swv12_3050.smt2	6261a505ea6767af32873bfc897ae64f8879b6388e5ea1074d27a6d3e12218e3	Real	unknown	0	none	nra	15	fd:parse:probe\pprobe:probe\pdl-online:declined\pnra-real-root:declined\pnra:declined\pq:skolem-qf:declined\pfd:string-gate:declined\pfd:source-string-semantic-unsat:declined\pfd:word-route:declined\pfd:online-string:declined\pfd:membership:declined\pfd:lex-order:declined\pfd:length-lia:declined\pfd:source-string-sat-probe:declined\pfd:bounded-completeness-unsat:declined	24131	52\p16\p11440\p3\p12568\p0\p0\p0\p0\p0\p0\p0\p0\p0\p0	no	dl-online=budget\pnra-real-root=not-applicable\pnra=budget\pq:skolem-qf=unsupported\pfd:string-gate=budget\pfd:source-string-semantic-unsat=budget\pfd:word-route=budget\pfd:online-string=budget\pfd:membership=budget\pfd:lex-order=budget\pfd:length-lia=budget\pfd:source-string-sat-probe=budget\pfd:bounded-completeness-unsat=budget	budget exhausted in the online difference-logic driver (atoms=25051, equality_gates=0, bool_equality_gates=0, cnf_vars=50101, clauses=75151)\p\plra: the deadline passed building the Fourier–Motzkin unit-multiplier matrix; the elimination itself never started\pquant-route ownership (ADR-2103): `q:skolem-qf` owns {Real, Int, BvOrFloat, Datatype, Function, UninterpretedSort, Array, NonBvArray, NonBoolBvArray} and does not own {NestedArray, WideInt}, which this quantified query carries, so its non-decision is a decline and the ladder continues. Its own reason was: preprocessed dispatch timeout after reduced solve; the reduced solve's own reason was [ResourceLimit] lra: the deadline passed building the Fourier–Motzkin unit-multiplier matrix; the elimination itself never started\ppreprocessed dispatch timeout after reduced solve; the reduced solve's own reason was [ResourceLimit] lra: the deadline passed building the Fourier–Motzkin unit-multiplier matrix; the elimination itself never started\ppreprocessed dispatch timeout after reduced solve; the reduced solve's own reason was [ResourceLimit] lra: the deadline passed building the Fourier–Motzkin unit-multiplier matrix; the elimination itself never started\ppreprocessed dispatch timeout after reduced solve; the reduced solve's own reason was [ResourceLimit] lra: the deadline passed building the Fourier–Motzkin unit-multiplier matrix; the elimination itself never started\ppreprocessed dispatch timeout after reduced solve; the reduced solve's own reason was [ResourceLimit] lra: the deadline passed building the Fourier–Motzkin unit-multiplier matrix; the elimination itself never started\ppreprocessed dispatch timeout after reduced solve; the reduced solve's own reason was [ResourceLimit] lra: the deadline passed building the Fourier–Motzkin unit-multiplier matrix; the elimination itself never started\ppreprocessed dispatch timeout after reduced solve; the reduced solve's own reason was [ResourceLimit] lra: the deadline passed building the Fourier–Motzkin unit-multiplier matrix; the elimination itself never started\ppreprocessed dispatch timeout after reduced solve; the reduced solve's own reason was [ResourceLimit] lra: the deadline passed building the Fourier–Motzkin unit-multiplier matrix; the elimination itself never started\ppreprocessed dispatch timeout after reduced solve; the reduced solve's own reason was [ResourceLimit] lra: the deadline passed building the Fourier–Motzkin unit-multiplier matrix; the elimination itself never started\ppreprocessed dispatch timeout after reduced solve; the reduced solve's own reason was [ResourceLimit] lra: the deadline passed building the Fourier–Motzkin unit-multiplier matrix; the elimination itself never started	other\p\pother\pquant-ownership-decline\pother\pother\pother\pother\pother\pother\pother\pother\pother	server5	1	4.05
lra-atom-screen-20260916	65536	QF_RDL/scheduling/swv13_3000.smt2	6261a505ea6767af32873bfc897ae64f8879b6388e5ea1074d27a6d3e12218e3	Real	unknown	0	none	nra	15	fd:parse:probe\pprobe:probe\pdl-online:declined\pnra-real-root:declined\pnra:declined\pq:skolem-qf:declined\pfd:string-gate:declined\pfd:source-string-semantic-unsat:declined\pfd:word-route:declined\pfd:online-string:declined\pfd:membership:declined\pfd:lex-order:declined\pfd:length-lia:declined\pfd:source-string-sat-probe:declined\pfd:bounded-completeness-unsat:declined	24130	53\p16\p11591\p3\p12407\p0\p0\p0\p0\p0\p0\p0\p0\p0\p0	no	dl-online=budget\pnra-real-root=not-applicable\pnra=budget\pq:skolem-qf=unsupported\pfd:string-gate=budget\pfd:source-string-semantic-unsat=budget\pfd:word-route=budget\pfd:online-string=budget\pfd:membership=budget\pfd:lex-order=budget\pfd:length-lia=budget\pfd:source-string-sat-probe=budget\pfd:bounded-completeness-unsat=budget	budget exhausted in the online difference-logic driver (atoms=25051, equality_gates=0, bool_equality_gates=0, cnf_vars=50101, clauses=75151)\p\plra: the deadline passed building the Fourier–Motzkin unit-multiplier matrix; the elimination itself never started\pquant-route ownership (ADR-2103): `q:skolem-qf` owns {Real, Int, BvOrFloat, Datatype, Function, UninterpretedSort, Array, NonBvArray, NonBoolBvArray} and does not own {NestedArray, WideInt}, which this quantified query carries, so its non-decision is a decline and the ladder continues. Its own reason was: preprocessed dispatch timeout after reduced solve; the reduced solve's own reason was [ResourceLimit] lra: the deadline passed building the Fourier–Motzkin unit-multiplier matrix; the elimination itself never started\ppreprocessed dispatch timeout after reduced solve; the reduced solve's own reason was [ResourceLimit] lra: the deadline passed building the Fourier–Motzkin unit-multiplier matrix; the elimination itself never started\ppreprocessed dispatch timeout after reduced solve; the reduced solve's own reason was [ResourceLimit] lra: the deadline passed building the Fourier–Motzkin unit-multiplier matrix; the elimination itself never started\ppreprocessed dispatch timeout after reduced solve; the reduced solve's own reason was [ResourceLimit] lra: the deadline passed building the Fourier–Motzkin unit-multiplier matrix; the elimination itself never started\ppreprocessed dispatch timeout after reduced solve; the reduced solve's own reason was [ResourceLimit] lra: the deadline passed building the Fourier–Motzkin unit-multiplier matrix; the elimination itself never started\ppreprocessed dispatch timeout after reduced solve; the reduced solve's own reason was [ResourceLimit] lra: the deadline passed building the Fourier–Motzkin unit-multiplier matrix; the elimination itself never started\ppreprocessed dispatch timeout after reduced solve; the reduced solve's own reason was [ResourceLimit] lra: the deadline passed building the Fourier–Motzkin unit-multiplier matrix; the elimination itself never started\ppreprocessed dispatch timeout after reduced solve; the reduced solve's own reason was [ResourceLimit] lra: the deadline passed building the Fourier–Motzkin unit-multiplier matrix; the elimination itself never started\ppreprocessed dispatch timeout after reduced solve; the reduced solve's own reason was [ResourceLimit] lra: the deadline passed building the Fourier–Motzkin unit-multiplier matrix; the elimination itself never started\ppreprocessed dispatch timeout after reduced solve; the reduced solve's own reason was [ResourceLimit] lra: the deadline passed building the Fourier–Motzkin unit-multiplier matrix; the elimination itself never started	other\p\pother\pquant-ownership-decline\pother\pother\pother\pother\pother\pother\pother\pother\pother	server5	1	4.03
lra-atom-screen-20260916	65536	QF_RDL/scheduling/swv13_3104.smt2	6261a505ea6767af32873bfc897ae64f8879b6388e5ea1074d27a6d3e12218e3	Real	unknown	0	none	nra	15	fd:parse:probe\pprobe:probe\pdl-online:declined\pnra-real-root:declined\pnra:declined\pq:skolem-qf:declined\pfd:string-gate:declined\pfd:source-string-semantic-unsat:declined\pfd:word-route:declined\pfd:online-string:declined\pfd:membership:declined\pfd:lex-order:declined\pfd:length-lia:declined\pfd:source-string-sat-probe:declined\pfd:bounded-completeness-unsat:declined	24231	51\p16\p10767\p3\p13264\p0\p0\p0\p0\p0\p0\p0\p0\p0\p0	no	dl-online=budget\pnra-real-root=not-applicable\pnra=budget\pq:skolem-qf=unsupported\pfd:string-gate=budget\pfd:source-string-semantic-unsat=budget\pfd:word-route=budget\pfd:online-string=budget\pfd:membership=budget\pfd:lex-order=budget\pfd:length-lia=budget\pfd:source-string-sat-probe=budget\pfd:bounded-completeness-unsat=budget	budget exhausted in the online difference-logic driver (atoms=25051, equality_gates=0, bool_equality_gates=0, cnf_vars=50101, clauses=75151)\p\plra: the deadline passed building the Fourier–Motzkin unit-multiplier matrix; the elimination itself never started\pquant-route ownership (ADR-2103): `q:skolem-qf` owns {Real, Int, BvOrFloat, Datatype, Function, UninterpretedSort, Array, NonBvArray, NonBoolBvArray} and does not own {NestedArray, WideInt}, which this quantified query carries, so its non-decision is a decline and the ladder continues. Its own reason was: preprocessed dispatch timeout after reduced solve; the reduced solve's own reason was [ResourceLimit] lra: the deadline passed building the Fourier–Motzkin unit-multiplier matrix; the elimination itself never started\ppreprocessed dispatch timeout after reduced solve; the reduced solve's own reason was [ResourceLimit] lra: the deadline passed building the Fourier–Motzkin unit-multiplier matrix; the elimination itself never started\ppreprocessed dispatch timeout after reduced solve; the reduced solve's own reason was [ResourceLimit] lra: the deadline passed building the Fourier–Motzkin unit-multiplier matrix; the elimination itself never started\ppreprocessed dispatch timeout after reduced solve; the reduced solve's own reason was [ResourceLimit] lra: the deadline passed building the Fourier–Motzkin unit-multiplier matrix; the elimination itself never started\ppreprocessed dispatch timeout after reduced solve; the reduced solve's own reason was [ResourceLimit] lra: the deadline passed building the Fourier–Motzkin unit-multiplier matrix; the elimination itself never started\ppreprocessed dispatch timeout after reduced solve; the reduced solve's own reason was [ResourceLimit] lra: the deadline passed building the Fourier–Motzkin unit-multiplier matrix; the elimination itself never started\ppreprocessed dispatch timeout after reduced solve; the reduced solve's own reason was [ResourceLimit] lra: the deadline passed building the Fourier–Motzkin unit-multiplier matrix; the elimination itself never started\ppreprocessed dispatch timeout after reduced solve; the reduced solve's own reason was [ResourceLimit] lra: the deadline passed building the Fourier–Motzkin unit-multiplier matrix; the elimination itself never started\ppreprocessed dispatch timeout after reduced solve; the reduced solve's own reason was [ResourceLimit] lra: the deadline passed building the Fourier–Motzkin unit-multiplier matrix; the elimination itself never started\ppreprocessed dispatch timeout after reduced solve; the reduced solve's own reason was [ResourceLimit] lra: the deadline passed building the Fourier–Motzkin unit-multiplier matrix; the elimination itself never started	other\p\pother\pquant-ownership-decline\pother\pother\pother\pother\pother\pother\pother\pother\pother	server5	1	4.21
lra-atom-screen-20260916	65536	QF_RDL/scheduling/swv13_3150.smt2	6261a505ea6767af32873bfc897ae64f8879b6388e5ea1074d27a6d3e12218e3	Real	unknown	0	none	nra	15	fd:parse:probe\pprobe:probe\pdl-online:declined\pnra-real-root:declined\pnra:declined\pq:skolem-qf:declined\pfd:string-gate:declined\pfd:source-string-semantic-unsat:declined\pfd:word-route:declined\pfd:online-string:declined\pfd:membership:declined\pfd:lex-order:declined\pfd:length-lia:declined\pfd:source-string-sat-probe:declined\pfd:bounded-completeness-unsat:declined	24231	52\p16\p10833\p3\p13210\p0\p0\p0\p0\p0\p0\p0\p0\p0\p0	no	dl-online=budget\pnra-real-root=not-applicable\pnra=budget\pq:skolem-qf=unsupported\pfd:string-gate=budget\pfd:source-string-semantic-unsat=budget\pfd:word-route=budget\pfd:online-string=budget\pfd:membership=budget\pfd:lex-order=budget\pfd:length-lia=budget\pfd:source-string-sat-probe=budget\pfd:bounded-completeness-unsat=budget	budget exhausted in the online difference-logic driver (atoms=25051, equality_gates=0, bool_equality_gates=0, cnf_vars=50101, clauses=75151)\p\plra: the deadline passed building the Fourier–Motzkin unit-multiplier matrix; the elimination itself never started\pquant-route ownership (ADR-2103): `q:skolem-qf` owns {Real, Int, BvOrFloat, Datatype, Function, UninterpretedSort, Array, NonBvArray, NonBoolBvArray} and does not own {NestedArray, WideInt}, which this quantified query carries, so its non-decision is a decline and the ladder continues. Its own reason was: preprocessed dispatch timeout after reduced solve; the reduced solve's own reason was [ResourceLimit] lra: the deadline passed building the Fourier–Motzkin unit-multiplier matrix; the elimination itself never started\ppreprocessed dispatch timeout after reduced solve; the reduced solve's own reason was [ResourceLimit] lra: the deadline passed building the Fourier–Motzkin unit-multiplier matrix; the elimination itself never started\ppreprocessed dispatch timeout after reduced solve; the reduced solve's own reason was [ResourceLimit] lra: the deadline passed building the Fourier–Motzkin unit-multiplier matrix; the elimination itself never started\ppreprocessed dispatch timeout after reduced solve; the reduced solve's own reason was [ResourceLimit] lra: the deadline passed building the Fourier–Motzkin unit-multiplier matrix; the elimination itself never started\ppreprocessed dispatch timeout after reduced solve; the reduced solve's own reason was [ResourceLimit] lra: the deadline passed building the Fourier–Motzkin unit-multiplier matrix; the elimination itself never started\ppreprocessed dispatch timeout after reduced solve; the reduced solve's own reason was [ResourceLimit] lra: the deadline passed building the Fourier–Motzkin unit-multiplier matrix; the elimination itself never started\ppreprocessed dispatch timeout after reduced solve; the reduced solve's own reason was [ResourceLimit] lra: the deadline passed building the Fourier–Motzkin unit-multiplier matrix; the elimination itself never started\ppreprocessed dispatch timeout after reduced solve; the reduced solve's own reason was [ResourceLimit] lra: the deadline passed building the Fourier–Motzkin unit-multiplier matrix; the elimination itself never started\ppreprocessed dispatch timeout after reduced solve; the reduced solve's own reason was [ResourceLimit] lra: the deadline passed building the Fourier–Motzkin unit-multiplier matrix; the elimination itself never started\ppreprocessed dispatch timeout after reduced solve; the reduced solve's own reason was [ResourceLimit] lra: the deadline passed building the Fourier–Motzkin unit-multiplier matrix; the elimination itself never started	other\p\pother\pquant-ownership-decline\pother\pother\pother\pother\pother\pother\pother\pother\pother	server5	1	4.14
lra-atom-screen-20260916	65536	QF_RDL/scheduling/swv13_3200.smt2	6261a505ea6767af32873bfc897ae64f8879b6388e5ea1074d27a6d3e12218e3	Real	unknown	0	none	nra	15	fd:parse:probe\pprobe:probe\pdl-online:declined\pnra-real-root:declined\pnra:declined\pq:skolem-qf:declined\pfd:string-gate:declined\pfd:source-string-semantic-unsat:declined\pfd:word-route:declined\pfd:online-string:declined\pfd:membership:declined\pfd:lex-order:declined\pfd:length-lia:declined\pfd:source-string-sat-probe:declined\pfd:bounded-completeness-unsat:declined	24232	53\p16\p10619\p3\p13393\p0\p0\p0\p0\p0\p0\p0\p0\p0\p0	no	dl-online=budget\pnra-real-root=not-applicable\pnra=budget\pq:skolem-qf=unsupported\pfd:string-gate=budget\pfd:source-string-semantic-unsat=budget\pfd:word-route=budget\pfd:online-string=budget\pfd:membership=budget\pfd:lex-order=budget\pfd:length-lia=budget\pfd:source-string-sat-probe=budget\pfd:bounded-completeness-unsat=budget	budget exhausted in the online difference-logic driver (atoms=25051, equality_gates=0, bool_equality_gates=0, cnf_vars=50101, clauses=75151)\p\plra: the deadline passed building the Fourier–Motzkin unit-multiplier matrix; the elimination itself never started\pquant-route ownership (ADR-2103): `q:skolem-qf` owns {Real, Int, BvOrFloat, Datatype, Function, UninterpretedSort, Array, NonBvArray, NonBoolBvArray} and does not own {NestedArray, WideInt}, which this quantified query carries, so its non-decision is a decline and the ladder continues. Its own reason was: preprocessed dispatch timeout after reduced solve; the reduced solve's own reason was [ResourceLimit] lra: the deadline passed building the Fourier–Motzkin unit-multiplier matrix; the elimination itself never started\ppreprocessed dispatch timeout after reduced solve; the reduced solve's own reason was [ResourceLimit] lra: the deadline passed building the Fourier–Motzkin unit-multiplier matrix; the elimination itself never started\ppreprocessed dispatch timeout after reduced solve; the reduced solve's own reason was [ResourceLimit] lra: the deadline passed building the Fourier–Motzkin unit-multiplier matrix; the elimination itself never started\ppreprocessed dispatch timeout after reduced solve; the reduced solve's own reason was [ResourceLimit] lra: the deadline passed building the Fourier–Motzkin unit-multiplier matrix; the elimination itself never started\ppreprocessed dispatch timeout after reduced solve; the reduced solve's own reason was [ResourceLimit] lra: the deadline passed building the Fourier–Motzkin unit-multiplier matrix; the elimination itself never started\ppreprocessed dispatch timeout after reduced solve; the reduced solve's own reason was [ResourceLimit] lra: the deadline passed building the Fourier–Motzkin unit-multiplier matrix; the elimination itself never started\ppreprocessed dispatch timeout after reduced solve; the reduced solve's own reason was [ResourceLimit] lra: the deadline passed building the Fourier–Motzkin unit-multiplier matrix; the elimination itself never started\ppreprocessed dispatch timeout after reduced solve; the reduced solve's own reason was [ResourceLimit] lra: the deadline passed building the Fourier–Motzkin unit-multiplier matrix; the elimination itself never started\ppreprocessed dispatch timeout after reduced solve; the reduced solve's own reason was [ResourceLimit] lra: the deadline passed building the Fourier–Motzkin unit-multiplier matrix; the elimination itself never started\ppreprocessed dispatch timeout after reduced solve; the reduced solve's own reason was [ResourceLimit] lra: the deadline passed building the Fourier–Motzkin unit-multiplier matrix; the elimination itself never started	other\p\pother\pquant-ownership-decline\pother\pother\pother\pother\pother\pother\pother\pother\pother	server5	1	4.09
lra-atom-screen-20260916	65536	QF_RDL/scheduling/swv14_2800.smt2	6261a505ea6767af32873bfc897ae64f8879b6388e5ea1074d27a6d3e12218e3	Real	unknown	0	none	dl-online	15	fd:parse:probe\pprobe:probe\pdl-online:declined\pnra-real-root:declined\pnra:declined\pq:skolem-qf:declined\pfd:string-gate:declined\pfd:source-string-semantic-unsat:declined\pfd:word-route:declined\pfd:online-string:declined\pfd:membership:declined\pfd:lex-order:declined\pfd:length-lia:declined\pfd:source-string-sat-probe:declined\pfd:bounded-completeness-unsat:declined	24132	59\p16\p12114\p3\p11885\p0\p0\p0\p0\p0\p0\p0\p0\p0\p0	no	dl-online=budget\pnra-real-root=not-applicable\pnra=incomplete\pq:skolem-qf=unsupported\pfd:string-gate=budget\pfd:source-string-semantic-unsat=budget\pfd:word-route=budget\pfd:online-string=budget\pfd:membership=budget\pfd:lex-order=budget\pfd:length-lia=budget\pfd:source-string-sat-probe=budget\pfd:bounded-completeness-unsat=budget	budget exhausted in the online difference-logic driver (atoms=25051, equality_gates=0, bool_equality_gates=0, cnf_vars=50101, clauses=75151)\p\ponline CDCL(T) LRA model did not replay (arithmetic outside the incremental engine)\pquant-route ownership (ADR-2103): `q:skolem-qf` owns {Real, Int, BvOrFloat, Datatype, Function, UninterpretedSort, Array, NonBvArray, NonBoolBvArray} and does not own {NestedArray, WideInt}, which this quantified query carries, so its non-decision is a decline and the ladder continues. Its own reason was: preprocessed dispatch timeout after reduced solve; the reduced solve's own reason was [Incomplete] online CDCL(T) LRA model did not replay (arithmetic outside the incremental engine)\ppreprocessed dispatch timeout after reduced solve; the reduced solve's own reason was [Incomplete] online CDCL(T) LRA model did not replay (arithmetic outside the incremental engine)\ppreprocessed dispatch timeout after reduced solve; the reduced solve's own reason was [Incomplete] online CDCL(T) LRA model did not replay (arithmetic outside the incremental engine)\ppreprocessed dispatch timeout after reduced solve; the reduced solve's own reason was [Incomplete] online CDCL(T) LRA model did not replay (arithmetic outside the incremental engine)\ppreprocessed dispatch timeout after reduced solve; the reduced solve's own reason was [Incomplete] online CDCL(T) LRA model did not replay (arithmetic outside the incremental engine)\ppreprocessed dispatch timeout after reduced solve; the reduced solve's own reason was [Incomplete] online CDCL(T) LRA model did not replay (arithmetic outside the incremental engine)\ppreprocessed dispatch timeout after reduced solve; the reduced solve's own reason was [Incomplete] online CDCL(T) LRA model did not replay (arithmetic outside the incremental engine)\ppreprocessed dispatch timeout after reduced solve; the reduced solve's own reason was [Incomplete] online CDCL(T) LRA model did not replay (arithmetic outside the incremental engine)\ppreprocessed dispatch timeout after reduced solve; the reduced solve's own reason was [Incomplete] online CDCL(T) LRA model did not replay (arithmetic outside the incremental engine)\ppreprocessed dispatch timeout after reduced solve; the reduced solve's own reason was [Incomplete] online CDCL(T) LRA model did not replay (arithmetic outside the incremental engine)	other\p\p\pquant-ownership-decline\pother\pother\pother\pother\pother\pother\pother\pother\pother	server5	1	4.06
lra-atom-screen-20260916	65536	QF_RDL/scheduling/swv14_2885.smt2	6261a505ea6767af32873bfc897ae64f8879b6388e5ea1074d27a6d3e12218e3	Real	unknown	0	none	dl-online	15	fd:parse:probe\pprobe:probe\pdl-online:declined\pnra-real-root:declined\pnra:declined\pq:skolem-qf:declined\pfd:string-gate:declined\pfd:source-string-semantic-unsat:declined\pfd:word-route:declined\pfd:online-string:declined\pfd:membership:declined\pfd:lex-order:declined\pfd:length-lia:declined\pfd:source-string-sat-probe:declined\pfd:bounded-completeness-unsat:declined	24132	60\p16\p12620\p3\p11375\p0\p0\p0\p0\p0\p0\p0\p0\p0\p0	no	dl-online=budget\pnra-real-root=not-applicable\pnra=budget\pq:skolem-qf=unsupported\pfd:string-gate=budget\pfd:source-string-semantic-unsat=budget\pfd:word-route=budget\pfd:online-string=budget\pfd:membership=budget\pfd:lex-order=budget\pfd:length-lia=budget\pfd:source-string-sat-probe=budget\pfd:bounded-completeness-unsat=budget	budget exhausted in the online difference-logic driver (atoms=25051, equality_gates=0, bool_equality_gates=0, cnf_vars=50101, clauses=75151)\p\ptimeout in the online CDCL(T) LRA driver\pquant-route ownership (ADR-2103): `q:skolem-qf` owns {Real, Int, BvOrFloat, Datatype, Function, UninterpretedSort, Array, NonBvArray, NonBoolBvArray} and does not own {NestedArray, WideInt}, which this quantified query carries, so its non-decision is a decline and the ladder continues. Its own reason was: preprocessed dispatch timeout after reduced solve; the reduced solve's own reason was [Timeout] timeout in the online CDCL(T) LRA driver\ppreprocessed dispatch timeout after reduced solve; the reduced solve's own reason was [Timeout] timeout in the online CDCL(T) LRA driver\ppreprocessed dispatch timeout after reduced solve; the reduced solve's own reason was [Timeout] timeout in the online CDCL(T) LRA driver\ppreprocessed dispatch timeout after reduced solve; the reduced solve's own reason was [Timeout] timeout in the online CDCL(T) LRA driver\ppreprocessed dispatch timeout after reduced solve; the reduced solve's own reason was [Timeout] timeout in the online CDCL(T) LRA driver\ppreprocessed dispatch timeout after reduced solve; the reduced solve's own reason was [Timeout] timeout in the online CDCL(T) LRA driver\ppreprocessed dispatch timeout after reduced solve; the reduced solve's own reason was [Timeout] timeout in the online CDCL(T) LRA driver\ppreprocessed dispatch timeout after reduced solve; the reduced solve's own reason was [Timeout] timeout in the online CDCL(T) LRA driver\ppreprocessed dispatch timeout after reduced solve; the reduced solve's own reason was [Timeout] timeout in the online CDCL(T) LRA driver\ppreprocessed dispatch timeout after reduced solve; the reduced solve's own reason was [Timeout] timeout in the online CDCL(T) LRA driver	other\p\pother\pquant-ownership-decline\pother\pother\pother\pother\pother\pother\pother\pother\pother	server5	1	4.04
lra-atom-screen-20260916	65536	QF_RDL/scheduling/swv14_2895.smt2	6261a505ea6767af32873bfc897ae64f8879b6388e5ea1074d27a6d3e12218e3	Real	unknown	0	none	nra	15	fd:parse:probe\pprobe:probe\pdl-online:declined\pnra-real-root:declined\pnra:declined\pq:skolem-qf:declined\pfd:string-gate:declined\pfd:source-string-semantic-unsat:declined\pfd:word-route:declined\pfd:online-string:declined\pfd:membership:declined\pfd:lex-order:declined\pfd:length-lia:declined\pfd:source-string-sat-probe:declined\pfd:bounded-completeness-unsat:declined	24230	51\p16\p9058\p3\p15022\p0\p0\p0\p0\p0\p0\p0\p0\p0\p0	no	dl-online=budget\pnra-real-root=not-applicable\pnra=budget\pq:skolem-qf=unsupported\pfd:string-gate=budget\pfd:source-string-semantic-unsat=budget\pfd:word-route=budget\pfd:online-string=budget\pfd:membership=budget\pfd:lex-order=budget\pfd:length-lia=budget\pfd:source-string-sat-probe=budget\pfd:bounded-completeness-unsat=budget	budget exhausted in the online difference-logic driver (atoms=25051, equality_gates=0, bool_equality_gates=0, cnf_vars=50101, clauses=75151)\p\plra: the deadline passed building the Fourier–Motzkin unit-multiplier matrix; the elimination itself never started\pquant-route ownership (ADR-2103): `q:skolem-qf` owns {Real, Int, BvOrFloat, Datatype, Function, UninterpretedSort, Array, NonBvArray, NonBoolBvArray} and does not own {NestedArray, WideInt}, which this quantified query carries, so its non-decision is a decline and the ladder continues. Its own reason was: preprocessed dispatch timeout after reduced solve; the reduced solve's own reason was [ResourceLimit] lra: the deadline passed building the Fourier–Motzkin unit-multiplier matrix; the elimination itself never started\ppreprocessed dispatch timeout after reduced solve; the reduced solve's own reason was [ResourceLimit] lra: the deadline passed building the Fourier–Motzkin unit-multiplier matrix; the elimination itself never started\ppreprocessed dispatch timeout after reduced solve; the reduced solve's own reason was [ResourceLimit] lra: the deadline passed building the Fourier–Motzkin unit-multiplier matrix; the elimination itself never started\ppreprocessed dispatch timeout after reduced solve; the reduced solve's own reason was [ResourceLimit] lra: the deadline passed building the Fourier–Motzkin unit-multiplier matrix; the elimination itself never started\ppreprocessed dispatch timeout after reduced solve; the reduced solve's own reason was [ResourceLimit] lra: the deadline passed building the Fourier–Motzkin unit-multiplier matrix; the elimination itself never started\ppreprocessed dispatch timeout after reduced solve; the reduced solve's own reason was [ResourceLimit] lra: the deadline passed building the Fourier–Motzkin unit-multiplier matrix; the elimination itself never started\ppreprocessed dispatch timeout after reduced solve; the reduced solve's own reason was [ResourceLimit] lra: the deadline passed building the Fourier–Motzkin unit-multiplier matrix; the elimination itself never started\ppreprocessed dispatch timeout after reduced solve; the reduced solve's own reason was [ResourceLimit] lra: the deadline passed building the Fourier–Motzkin unit-multiplier matrix; the elimination itself never started\ppreprocessed dispatch timeout after reduced solve; the reduced solve's own reason was [ResourceLimit] lra: the deadline passed building the Fourier–Motzkin unit-multiplier matrix; the elimination itself never started\ppreprocessed dispatch timeout after reduced solve; the reduced solve's own reason was [ResourceLimit] lra: the deadline passed building the Fourier–Motzkin unit-multiplier matrix; the elimination itself never started	other\p\pother\pquant-ownership-decline\pother\pother\pother\pother\pother\pother\pother\pother\pother	server5	1	4.03
lra-atom-screen-20260916	65536	QF_RDL/scheduling/swv14_2905.smt2	6261a505ea6767af32873bfc897ae64f8879b6388e5ea1074d27a6d3e12218e3	Real	unknown	0	none	nra	15	fd:parse:probe\pprobe:probe\pdl-online:declined\pnra-real-root:declined\pnra:declined\pq:skolem-qf:declined\pfd:string-gate:declined\pfd:source-string-semantic-unsat:declined\pfd:word-route:declined\pfd:online-string:declined\pfd:membership:declined\pfd:lex-order:declined\pfd:length-lia:declined\pfd:source-string-sat-probe:declined\pfd:bounded-completeness-unsat:declined	24231	50\p16\p10702\p3\p13334\p0\p0\p0\p0\p0\p0\p0\p0\p0\p0	no	dl-online=budget\pnra-real-root=not-applicable\pnra=budget\pq:skolem-qf=unsupported\pfd:string-gate=budget\pfd:source-string-semantic-unsat=budget\pfd:word-route=budget\pfd:online-string=budget\pfd:membership=budget\pfd:lex-order=budget\pfd:length-lia=budget\pfd:source-string-sat-probe=budget\pfd:bounded-completeness-unsat=budget	budget exhausted in the online difference-logic driver (atoms=25051, equality_gates=0, bool_equality_gates=0, cnf_vars=50101, clauses=75151)\p\plra: the deadline passed building the Fourier–Motzkin unit-multiplier matrix; the elimination itself never started\pquant-route ownership (ADR-2103): `q:skolem-qf` owns {Real, Int, BvOrFloat, Datatype, Function, UninterpretedSort, Array, NonBvArray, NonBoolBvArray} and does not own {NestedArray, WideInt}, which this quantified query carries, so its non-decision is a decline and the ladder continues. Its own reason was: preprocessed dispatch timeout after reduced solve; the reduced solve's own reason was [ResourceLimit] lra: the deadline passed building the Fourier–Motzkin unit-multiplier matrix; the elimination itself never started\ppreprocessed dispatch timeout after reduced solve; the reduced solve's own reason was [ResourceLimit] lra: the deadline passed building the Fourier–Motzkin unit-multiplier matrix; the elimination itself never started\ppreprocessed dispatch timeout after reduced solve; the reduced solve's own reason was [ResourceLimit] lra: the deadline passed building the Fourier–Motzkin unit-multiplier matrix; the elimination itself never started\ppreprocessed dispatch timeout after reduced solve; the reduced solve's own reason was [ResourceLimit] lra: the deadline passed building the Fourier–Motzkin unit-multiplier matrix; the elimination itself never started\ppreprocessed dispatch timeout after reduced solve; the reduced solve's own reason was [ResourceLimit] lra: the deadline passed building the Fourier–Motzkin unit-multiplier matrix; the elimination itself never started\ppreprocessed dispatch timeout after reduced solve; the reduced solve's own reason was [ResourceLimit] lra: the deadline passed building the Fourier–Motzkin unit-multiplier matrix; the elimination itself never started\ppreprocessed dispatch timeout after reduced solve; the reduced solve's own reason was [ResourceLimit] lra: the deadline passed building the Fourier–Motzkin unit-multiplier matrix; the elimination itself never started\ppreprocessed dispatch timeout after reduced solve; the reduced solve's own reason was [ResourceLimit] lra: the deadline passed building the Fourier–Motzkin unit-multiplier matrix; the elimination itself never started\ppreprocessed dispatch timeout after reduced solve; the reduced solve's own reason was [ResourceLimit] lra: the deadline passed building the Fourier–Motzkin unit-multiplier matrix; the elimination itself never started\ppreprocessed dispatch timeout after reduced solve; the reduced solve's own reason was [ResourceLimit] lra: the deadline passed building the Fourier–Motzkin unit-multiplier matrix; the elimination itself never started	other\p\pother\pquant-ownership-decline\pother\pother\pother\pother\pother\pother\pother\pother\pother	server5	1	4.02
lra-atom-screen-20260916	65536	QF_RDL/scheduling/swv14_3000.smt2	6261a505ea6767af32873bfc897ae64f8879b6388e5ea1074d27a6d3e12218e3	Real	unknown	0	none	nra	15	fd:parse:probe\pprobe:probe\pdl-online:declined\pnra-real-root:declined\pnra:declined\pq:skolem-qf:declined\pfd:string-gate:declined\pfd:source-string-semantic-unsat:declined\pfd:word-route:declined\pfd:online-string:declined\pfd:membership:declined\pfd:lex-order:declined\pfd:length-lia:declined\pfd:source-string-sat-probe:declined\pfd:bounded-completeness-unsat:declined	24226	49\p16\p10583\p3\p13443\p0\p0\p0\p0\p0\p0\p0\p0\p0\p0	no	dl-online=budget\pnra-real-root=not-applicable\pnra=budget\pq:skolem-qf=unsupported\pfd:string-gate=budget\pfd:source-string-semantic-unsat=budget\pfd:word-route=budget\pfd:online-string=budget\pfd:membership=budget\pfd:lex-order=budget\pfd:length-lia=budget\pfd:source-string-sat-probe=budget\pfd:bounded-completeness-unsat=budget	budget exhausted in the online difference-logic driver (atoms=25051, equality_gates=0, bool_equality_gates=0, cnf_vars=50101, clauses=75151)\p\plra: the deadline passed building the Fourier–Motzkin unit-multiplier matrix; the elimination itself never started\pquant-route ownership (ADR-2103): `q:skolem-qf` owns {Real, Int, BvOrFloat, Datatype, Function, UninterpretedSort, Array, NonBvArray, NonBoolBvArray} and does not own {NestedArray, WideInt}, which this quantified query carries, so its non-decision is a decline and the ladder continues. Its own reason was: preprocessed dispatch timeout after reduced solve; the reduced solve's own reason was [ResourceLimit] lra: the deadline passed building the Fourier–Motzkin unit-multiplier matrix; the elimination itself never started\ppreprocessed dispatch timeout after reduced solve; the reduced solve's own reason was [ResourceLimit] lra: the deadline passed building the Fourier–Motzkin unit-multiplier matrix; the elimination itself never started\ppreprocessed dispatch timeout after reduced solve; the reduced solve's own reason was [ResourceLimit] lra: the deadline passed building the Fourier–Motzkin unit-multiplier matrix; the elimination itself never started\ppreprocessed dispatch timeout after reduced solve; the reduced solve's own reason was [ResourceLimit] lra: the deadline passed building the Fourier–Motzkin unit-multiplier matrix; the elimination itself never started\ppreprocessed dispatch timeout after reduced solve; the reduced solve's own reason was [ResourceLimit] lra: the deadline passed building the Fourier–Motzkin unit-multiplier matrix; the elimination itself never started\ppreprocessed dispatch timeout after reduced solve; the reduced solve's own reason was [ResourceLimit] lra: the deadline passed building the Fourier–Motzkin unit-multiplier matrix; the elimination itself never started\ppreprocessed dispatch timeout after reduced solve; the reduced solve's own reason was [ResourceLimit] lra: the deadline passed building the Fourier–Motzkin unit-multiplier matrix; the elimination itself never started\ppreprocessed dispatch timeout after reduced solve; the reduced solve's own reason was [ResourceLimit] lra: the deadline passed building the Fourier–Motzkin unit-multiplier matrix; the elimination itself never started\ppreprocessed dispatch timeout after reduced solve; the reduced solve's own reason was [ResourceLimit] lra: the deadline passed building the Fourier–Motzkin unit-multiplier matrix; the elimination itself never started\ppreprocessed dispatch timeout after reduced solve; the reduced solve's own reason was [ResourceLimit] lra: the deadline passed building the Fourier–Motzkin unit-multiplier matrix; the elimination itself never started	other\p\pother\pquant-ownership-decline\pother\pother\pother\pother\pother\pother\pother\pother\pother	server5	1	4.01
lra-atom-screen-20260916	65536	QF_RDL/SMT-Temporal-Planning-Benchmarks/cooking01.smt2	6261a505ea6767af32873bfc897ae64f8879b6388e5ea1074d27a6d3e12218e3	Real	sat	0	dl-online	dl-online	3	fd:parse:probe\pprobe:probe\pdl-online:decided	108	1\p0\p15	no				server5	1	4.00
lra-atom-screen-20260916	65536	QF_RDL/SMT-Temporal-Planning-Benchmarks/cooking21.smt2	6261a505ea6767af32873bfc897ae64f8879b6388e5ea1074d27a6d3e12218e3	Real	sat	0	dl-online	dl-online	3	fd:parse:probe\pprobe:probe\pdl-online:decided	1910	31\p3\p1748	no				server5	1	4.00
lra-atom-screen-20260916	65536	QF_RDL/SMT-Temporal-Planning-Benchmarks/tms-2-3-light-09.smt2	6261a505ea6767af32873bfc897ae64f8879b6388e5ea1074d27a6d3e12218e3	Real	sat	0	dl-online	dl-online	3	fd:parse:probe\pprobe:probe\pdl-online:decided	310	21\p1\p236	no				server5	1	4.00
lra-atom-screen-20260916	65536	QF_RDL/sal/fischer3-mutex-18.smt2	6261a505ea6767af32873bfc897ae64f8879b6388e5ea1074d27a6d3e12218e3	Real	unsat	0	dl-online	dl-online	3	fd:parse:probe\pprobe:probe\pdl-online:decided	1610	13\p1\p1483	no				server5	1	4.00
lra-atom-screen-20260916	65536	QF_RDL/sal/fischer6-mutex-18.smt2	6261a505ea6767af32873bfc897ae64f8879b6388e5ea1074d27a6d3e12218e3	Real	unsat	0	dl-online	dl-online	3	fd:parse:probe\pprobe:probe\pdl-online:decided	18126	51\p2\p17979	no				server5	1	4.00
lra-atom-screen-20260916	65536	QF_RDL/sal/fischer9-mutex-9.smt2	6261a505ea6767af32873bfc897ae64f8879b6388e5ea1074d27a6d3e12218e3	Real	unsat	0	dl-online	dl-online	3	fd:parse:probe\pprobe:probe\pdl-online:decided	3011	33\p2\p2947	no				server5	1	4.00
lra-atom-screen-20260916	65536	QF_RDL/scheduling/orb02_800.smt2	6261a505ea6767af32873bfc897ae64f8879b6388e5ea1074d27a6d3e12218e3	Real	unsat	0	dl-online	dl-online	3	fd:parse:probe\pprobe:probe\pdl-online:decided	209	1\p0\p148	no				server5	1	4.00
lra-atom-screen-20260916	65536	QF_RDL/scheduling/orb06_1100.smt2	6261a505ea6767af32873bfc897ae64f8879b6388e5ea1074d27a6d3e12218e3	Real	sat	0	dl-online	dl-online	3	fd:parse:probe\pprobe:probe\pdl-online:decided	1410	1\p0\p1361	no				server5	1	4.00
lra-atom-screen-20260916	65536	QF_RDL/scheduling/orb10_800.smt2	6261a505ea6767af32873bfc897ae64f8879b6388e5ea1074d27a6d3e12218e3	Real	unsat	0	dl-online	dl-online	3	fd:parse:probe\pprobe:probe\pdl-online:decided	108	1\p0\p62	no				server5	1	4.00
