file	A	A_ms	A_rc	B	B_ms	B_rc	first	status
/nas3/data/axeyum/corpus/smtlib-2024/non-incremental/non-incremental/QF_BV/2017-BuchwaldFried/counterexample.dump.ia32_Mul_base_disp--Add32.load32.Mul32.Mulh_u32.0005.smt2	unknown	24127	0	unknown	24127	0	A	unsat
/nas3/data/axeyum/corpus/smtlib-2024/non-incremental/non-incremental/QF_LIA/20180326-Bromberger/more_slacked/CAV_2009_benchmarks/coef-size/smt/size-10/c10_problem__001.smt2.slack.smt2	sat	104	0	sat	105	0	B	sat
/nas3/data/axeyum/corpus/smtlib-2024/non-incremental/non-incremental/QF_RDL/SMT-Temporal-Planning-Benchmarks/cooking01.smt2	sat	105	0	sat	105	0	A	sat
/nas3/data/axeyum/corpus/smtlib-2024/non-incremental/non-incremental/QF_UFLIA/20230314-Jaroslav-Bendik-Certora/11775_ad46e5b8db4748c51973_42_QF_UFLIA.smt2	unknown	104	0	unknown	105	0	B	unknown
/nas3/data/axeyum/corpus/smtlib-2024/non-incremental/non-incremental/QF_ABV/20230321-UltimateAutomizerSvcomp2023/tree-1.i_8.smt2	unknown	2006	0	unknown	2006	0	A	unknown
/nas3/data/axeyum/corpus/smtlib-2024/non-incremental/non-incremental/QF_IDL/20210312-Bouvier/vlsat3_c12.smt2	unknown	25025	0	unknown	25026	0	B	unsat
/nas3/data/axeyum/corpus/smtlib-2024/non-incremental/non-incremental/QF_NRA/20161105-Sturm-MBO/mbo_E13E18.smt2	unknown	25328	0	unknown	25329	0	A	unsat
/nas3/data/axeyum/corpus/smtlib-2024/non-incremental/non-incremental/QF_UF/2018-Goel-hwbench/QF_UF_Heap_ab_cti_max.smt2	sat	204	0	sat	205	0	B	sat
/nas3/data/axeyum/corpus/smtlib-2024/non-incremental/non-incremental/QF_FP/schanda/spark/scale_2.smt2	unsat	104	0	unsat	104	0	A	unsat
/nas3/data/axeyum/corpus/smtlib-2024/non-incremental/non-incremental/QF_NIA/20170427-VeryMax/CInteger/Stroeder_15__ChenFlurMukhopadhyay-SAS2012-Ex2.14_false-termination.c__p21457_edge_closing_0.smt2	sat	5809	0	sat	5909	0	B	sat
/nas3/data/axeyum/corpus/smtlib-2024/non-incremental/non-incremental/QF_SLIA/2015-Norn/StringReplace/norn-benchmark-10.smt2	unknown	204	0	unknown	204	0	A	unknown
/nas3/data/axeyum/corpus/smtlib-2024/non-incremental/non-incremental/UF/20170428-Barrett/cdt-cade2015/nada/afp/abstract_completeness/x2015_09_10_17_01_14_404_1150262.smt_in.smt2	unsat	2907	0	unsat	2907	0	B	unsat
/nas3/data/axeyum/corpus/smtlib-2024/non-incremental/non-incremental/QF_DT/20172804-Barrett/barrett-jsat/tests/v1/v1l30030.cvc.smt2	unsat	104	0	unsat	104	0	A	unsat
/nas3/data/axeyum/corpus/smtlib-2024/non-incremental/non-incremental/QF_LRA/2017-Heizmann-UltimateInvariantSynthesis/_sanfoundry_10_ground.i_6_3_3.bpl_13.smt2	unknown	24626	0	unknown	24427	0	B	unknown
/nas3/data/axeyum/corpus/smtlib-2024/non-incremental/non-incremental/QF_S/2019-Jiang/slog/slog_stranger_1566_sink.smt2	unsat	104	0	unsat	104	0	A	unknown
/nas3/data/axeyum/corpus/smtlib-2024/non-incremental/non-incremental/QF_UFLRA/cpachecker-bmc-svcomp14/cpachecker-bmc.rekcba_ctm_true-unreach-call.1.c.smt2	unknown	25228	0	unknown	25227	0	B	sat
/nas3/data/axeyum/corpus/smtlib-2024/non-incremental/non-incremental/QF_BV/20190311-bv-term-small-rw-Noetzli/bv-term-small-rw_331.smt2	unsat	104	0	unsat	103	0	A	unsat
/nas3/data/axeyum/corpus/smtlib-2024/non-incremental/non-incremental/QF_LIA/20180326-Bromberger/more_slacked/CAV_2009_benchmarks/smt/25-vars/v25_problem_2__027.smt2.slack.smt2	unknown	24326	0	unknown	24321	0	B	sat
/nas3/data/axeyum/corpus/smtlib-2024/non-incremental/non-incremental/QF_RDL/SMT-Temporal-Planning-Benchmarks/cooking05.smt2	sat	204	0	sat	205	0	A	sat
/nas3/data/axeyum/corpus/smtlib-2024/non-incremental/non-incremental/QF_UFLIA/20230314-Jaroslav-Bendik-Certora/3106_1c933134166dbad31f79_38_QF_UFLIA.smt2	unknown	25027	0	unknown	25026	0	B	unknown
/nas3/data/axeyum/corpus/smtlib-2024/non-incremental/non-incremental/QF_ABV/brummayerbiere/swapmem002se.smt2	sat	204	0	sat	105	0	A	sat
/nas3/data/axeyum/corpus/smtlib-2024/non-incremental/non-incremental/QF_IDL/20210312-Bouvier/vlsat3_c60.smt2	unknown	25026	0	unknown	25026	0	B	unsat
/nas3/data/axeyum/corpus/smtlib-2024/non-incremental/non-incremental/QF_NRA/20161105-Sturm-MBO/mbo_E5E13.smt2	unknown	24426	0	unknown	24425	0	A	unsat
/nas3/data/axeyum/corpus/smtlib-2024/non-incremental/non-incremental/QF_UF/2018-Goel-hwbench/QF_UF_cambridge.7.prop2_ab_fp_max.smt2	sat	5009	0	sat	3907	0	B	sat
/nas3/data/axeyum/corpus/smtlib-2024/non-incremental/non-incremental/QF_FP/wintersteiger/abs/abs-has-no-other-solution-2316.smt2	unsat	105	0	unsat	104	0	A	unsat
/nas3/data/axeyum/corpus/smtlib-2024/non-incremental/non-incremental/QF_NIA/20170427-VeryMax/CInteger/Stroeder_15__GulwaniJainKoskinen-PLDI2009-Fig1_true-termination.c__p23483_edge_closing_0.smt2	unknown	24127	0	unknown	24126	0	B	unknown
/nas3/data/axeyum/corpus/smtlib-2024/non-incremental/non-incremental/QF_SLIA/20180523-Reynolds/kaluza/sat/small/10454.corecstrs.readable.smt2	sat	105	0	sat	105	0	A	unknown
/nas3/data/axeyum/corpus/smtlib-2024/non-incremental/non-incremental/UF/20170428-Barrett/cdt-cade2015/nada/afp/coinductive_list/x2015_09_10_16_52_38_347_1246149.smt_in.smt2	unsat	3007	0	unsat	3007	0	B	unsat
/nas3/data/axeyum/corpus/smtlib-2024/non-incremental/non-incremental/QF_DT/20172804-Barrett/barrett-jsat/tests/v1/v1l50002.cvc.smt2	unsat	104	0	unsat	104	0	A	unsat
/nas3/data/axeyum/corpus/smtlib-2024/non-incremental/non-incremental/QF_LRA/2017-Heizmann-UltimateInvariantSynthesis/_standard_two_index_06.i_3_2_2.bpl_7.smt2	unknown	24025	0	unknown	24025	0	B	unsat
/nas3/data/axeyum/corpus/smtlib-2024/non-incremental/non-incremental/QF_S/2019-Jiang/slog/slog_stranger_2251_sink.smt2	unsat	104	0	unsat	104	0	A	unknown
/nas3/data/axeyum/corpus/smtlib-2024/non-incremental/non-incremental/QF_UFLRA/cpachecker-induction-svcomp14/cpachecker-induction.32_1_cilled_true-unreach-call_ok_nondet_linux-3.4-32_1-drivers--media--common--tuners--mxl5007t.ko-ldv_main0_sequence_infinite_withcheck_stateful.cil.out.c.smt2	unknown	24127	0	unknown	24127	0	B	sat
/nas3/data/axeyum/corpus/smtlib-2024/non-incremental/non-incremental/QF_BV/20210219-Sydr/master/cjpeg/predicate_425.smt2	unsat	404	0	unsat	404	0	A	unsat
/nas3/data/axeyum/corpus/smtlib-2024/non-incremental/non-incremental/QF_LIA/20180326-Bromberger/more_slacked/CAV_2009_benchmarks/smt/45-vars/v45_problem_2__011.smt2.slack.smt2	sat	9212	0	sat	9212	0	B	sat
/nas3/data/axeyum/corpus/smtlib-2024/non-incremental/non-incremental/QF_RDL/SMT-Temporal-Planning-Benchmarks/cooking09.smt2	sat	305	0	sat	304	0	A	sat
/nas3/data/axeyum/corpus/smtlib-2024/non-incremental/non-incremental/QF_UFLIA/20230314-Jaroslav-Bendik-Certora/39657_1c7158801cd59dc13f05_46_QF_UFLIA.smt2	unknown	25025	0	unknown	25023	0	B	unknown
/nas3/data/axeyum/corpus/smtlib-2024/non-incremental/non-incremental/QF_ABV/dwp_formulas/try3_noof_functions_dwp_df.get_quoting_style.il.dwp.smt2	sat	104	0	sat	104	0	A	sat
/nas3/data/axeyum/corpus/smtlib-2024/non-incremental/non-incremental/QF_IDL/20210312-Bouvier/vlsat3_i08.smt2	unknown	12715	0	unknown	13517	0	B	sat
/nas3/data/axeyum/corpus/smtlib-2024/non-incremental/non-incremental/QF_NRA/20180501-Economics-Mulligan/MulliganEconomicsModel0051a.smt2	unknown	5308	0	unknown	5208	0	A	sat
/nas3/data/axeyum/corpus/smtlib-2024/non-incremental/non-incremental/QF_UF/2018-Goel-hwbench/QF_UF_h_Arbiter_ab_reg_max.smt2	unsat	105	0	unsat	104	0	B	unsat
/nas3/data/axeyum/corpus/smtlib-2024/non-incremental/non-incremental/QF_FP/wintersteiger/abs/abs-has-solution-12276.smt2	sat	104	0	sat	103	0	A	sat
/nas3/data/axeyum/corpus/smtlib-2024/non-incremental/non-incremental/QF_NIA/20170427-VeryMax/CInteger/Stroeder_15__Sunset.c__terminationQ_0_0.smt2	unknown	24125	0	unknown	24125	0	B	unsat
/nas3/data/axeyum/corpus/smtlib-2024/non-incremental/non-incremental/QF_SLIA/20180523-Reynolds/kaluza/sat/small/13150.corecstrs.readable.smt2	sat	104	0	sat	104	0	A	unknown
/nas3/data/axeyum/corpus/smtlib-2024/non-incremental/non-incremental/UF/20170428-Barrett/cdt-cade2015/nada/afp/coinductive_list/x2015_09_10_16_57_47_544_1522663.smt_in.smt2	unknown	25228	0	unknown	25327	0	B	unsat
/nas3/data/axeyum/corpus/smtlib-2024/non-incremental/non-incremental/QF_DT/20172804-Barrett/barrett-jsat/tests/v1/v1l60074.cvc.smt2	unsat	104	0	unsat	105	0	A	unsat
/nas3/data/axeyum/corpus/smtlib-2024/non-incremental/non-incremental/QF_LRA/2019-ezsmt/blending/17.smt2	sat	104	0	sat	104	0	B	unknown
/nas3/data/axeyum/corpus/smtlib-2024/non-incremental/non-incremental/QF_S/2019-Jiang/slog/slog_stranger_286_sink.smt2	unknown	404	0	unknown	405	0	A	unknown
/nas3/data/axeyum/corpus/smtlib-2024/non-incremental/non-incremental/QF_UFLRA/cpachecker-induction-svcomp14/cpachecker-induction.32_1_cilled_true-unreach-call_ok_nondet_linux-3.4-32_1-drivers--staging--speakup--speakup_soft.ko-ldv_main0_sequence_infinite_withcheck_stateful.cil.out.c.smt2	unknown	24124	0	unknown	24129	0	B	sat
/nas3/data/axeyum/corpus/smtlib-2024/non-incremental/non-incremental/QF_BV/20221012-MCMPC/dualexecution_affine/dualexecution.t1.i16.e7c172b6.smt2	sat	204	0	sat	204	0	A	unknown
/nas3/data/axeyum/corpus/smtlib-2024/non-incremental/non-incremental/QF_LIA/20180326-Bromberger/unbd-sage/unbd100v110c/unbd-sage19.smt2	unknown	405	0	unknown	405	0	B	sat
/nas3/data/axeyum/corpus/smtlib-2024/non-incremental/non-incremental/QF_RDL/SMT-Temporal-Planning-Benchmarks/cooking13.smt2	sat	605	0	sat	705	0	A	sat
/nas3/data/axeyum/corpus/smtlib-2024/non-incremental/non-incremental/QF_UFLIA/20230314-Jaroslav-Bendik-Certora/44289_e5a2e5c780236919ee6a_18_QF_UFLIA.smt2	unknown	3908	0	unknown	3908	0	B	unknown
/nas3/data/axeyum/corpus/smtlib-2024/non-incremental/non-incremental/QF_ABV/dwp_formulas/try3_noof_functions_dwp_vdir.hash_string.il.dwp.smt2	sat	105	0	sat	104	0	A	sat
/nas3/data/axeyum/corpus/smtlib-2024/non-incremental/non-incremental/QF_IDL/20210312-Bouvier/vlsat3_i56.smt2	unknown	25322	0	unknown	25327	0	B	sat
/nas3/data/axeyum/corpus/smtlib-2024/non-incremental/non-incremental/QF_NRA/20200911-Pine/1599121905450496000.smt2	unknown	12615	0	unknown	12615	0	A	unknown
/nas3/data/axeyum/corpus/smtlib-2024/non-incremental/non-incremental/QF_UF/2018-Goel-hwbench/QF_UF_loyd.3.prop1_ab_br_max.smt2	unsat	505	0	unsat	504	0	B	unsat
/nas3/data/axeyum/corpus/smtlib-2024/non-incremental/non-incremental/QF_FP/wintersteiger/abs/abs-has-solution-4848.smt2	sat	104	0	sat	104	0	A	sat
/nas3/data/axeyum/corpus/smtlib-2024/non-incremental/non-incremental/QF_NIA/20170427-VeryMax/CInteger/Ton_Chanh_15__Singapore_true-termination.c__p27347_terminationG_0.smt2	sat	10011	0	sat	10011	0	B	sat
/nas3/data/axeyum/corpus/smtlib-2024/non-incremental/non-incremental/QF_SLIA/20180523-Reynolds/kaluza/sat/small/15255.corecstrs.readable.smt2	sat	104	0	sat	104	0	A	unknown
/nas3/data/axeyum/corpus/smtlib-2024/non-incremental/non-incremental/UF/20170428-Barrett/cdt-cade2015/nada/afp/coinductive_list/x2015_09_10_17_01_24_430_1743988.smt_in.smt2	unsat	3107	0	unsat	3007	0	B	unsat
/nas3/data/axeyum/corpus/smtlib-2024/non-incremental/non-incremental/QF_DT/20172804-Barrett/barrett-jsat/tests/v1/v1l80046.cvc.smt2	unsat	104	0	unsat	104	0	A	unsat
/nas3/data/axeyum/corpus/smtlib-2024/non-incremental/non-incremental/QF_LRA/2019-ezsmt/robotics/4_3.smt2	unsat	104	0	unsat	104	0	B	unknown
/nas3/data/axeyum/corpus/smtlib-2024/non-incremental/non-incremental/QF_S/2019-Jiang/slog/slog_stranger_4267_sink.smt2	sat	1806	0	sat	1806	0	A	unknown
/nas3/data/axeyum/corpus/smtlib-2024/non-incremental/non-incremental/QF_UFLRA/cpachecker-induction-svcomp14/cpachecker-induction.43_1a_cilled_true-unreach-call_ok_nondet_linux-43_1a-drivers--atm--adummy.ko-ldv_main0_sequence_infinite_withcheck_stateful.cil.out.c.smt2	unsat	104	0	unsat	104	0	B	unsat
/nas3/data/axeyum/corpus/smtlib-2024/non-incremental/non-incremental/QF_BV/20221012-MCMPC/mean_buckets/simplemean_buckets.t1.i14.acc34979.smt2	sat	104	0	sat	105	0	A	unknown
/nas3/data/axeyum/corpus/smtlib-2024/non-incremental/non-incremental/QF_LIA/2019-ezsmt/weightedSequence/09-treeWeight-729-8leaves.smt2	sat	8410	0	sat	8311	0	B	unknown
/nas3/data/axeyum/corpus/smtlib-2024/non-incremental/non-incremental/QF_RDL/SMT-Temporal-Planning-Benchmarks/cooking17.smt2	sat	1104	0	sat	1105	0	A	sat
/nas3/data/axeyum/corpus/smtlib-2024/non-incremental/non-incremental/QF_UFLIA/20230314-Jaroslav-Bendik-Certora/63058_aa742630eef64f949de269382c1f9035_25_UFLIA.smt2	unknown	104	0	unknown	104	0	B	unknown
/nas3/data/axeyum/corpus/smtlib-2024/non-incremental/non-incremental/QF_ABV/dwp_formulas/try3_sameret_functions_dwp_mv.get_quoting_style.il.dwp.smt2	sat	704	0	sat	304	0	A	sat
/nas3/data/axeyum/corpus/smtlib-2024/non-incremental/non-incremental/QF_IDL/20220214-RVpredict-BohanLi/RVpredict_13.smt2	sat	1105	0	sat	1105	0	B	sat
/nas3/data/axeyum/corpus/smtlib-2024/non-incremental/non-incremental/QF_NRA/20211101-Geogebra/Triangle-Bottema1_17.smt2	unknown	22121	0	unknown	22021	0	A	sat
/nas3/data/axeyum/corpus/smtlib-2024/non-incremental/non-incremental/QF_UF/2018-Goel-hwbench/QF_UF_pgm_protocol.8.prop5_ab_reg_max.smt2	sat	104	0	sat	104	0	B	sat
/nas3/data/axeyum/corpus/smtlib-2024/non-incremental/non-incremental/QF_FP/wintersteiger/add/add-has-no-other-solution-14592.smt2	unsat	104	0	unsat	104	0	A	unsat
/nas3/data/axeyum/corpus/smtlib-2024/non-incremental/non-incremental/QF_NIA/20170427-VeryMax/ITS/From_AProVE_2014__FlattenTreeListRec.jar-obl-10__p29567_safety_0.smt2	sat	10814	0	sat	10814	0	B	sat
/nas3/data/axeyum/corpus/smtlib-2024/non-incremental/non-incremental/QF_SLIA/20180523-Reynolds/kaluza/sat/small/18462.corecstrs.readable.smt2	sat	105	0	sat	104	0	A	unknown
/nas3/data/axeyum/corpus/smtlib-2024/non-incremental/non-incremental/UF/20170428-Barrett/cdt-cade2015/nada/afp/coinductive_list/x2015_09_10_17_04_05_259_1960786.smt_in.smt2	unknown	6309	0	unknown	6410	0	B	unsat
/nas3/data/axeyum/corpus/smtlib-2024/non-incremental/non-incremental/QF_DT/20172804-Barrett/barrett-jsat/tests/v10/v10l20018.cvc.smt2	unsat	104	0	unsat	104	0	A	unsat
/nas3/data/axeyum/corpus/smtlib-2024/non-incremental/non-incremental/QF_LRA/2019-ezsmt/travellingSalesperson/rand_80_340_1159656267_4.lp.smt2	sat	4608	0	sat	4709	0	B	unknown
/nas3/data/axeyum/corpus/smtlib-2024/non-incremental/non-incremental/QF_S/2019-Jiang/slog/slog_stranger_630_sink.smt2	unknown	805	0	unknown	805	0	A	unknown
/nas3/data/axeyum/corpus/smtlib-2024/non-incremental/non-incremental/QF_UFLRA/cpachecker-induction-svcomp14/cpachecker-induction.43_1a_cilled_true-unreach-call_ok_nondet_linux-43_1a-drivers--rtc--rtc-ds1390.ko-ldv_main0_sequence_infinite_withcheck_stateful.cil.out.c.smt2	unsat	104	0	unsat	105	0	B	unsat
/nas3/data/axeyum/corpus/smtlib-2024/non-incremental/non-incremental/QF_BV/20221012-MCMPC/millionaires/millionaires.t1.i42.06377145.smt2	sat	104	0	sat	105	0	A	unknown
/nas3/data/axeyum/corpus/smtlib-2024/non-incremental/non-incremental/QF_LIA/20220307-SMPT/BART-PT-005/RF-11.smt2	sat	304	0	sat	305	0	B	sat
/nas3/data/axeyum/corpus/smtlib-2024/non-incremental/non-incremental/QF_RDL/SMT-Temporal-Planning-Benchmarks/cooking21.smt2	sat	1705	0	sat	1805	0	A	sat
/nas3/data/axeyum/corpus/smtlib-2024/non-incremental/non-incremental/QF_UFLIA/20230314-Jaroslav-Bendik-Certora/72771_f9d228efc97cf1458e38_64_QF_UFLIA.smt2	unknown	104	0	unknown	105	0	B	unknown
/nas3/data/axeyum/corpus/smtlib-2024/non-incremental/non-incremental/QF_ABV/dwp_formulas/try3_sameret_functions_dwp_unexpand.get_quoting_style.il.dwp.smt2	sat	705	0	sat	304	0	A	sat
/nas3/data/axeyum/corpus/smtlib-2024/non-incremental/non-incremental/QF_IDL/20220214-jobshop-BohanLi/jobshop26-2-13-13-4-4-16.smt2	unknown	25022	0	unknown	25027	0	B	sat
/nas3/data/axeyum/corpus/smtlib-2024/non-incremental/non-incremental/QF_NRA/20220314-Uncu/Rational_Function_Proof_Calls_With_Disjunctive_Denominator_Simplifications/DDC_ProveIneq_Mitrinovic_8_3.smt2	unknown	15418	0	unknown	15419	0	A	unsat
/nas3/data/axeyum/corpus/smtlib-2024/non-incremental/non-incremental/QF_UF/2018-Goel-hwbench/QF_UF_telephony.4.prop1_ab_reg_max.smt2	unsat	505	0	unsat	505	0	B	unsat
/nas3/data/axeyum/corpus/smtlib-2024/non-incremental/non-incremental/QF_FP/wintersteiger/add/add-has-no-other-solution-6031.smt2	unsat	104	0	unsat	104	0	A	unsat
/nas3/data/axeyum/corpus/smtlib-2024/non-incremental/non-incremental/QF_NIA/20170427-VeryMax/ITS/From_AProVE_2014__NO_12.jar-obl-8__p11373_terminationG_0.smt2	unknown	24226	0	unknown	24226	0	B	unknown
/nas3/data/axeyum/corpus/smtlib-2024/non-incremental/non-incremental/QF_SLIA/20180523-Reynolds/kaluza/sat/small/3829.corecstrs.readable.smt2	sat	104	0	sat	104	0	A	unknown
/nas3/data/axeyum/corpus/smtlib-2024/non-incremental/non-incremental/UF/20170428-Barrett/cdt-cade2015/nada/afp/coinductive_list/x2015_09_10_17_07_15_208_2222772.smt_in.smt2	unsat	2406	0	unsat	2407	0	B	unsat
/nas3/data/axeyum/corpus/smtlib-2024/non-incremental/non-incremental/QF_DT/20172804-Barrett/barrett-jsat/tests/v10/v10l30090.cvc.smt2	unknown	105	0	unknown	104	0	A	sat
/nas3/data/axeyum/corpus/smtlib-2024/non-incremental/non-incremental/QF_LRA/DTP-Scheduling/constraints-cooking22.smt2	sat	104	0	sat	104	0	B	sat
/nas3/data/axeyum/corpus/smtlib-2024/non-incremental/non-incremental/QF_S/2020-sygus-qgen/queries/query3474.smt2	unknown	104	0	unknown	104	0	A	unknown
/nas3/data/axeyum/corpus/smtlib-2024/non-incremental/non-incremental/QF_UFLRA/cpachecker-induction-svcomp14/cpachecker-induction.Problem04_60_false-unreach-call.c.smt2	unknown	25027	0	unknown	25025	0	B	sat
/nas3/data/axeyum/corpus/smtlib-2024/non-incremental/non-incremental/QF_BV/20221012-MCMPC/wage/wage.t1.i19.a912c9b3.smt2	sat	105	0	sat	105	0	A	unknown
/nas3/data/axeyum/corpus/smtlib-2024/non-incremental/non-incremental/QF_LIA/20220307-SMPT/CircularTrains-PT-048/RC-03.smt2	unsat	105	0	unsat	105	0	B	unsat
/nas3/data/axeyum/corpus/smtlib-2024/non-incremental/non-incremental/QF_RDL/SMT-Temporal-Planning-Benchmarks/tempo-depth-4.smt2	sat	3508	0	sat	3610	0	A	sat
/nas3/data/axeyum/corpus/smtlib-2024/non-incremental/non-incremental/QF_UFLIA/20230314-Jaroslav-Bendik-Certora/940_590f27b1c3c800d3243e_30_QF_UFLIA.smt2	unknown	25026	0	unknown	25022	0	B	unknown
/nas3/data/axeyum/corpus/smtlib-2024/non-incremental/non-incremental/QF_ABV/dwp_formulas/try3_sameret_functions_fse-bfs_vdir.hash_get_n_entries.il.fse-bfs.smt2	sat	104	0	sat	104	0	A	sat
/nas3/data/axeyum/corpus/smtlib-2024/non-incremental/non-incremental/QF_IDL/20220214-jobshop-BohanLi/jobshop48-2-24-24-4-4-16.smt2	unknown	21421	0	unknown	21421	0	B	sat
/nas3/data/axeyum/corpus/smtlib-2024/non-incremental/non-incremental/QF_NRA/LassoRanker/CooperatingT2/p-46.t2.c_Iteration2_Loop_4-pieceTemplate.smt2	unknown	25027	0	unknown	24928	0	A	unknown
/nas3/data/axeyum/corpus/smtlib-2024/non-incremental/non-incremental/QF_UF/PEQ/PEQ013_size5.smt2	unsat	10113	0	unsat	9913	0	B	unsat
/nas3/data/axeyum/corpus/smtlib-2024/non-incremental/non-incremental/QF_FP/wintersteiger/add/add-has-solution-15787.smt2	sat	104	0	sat	105	0	A	sat
/nas3/data/axeyum/corpus/smtlib-2024/non-incremental/non-incremental/QF_NIA/20170427-VeryMax/ITS/From_AProVE_2014__Test6.jar-obl-13__terminationS_36_0.smt2	unknown	24226	0	unknown	24127	0	B	unsat
/nas3/data/axeyum/corpus/smtlib-2024/non-incremental/non-incremental/QF_SLIA/20180523-Reynolds/kaluza/sat/small/6604.corecstrs.readable.smt2	sat	104	0	sat	104	0	A	unknown
/nas3/data/axeyum/corpus/smtlib-2024/non-incremental/non-incremental/UF/20170428-Barrett/cdt-cade2015/nada/afp/coinductive_list/x2015_09_10_17_10_47_003_2500061.smt_in.smt2	unknown	5410	0	unknown	5409	0	B	unsat
/nas3/data/axeyum/corpus/smtlib-2024/non-incremental/non-incremental/QF_DT/20172804-Barrett/barrett-jsat/tests/v10/v10l50062.cvc.smt2	unknown	103	0	unknown	104	0	A	sat
/nas3/data/axeyum/corpus/smtlib-2024/non-incremental/non-incremental/QF_LRA/DTP-Scheduling/constraints-tempo-width-40.smt2	sat	1005	0	sat	1005	0	B	sat
/nas3/data/axeyum/corpus/smtlib-2024/non-incremental/non-incremental/QF_S/20230329-automatark-lu/instance00219.smt2	sat	104	0	sat	104	0	A	sat
/nas3/data/axeyum/corpus/smtlib-2024/non-incremental/non-incremental/QF_UFLRA/cpachecker-induction-svcomp14/cpachecker-induction.array_false-unreach-call.i.smt2	sat	104	0	sat	105	0	B	sat
/nas3/data/axeyum/corpus/smtlib-2024/non-incremental/non-incremental/QF_BV/Sage2/bench_10451.smt2	unknown	25227	0	sat	9313	0	A	sat
/nas3/data/axeyum/corpus/smtlib-2024/non-incremental/non-incremental/QF_LIA/20220307-SMPT/Diffusion2D-PT-D05N200/RF-07.smt2	sat	104	0	sat	104	0	B	sat
/nas3/data/axeyum/corpus/smtlib-2024/non-incremental/non-incremental/QF_RDL/SMT-Temporal-Planning-Benchmarks/tempo-matrix1x1.pddl.smt2	sat	104	0	sat	104	0	A	sat
/nas3/data/axeyum/corpus/smtlib-2024/non-incremental/non-incremental/QF_UFLIA/TwoSquares/smtlib.621344.smt2	sat	104	0	sat	104	0	B	sat
/nas3/data/axeyum/corpus/smtlib-2024/non-incremental/non-incremental/QF_ABV/dwp_formulas/try3_true_functions_dwp_split.set_quoting_style.il.dwp.smt2	sat	104	0	sat	104	0	A	sat
/nas3/data/axeyum/corpus/smtlib-2024/non-incremental/non-incremental/QF_IDL/Averest/buble_sort/BubbleSort_live_bgmc002.smt2	sat	104	0	sat	104	0	B	sat
/nas3/data/axeyum/corpus/smtlib-2024/non-incremental/non-incremental/QF_NRA/LassoRanker/SV-COMP/KroeningSharyginaTsitovichWintersteiger-2010CAV-Fig1_true-termination.c_Iteration1_Lasso_6-phaseTemplate.smt2	unknown	25125	0	unknown	25125	0	A	unknown
/nas3/data/axeyum/corpus/smtlib-2024/non-incremental/non-incremental/QF_UF/QG-classification/loops6/gensys_icl002.smt2	unsat	104	0	unsat	104	0	B	unsat
/nas3/data/axeyum/corpus/smtlib-2024/non-incremental/non-incremental/QF_FP/wintersteiger/add/add-has-solution-7187.smt2	sat	104	0	sat	104	0	A	sat
/nas3/data/axeyum/corpus/smtlib-2024/non-incremental/non-incremental/QF_NIA/20170427-VeryMax/ITS/From_AProVE_2014__Velroyen08-upAndDownIneq.jar-obl-8__terminationS_1_0.smt2	unknown	24124	0	unknown	24123	0	B	unsat
/nas3/data/axeyum/corpus/smtlib-2024/non-incremental/non-incremental/QF_SLIA/20180523-Reynolds/kaluza/sat/small/8988.corecstrs.readable.smt2	sat	104	0	sat	104	0	A	unknown
/nas3/data/axeyum/corpus/smtlib-2024/non-incremental/non-incremental/UF/20170428-Barrett/cdt-cade2015/nada/afp/coinductive_list/x2015_09_10_17_16_38_492_2773691.smt_in.smt2	unknown	25126	0	unknown	25125	0	B	unknown
/nas3/data/axeyum/corpus/smtlib-2024/non-incremental/non-incremental/QF_DT/20172804-Barrett/barrett-jsat/tests/v10/v10l70034.cvc.smt2	unsat	105	0	unsat	105	0	A	unsat
/nas3/data/axeyum/corpus/smtlib-2024/non-incremental/non-incremental/QF_LRA/DTP-Scheduling/constraints-tms-2-3-light-30.smt2	sat	104	0	sat	104	0	B	sat
/nas3/data/axeyum/corpus/smtlib-2024/non-incremental/non-incremental/QF_S/20230329-automatark-lu/instance00595.smt2	sat	104	0	sat	104	0	A	sat
/nas3/data/axeyum/corpus/smtlib-2024/non-incremental/non-incremental/QF_UFLRA/cpachecker-induction-svcomp14/cpachecker-induction.email_spec3_product28_false-unreach-call.cil.c.smt2	unknown	25029	0	unknown	25029	0	B	sat
/nas3/data/axeyum/corpus/smtlib-2024/non-incremental/non-incremental/QF_BV/Sage2/bench_12354.smt2	sat	1306	0	sat	1104	0	A	sat
/nas3/data/axeyum/corpus/smtlib-2024/non-incremental/non-incremental/QF_LIA/20220307-SMPT/Diffusion2D-PT-D20N010/RC-06.smt2	sat	104	0	sat	104	0	B	sat
/nas3/data/axeyum/corpus/smtlib-2024/non-incremental/non-incremental/QF_RDL/SMT-Temporal-Planning-Benchmarks/tempo-width-3.smt2	sat	705	0	sat	705	0	A	sat
/nas3/data/axeyum/corpus/smtlib-2024/non-incremental/non-incremental/QF_UFLIA/TwoSquares/smtlib.769286.smt2	unsat	104	0	unsat	104	0	B	unsat
/nas3/data/axeyum/corpus/smtlib-2024/non-incremental/non-incremental/QF_ABV/dwp_formulas/try4_difret_functions_disjunctions_sha1sum.close_stdout_set_file_name.il.disjunctions_0.smt2	sat	2607	0	sat	804	0	A	sat
/nas3/data/axeyum/corpus/smtlib-2024/non-incremental/non-incremental/QF_IDL/Averest/buble_sort/BubbleSort_safe_blmc016.smt2	unsat	3006	0	unsat	3006	0	B	unsat
/nas3/data/axeyum/corpus/smtlib-2024/non-incremental/non-incremental/QF_NRA/LassoRanker/Ultimate/FourPhase.bpl_Iteration1_Lasso_7-phaseTemplate.smt2	unknown	24125	0	unknown	24124	0	A	sat
/nas3/data/axeyum/corpus/smtlib-2024/non-incremental/non-incremental/QF_UF/QG-classification/loops6/iso_brn041.smt2	sat	104	0	sat	104	0	B	sat
/nas3/data/axeyum/corpus/smtlib-2024/non-incremental/non-incremental/QF_FP/wintersteiger/div/div-has-no-other-solution-17731.smt2	unsat	104	0	unsat	105	0	A	unsat
/nas3/data/axeyum/corpus/smtlib-2024/non-incremental/non-incremental/QF_NIA/20170427-VeryMax/ITS/From_AProVE_2014__juHashMapCreate.jar-obl-10__p4943_safety_0.smt2	unknown	10914	0	unknown	10913	0	B	sat
/nas3/data/axeyum/corpus/smtlib-2024/non-incremental/non-incremental/QF_SLIA/20180523-Reynolds/kaluza/unsat/big/14857.corecstrs.readable.smt2	unsat	305	0	unsat	304	0	A	unknown
/nas3/data/axeyum/corpus/smtlib-2024/non-incremental/non-incremental/UF/20170428-Barrett/cdt-cade2015/nada/afp/coinductive_stream/x2015_09_10_17_25_01_009_1227491.smt_in.smt2	unknown	8812	0	unknown	8912	0	B	unknown
/nas3/data/axeyum/corpus/smtlib-2024/non-incremental/non-incremental/QF_DT/20172804-Barrett/barrett-jsat/tests/v10/v10l90006.cvc.smt2	sat	105	0	sat	105	0	A	sat
/nas3/data/axeyum/corpus/smtlib-2024/non-incremental/non-incremental/QF_LRA/LassoRanker/CooperatingT2/collatz.t2.c_Iteration3_Loop_7-phaseTemplate.smt2	unknown	24227	0	unknown	24126	0	B	unsat
/nas3/data/axeyum/corpus/smtlib-2024/non-incremental/non-incremental/QF_S/20230329-automatark-lu/instance00971.smt2	sat	105	0	sat	105	0	A	sat
/nas3/data/axeyum/corpus/smtlib-2024/non-incremental/non-incremental/QF_UFLRA/cpachecker-induction-svcomp14/cpachecker-induction.linear_sea.ch_true-unreach-call.i.smt2	sat	305	0	sat	304	0	B	sat
/nas3/data/axeyum/corpus/smtlib-2024/non-incremental/non-incremental/QF_BV/Sage2/bench_1424.smt2	unsat	304	0	unsat	305	0	A	unsat
/nas3/data/axeyum/corpus/smtlib-2024/non-incremental/non-incremental/QF_LIA/20220307-SMPT/Diffusion2D-PT-D40N010/RC-14.smt2	sat	606	0	sat	605	0	B	sat
/nas3/data/axeyum/corpus/smtlib-2024/non-incremental/non-incremental/QF_RDL/SMT-Temporal-Planning-Benchmarks/tms-2-3-light-03.smt2	sat	105	0	sat	105	0	A	sat
/nas3/data/axeyum/corpus/smtlib-2024/non-incremental/non-incremental/QF_UFLIA/mathsat/EufLaArithmetic/hard/hard4.smt2	unsat	1005	0	unsat	1005	0	B	unsat
/nas3/data/axeyum/corpus/smtlib-2024/non-incremental/non-incremental/QF_ABV/dwp_formulas/try4_difret_functions_disjunctions_vdir.strmode.il.disjunctions_6.smt2	sat	18123	0	sat	14917	0	A	sat
/nas3/data/axeyum/corpus/smtlib-2024/non-incremental/non-incremental/QF_IDL/Averest/linear_search/LinearSearch_live_bgmc005.smt2	unsat	105	0	unsat	104	0	B	unsat
/nas3/data/axeyum/corpus/smtlib-2024/non-incremental/non-incremental/QF_NRA/hycomp/ball_count_1d_plain.01.seq_lazy_global_11.smt2	unsat	1206	0	unsat	1206	0	A	unsat
/nas3/data/axeyum/corpus/smtlib-2024/non-incremental/non-incremental/QF_UF/QG-classification/loops6/iso_icl083.smt2	unsat	1205	0	unsat	1307	0	B	unsat
/nas3/data/axeyum/corpus/smtlib-2024/non-incremental/non-incremental/QF_FP/wintersteiger/div/div-has-no-other-solution-9828.smt2	unsat	105	0	unsat	105	0	A	unsat
/nas3/data/axeyum/corpus/smtlib-2024/non-incremental/non-incremental/QF_NIA/20170427-VeryMax/ITS/From_AProVE_2014__juHashMapCreateClear.jar-obl-11__p30440_safety_0.smt2	unknown	10913	0	unknown	10912	0	B	unknown
/nas3/data/axeyum/corpus/smtlib-2024/non-incremental/non-incremental/QF_SLIA/20180523-Reynolds/kaluza/unsat/big/20314.corecstrs.readable.smt2	sat	105	0	sat	104	0	A	unknown
/nas3/data/axeyum/corpus/smtlib-2024/non-incremental/non-incremental/UF/20170428-Barrett/cdt-cade2015/nada/afp/huffman/x2015_09_10_16_48_12_933_1099247.smt_in.smt2	unknown	12315	0	unknown	12414	0	B	unknown
/nas3/data/axeyum/corpus/smtlib-2024/non-incremental/non-incremental/QF_DT/20172804-Barrett/barrett-jsat/tests/v2/v2l20078.cvc.smt2	unsat	104	0	unsat	105	0	A	unsat
/nas3/data/axeyum/corpus/smtlib-2024/non-incremental/non-incremental/QF_LRA/LassoRanker/CooperatingT2/ex11.t2.c_Iteration1_Lasso_7-phaseTemplate.smt2	unknown	24726	0	unknown	24626	0	B	unsat
/nas3/data/axeyum/corpus/smtlib-2024/non-incremental/non-incremental/QF_S/20230329-automatark-lu/instance01347.smt2	sat	104	0	sat	105	0	A	sat
/nas3/data/axeyum/corpus/smtlib-2024/non-incremental/non-incremental/QF_UFLRA/cpachecker-induction-svcomp14/cpachecker-induction.minepump_spec1_product38_false-unreach-call.cil.c.smt2	unknown	24127	0	unknown	24128	0	B	sat
/nas3/data/axeyum/corpus/smtlib-2024/non-incremental/non-incremental/QF_BV/Sage2/bench_16145.smt2	sat	704	0	sat	505	0	A	sat
/nas3/data/axeyum/corpus/smtlib-2024/non-incremental/non-incremental/QF_LIA/20220307-SMPT/ERK-PT-000001/RF-07.smt2	sat	104	0	sat	104	0	B	sat
/nas3/data/axeyum/corpus/smtlib-2024/non-incremental/non-incremental/QF_RDL/SMT-Temporal-Planning-Benchmarks/tms-2-3-light-07.smt2	sat	204	0	sat	204	0	A	sat
/nas3/data/axeyum/corpus/smtlib-2024/non-incremental/non-incremental/QF_UFLIA/mathsat/EufLaArithmetic/medium/medium16.smt2	unsat	18321	0	unsat	18319	0	B	unsat
/nas3/data/axeyum/corpus/smtlib-2024/non-incremental/non-incremental/QF_ABV/dwp_formulas/try4_true_functions_dwp_tail.set_quoting_style.il.dwp.smt2	sat	104	0	sat	105	0	A	sat
/nas3/data/axeyum/corpus/smtlib-2024/non-incremental/non-incremental/QF_IDL/Averest/selection_sort/SelectionSort_live_bgmc002.smt2	sat	104	0	sat	105	0	B	sat
/nas3/data/axeyum/corpus/smtlib-2024/non-incremental/non-incremental/QF_NRA/hycomp/ball_count_1d_plain.03.seq_lazy_linear_enc_lemmas_global_11.smt2	unsat	2606	0	unsat	2606	0	A	unsat
/nas3/data/axeyum/corpus/smtlib-2024/non-incremental/non-incremental/QF_UF/QG-classification/qg5/gensys_brn056.smt2	sat	104	0	sat	104	0	B	sat
/nas3/data/axeyum/corpus/smtlib-2024/non-incremental/non-incremental/QF_FP/wintersteiger/div/div-has-solution-2386.smt2	sat	105	0	sat	104	0	A	sat
/nas3/data/axeyum/corpus/smtlib-2024/non-incremental/non-incremental/QF_NIA/20170427-VeryMax/ITS/From_AProVE_2014__juHashMapCreateContainsKey.jar-obl-11__p31541_safety_0.smt2	unknown	11714	0	unknown	11716	0	B	sat
/nas3/data/axeyum/corpus/smtlib-2024/non-incremental/non-incremental/QF_SLIA/20180523-Reynolds/kaluza/unsat/small/23217.corecstrs.readable.smt2	sat	104	0	sat	105	0	A	unknown
/nas3/data/axeyum/corpus/smtlib-2024/non-incremental/non-incremental/UF/20170428-Barrett/cdt-cade2015/nada/afp/huffman/x2015_09_10_16_51_47_018_1336429.smt_in.smt2	unsat	6309	0	unsat	6310	0	B	unsat
/nas3/data/axeyum/corpus/smtlib-2024/non-incremental/non-incremental/QF_DT/20172804-Barrett/barrett-jsat/tests/v2/v2l40050.cvc.smt2	unsat	104	0	unsat	104	0	A	unsat
/nas3/data/axeyum/corpus/smtlib-2024/non-incremental/non-incremental/QF_LRA/LassoRanker/CooperatingT2/hongyi1.t2.c_Iteration9_Loop_4-lexTemplate.smt2	unknown	24826	0	unknown	24626	0	B	sat
/nas3/data/axeyum/corpus/smtlib-2024/non-incremental/non-incremental/QF_S/20230329-automatark-lu/instance01723.smt2	sat	104	0	sat	104	0	A	sat
/nas3/data/axeyum/corpus/smtlib-2024/non-incremental/non-incremental/QF_UFLRA/cpachecker-induction-svcomp14/cpachecker-induction.minepump_spec2_product62_true-unreach-call.cil.c.smt2	unsat	18122	0	unsat	18121	0	B	unsat
/nas3/data/axeyum/corpus/smtlib-2024/non-incremental/non-incremental/QF_BV/Sage2/bench_192.smt2	unsat	204	0	unsat	205	0	A	unsat
/nas3/data/axeyum/corpus/smtlib-2024/non-incremental/non-incremental/QF_LIA/20220307-SMPT/Eratosthenes-PT-100/RC-10.smt2	unsat	104	0	unsat	104	0	B	unsat
/nas3/data/axeyum/corpus/smtlib-2024/non-incremental/non-incremental/QF_RDL/SMT-Temporal-Planning-Benchmarks/tms-2-3-light-20.smt2	sat	1105	0	sat	1205	0	A	sat
/nas3/data/axeyum/corpus/smtlib-2024/non-incremental/non-incremental/QF_UFLIA/mathsat/Hash/hash_sat_03_05.smt2	sat	305	0	sat	305	0	B	sat
/nas3/data/axeyum/corpus/smtlib-2024/non-incremental/non-incremental/QF_ABV/dwp_formulas/try5_small_difret_functions_dwp_mkfifo.get_quoting_style.il.dwp.smt2	unknown	24126	0	unsat	8012	0	A	unsat
/nas3/data/axeyum/corpus/smtlib-2024/non-incremental/non-incremental/QF_IDL/Averest/sorting_network/SortingNetwork4_live_bgmc003.smt2	sat	104	0	sat	105	0	B	sat
/nas3/data/axeyum/corpus/smtlib-2024/non-incremental/non-incremental/QF_NRA/hycomp/ball_count_1d_plain.10.seq_lazy_global_11.smt2	unsat	1205	0	unsat	1105	0	A	unsat
/nas3/data/axeyum/corpus/smtlib-2024/non-incremental/non-incremental/QF_UF/QG-classification/qg5/gensys_brn1094.smt2	sat	105	0	sat	104	0	B	sat
/nas3/data/axeyum/corpus/smtlib-2024/non-incremental/non-incremental/QF_FP/wintersteiger/eq/eq-has-no-other-solution-12751.smt2	unsat	105	0	unsat	105	0	A	unsat
/nas3/data/axeyum/corpus/smtlib-2024/non-incremental/non-incremental/QF_NIA/20170427-VeryMax/ITS/From_AProVE_2014__juHashMapCreateContainsValue.jar-obl-11__p32598_safety_0.smt2	unknown	11115	0	unknown	11114	0	B	sat
/nas3/data/axeyum/corpus/smtlib-2024/non-incremental/non-incremental/QF_SLIA/20180523-Reynolds/kaluza/unsat/small/29837.corecstrs.readable.smt2	sat	105	0	sat	104	0	A	unknown
/nas3/data/axeyum/corpus/smtlib-2024/non-incremental/non-incremental/UF/20170428-Barrett/cdt-cade2015/nada/afp/lmirror/x2015_09_10_16_48_05_804_1088878.smt_in.smt2	unsat	4107	0	unsat	4208	0	B	unsat
/nas3/data/axeyum/corpus/smtlib-2024/non-incremental/non-incremental/QF_DT/20172804-Barrett/barrett-jsat/tests/v2/v2l60022.cvc.smt2	unsat	103	0	unsat	104	0	A	unsat
/nas3/data/axeyum/corpus/smtlib-2024/non-incremental/non-incremental/QF_LRA/LassoRanker/CooperatingT2/matrixsqrt.t2.c_Iteration12_Loop_7-phaseTemplate.smt2	unknown	24127	0	unknown	24126	0	B	sat
/nas3/data/axeyum/corpus/smtlib-2024/non-incremental/non-incremental/QF_S/20230329-automatark-lu/instance02099.smt2	sat	104	0	sat	105	0	A	sat
/nas3/data/axeyum/corpus/smtlib-2024/non-incremental/non-incremental/QF_UFLRA/cpachecker-induction-svcomp14/cpachecker-induction.minepump_spec3_product23_false-unreach-call.cil.c.smt2	sat	4609	0	sat	4609	0	B	sat
/nas3/data/axeyum/corpus/smtlib-2024/non-incremental/non-incremental/QF_BV/Sage2/bench_3822.smt2	unsat	205	0	unsat	204	0	A	unsat
/nas3/data/axeyum/corpus/smtlib-2024/non-incremental/non-incremental/QF_LIA/20220307-SMPT/FMS-PT-00100/RF-07.smt2	sat	104	0	sat	105	0	B	sat
/nas3/data/axeyum/corpus/smtlib-2024/non-incremental/non-incremental/QF_RDL/SMT-Temporal-Planning-Benchmarks/tms-2-3-light-70.smt2	sat	1605	0	sat	1606	0	A	sat
/nas3/data/axeyum/corpus/smtlib-2024/non-incremental/non-incremental/QF_UFLIA/mathsat/Hash/hash_sat_03_17.smt2	sat	10013	0	sat	9412	0	B	sat
/nas3/data/axeyum/corpus/smtlib-2024/non-incremental/non-incremental/QF_ABV/dwp_formulas/try5_small_difret_functions_dwp_tsort.quoting_options_from_style.il.dwp.smt2	unsat	105	0	unsat	104	0	A	unsat
/nas3/data/axeyum/corpus/smtlib-2024/non-incremental/non-incremental/QF_IDL/DTP/DTP_k2_n35_c175_s10.smt2	sat	104	0	sat	205	0	B	sat
/nas3/data/axeyum/corpus/smtlib-2024/non-incremental/non-incremental/QF_NRA/hycomp/ball_count_2d_hill.03.seq_lazy_global_11.smt2	unsat	105	0	unsat	104	0	A	unsat
/nas3/data/axeyum/corpus/smtlib-2024/non-incremental/non-incremental/QF_UF/QG-classification/qg5/gensys_brn1229.smt2	sat	104	0	sat	104	0	B	sat
/nas3/data/axeyum/corpus/smtlib-2024/non-incremental/non-incremental/QF_FP/wintersteiger/eq/eq-has-no-other-solution-5023.smt2	unsat	105	0	unsat	104	0	A	unsat
/nas3/data/axeyum/corpus/smtlib-2024/non-incremental/non-incremental/QF_NIA/20170427-VeryMax/ITS/From_AProVE_2014__juHashMapCreateIsEmpty.jar-obl-10__p2587_safety_0.smt2	unknown	10915	0	unknown	10915	0	B	sat
/nas3/data/axeyum/corpus/smtlib-2024/non-incremental/non-incremental/QF_SLIA/20180523-Reynolds/pyex/peterc-pyex-doc-cav17-td/httplib2/httplib2-cache-control/206147393c360e18b6ba0c34cb47d4c65482e1a961a0a1bd0fc94172.smt2	sat	104	0	sat	104	0	A	unknown
/nas3/data/axeyum/corpus/smtlib-2024/non-incremental/non-incremental/UF/20170428-Barrett/cdt-cade2015/nada/afp/tllist/x2015_09_10_16_59_31_681_1283677.smt_in.smt2	unsat	10115	0	unsat	9113	0	B	unsat
/nas3/data/axeyum/corpus/smtlib-2024/non-incremental/non-incremental/QF_DT/20172804-Barrett/barrett-jsat/tests/v2/v2l70094.cvc.smt2	unsat	105	0	unsat	105	0	A	unsat
/nas3/data/axeyum/corpus/smtlib-2024/non-incremental/non-incremental/QF_LRA/LassoRanker/CooperatingT2/sas2.t2.c_Iteration3_Lasso_5-phaseTemplate.smt2	unknown	24326	0	unknown	24227	0	B	sat
/nas3/data/axeyum/corpus/smtlib-2024/non-incremental/non-incremental/QF_S/20230329-automatark-lu/instance02475.smt2	sat	104	0	sat	104	0	A	sat
/nas3/data/axeyum/corpus/smtlib-2024/non-incremental/non-incremental/QF_UFLRA/cpachecker-induction-svcomp14/cpachecker-induction.minepump_spec3_product47_false-unreach-call.cil.c.smt2	unknown	25127	0	unknown	25129	0	B	sat
/nas3/data/axeyum/corpus/smtlib-2024/non-incremental/non-incremental/QF_BV/Sage2/bench_5929.smt2	sat	204	0	sat	105	0	A	sat
/nas3/data/axeyum/corpus/smtlib-2024/non-incremental/non-incremental/QF_LIA/20220307-SMPT/FamilyReunion-PT-L00400M0040C020P020G001/RC-07.smt2	unknown	25228	0	unknown	25628	0	B	sat
/nas3/data/axeyum/corpus/smtlib-2024/non-incremental/non-incremental/QF_RDL/check/bignum_rdl2.smt2	unsat	105	0	unsat	104	0	A	unsat
/nas3/data/axeyum/corpus/smtlib-2024/non-incremental/non-incremental/QF_UFLIA/mathsat/Hash/hash_sat_04_11.smt2	sat	18322	0	sat	18320	0	B	sat
/nas3/data/axeyum/corpus/smtlib-2024/non-incremental/non-incremental/QF_ABV/dwp_formulas/try5_small_difret_functions_flanagansaxe_id.close_stdout_set_file_name.il.flanagansaxe.smt2	sat	1105	0	sat	505	0	A	sat
/nas3/data/axeyum/corpus/smtlib-2024/non-incremental/non-incremental/QF_IDL/DTP/DTP_k2_n35_c245_s18.smt2	unsat	505	0	unsat	505	0	B	unsat
/nas3/data/axeyum/corpus/smtlib-2024/non-incremental/non-incremental/QF_NRA/hycomp/ball_count_2d_hill.10.seq_lazy_global_11.smt2	unsat	105	0	unsat	105	0	A	unsat
/nas3/data/axeyum/corpus/smtlib-2024/non-incremental/non-incremental/QF_UF/QG-classification/qg5/gensys_brn172.smt2	sat	105	0	sat	105	0	B	sat
/nas3/data/axeyum/corpus/smtlib-2024/non-incremental/non-incremental/QF_FP/wintersteiger/eq/eq-has-solution-15516.smt2	sat	105	0	sat	105	0	A	sat
/nas3/data/axeyum/corpus/smtlib-2024/non-incremental/non-incremental/QF_NIA/20170427-VeryMax/ITS/From_AProVE_2014__juHashMapCreatePut.jar-obl-10__p5722_safety_0.smt2	unknown	12815	0	unknown	13016	0	B	sat
/nas3/data/axeyum/corpus/smtlib-2024/non-incremental/non-incremental/QF_SLIA/20180523-Reynolds/pyex/peterc-pyex-doc-cav17-td/httplib2/httplib2-entry-disposition/5d178227230e504ec950205977cff0efdfe8510e88665a9aa5cc3ee5.smt2	sat	404	0	sat	404	0	A	unknown
/nas3/data/axeyum/corpus/smtlib-2024/non-incremental/non-incremental/UF/20170428-Barrett/cdt-cade2015/nada/distro/gram_lang/x2015_09_10_16_49_03_424_1170927.smt_in.smt2	unknown	18321	0	unknown	18020	0	B	unknown
/nas3/data/axeyum/corpus/smtlib-2024/non-incremental/non-incremental/QF_DT/20172804-Barrett/barrett-jsat/tests/v2/v2l90066.cvc.smt2	unsat	105	0	unsat	104	0	A	unsat
/nas3/data/axeyum/corpus/smtlib-2024/non-incremental/non-incremental/QF_LRA/LassoRanker/CooperatingT2/sumit.t2.c_Iteration1_Lasso_7-phaseTemplate.smt2	unknown	24526	0	unknown	24327	0	B	sat
/nas3/data/axeyum/corpus/smtlib-2024/non-incremental/non-incremental/QF_S/20230329-automatark-lu/instance02851.smt2	sat	104	0	sat	104	0	A	sat
/nas3/data/axeyum/corpus/smtlib-2024/non-incremental/non-incremental/QF_UFLRA/cpachecker-induction-svcomp14/cpachecker-induction.nec20_false-unreach-call.i.smt2	sat	104	0	sat	104	0	B	sat
/nas3/data/axeyum/corpus/smtlib-2024/non-incremental/non-incremental/QF_BV/Sage2/bench_7935.smt2	sat	204	0	sat	204	0	A	sat
/nas3/data/axeyum/corpus/smtlib-2024/non-incremental/non-incremental/QF_LIA/20220307-SMPT/HouseConstruction-PT-00500/RF-13.smt2	sat	104	0	sat	104	0	B	sat
/nas3/data/axeyum/corpus/smtlib-2024/non-incremental/non-incremental/QF_RDL/sal/fischer3-mutex-12.smt2	unsat	505	0	unsat	505	0	A	unsat
/nas3/data/axeyum/corpus/smtlib-2024/non-incremental/non-incremental/QF_UFLIA/mathsat/Hash/hash_sat_05_05.smt2	sat	18323	0	sat	18320	0	B	sat
/nas3/data/axeyum/corpus/smtlib-2024/non-incremental/non-incremental/QF_ABV/dwp_formulas/try5_small_difret_functions_flanagansaxe_tac.quoting_options_from_style.il.flanagansaxe.smt2	sat	204	0	sat	105	0	A	sat
/nas3/data/axeyum/corpus/smtlib-2024/non-incremental/non-incremental/QF_IDL/asp/15Puzzle/15-puzzle.init14.smt2	unknown	21824	0	unknown	22025	0	B	sat
/nas3/data/axeyum/corpus/smtlib-2024/non-incremental/non-incremental/QF_NRA/hycomp/ball_count_2d_hill_simple.02.seq_lazy_linear_enc_lemmas_global_11.smt2	unsat	3607	0	unsat	3606	0	A	unsat
/nas3/data/axeyum/corpus/smtlib-2024/non-incremental/non-incremental/QF_UF/QG-classification/qg5/gensys_brn320.smt2	sat	105	0	sat	105	0	B	sat
/nas3/data/axeyum/corpus/smtlib-2024/non-incremental/non-incremental/QF_FP/wintersteiger/eq/eq-has-solution-7968.smt2	sat	104	0	sat	104	0	A	sat
/nas3/data/axeyum/corpus/smtlib-2024/non-incremental/non-incremental/QF_NIA/20170427-VeryMax/ITS/From_AProVE_2014__juHashMapCreateRemove.jar-obl-11__p6984_safety_0.smt2	unknown	11714	0	unknown	11714	0	B	sat
/nas3/data/axeyum/corpus/smtlib-2024/non-incremental/non-incremental/QF_SLIA/20180523-Reynolds/pyex/peterc-pyex-doc-cav17-td/httplib2/httplib2-entry-disposition/ca501e915c9c07603faf7e2e5289172471a7a862eb2a27fe35c6dabf.smt2	sat	405	0	sat	404	0	A	unknown
/nas3/data/axeyum/corpus/smtlib-2024/non-incremental/non-incremental/UF/20170428-Barrett/cdt-cade2015/nada/distro/gram_lang/x2015_09_10_16_52_38_709_1379263.smt_in.smt2	unknown	9113	0	unknown	9013	0	B	unknown
/nas3/data/axeyum/corpus/smtlib-2024/non-incremental/non-incremental/QF_DT/20172804-Barrett/barrett-jsat/tests/v3/v3l30038.cvc.smt2	unsat	104	0	unsat	104	0	A	unsat
/nas3/data/axeyum/corpus/smtlib-2024/non-incremental/non-incremental/QF_LRA/LassoRanker/SV-COMP/CookSeeZuleger-2013TACAS-Fig3_true-termination.c_Iteration1_Loop_4-pieceTemplate.smt2	unknown	25127	0	unknown	24727	0	B	unsat
/nas3/data/axeyum/corpus/smtlib-2024/non-incremental/non-incremental/QF_S/20230329-automatark-lu/instance03227.smt2	sat	104	0	sat	105	0	A	sat
/nas3/data/axeyum/corpus/smtlib-2024/non-incremental/non-incremental/QF_UFLRA/cpachecker-induction-svcomp14/cpachecker-induction.sll_to_dll_rev_false-unreach-call.i.smt2	sat	1305	0	sat	1306	0	B	sat
/nas3/data/axeyum/corpus/smtlib-2024/non-incremental/non-incremental/QF_BV/Sage2/bench_9955.smt2	unsat	104	0	unsat	105	0	A	unsat
/nas3/data/axeyum/corpus/smtlib-2024/non-incremental/non-incremental/QF_LIA/20220307-SMPT/IOTPpurchase-PT-C03M03P03D03/RC-08.smt2	sat	104	0	sat	104	0	B	sat
/nas3/data/axeyum/corpus/smtlib-2024/non-incremental/non-incremental/QF_RDL/sal/fischer3-mutex-16.smt2	unsat	1305	0	unsat	1406	0	A	unsat
/nas3/data/axeyum/corpus/smtlib-2024/non-incremental/non-incremental/QF_UFLIA/mathsat/Hash/hash_sat_05_17.smt2	sat	17519	0	sat	15818	0	B	sat
/nas3/data/axeyum/corpus/smtlib-2024/non-incremental/non-incremental/QF_ABV/dwp_formulas/try5_small_difret_functions_fse-bfs_stat.close_stdout_set_file_name.il.fse-bfs.smt2	sat	2807	0	sat	805	0	A	sat
/nas3/data/axeyum/corpus/smtlib-2024/non-incremental/non-incremental/QF_IDL/asp/ChannelRouting/channelRoute.in9.smt2	sat	9814	0	sat	9914	0	B	sat
/nas3/data/axeyum/corpus/smtlib-2024/non-incremental/non-incremental/QF_NRA/hycomp/ball_count_2d_hill_simple.05.seq_lazy_global_11.smt2	unsat	1606	0	unsat	1507	0	A	unsat
/nas3/data/axeyum/corpus/smtlib-2024/non-incremental/non-incremental/QF_UF/QG-classification/qg5/gensys_brn468.smt2	sat	105	0	sat	105	0	B	sat
/nas3/data/axeyum/corpus/smtlib-2024/non-incremental/non-incremental/QF_FP/wintersteiger/fma/fma-has-no-other-solution-18593.smt2	unsat	105	0	unsat	105	0	A	unsat
/nas3/data/axeyum/corpus/smtlib-2024/non-incremental/non-incremental/QF_NIA/20170427-VeryMax/ITS/From_AProVE_2014__juLinkedListCreateAddAllAt.jar-obl-17__p7725_safety_0.smt2	sat	14017	0	sat	14018	0	B	sat
/nas3/data/axeyum/corpus/smtlib-2024/non-incremental/non-incremental/QF_SLIA/20180523-Reynolds/pyex/peterc-pyex-doc-cav17-z3/httplib2/httplib2-entry-disposition/06cb442f5deb35a5d8d6f9c91636908d643a811d4da4d8979c2ce21a.smt2	sat	205	0	sat	204	0	A	unknown
/nas3/data/axeyum/corpus/smtlib-2024/non-incremental/non-incremental/UF/20170428-Barrett/cdt-cade2015/nada/distro/koenig/x2015_09_10_16_45_05_341_1010900.smt_in.smt2	unknown	13617	0	unknown	13917	0	B	unknown
/nas3/data/axeyum/corpus/smtlib-2024/non-incremental/non-incremental/QF_DT/20172804-Barrett/barrett-jsat/tests/v3/v3l50010.cvc.smt2	unsat	104	0	unsat	105	0	A	unsat
/nas3/data/axeyum/corpus/smtlib-2024/non-incremental/non-incremental/QF_LRA/LassoRanker/SV-COMP/LeeJonesBen-Amram-2001POPL-Ex5_true-termination.c_Iteration2_Loop_7-phaseTemplate.smt2	unknown	24126	0	unknown	24127	0	B	unsat
/nas3/data/axeyum/corpus/smtlib-2024/non-incremental/non-incremental/QF_S/20230329-automatark-lu/instance03603.smt2	sat	104	0	sat	104	0	A	sat
/nas3/data/axeyum/corpus/smtlib-2024/non-incremental/non-incremental/QF_UFLRA/cpachecker-induction-svcomp14/cpachecker-induction.trex01_true-unreach-call.i.smt2	sat	104	0	sat	104	0	B	sat
/nas3/data/axeyum/corpus/smtlib-2024/non-incremental/non-incremental/QF_BV/brummayerbiere/countbitsrotate128.smt2	unknown	24526	0	unknown	24427	0	A	unsat
/nas3/data/axeyum/corpus/smtlib-2024/non-incremental/non-incremental/QF_LIA/20220307-SMPT/Kanban-PT-00200/RF-01.smt2	sat	104	0	sat	104	0	B	sat
/nas3/data/axeyum/corpus/smtlib-2024/non-incremental/non-incremental/QF_RDL/sal/fischer3-mutex-2.smt2	unsat	104	0	unsat	104	0	A	unsat
/nas3/data/axeyum/corpus/smtlib-2024/non-incremental/non-incremental/QF_UFLIA/mathsat/Hash/hash_sat_06_11.smt2	sat	18319	0	sat	18319	0	B	sat
/nas3/data/axeyum/corpus/smtlib-2024/non-incremental/non-incremental/QF_ABV/dwp_formulas/try5_small_difret_functions_wp_seq.set_char_quoting.il.wp.smt2	sat	18220	0	sat	18220	0	A	sat
/nas3/data/axeyum/corpus/smtlib-2024/non-incremental/non-incremental/QF_IDL/asp/EdgeMatching/edge-matching-width=9-height=9-colours=12.smt2	unknown	25127	0	unknown	25128	0	B	sat
/nas3/data/axeyum/corpus/smtlib-2024/non-incremental/non-incremental/QF_NRA/hycomp/ball_count_2d_plain.01.seq_lazy_linear_enc_lemmas_global_11.smt2	unsat	104	0	unsat	105	0	A	unsat
/nas3/data/axeyum/corpus/smtlib-2024/non-incremental/non-incremental/QF_UF/QG-classification/qg5/gensys_brn616.smt2	sat	103	0	sat	104	0	B	sat
/nas3/data/axeyum/corpus/smtlib-2024/non-incremental/non-incremental/QF_FP/wintersteiger/fma/fma-has-solution-10574.smt2	sat	104	0	sat	104	0	A	sat
/nas3/data/axeyum/corpus/smtlib-2024/non-incremental/non-incremental/QF_NIA/20170427-VeryMax/ITS/From_AProVE_2014__juLinkedListCreateAddAllAt.jar-obl-17__p8434_safety_0.smt2	sat	12715	0	sat	12415	0	B	sat
/nas3/data/axeyum/corpus/smtlib-2024/non-incremental/non-incremental/QF_SLIA/20180523-Reynolds/pyex/peterc-pyex-doc-cav17-z3/httplib2/httplib2-entry-disposition/598961dd37999d0e41e4039f4be9eecd640e2f08e95f5ccc95aba542.smt2	sat	504	0	sat	505	0	A	unknown
/nas3/data/axeyum/corpus/smtlib-2024/non-incremental/non-incremental/UF/20170428-Barrett/cdt-cade2015/nada/distro/rbt_impl/x2015_09_10_16_51_42_659_1137578.smt_in.smt2	unsat	1605	0	unsat	1606	0	B	unsat
/nas3/data/axeyum/corpus/smtlib-2024/non-incremental/non-incremental/QF_DT/20172804-Barrett/barrett-jsat/tests/v3/v3l60082.cvc.smt2	unknown	105	0	unknown	104	0	A	sat
/nas3/data/axeyum/corpus/smtlib-2024/non-incremental/non-incremental/QF_LRA/LassoRanker/SV-COMP/aviad_true-termination.c_Iteration1_Loop_4-nestedTemplate.smt2	unknown	25122	0	unknown	24927	0	B	sat
/nas3/data/axeyum/corpus/smtlib-2024/non-incremental/non-incremental/QF_S/20230329-automatark-lu/instance03979.smt2	sat	105	0	sat	104	0	A	sat
/nas3/data/axeyum/corpus/smtlib-2024/non-incremental/non-incremental/QF_UFLRA/mathsat/RandomCoupled/pb_real_10_0100_10_28.smt2	sat	1106	0	sat	1006	0	B	sat
/nas3/data/axeyum/corpus/smtlib-2024/non-incremental/non-incremental/QF_BV/bruttomesso/lfsr/lfsr_002_127_112.smt2	unsat	1605	0	unsat	1506	0	A	unsat
/nas3/data/axeyum/corpus/smtlib-2024/non-incremental/non-incremental/QF_LIA/20220307-SMPT/MAPK-PT-00020/RC-02.smt2	sat	105	0	sat	104	0	B	sat
/nas3/data/axeyum/corpus/smtlib-2024/non-incremental/non-incremental/QF_RDL/sal/fischer3-mutex-5.smt2	unsat	104	0	unsat	104	0	A	unsat
/nas3/data/axeyum/corpus/smtlib-2024/non-incremental/non-incremental/QF_UFLIA/mathsat/Hash/hash_sat_07_05.smt2	sat	18320	0	sat	18321	0	B	sat
/nas3/data/axeyum/corpus/smtlib-2024/non-incremental/non-incremental/QF_ABV/dwp_formulas/try5_small_noof_functions_dwp_mknod.get_quoting_style.il.dwp.smt2	sat	104	0	sat	104	0	A	sat
/nas3/data/axeyum/corpus/smtlib-2024/non-incremental/non-incremental/QF_IDL/asp/GeneralizedSlitherlink/trisquares.41.asp.smt2	sat	3307	0	sat	3007	0	B	sat
/nas3/data/axeyum/corpus/smtlib-2024/non-incremental/non-incremental/QF_NRA/hycomp/ball_count_2d_plain.04.seq_lazy_global_11.smt2	unsat	104	0	unsat	105	0	A	unsat
/nas3/data/axeyum/corpus/smtlib-2024/non-incremental/non-incremental/QF_UF/QG-classification/qg5/gensys_brn764.smt2	sat	104	0	sat	104	0	B	sat
/nas3/data/axeyum/corpus/smtlib-2024/non-incremental/non-incremental/QF_FP/wintersteiger/fma/fma-has-solution-2962.smt2	sat	104	0	sat	104	0	A	sat
/nas3/data/axeyum/corpus/smtlib-2024/non-incremental/non-incremental/QF_NIA/20170427-VeryMax/ITS/From_AProVE_2014__juLinkedListCreateAddAllAt.jar-obl-17__p9188_safety_0.smt2	sat	13115	0	sat	12716	0	B	sat
/nas3/data/axeyum/corpus/smtlib-2024/non-incremental/non-incremental/QF_SLIA/20180523-Reynolds/pyex/peterc-pyex-doc-cav17-z3/httplib2/httplib2-entry-disposition/aa8a76a8c8a6c8167647eb0dc902c6252248a7d47af8a36eab4e44d7.smt2	sat	305	0	sat	305	0	A	unknown
/nas3/data/axeyum/corpus/smtlib-2024/non-incremental/non-incremental/UF/20170428-Barrett/cdt-cade2015/nada/distro/rbt_impl/x2015_09_10_16_55_27_693_1550802.smt_in.smt2	unknown	19022	0	unknown	19422	0	B	unknown
/nas3/data/axeyum/corpus/smtlib-2024/non-incremental/non-incremental/QF_DT/20172804-Barrett/barrett-jsat/tests/v3/v3l80054.cvc.smt2	unknown	105	0	unknown	105	0	A	sat
/nas3/data/axeyum/corpus/smtlib-2024/non-incremental/non-incremental/QF_LRA/LassoRanker/Ultimate/Canberra.bpl_Iteration1_Lasso_6-phaseTemplate.smt2	unknown	24126	0	unknown	24127	0	B	unsat
/nas3/data/axeyum/corpus/smtlib-2024/non-incremental/non-incremental/QF_S/20230329-automatark-lu/instance04355.smt2	sat	103	0	sat	104	0	A	sat
/nas3/data/axeyum/corpus/smtlib-2024/non-incremental/non-incremental/QF_UFLRA/mathsat/RandomCoupled/pb_real_10_0200_10_12.smt2	sat	3407	0	sat	3007	0	B	sat
/nas3/data/axeyum/corpus/smtlib-2024/non-incremental/non-incremental/QF_BV/log-slicing/bvashr_0687.smt2	unknown	24126	0	unknown	24127	0	A	unsat
/nas3/data/axeyum/corpus/smtlib-2024/non-incremental/non-incremental/QF_LIA/20220307-SMPT/MAPK-PT-05120/RC-14.smt2	sat	105	0	sat	104	0	B	sat
/nas3/data/axeyum/corpus/smtlib-2024/non-incremental/non-incremental/QF_RDL/sal/fischer3-mutex-9.smt2	unsat	205	0	unsat	204	0	A	unsat
/nas3/data/axeyum/corpus/smtlib-2024/non-incremental/non-incremental/QF_UFLIA/mathsat/Hash/hash_sat_07_17.smt2	sat	18420	0	sat	18421	0	B	sat
/nas3/data/axeyum/corpus/smtlib-2024/non-incremental/non-incremental/QF_ABV/dwp_formulas/try5_small_noof_functions_flanagansaxe_csplit.search_cur_bkref_entry.il.flanagansaxe.smt2	sat	105	0	sat	104	0	A	sat
/nas3/data/axeyum/corpus/smtlib-2024/non-incremental/non-incremental/QF_IDL/asp/HamiltonianPath/gryzzles.12.lp.smt2	sat	705	0	sat	706	0	B	sat
/nas3/data/axeyum/corpus/smtlib-2024/non-incremental/non-incremental/QF_NRA/hycomp/ball_count_2d_plain.10.seq_lazy_linear_enc_lemmas_global_11.smt2	unsat	105	0	unsat	104	0	A	unsat
/nas3/data/axeyum/corpus/smtlib-2024/non-incremental/non-incremental/QF_UF/QG-classification/qg5/gensys_brn912.smt2	sat	105	0	sat	105	0	B	sat
/nas3/data/axeyum/corpus/smtlib-2024/non-incremental/non-incremental/QF_FP/wintersteiger/gt/gt-has-no-other-solution-12880.smt2	unsat	104	0	unsat	105	0	A	unsat
/nas3/data/axeyum/corpus/smtlib-2024/non-incremental/non-incremental/QF_NIA/20170427-VeryMax/ITS/From_T2__afagp-fail.t2__p15482_terminationG_0.smt2	unknown	12216	0	unknown	12316	0	B	unknown
/nas3/data/axeyum/corpus/smtlib-2024/non-incremental/non-incremental/QF_SLIA/20180523-Reynolds/pyex/peterc-pyex-doc-cav17-z3/httplib2/httplib2-entry-disposition/f7fd96bb23243f991f055e10848332847f1871cce68fc676e89de7fa.smt2	sat	405	0	sat	404	0	A	unknown
/nas3/data/axeyum/corpus/smtlib-2024/non-incremental/non-incremental/UF/20170428-Barrett/cdt-cade2015/nada/distro/stream/x2015_09_10_16_46_52_587_993366.smt_in.smt2	unknown	16716	0	unknown	17120	0	B	unknown
/nas3/data/axeyum/corpus/smtlib-2024/non-incremental/non-incremental/QF_DT/20172804-Barrett/barrett-jsat/tests/v5/v5l20026.cvc.smt2	sat	104	0	sat	105	0	A	sat
/nas3/data/axeyum/corpus/smtlib-2024/non-incremental/non-incremental/QF_LRA/LassoRanker/Ultimate/Lobnya-Boolean-Reordered.bpl_Iteration1_Lasso_7-phaseTemplate.smt2	unknown	24126	0	unknown	24127	0	B	unsat
/nas3/data/axeyum/corpus/smtlib-2024/non-incremental/non-incremental/QF_S/20230329-automatark-lu/instance04731.smt2	sat	104	0	sat	104	0	A	sat
/nas3/data/axeyum/corpus/smtlib-2024/non-incremental/non-incremental/QF_UFLRA/mathsat/RandomCoupled/pb_real_10_0250_10_16.smt2	unsat	304	0	unsat	304	0	B	unsat
/nas3/data/axeyum/corpus/smtlib-2024/non-incremental/non-incremental/QF_BV/sage/app1/bench_1423.smt2	unsat	104	0	unsat	104	0	A	unsat
/nas3/data/axeyum/corpus/smtlib-2024/non-incremental/non-incremental/QF_LIA/20220307-SMPT/Referendum-PT-010/RF-10.smt2	unsat	104	0	unsat	104	0	B	unsat
/nas3/data/axeyum/corpus/smtlib-2024/non-incremental/non-incremental/QF_RDL/sal/fischer6-mutex-12.smt2	unsat	5209	0	unsat	5409	0	A	unsat
/nas3/data/axeyum/corpus/smtlib-2024/non-incremental/non-incremental/QF_UFLIA/mathsat/Hash/hash_sat_08_11.smt2	sat	18420	0	sat	18419	0	B	sat
/nas3/data/axeyum/corpus/smtlib-2024/non-incremental/non-incremental/QF_ABV/dwp_formulas/try5_small_noof_functions_flanagansaxe_uname.get_quoting_style.il.flanagansaxe.smt2	sat	104	0	sat	104	0	A	sat
/nas3/data/axeyum/corpus/smtlib-2024/non-incremental/non-incremental/QF_IDL/asp/HierarchicalClustering/xy.12.x.12.r.3.274440616.806497.data_k=3_l=4_sat.gph.smt2	sat	9813	0	sat	10513	0	B	sat
/nas3/data/axeyum/corpus/smtlib-2024/non-incremental/non-incremental/QF_NRA/hycomp/ball_count_2d_slope.04.seq_lazy_linear_enc_global_11.smt2	unsat	104	0	unsat	104	0	A	unsat
/nas3/data/axeyum/corpus/smtlib-2024/non-incremental/non-incremental/QF_UF/QG-classification/qg5/gensys_icl061.smt2	unsat	104	0	unsat	104	0	B	unsat
/nas3/data/axeyum/corpus/smtlib-2024/non-incremental/non-incremental/QF_FP/wintersteiger/gt/gt-has-no-other-solution-4987.smt2	unsat	105	0	unsat	104	0	A	unsat
/nas3/data/axeyum/corpus/smtlib-2024/non-incremental/non-incremental/QF_NIA/20170427-VeryMax/ITS/From_T2__apchildlive-succeed.t2_fixed__p16399_edge_closing_0.smt2	unknown	19823	0	unknown	19322	0	B	unknown
/nas3/data/axeyum/corpus/smtlib-2024/non-incremental/non-incremental/QF_SLIA/20180523-Reynolds/pyex/peterc-pyex-doc-cav17-z3/pymongo/pymongo-mongoclient/8a7514bb8c5384f604116f6d3bda0b65f67e13f2970e830a4b105930.smt2	unsat	204	0	unsat	204	0	A	unknown
/nas3/data/axeyum/corpus/smtlib-2024/non-incremental/non-incremental/UF/20170428-Barrett/cdt-cade2015/nada/gandl/cotree/x2015_09_10_16_50_45_438_1077294.smt_in.smt2	unknown	25221	0	unknown	25225	0	B	unknown
/nas3/data/axeyum/corpus/smtlib-2024/non-incremental/non-incremental/QF_DT/20172804-Barrett/barrett-jsat/tests/v5/v5l30098.cvc.smt2	sat	104	0	sat	104	0	A	sat
/nas3/data/axeyum/corpus/smtlib-2024/non-incremental/non-incremental/QF_LRA/LassoRanker/Ultimate/bound-scaled600.bpl_Iteration1_Loop_7-phaseTemplate.smt2	unknown	25126	0	unknown	25125	0	B	sat
/nas3/data/axeyum/corpus/smtlib-2024/non-incremental/non-incremental/QF_S/20230329-automatark-lu/instance05107.smt2	sat	104	0	sat	104	0	A	sat
/nas3/data/axeyum/corpus/smtlib-2024/non-incremental/non-incremental/QF_UFLRA/mathsat/RandomCoupled/pb_real_10_0300_10_20.smt2	unsat	405	0	unsat	404	0	B	unsat
/nas3/data/axeyum/corpus/smtlib-2024/non-incremental/non-incremental/QF_BV/sage/app1/bench_2251.smt2	unsat	405	0	unsat	404	0	A	unsat
/nas3/data/axeyum/corpus/smtlib-2024/non-incremental/non-incremental/QF_LIA/20220307-SMPT/RobotManipulation-PT-00005/RC-03.smt2	sat	104	0	sat	104	0	B	sat
/nas3/data/axeyum/corpus/smtlib-2024/non-incremental/non-incremental/QF_RDL/sal/fischer6-mutex-16.smt2	unsat	8912	0	unsat	9313	0	A	unsat
/nas3/data/axeyum/corpus/smtlib-2024/non-incremental/non-incremental/QF_UFLIA/mathsat/Hash/hash_sat_09_05.smt2	sat	18320	0	sat	18319	0	B	sat
/nas3/data/axeyum/corpus/smtlib-2024/non-incremental/non-incremental/QF_ABV/dwp_formulas/try5_small_noof_functions_wp_yes.set_char_quoting.il.wp.smt2	sat	104	0	sat	104	0	A	sat
/nas3/data/axeyum/corpus/smtlib-2024/non-incremental/non-incremental/QF_IDL/asp/MazeGeneration/maze-generation-width=10-height=10-density=0.01-run=2.smt2	unsat	104	0	unsat	104	0	B	unsat
/nas3/data/axeyum/corpus/smtlib-2024/non-incremental/non-incremental/QF_NRA/hycomp/etcs_braking_2.01.seq_lazy_linear_enc_lemmas_global_11.smt2	unsat	10414	0	unsat	10314	0	A	unsat
/nas3/data/axeyum/corpus/smtlib-2024/non-incremental/non-incremental/QF_UF/QG-classification/qg5/gensys_icl1099.smt2	unsat	204	0	unsat	305	0	B	unsat
/nas3/data/axeyum/corpus/smtlib-2024/non-incremental/non-incremental/QF_FP/wintersteiger/gt/gt-has-solution-15178.smt2	sat	105	0	sat	104	0	A	sat
/nas3/data/axeyum/corpus/smtlib-2024/non-incremental/non-incremental/QF_NIA/20170427-VeryMax/ITS/From_T2__consts5nt.t2__p18457_edge_closing_0.smt2	sat	10914	0	sat	10913	0	B	sat
/nas3/data/axeyum/corpus/smtlib-2024/non-incremental/non-incremental/QF_SLIA/20180523-Reynolds/pyex/peterc-pyex-doc-cav17-zz/httplib2/httplib2-entry-disposition/0ebdc8e6e12599cb7d7a20aca37cc4ad3567f668f7c3c9de4d11bb7d.smt2	sat	104	0	sat	104	0	A	unknown
/nas3/data/axeyum/corpus/smtlib-2024/non-incremental/non-incremental/UF/20201221-induction-by-reflection-schoisswohl/reflectiveInductive/distr-0.smt2	unknown	16120	0	unknown	15518	0	B	unknown
/nas3/data/axeyum/corpus/smtlib-2024/non-incremental/non-incremental/QF_DT/20172804-Barrett/barrett-jsat/tests/v5/v5l50070.cvc.smt2	sat	104	0	sat	105	0	A	sat
/nas3/data/axeyum/corpus/smtlib-2024/non-incremental/non-incremental/QF_LRA/LassoRanker/Ultimate/yPositive-SIscaled50.bpl_Iteration1_Loop_4-pieceTemplate.smt2	unknown	24326	0	unknown	24426	0	B	unsat
/nas3/data/axeyum/corpus/smtlib-2024/non-incremental/non-incremental/QF_S/20230329-automatark-lu/instance05483.smt2	sat	104	0	sat	104	0	A	sat
/nas3/data/axeyum/corpus/smtlib-2024/non-incremental/non-incremental/QF_UFLRA/mathsat/RandomCoupled/pb_real_20_0200_10_24.smt2	sat	1005	0	sat	1105	0	B	sat
/nas3/data/axeyum/corpus/smtlib-2024/non-incremental/non-incremental/QF_BV/sage/app1/bench_671.smt2	unsat	104	0	unsat	104	0	A	unsat
/nas3/data/axeyum/corpus/smtlib-2024/non-incremental/non-incremental/QF_LIA/20220307-SMPT/RobotManipulation-PT-02000/RF-11.smt2	unsat	103	0	unsat	104	0	B	unsat
/nas3/data/axeyum/corpus/smtlib-2024/non-incremental/non-incremental/QF_RDL/sal/fischer6-mutex-2.smt2	unsat	104	0	unsat	104	0	A	unsat
/nas3/data/axeyum/corpus/smtlib-2024/non-incremental/non-incremental/QF_UFLIA/mathsat/Hash/hash_sat_09_17.smt2	sat	18621	0	sat	18619	0	B	sat
/nas3/data/axeyum/corpus/smtlib-2024/non-incremental/non-incremental/QF_ABV/ecc/com.galois.ecc.P384ECC64.ec_mul_aux1.short.smt2	unsat	104	0	unsat	105	0	A	unsat
/nas3/data/axeyum/corpus/smtlib-2024/non-incremental/non-incremental/QF_IDL/asp/SchurNumbers/20.18.schur.lp.smt2	unsat	4709	0	unsat	4108	0	B	unsat
/nas3/data/axeyum/corpus/smtlib-2024/non-incremental/non-incremental/QF_NRA/meti-tarski/CMOS/CMOS-opamp-chunk-0146.smt2	unknown	1806	0	unknown	1806	0	A	unsat
/nas3/data/axeyum/corpus/smtlib-2024/non-incremental/non-incremental/QF_UF/QG-classification/qg5/gensys_icl1233.smt2	unsat	204	0	unsat	204	0	B	unsat
/nas3/data/axeyum/corpus/smtlib-2024/non-incremental/non-incremental/QF_FP/wintersteiger/gt/gt-has-solution-6938.smt2	sat	104	0	sat	104	0	A	sat
/nas3/data/axeyum/corpus/smtlib-2024/non-incremental/non-incremental/QF_NIA/20170427-VeryMax/ITS/From_T2__edn.t2__p20676_safety_0.smt2	sat	10815	0	sat	10814	0	B	sat
/nas3/data/axeyum/corpus/smtlib-2024/non-incremental/non-incremental/QF_SLIA/20180523-Reynolds/pyex/peterc-pyex-doc-cav17-zz/httplib2/httplib2-entry-disposition/3ab99205fb43437813f1b0792dc037c825e18dc7dbbfd72769a661db.smt2	sat	24226	0	sat	24226	0	A	unknown
/nas3/data/axeyum/corpus/smtlib-2024/non-incremental/non-incremental/UF/grasshopper/instantiated/rec_remove_postcondition_of_rec_remove_20_4.smt2	unsat	12216	0	unsat	12215	0	B	unsat
/nas3/data/axeyum/corpus/smtlib-2024/non-incremental/non-incremental/QF_DT/20172804-Barrett/barrett-jsat/tests/v5/v5l70042.cvc.smt2	unknown	104	0	unknown	105	0	A	sat
/nas3/data/axeyum/corpus/smtlib-2024/non-incremental/non-incremental/QF_LRA/TM/p7-driverlogNumeric_s8.smt2	unknown	24125	0	unknown	24127	0	B	sat
/nas3/data/axeyum/corpus/smtlib-2024/non-incremental/non-incremental/QF_S/20230329-automatark-lu/instance05859.smt2	sat	104	0	sat	105	0	A	sat
/nas3/data/axeyum/corpus/smtlib-2024/non-incremental/non-incremental/QF_UFLRA/mathsat/RandomCoupled/pb_real_20_0300_10_28.smt2	unknown	25028	0	unknown	25027	0	B	sat
/nas3/data/axeyum/corpus/smtlib-2024/non-incremental/non-incremental/QF_BV/sage/app11/bench_554.smt2	unsat	1906	0	unsat	1906	0	A	unsat
/nas3/data/axeyum/corpus/smtlib-2024/non-incremental/non-incremental/QF_LIA/20220307-SMPT/RwMutex-PT-r0010w2000/RC-11.smt2	unknown	25026	0	unknown	25127	0	B	unsat
/nas3/data/axeyum/corpus/smtlib-2024/non-incremental/non-incremental/QF_RDL/sal/fischer6-mutex-5.smt2	unsat	104	0	unsat	104	0	A	unsat
/nas3/data/axeyum/corpus/smtlib-2024/non-incremental/non-incremental/QF_UFLIA/mathsat/Hash/hash_sat_10_11.smt2	sat	18420	0	sat	18421	0	B	sat
/nas3/data/axeyum/corpus/smtlib-2024/non-incremental/non-incremental/QF_ABV/egt/egt-0259.smt2	unsat	104	0	unsat	104	0	A	unsat
/nas3/data/axeyum/corpus/smtlib-2024/non-incremental/non-incremental/QF_IDL/asp/Solitaire/solitaire-center-time=26.smt2	sat	10213	0	sat	11715	0	B	sat
/nas3/data/axeyum/corpus/smtlib-2024/non-incremental/non-incremental/QF_NRA/meti-tarski/Chua/1/IL/L/Chua-1-IL-L-chunk-0065.smt2	unsat	104	0	unsat	104	0	A	unsat
/nas3/data/axeyum/corpus/smtlib-2024/non-incremental/non-incremental/QF_UF/QG-classification/qg5/gensys_icl221.smt2	unsat	104	0	unsat	105	0	B	unsat
/nas3/data/axeyum/corpus/smtlib-2024/non-incremental/non-incremental/QF_FP/wintersteiger/lt/lt-has-no-other-solution-17197.smt2	unsat	104	0	unsat	104	0	A	unsat
/nas3/data/axeyum/corpus/smtlib-2024/non-incremental/non-incremental/QF_NIA/20170427-VeryMax/ITS/From_T2__ex36.t2__p28763_safety_0.smt2	sat	6409	0	sat	6509	0	B	sat
/nas3/data/axeyum/corpus/smtlib-2024/non-incremental/non-incremental/QF_SLIA/20180523-Reynolds/pyex/peterc-pyex-doc-cav17-zz/httplib2/httplib2-entry-disposition/65362313b565e39b261ca6969155b6dab4aaded0ab943a4f32e11f3c.smt2	sat	104	0	sat	104	0	A	unknown
/nas3/data/axeyum/corpus/smtlib-2024/non-incremental/non-incremental/UF/grasshopper/uninstantiated/insert_postcondition_of_insert_27_4.smt2	unknown	10814	0	unknown	10914	0	B	unsat
/nas3/data/axeyum/corpus/smtlib-2024/non-incremental/non-incremental/QF_DT/20172804-Barrett/barrett-jsat/tests/v5/v5l90014.cvc.smt2	unsat	104	0	unsat	104	0	A	unsat
/nas3/data/axeyum/corpus/smtlib-2024/non-incremental/non-incremental/QF_LRA/clock_synchro/clocksynchro_8clocks.main_invar.base.smt2	unsat	4608	0	unsat	4408	0	B	unsat
/nas3/data/axeyum/corpus/smtlib-2024/non-incremental/non-incremental/QF_S/20230329-automatark-lu/instance06235.smt2	unsat	104	0	unsat	104	0	A	unsat
/nas3/data/axeyum/corpus/smtlib-2024/non-incremental/non-incremental/QF_UFLRA/mathsat/RandomCoupled/pb_real_20_0500_10_12.smt2	unsat	2807	0	unsat	2907	0	B	unsat
/nas3/data/axeyum/corpus/smtlib-2024/non-incremental/non-incremental/QF_BV/sage/app12/bench_1731.smt2	sat	104	0	sat	104	0	A	sat
/nas3/data/axeyum/corpus/smtlib-2024/non-incremental/non-incremental/QF_LIA/20220307-SMPT/SharedMemory-PT-000020/RF-06.smt2	sat	2507	0	sat	2507	0	B	sat
/nas3/data/axeyum/corpus/smtlib-2024/non-incremental/non-incremental/QF_RDL/sal/fischer6-mutex-9.smt2	unsat	1005	0	unsat	1105	0	A	unsat
/nas3/data/axeyum/corpus/smtlib-2024/non-incremental/non-incremental/QF_UFLIA/mathsat/Hash/hash_uns_03_05.smt2	unsat	204	0	unsat	204	0	B	unsat
/nas3/data/axeyum/corpus/smtlib-2024/non-incremental/non-incremental/QF_ABV/egt/egt-0564.smt2	unsat	104	0	unsat	104	0	A	unsat
/nas3/data/axeyum/corpus/smtlib-2024/non-incremental/non-incremental/QF_IDL/asp/TravellingSalesperson/tsp_rand_70_300_1155482584_12.lp.smt2	unknown	21323	0	unknown	21323	0	B	sat
/nas3/data/axeyum/corpus/smtlib-2024/non-incremental/non-incremental/QF_NRA/meti-tarski/Chua/1/VC1/L/Chua-1-VC1-L-chunk-0158.smt2	unsat	104	0	unsat	104	0	A	unsat
/nas3/data/axeyum/corpus/smtlib-2024/non-incremental/non-incremental/QF_UF/QG-classification/qg5/gensys_icl369.smt2	unsat	105	0	unsat	104	0	B	unsat
/nas3/data/axeyum/corpus/smtlib-2024/non-incremental/non-incremental/QF_FP/wintersteiger/lt/lt-has-no-other-solution-9055.smt2	unsat	104	0	unsat	104	0	A	unsat
/nas3/data/axeyum/corpus/smtlib-2024/non-incremental/non-incremental/QF_NIA/20170427-VeryMax/ITS/From_T2__ex36.t2_fixed__p23563_safety_0.smt2	sat	9013	0	sat	9012	0	B	sat
/nas3/data/axeyum/corpus/smtlib-2024/non-incremental/non-incremental/QF_SLIA/20180523-Reynolds/pyex/peterc-pyex-doc-cav17-zz/httplib2/httplib2-entry-disposition/918b4a5a3c8d4573d6b7ed99e517c7cf1499a0506237b3f58f788167.smt2	sat	204	0	sat	204	0	A	unknown
/nas3/data/axeyum/corpus/smtlib-2024/non-incremental/non-incremental/UF/sledgehammer/Arrow_Order/smtlib.663965.smt2	none	10884	134	none	10785	134	B	unsat
/nas3/data/axeyum/corpus/smtlib-2024/non-incremental/non-incremental/QF_DT/20172804-Barrett/barrett-jsat/typed/v1/typed_v1l20086.cvc.smt2	sat	104	0	sat	104	0	A	sat
/nas3/data/axeyum/corpus/smtlib-2024/non-incremental/non-incremental/QF_LRA/latendresse/ecoliFBAyicesTest-3875-4.smt2	unknown	24225	0	unknown	24125	0	B	sat
/nas3/data/axeyum/corpus/smtlib-2024/non-incremental/non-incremental/QF_S/20230329-automatark-lu/instance06611.smt2	unsat	104	0	unsat	104	0	A	unsat
/nas3/data/axeyum/corpus/smtlib-2024/non-incremental/non-incremental/QF_UFLRA/mathsat/RandomCoupled/pb_real_20_0600_10_16.smt2	unsat	2106	0	unsat	2005	0	B	unsat
/nas3/data/axeyum/corpus/smtlib-2024/non-incremental/non-incremental/QF_BV/sage/app12/bench_256.smt2	unsat	104	0	unsat	104	0	A	unsat
/nas3/data/axeyum/corpus/smtlib-2024/non-incremental/non-incremental/QF_LIA/20220307-SMPT/SmallOperatingSystem-PT-MT0128DC0032/RC-03.smt2	sat	104	0	sat	103	0	B	sat
/nas3/data/axeyum/corpus/smtlib-2024/non-incremental/non-incremental/QF_RDL/sal/fischer9-mutex-12.smt2	unsat	16015	0	unsat	18320	0	A	unsat
/nas3/data/axeyum/corpus/smtlib-2024/non-incremental/non-incremental/QF_UFLIA/mathsat/Hash/hash_uns_03_17.smt2	unsat	4107	0	unsat	4108	0	B	unsat
/nas3/data/axeyum/corpus/smtlib-2024/non-incremental/non-incremental/QF_ABV/egt/egt-0871.smt2	unsat	104	0	unsat	104	0	A	unsat
/nas3/data/axeyum/corpus/smtlib-2024/non-incremental/non-incremental/QF_IDL/asp/WireRouting/wire.14.x.14.b.8.a.40_unsat.data.smt2	unknown	22625	0	unknown	22620	0	B	unsat
/nas3/data/axeyum/corpus/smtlib-2024/non-incremental/non-incremental/QF_NRA/meti-tarski/Chua/2/IL/L/Chua-2-IL-L-chunk-0036.smt2	sat	104	0	sat	104	0	A	sat
/nas3/data/axeyum/corpus/smtlib-2024/non-incremental/non-incremental/QF_UF/QG-classification/qg5/gensys_icl517.smt2	unsat	705	0	unsat	704	0	B	unsat
/nas3/data/axeyum/corpus/smtlib-2024/non-incremental/non-incremental/QF_FP/wintersteiger/lt/lt-has-solution-19505.smt2	sat	104	0	sat	104	0	A	sat
/nas3/data/axeyum/corpus/smtlib-2024/non-incremental/non-incremental/QF_NIA/20170427-VeryMax/ITS/From_T2__fun1b.t2__terminationS_11_0.smt2	unknown	24225	0	unknown	24125	0	B	unsat
/nas3/data/axeyum/corpus/smtlib-2024/non-incremental/non-incremental/QF_SLIA/20180523-Reynolds/pyex/peterc-pyex-doc-cav17-zz/httplib2/httplib2-entry-disposition/bbdf29885fa497e31811b5a017526c7fe23b987d277dd91800b693de.smt2	unsat	104	0	unsat	104	0	A	unknown
/nas3/data/axeyum/corpus/smtlib-2024/non-incremental/non-incremental/UF/sledgehammer/Arrow_Order/uf.774042.smt2	unsat	5009	0	unsat	5008	0	B	unsat
/nas3/data/axeyum/corpus/smtlib-2024/non-incremental/non-incremental/QF_DT/20172804-Barrett/barrett-jsat/typed/v1/typed_v1l40058.cvc.smt2	unsat	104	0	unsat	104	0	A	unsat
/nas3/data/axeyum/corpus/smtlib-2024/non-incremental/non-incremental/QF_LRA/meti-tarski/Chua/1/IL/L/Chua-1-IL-L-chunk-0013.smt2	sat	104	0	sat	104	0	B	sat
/nas3/data/axeyum/corpus/smtlib-2024/non-incremental/non-incremental/QF_S/20230329-automatark-lu/instance06987.smt2	sat	104	0	sat	104	0	A	sat
/nas3/data/axeyum/corpus/smtlib-2024/non-incremental/non-incremental/QF_UFLRA/mathsat/RandomCoupled/pb_real_30_0300_10_20.smt2	sat	3708	0	sat	3807	0	B	sat
/nas3/data/axeyum/corpus/smtlib-2024/non-incremental/non-incremental/QF_BV/sage/app12/bench_3388.smt2	unsat	104	0	unsat	105	0	A	unsat
/nas3/data/axeyum/corpus/smtlib-2024/non-incremental/non-incremental/QF_LIA/20220307-SMPT/SmallOperatingSystem-PT-MT2048DC1024/RC-09.smt2	sat	104	0	sat	104	0	B	sat
/nas3/data/axeyum/corpus/smtlib-2024/non-incremental/non-incremental/QF_RDL/sal/fischer9-mutex-16.smt2	unknown	24125	0	unknown	24125	0	A	unsat
/nas3/data/axeyum/corpus/smtlib-2024/non-incremental/non-incremental/QF_UFLIA/mathsat/Hash/hash_uns_04_11.smt2	unknown	24327	0	unsat	17116	0	B	unsat
/nas3/data/axeyum/corpus/smtlib-2024/non-incremental/non-incremental/QF_ABV/egt/egt-1174.smt2	unsat	104	0	unsat	105	0	A	unsat
/nas3/data/axeyum/corpus/smtlib-2024/non-incremental/non-incremental/QF_IDL/diamonds/diamonds.12.2.i.a.u.smt2	unsat	305	0	unsat	305	0	B	unsat
/nas3/data/axeyum/corpus/smtlib-2024/non-incremental/non-incremental/QF_NRA/meti-tarski/Chua/2/VC1/L/Chua-2-VC1-L-chunk-0118.smt2	sat	105	0	sat	104	0	A	sat
/nas3/data/axeyum/corpus/smtlib-2024/non-incremental/non-incremental/QF_UF/QG-classification/qg5/gensys_icl665.smt2	unsat	305	0	unsat	305	0	B	unsat
/nas3/data/axeyum/corpus/smtlib-2024/non-incremental/non-incremental/QF_FP/wintersteiger/max/max-has-no-other-solution-11597.smt2	unsat	105	0	unsat	105	0	A	unsat
/nas3/data/axeyum/corpus/smtlib-2024/non-incremental/non-incremental/QF_NIA/20170427-VeryMax/ITS/From_T2__hqr.c.i.hqr.pl.t2.fixed.t2_fixed__terminationS_36_0.smt2	unknown	24526	0	unknown	24426	0	B	unsat
/nas3/data/axeyum/corpus/smtlib-2024/non-incremental/non-incremental/QF_SLIA/20180523-Reynolds/pyex/peterc-pyex-doc-cav17-zz/httplib2/httplib2-entry-disposition/e9c31a7a14ee970fdaa7949b7439a77871d89e3f5b0c34fca6504062.smt2	sat	2206	0	sat	2206	0	A	unknown
/nas3/data/axeyum/corpus/smtlib-2024/non-incremental/non-incremental/UF/sledgehammer/FFT/uf.599118.smt2	sat	104	0	sat	105	0	B	sat
/nas3/data/axeyum/corpus/smtlib-2024/non-incremental/non-incremental/QF_DT/20172804-Barrett/barrett-jsat/typed/v1/typed_v1l60030.cvc.smt2	unsat	104	0	unsat	104	0	A	unsat
/nas3/data/axeyum/corpus/smtlib-2024/non-incremental/non-incremental/QF_LRA/meti-tarski/Chua/1/VC1/L/Chua-1-VC1-L-chunk-0156.smt2	unsat	104	0	unsat	104	0	B	unsat
/nas3/data/axeyum/corpus/smtlib-2024/non-incremental/non-incremental/QF_S/20230329-automatark-lu/instance07363.smt2	sat	105	0	sat	104	0	A	sat
/nas3/data/axeyum/corpus/smtlib-2024/non-incremental/non-incremental/QF_UFLRA/mathsat/RandomCoupled/pb_real_30_0450_10_24.smt2	unknown	25128	0	unknown	25128	0	B	sat
/nas3/data/axeyum/corpus/smtlib-2024/non-incremental/non-incremental/QF_BV/sage/app12/bench_4215.smt2	unsat	105	0	unsat	104	0	A	unsat
/nas3/data/axeyum/corpus/smtlib-2024/non-incremental/non-incremental/QF_LIA/20220307-SMPT/SwimmingPool-PT-03/RC-12.smt2	sat	104	0	sat	105	0	B	sat
/nas3/data/axeyum/corpus/smtlib-2024/non-incremental/non-incremental/QF_RDL/sal/fischer9-mutex-2.smt2	unsat	104	0	unsat	104	0	A	unsat
/nas3/data/axeyum/corpus/smtlib-2024/non-incremental/non-incremental/QF_UFLIA/mathsat/Hash/hash_uns_05_05.smt2	unsat	3307	0	unsat	3207	0	B	unsat
/nas3/data/axeyum/corpus/smtlib-2024/non-incremental/non-incremental/QF_ABV/egt/egt-1482.smt2	unsat	104	0	unsat	106	0	A	unsat
/nas3/data/axeyum/corpus/smtlib-2024/non-incremental/non-incremental/QF_IDL/job_shop/jobshop12-2-6-6-4-4-11.smt2	unsat	304	0	unsat	404	0	B	unsat
/nas3/data/axeyum/corpus/smtlib-2024/non-incremental/non-incremental/QF_NRA/meti-tarski/Lyapunov/Lyapunov1a-chunk-0004.smt2	sat	105	0	sat	104	0	A	sat
/nas3/data/axeyum/corpus/smtlib-2024/non-incremental/non-incremental/QF_UF/QG-classification/qg5/gensys_icl813.smt2	unsat	1505	0	unsat	1606	0	B	unsat
/nas3/data/axeyum/corpus/smtlib-2024/non-incremental/non-incremental/QF_FP/wintersteiger/max/max-has-no-other-solution-3470.smt2	unsat	105	0	unsat	104	0	A	unsat
/nas3/data/axeyum/corpus/smtlib-2024/non-incremental/non-incremental/QF_NIA/20170427-VeryMax/ITS/From_T2__mc91.t2__p2846_terminationG_0.smt2	unknown	24426	0	unknown	24327	0	B	unknown
/nas3/data/axeyum/corpus/smtlib-2024/non-incremental/non-incremental/QF_SLIA/20180523-Reynolds/pyex/peterc-pyex-doc-cav17-zz/pymongo/pymongo-mongoclient/2982bc61e5adedbf088b093baca939987c5bcd853da2cffab329a51d.smt2	sat	104	0	sat	104	0	A	unknown
/nas3/data/axeyum/corpus/smtlib-2024/non-incremental/non-incremental/UF/sledgehammer/FFT/uf.711424.smt2	unknown	13617	0	unknown	13415	0	B	unknown
/nas3/data/axeyum/corpus/smtlib-2024/non-incremental/non-incremental/QF_DT/20172804-Barrett/barrett-jsat/typed/v1/typed_v1l80002.cvc.smt2	unsat	105	0	unsat	104	0	A	unsat
/nas3/data/axeyum/corpus/smtlib-2024/non-incremental/non-incremental/QF_LRA/meti-tarski/Chua/2/IL/L/Chua-2-IL-L-chunk-0071.smt2	sat	104	0	sat	105	0	B	sat
/nas3/data/axeyum/corpus/smtlib-2024/non-incremental/non-incremental/QF_S/20230329-automatark-lu/instance07739.smt2	sat	105	0	sat	104	0	A	sat
/nas3/data/axeyum/corpus/smtlib-2024/non-incremental/non-incremental/QF_UFLRA/mathsat/RandomCoupled/pb_real_30_0600_10_28.smt2	unknown	25128	0	unknown	25129	0	B	sat
/nas3/data/axeyum/corpus/smtlib-2024/non-incremental/non-incremental/QF_BV/sage/app12/bench_5043.smt2	sat	104	0	sat	104	0	A	sat
/nas3/data/axeyum/corpus/smtlib-2024/non-incremental/non-incremental/QF_LIA/20231117-c_inference/60_60_46_20_sat.smt2	unknown	10512	0	unknown	10514	0	B	sat
/nas3/data/axeyum/corpus/smtlib-2024/non-incremental/non-incremental/QF_RDL/sal/fischer9-mutex-5.smt2	unsat	204	0	unsat	204	0	A	unsat
/nas3/data/axeyum/corpus/smtlib-2024/non-incremental/non-incremental/QF_UFLIA/mathsat/Hash/hash_uns_05_17.smt2	unsat	12414	0	unsat	10514	0	B	unsat
/nas3/data/axeyum/corpus/smtlib-2024/non-incremental/non-incremental/QF_ABV/egt/egt-1798.smt2	unsat	104	0	unsat	105	0	A	unsat
/nas3/data/axeyum/corpus/smtlib-2024/non-incremental/non-incremental/QF_IDL/job_shop/jobshop34-2-17-17-4-4-11.smt2	unknown	25025	0	unknown	25025	0	B	unknown
/nas3/data/axeyum/corpus/smtlib-2024/non-incremental/non-incremental/QF_NRA/meti-tarski/asin/8/vars4/asin-8-vars4-chunk-0049.smt2	sat	104	0	sat	105	0	A	sat
/nas3/data/axeyum/corpus/smtlib-2024/non-incremental/non-incremental/QF_UF/QG-classification/qg5/gensys_icl961.smt2	unsat	805	0	unsat	805	0	B	unsat
/nas3/data/axeyum/corpus/smtlib-2024/non-incremental/non-incremental/QF_FP/wintersteiger/max/max-has-solution-13818.smt2	sat	105	0	sat	105	0	A	sat
/nas3/data/axeyum/corpus/smtlib-2024/non-incremental/non-incremental/QF_NIA/20170427-VeryMax/ITS/From_T2__n-40.t2__p4304_terminationG_0.smt2	unknown	11014	0	unknown	11014	0	B	unknown
/nas3/data/axeyum/corpus/smtlib-2024/non-incremental/non-incremental/QF_SLIA/2019-Leetcode/isInterleave/569c3af3a11bcc7aa8a1eac10fc6bcba8f0a789740d6dd999de4aebe.smt2	sat	105	0	sat	104	0	A	unknown
/nas3/data/axeyum/corpus/smtlib-2024/non-incremental/non-incremental/UF/sledgehammer/FFT/uf.807359.smt2	unknown	25027	0	unknown	25028	0	B	sat
/nas3/data/axeyum/corpus/smtlib-2024/non-incremental/non-incremental/QF_DT/20172804-Barrett/barrett-jsat/typed/v1/typed_v1l90074.cvc.smt2	unsat	105	0	unsat	104	0	A	unsat
/nas3/data/axeyum/corpus/smtlib-2024/non-incremental/non-incremental/QF_LRA/meti-tarski/atan/problem/2/weak2/atan-problem-2-weak2-chunk-0034.smt2	sat	104	0	sat	105	0	B	sat
/nas3/data/axeyum/corpus/smtlib-2024/non-incremental/non-incremental/QF_S/20230329-automatark-lu/instance08115.smt2	sat	105	0	sat	105	0	A	sat
/nas3/data/axeyum/corpus/smtlib-2024/non-incremental/non-incremental/QF_UFLRA/mathsat/RandomCoupled/pb_real_30_0900_10_12.smt2	unsat	8812	0	unsat	8511	0	B	unsat
/nas3/data/axeyum/corpus/smtlib-2024/non-incremental/non-incremental/QF_BV/sage/app12/bench_666.smt2	sat	104	0	sat	104	0	A	sat
/nas3/data/axeyum/corpus/smtlib-2024/non-incremental/non-incremental/QF_LIA/CAV_2009_benchmarks/smt/20-vars/problem__003.smt2	sat	104	0	sat	104	0	B	sat
/nas3/data/axeyum/corpus/smtlib-2024/non-incremental/non-incremental/QF_RDL/sal/fischer9-mutex-9.smt2	unsat	2407	0	unsat	2606	0	A	unsat
/nas3/data/axeyum/corpus/smtlib-2024/non-incremental/non-incremental/QF_UFLIA/mathsat/Wisa/xs-05-16-1-5-4-3.smt2	unsat	105	0	unsat	104	0	B	unsat
/nas3/data/axeyum/corpus/smtlib-2024/non-incremental/non-incremental/QF_ABV/egt/egt-2102.smt2	unsat	105	0	unsat	105	0	A	unsat
/nas3/data/axeyum/corpus/smtlib-2024/non-incremental/non-incremental/QF_IDL/job_shop/jobshop56-2-28-28-4-4-11.smt2	unknown	21221	0	unknown	21223	0	B	unknown
/nas3/data/axeyum/corpus/smtlib-2024/non-incremental/non-incremental/QF_NRA/meti-tarski/atan/problem/2/sqrt/weak/atan-problem-2-sqrt-weak-chunk-0024.smt2	unsat	104	0	unsat	104	0	A	unsat
/nas3/data/axeyum/corpus/smtlib-2024/non-incremental/non-incremental/QF_UF/QG-classification/qg5/iso_brn1009.smt2	sat	104	0	sat	104	0	B	sat
/nas3/data/axeyum/corpus/smtlib-2024/non-incremental/non-incremental/QF_FP/wintersteiger/max/max-has-solution-5850.smt2	sat	104	0	sat	104	0	A	sat
/nas3/data/axeyum/corpus/smtlib-2024/non-incremental/non-incremental/QF_NIA/20170427-VeryMax/ITS/From_T2__nakata.t2__p5351_edge_closing_0.smt2	unknown	12914	0	unknown	12916	0	B	sat
/nas3/data/axeyum/corpus/smtlib-2024/non-incremental/non-incremental/QF_SLIA/2019-Leetcode/restoreIpAddresses/33e36d926267521d44a9b4f3f2036b525f547ee239ba08985d3a7bd6.smt2	unsat	105	0	unsat	105	0	A	unknown
/nas3/data/axeyum/corpus/smtlib-2024/non-incremental/non-incremental/UF/sledgehammer/FFT/uf.915673.smt2	unsat	12115	0	unsat	12115	0	B	unsat
/nas3/data/axeyum/corpus/smtlib-2024/non-incremental/non-incremental/QF_DT/20172804-Barrett/barrett-jsat/typed/v10/typed_v10l30046.cvc.smt2	sat	104	0	sat	104	0	A	sat
/nas3/data/axeyum/corpus/smtlib-2024/non-incremental/non-incremental/QF_LRA/meti-tarski/bottom-plate-mixer/bottom-plate-mixer-chunk-0011.smt2	sat	104	0	sat	104	0	B	sat
/nas3/data/axeyum/corpus/smtlib-2024/non-incremental/non-incremental/QF_S/20230329-automatark-lu/instance08491.smt2	unsat	104	0	unsat	103	0	A	unsat
/nas3/data/axeyum/corpus/smtlib-2024/non-incremental/non-incremental/QF_UFLRA/mathsat/RandomCoupled/pb_real_40_0400_10_16.smt2	unknown	25028	0	unknown	25027	0	B	sat
/nas3/data/axeyum/corpus/smtlib-2024/non-incremental/non-incremental/QF_BV/sage/app2/bench_218.smt2	unsat	104	0	unsat	104	0	A	unsat
/nas3/data/axeyum/corpus/smtlib-2024/non-incremental/non-incremental/QF_LIA/CAV_2009_benchmarks/smt/40-vars/problem_2__022.smt2	sat	1205	0	sat	1206	0	B	sat
/nas3/data/axeyum/corpus/smtlib-2024/non-incremental/non-incremental/QF_RDL/scheduling/abz5_1300.smt2	sat	505	0	sat	505	0	A	sat
/nas3/data/axeyum/corpus/smtlib-2024/non-incremental/non-incremental/QF_UFLIA/mathsat/Wisa/xs-06-14-3-1-5-2.smt2	unsat	104	0	unsat	105	0	B	unsat
/nas3/data/axeyum/corpus/smtlib-2024/non-incremental/non-incremental/QF_ABV/egt/egt-2413.smt2	sat	104	0	sat	105	0	A	sat
/nas3/data/axeyum/corpus/smtlib-2024/non-incremental/non-incremental/QF_IDL/mathsat/fischer/FISCHER12-2-ninc.smt2	unsat	105	0	unsat	104	0	B	unsat
/nas3/data/axeyum/corpus/smtlib-2024/non-incremental/non-incremental/QF_NRA/meti-tarski/atan/problem/2/weak/atan-problem-2-weak-chunk-0224.smt2	unsat	105	0	unsat	104	0	A	unsat
/nas3/data/axeyum/corpus/smtlib-2024/non-incremental/non-incremental/QF_UF/QG-classification/qg5/iso_brn1143.smt2	unsat	105	0	unsat	104	0	B	unsat
/nas3/data/axeyum/corpus/smtlib-2024/non-incremental/non-incremental/QF_FP/wintersteiger/min/min-has-no-other-solution-16474.smt2	unsat	104	0	unsat	105	0	A	unsat
/nas3/data/axeyum/corpus/smtlib-2024/non-incremental/non-incremental/QF_NIA/20170427-VeryMax/ITS/From_T2__ppblock.t2__p7749_edge_closing_0.smt2	unknown	12415	0	unknown	12516	0	B	sat
/nas3/data/axeyum/corpus/smtlib-2024/non-incremental/non-incremental/QF_SLIA/2019-full_str_int/py-conbyte_cvc4/leetcode_int-add_binary/518.smt2	sat	104	0	sat	104	0	A	unknown
/nas3/data/axeyum/corpus/smtlib-2024/non-incremental/non-incremental/UF/sledgehammer/Fundamental_Theorem_Algebra/uf.1115480.smt2	unknown	21023	0	unknown	21023	0	B	unknown
/nas3/data/axeyum/corpus/smtlib-2024/non-incremental/non-incremental/QF_DT/20172804-Barrett/barrett-jsat/typed/v10/typed_v10l50018.cvc.smt2	unsat	104	0	unsat	104	0	A	unsat
/nas3/data/axeyum/corpus/smtlib-2024/non-incremental/non-incremental/QF_LRA/meti-tarski/cbrt/3/cbrt-problem-3-chunk-0048.smt2	unsat	104	0	unsat	104	0	B	unsat
/nas3/data/axeyum/corpus/smtlib-2024/non-incremental/non-incremental/QF_S/20230329-automatark-lu/instance08867.smt2	sat	104	0	sat	104	0	A	sat
/nas3/data/axeyum/corpus/smtlib-2024/non-incremental/non-incremental/QF_UFLRA/mathsat/RandomCoupled/pb_real_40_0600_10_20.smt2	unknown	25127	0	unknown	25128	0	B	sat
/nas3/data/axeyum/corpus/smtlib-2024/non-incremental/non-incremental/QF_BV/sage/app5/bench_1046.smt2	unsat	105	0	unsat	104	0	A	unsat
/nas3/data/axeyum/corpus/smtlib-2024/non-incremental/non-incremental/QF_LIA/arctic-matrix/constraint-654327.smt2	unknown	405	0	unknown	405	0	B	unknown
/nas3/data/axeyum/corpus/smtlib-2024/non-incremental/non-incremental/QF_RDL/scheduling/abz6_800.smt2	unsat	104	0	unsat	105	0	A	unsat
/nas3/data/axeyum/corpus/smtlib-2024/non-incremental/non-incremental/QF_UFLIA/mathsat/Wisa/xs-07-13-5-3-2-1.smt2	unsat	105	0	unsat	105	0	B	unsat
/nas3/data/axeyum/corpus/smtlib-2024/non-incremental/non-incremental/QF_ABV/egt/egt-2722.smt2	unsat	104	0	unsat	105	0	A	unsat
/nas3/data/axeyum/corpus/smtlib-2024/non-incremental/non-incremental/QF_IDL/mathsat/fischer/FISCHER4-5-ninc.smt2	sat	104	0	sat	104	0	B	sat
/nas3/data/axeyum/corpus/smtlib-2024/non-incremental/non-incremental/QF_NRA/meti-tarski/atan/vega/3/atan-vega-3-chunk-0121.smt2	sat	104	0	sat	104	0	A	sat
/nas3/data/axeyum/corpus/smtlib-2024/non-incremental/non-incremental/QF_UF/QG-classification/qg5/iso_brn1278.smt2	sat	105	0	sat	104	0	B	sat
/nas3/data/axeyum/corpus/smtlib-2024/non-incremental/non-incremental/QF_FP/wintersteiger/min/min-has-no-other-solution-8651.smt2	unsat	105	0	unsat	104	0	A	unsat
/nas3/data/axeyum/corpus/smtlib-2024/non-incremental/non-incremental/QF_NIA/20170427-VeryMax/ITS/From_T2__s1-striped.t2__p12578_safety_0.smt2	unknown	24125	0	unknown	24124	0	B	unknown
/nas3/data/axeyum/corpus/smtlib-2024/non-incremental/non-incremental/QF_SLIA/2019-full_str_int/py-conbyte_cvc4/leetcode_int-restoreIpAddresses/220.smt2	unsat	404	0	unsat	405	0	A	unknown
/nas3/data/axeyum/corpus/smtlib-2024/non-incremental/non-incremental/UF/sledgehammer/Fundamental_Theorem_Algebra/uf.1260380.smt2	unknown	12015	0	unknown	12115	0	B	unknown
/nas3/data/axeyum/corpus/smtlib-2024/non-incremental/non-incremental/QF_DT/20172804-Barrett/barrett-jsat/typed/v10/typed_v10l60090.cvc.smt2	sat	104	0	sat	104	0	A	sat
/nas3/data/axeyum/corpus/smtlib-2024/non-incremental/non-incremental/QF_LRA/meti-tarski/cbrt/3/weak/cbrt-problem-3-weak-chunk-0097.smt2	sat	103	0	sat	104	0	B	sat
/nas3/data/axeyum/corpus/smtlib-2024/non-incremental/non-incremental/QF_S/20230329-automatark-lu/instance09243.smt2	sat	104	0	sat	104	0	A	sat
/nas3/data/axeyum/corpus/smtlib-2024/non-incremental/non-incremental/QF_UFLRA/mathsat/RandomCoupled/pb_real_40_0800_10_24.smt2	unknown	25127	0	unknown	25126	0	B	sat
/nas3/data/axeyum/corpus/smtlib-2024/non-incremental/non-incremental/QF_BV/sage/app5/bench_882.smt2	unsat	104	0	unsat	105	0	A	unsat
/nas3/data/axeyum/corpus/smtlib-2024/non-incremental/non-incremental/QF_LIA/bofill-scheduling/SMT_random_LIA/ex8500_2600_100.smt2	unknown	24126	0	unknown	24225	0	B	unsat
/nas3/data/axeyum/corpus/smtlib-2024/non-incremental/non-incremental/QF_RDL/scheduling/abz7_600.smt2	unknown	24127	0	unknown	24126	0	A	unknown
/nas3/data/axeyum/corpus/smtlib-2024/non-incremental/non-incremental/QF_UFLIA/mathsat/Wisa/xs-08-11-4-3-2-2.smt2	sat	605	0	sat	304	0	B	sat
/nas3/data/axeyum/corpus/smtlib-2024/non-incremental/non-incremental/QF_ABV/egt/egt-3032.smt2	sat	104	0	sat	104	0	A	sat
/nas3/data/axeyum/corpus/smtlib-2024/non-incremental/non-incremental/QF_IDL/mathsat/post_office/PO3-10-PO3.smt2	sat	204	0	sat	204	0	B	sat
/nas3/data/axeyum/corpus/smtlib-2024/non-incremental/non-incremental/QF_NRA/meti-tarski/atan/vega/3/atan-vega-3-chunk-0362.smt2	sat	104	0	sat	104	0	A	sat
/nas3/data/axeyum/corpus/smtlib-2024/non-incremental/non-incremental/QF_UF/QG-classification/qg5/iso_brn226.smt2	sat	104	0	sat	104	0	B	sat
/nas3/data/axeyum/corpus/smtlib-2024/non-incremental/non-incremental/QF_FP/wintersteiger/min/min-has-solution-18749.smt2	sat	104	0	sat	104	0	A	sat
/nas3/data/axeyum/corpus/smtlib-2024/non-incremental/non-incremental/QF_NIA/20170427-VeryMax/ITS/From_T2__s1-striped.t2_fixed__p10785_safety_0.smt2	sat	11913	0	sat	11814	0	B	sat
/nas3/data/axeyum/corpus/smtlib-2024/non-incremental/non-incremental/QF_SLIA/2019-full_str_int/py-conbyte_cvc4/leetcode_int-restoreIpAddresses/3716.smt2	unsat	404	0	unsat	405	0	A	unknown
/nas3/data/axeyum/corpus/smtlib-2024/non-incremental/non-incremental/UF/sledgehammer/Fundamental_Theorem_Algebra/uf.1382574.smt2	unsat	7912	0	unsat	7812	0	B	unsat
/nas3/data/axeyum/corpus/smtlib-2024/non-incremental/non-incremental/QF_DT/20172804-Barrett/barrett-jsat/typed/v10/typed_v10l80062.cvc.smt2	unsat	105	0	unsat	104	0	A	unsat
/nas3/data/axeyum/corpus/smtlib-2024/non-incremental/non-incremental/QF_LRA/meti-tarski/polypaver/bench-exp-3d/polypaver-bench-exp-3d-chunk-0050.smt2	sat	105	0	sat	105	0	B	sat
/nas3/data/axeyum/corpus/smtlib-2024/non-incremental/non-incremental/QF_S/20230329-automatark-lu/instance09619.smt2	unsat	105	0	unsat	104	0	A	unsat
/nas3/data/axeyum/corpus/smtlib-2024/non-incremental/non-incremental/QF_UFLRA/mathsat/RandomCoupled/pb_real_40_1000_10_28.smt2	unsat	9812	0	unsat	9413	0	B	unsat
/nas3/data/axeyum/corpus/smtlib-2024/non-incremental/non-incremental/QF_BV/sage/app7/bench_149.smt2	unsat	7011	0	unsat	7311	0	A	unsat
/nas3/data/axeyum/corpus/smtlib-2024/non-incremental/non-incremental/QF_LIA/bofill-scheduling/SMT_real_LIA/ex6960_2400_100.smt2	sat	20422	0	sat	20422	0	B	sat
/nas3/data/axeyum/corpus/smtlib-2024/non-incremental/non-incremental/QF_RDL/scheduling/abz7_700.smt2	unknown	24126	0	unknown	24128	0	A	sat
/nas3/data/axeyum/corpus/smtlib-2024/non-incremental/non-incremental/QF_UFLIA/mathsat/Wisa/xs-09-10-5-1-5-2.smt2	sat	205	0	sat	205	0	B	sat
/nas3/data/axeyum/corpus/smtlib-2024/non-incremental/non-incremental/QF_ABV/egt/egt-3340.smt2	sat	104	0	sat	105	0	A	sat
/nas3/data/axeyum/corpus/smtlib-2024/non-incremental/non-incremental/QF_IDL/parity/04.500.graph.smt2	sat	2907	0	sat	2908	0	B	sat
/nas3/data/axeyum/corpus/smtlib-2024/non-incremental/non-incremental/QF_NRA/meti-tarski/atan/vega/3/atan-vega-3-chunk-0605.smt2	unsat	106	0	unsat	106	0	A	unsat
/nas3/data/axeyum/corpus/smtlib-2024/non-incremental/non-incremental/QF_UF/QG-classification/qg5/iso_brn374.smt2	sat	105	0	sat	105	0	B	sat
/nas3/data/axeyum/corpus/smtlib-2024/non-incremental/non-incremental/QF_FP/wintersteiger/mul/mul-has-no-other-solution-10910.smt2	unsat	105	0	unsat	104	0	A	unsat
/nas3/data/axeyum/corpus/smtlib-2024/non-incremental/non-incremental/QF_NIA/20170427-VeryMax/ITS/From_T2__s1.t2__p20015_safety_0.smt2	sat	13416	0	sat	13014	0	B	sat
/nas3/data/axeyum/corpus/smtlib-2024/non-incremental/non-incremental/QF_SLIA/2019-full_str_int/py-conbyte_cvc4/leetcode_int-restoreIpAddresses/5231.smt2	unsat	305	0	unsat	304	0	A	unknown
/nas3/data/axeyum/corpus/smtlib-2024/non-incremental/non-incremental/UF/sledgehammer/Fundamental_Theorem_Algebra/uf.624285.smt2	sat	104	0	sat	104	0	B	sat
/nas3/data/axeyum/corpus/smtlib-2024/non-incremental/non-incremental/QF_DT/20172804-Barrett/barrett-jsat/typed/v2/typed_v2l20034.cvc.smt2	sat	104	0	sat	104	0	A	sat
/nas3/data/axeyum/corpus/smtlib-2024/non-incremental/non-incremental/QF_LRA/meti-tarski/sin/344/3/sin-344-3-weak-chunk-0016.smt2	unsat	103	0	unsat	104	0	B	unsat
/nas3/data/axeyum/corpus/smtlib-2024/non-incremental/non-incremental/QF_S/20230329-automatark-lu/instance09995.smt2	sat	104	0	sat	103	0	A	sat
/nas3/data/axeyum/corpus/smtlib-2024/non-incremental/non-incremental/QF_UFLRA/mathsat/RandomDecoupled/pb_real_30_60_45_02.smt2	sat	3007	0	sat	3007	0	B	sat
/nas3/data/axeyum/corpus/smtlib-2024/non-incremental/non-incremental/QF_BV/sage/app7/bench_2317.smt2	unsat	104	0	unsat	104	0	A	unsat
/nas3/data/axeyum/corpus/smtlib-2024/non-incremental/non-incremental/QF_LIA/convert/convert-jpg2gif-query-1214.smt2	unsat	104	0	unsat	104	0	B	unsat
/nas3/data/axeyum/corpus/smtlib-2024/non-incremental/non-incremental/QF_RDL/scheduling/orb01_1100.smt2	unknown	24025	0	unknown	24025	0	A	sat
/nas3/data/axeyum/corpus/smtlib-2024/non-incremental/non-incremental/QF_UFLIA/mathsat/Wisa/xs-10-08-2-2-4-5.smt2	sat	305	0	sat	205	0	B	sat
/nas3/data/axeyum/corpus/smtlib-2024/non-incremental/non-incremental/QF_ABV/egt/egt-3645.smt2	sat	105	0	sat	104	0	A	sat
/nas3/data/axeyum/corpus/smtlib-2024/non-incremental/non-incremental/QF_IDL/parity/10.500.graph.smt2	sat	2606	0	sat	2607	0	B	sat
/nas3/data/axeyum/corpus/smtlib-2024/non-incremental/non-incremental/QF_NRA/meti-tarski/atan/vega/3/weak/atan-vega-3-weak-chunk-0314.smt2	sat	105	0	sat	104	0	A	sat
/nas3/data/axeyum/corpus/smtlib-2024/non-incremental/non-incremental/QF_UF/QG-classification/qg5/iso_brn522.smt2	sat	105	0	sat	105	0	B	sat
/nas3/data/axeyum/corpus/smtlib-2024/non-incremental/non-incremental/QF_FP/wintersteiger/mul/mul-has-no-other-solution-3205.smt2	unsat	104	0	unsat	104	0	A	unsat
/nas3/data/axeyum/corpus/smtlib-2024/non-incremental/non-incremental/QF_NIA/20170427-VeryMax/ITS/From_T2__slayer-3-filtered.t2__p21659_terminationG_0.smt2	unknown	11214	0	unknown	11214	0	B	unknown
/nas3/data/axeyum/corpus/smtlib-2024/non-incremental/non-incremental/QF_SLIA/2019-full_str_int/py-conbyte_cvc4/leetcode_int-restoreIpAddresses/6748.smt2	unsat	204	0	unsat	205	0	A	unknown
/nas3/data/axeyum/corpus/smtlib-2024/non-incremental/non-incremental/UF/sledgehammer/Fundamental_Theorem_Algebra/uf.758943.smt2	unknown	24225	0	unknown	24225	0	B	unknown
/nas3/data/axeyum/corpus/smtlib-2024/non-incremental/non-incremental/QF_DT/20172804-Barrett/barrett-jsat/typed/v2/typed_v2l40006.cvc.smt2	sat	105	0	sat	104	0	A	sat
/nas3/data/axeyum/corpus/smtlib-2024/non-incremental/non-incremental/QF_LRA/meti-tarski/sin/problem/7/sin-problem-7-chunk-0063.smt2	sat	104	0	sat	104	0	B	sat
/nas3/data/axeyum/corpus/smtlib-2024/non-incremental/non-incremental/QF_S/20230329-automatark-lu/instance10371.smt2	sat	104	0	sat	104	0	A	sat
/nas3/data/axeyum/corpus/smtlib-2024/non-incremental/non-incremental/QF_UFLRA/mathsat/RandomDecoupled/pb_real_30_60_45_26.smt2	sat	2506	0	sat	2505	0	B	sat
/nas3/data/axeyum/corpus/smtlib-2024/non-incremental/non-incremental/QF_BV/sage/app7/bench_3145.smt2	unsat	104	0	unsat	104	0	A	unsat
/nas3/data/axeyum/corpus/smtlib-2024/non-incremental/non-incremental/QF_LIA/cut_lemmas/15-vars/cut_lemma_01_009.smt2	unsat	104	0	unsat	104	0	B	unsat
/nas3/data/axeyum/corpus/smtlib-2024/non-incremental/non-incremental/QF_RDL/scheduling/orb02_700.smt2	unsat	104	0	unsat	104	0	A	unsat
/nas3/data/axeyum/corpus/smtlib-2024/non-incremental/non-incremental/QF_UFLIA/mathsat/Wisa/xs-11-07-3-4-2-3.smt2	sat	304	0	sat	305	0	B	sat
/nas3/data/axeyum/corpus/smtlib-2024/non-incremental/non-incremental/QF_ABV/egt/egt-3948.smt2	unsat	104	0	unsat	105	0	A	unsat
/nas3/data/axeyum/corpus/smtlib-2024/non-incremental/non-incremental/QF_IDL/parity/16.500.graph.smt2	sat	2206	0	sat	2206	0	B	sat
/nas3/data/axeyum/corpus/smtlib-2024/non-incremental/non-incremental/QF_NRA/meti-tarski/atan/vega/3/weak/atan-vega-3-weak-chunk-0588.smt2	sat	103	0	sat	104	0	A	sat
/nas3/data/axeyum/corpus/smtlib-2024/non-incremental/non-incremental/QF_UF/QG-classification/qg5/iso_brn670.smt2	unsat	104	0	unsat	104	0	B	unsat
/nas3/data/axeyum/corpus/smtlib-2024/non-incremental/non-incremental/QF_FP/wintersteiger/mul/mul-has-solution-12943.smt2	sat	104	0	sat	104	0	A	sat
/nas3/data/axeyum/corpus/smtlib-2024/non-incremental/non-incremental/QF_NIA/20170427-VeryMax/ITS/From_T2__slayer-4-filtered.t2__p22683_terminationG_0.smt2	unknown	24226	0	sat	23325	0	B	sat
/nas3/data/axeyum/corpus/smtlib-2024/non-incremental/non-incremental/QF_SLIA/2019-full_str_int/py-conbyte_cvc4/lib_int-email__parsedate_tz/32.smt2	unsat	104	0	unsat	104	0	A	unknown
/nas3/data/axeyum/corpus/smtlib-2024/non-incremental/non-incremental/UF/sledgehammer/Fundamental_Theorem_Algebra/uf.908739.smt2	sat	104	0	sat	104	0	B	sat
/nas3/data/axeyum/corpus/smtlib-2024/non-incremental/non-incremental/QF_DT/20172804-Barrett/barrett-jsat/typed/v2/typed_v2l50078.cvc.smt2	sat	104	0	sat	104	0	A	sat
/nas3/data/axeyum/corpus/smtlib-2024/non-incremental/non-incremental/QF_LRA/meti-tarski/sin/problem/7/weak/sin-problem-7-weak-chunk-0037.smt2	sat	104	0	sat	104	0	B	sat
/nas3/data/axeyum/corpus/smtlib-2024/non-incremental/non-incremental/QF_S/20230329-automatark-lu/instance10747.smt2	sat	104	0	sat	104	0	A	sat
/nas3/data/axeyum/corpus/smtlib-2024/non-incremental/non-incremental/QF_UFLRA/mathsat/RandomDecoupled/pb_real_30_60_45_50.smt2	unsat	2306	0	unsat	2305	0	B	unsat
/nas3/data/axeyum/corpus/smtlib-2024/non-incremental/non-incremental/QF_BV/sage/app7/bench_3974.smt2	unsat	605	0	unsat	504	0	A	unsat
/nas3/data/axeyum/corpus/smtlib-2024/non-incremental/non-incremental/QF_LIA/dillig/40-30.smt2	sat	11113	0	sat	11113	0	B	sat
/nas3/data/axeyum/corpus/smtlib-2024/non-incremental/non-incremental/QF_RDL/scheduling/orb03_1005.smt2	unknown	24025	0	unknown	24026	0	A	sat
/nas3/data/axeyum/corpus/smtlib-2024/non-incremental/non-incremental/QF_UFLIA/mathsat/Wisa/xs-12-05-3-3-5-4.smt2	sat	605	0	sat	605	0	B	sat
/nas3/data/axeyum/corpus/smtlib-2024/non-incremental/non-incremental/QF_ABV/egt/egt-4258.smt2	unsat	105	0	unsat	104	0	A	unsat
/nas3/data/axeyum/corpus/smtlib-2024/non-incremental/non-incremental/QF_IDL/parity/22.500.graph.smt2	sat	2306	0	sat	2406	0	B	sat
/nas3/data/axeyum/corpus/smtlib-2024/non-incremental/non-incremental/QF_NRA/meti-tarski/cbrt/3/weak/cbrt-problem-3-weak-chunk-0110.smt2	sat	104	0	sat	104	0	A	sat
/nas3/data/axeyum/corpus/smtlib-2024/non-incremental/non-incremental/QF_UF/QG-classification/qg5/iso_brn818.smt2	sat	104	0	sat	104	0	B	sat
/nas3/data/axeyum/corpus/smtlib-2024/non-incremental/non-incremental/QF_FP/wintersteiger/mul/mul-has-solution-4752.smt2	sat	105	0	sat	104	0	A	sat
/nas3/data/axeyum/corpus/smtlib-2024/non-incremental/non-incremental/QF_NIA/20170427-VeryMax/ITS/From_T2__streamserver-succeed.t2__p24602_terminationG_0.smt2	sat	13816	0	sat	10513	0	B	sat
/nas3/data/axeyum/corpus/smtlib-2024/non-incremental/non-incremental/QF_SLIA/2019-full_str_int/py-conbyte_z3seq/leetcode_int-add_binary/740.smt2	unsat	205	0	unsat	204	0	A	unknown
/nas3/data/axeyum/corpus/smtlib-2024/non-incremental/non-incremental/UF/sledgehammer/Hoare/smtlib.631037.smt2	unsat	12116	0	unsat	12112	0	B	unsat
/nas3/data/axeyum/corpus/smtlib-2024/non-incremental/non-incremental/QF_DT/20172804-Barrett/barrett-jsat/typed/v2/typed_v2l70050.cvc.smt2	unsat	104	0	unsat	105	0	A	unsat
/nas3/data/axeyum/corpus/smtlib-2024/non-incremental/non-incremental/QF_LRA/meti-tarski/sin/problem/7/weak/sin-problem-7-weak-chunk-0089.smt2	unsat	105	0	unsat	104	0	B	unsat
/nas3/data/axeyum/corpus/smtlib-2024/non-incremental/non-incremental/QF_S/20230329-automatark-lu/instance11123.smt2	unsat	104	0	unsat	105	0	A	unsat
/nas3/data/axeyum/corpus/smtlib-2024/non-incremental/non-incremental/QF_UFLRA/mathsat/RandomDecoupled/pb_real_30_60_45_74.smt2	sat	1605	0	sat	1606	0	B	sat
/nas3/data/axeyum/corpus/smtlib-2024/non-incremental/non-incremental/QF_BV/sage/app7/bench_4801.smt2	unsat	506	0	unsat	405	0	A	unsat
/nas3/data/axeyum/corpus/smtlib-2024/non-incremental/non-incremental/QF_LIA/nec-smt/large/bftpd_login/prp-22-48.smt2	unknown	25127	0	unknown	25127	0	B	unsat
/nas3/data/axeyum/corpus/smtlib-2024/non-incremental/non-incremental/QF_RDL/scheduling/orb03_950.smt2	unknown	24024	0	unknown	24024	0	A	unsat
/nas3/data/axeyum/corpus/smtlib-2024/non-incremental/non-incremental/QF_UFLIA/mathsat/Wisa/xs-12-19-1-4-1-2.smt2	sat	1106	0	sat	1005	0	B	sat
/nas3/data/axeyum/corpus/smtlib-2024/non-incremental/non-incremental/QF_ABV/egt/egt-4562.smt2	unsat	104	0	unsat	104	0	A	unsat
/nas3/data/axeyum/corpus/smtlib-2024/non-incremental/non-incremental/QF_IDL/parity/28.500.graph.smt2	unsat	2506	0	unsat	2607	0	B	unsat
/nas3/data/axeyum/corpus/smtlib-2024/non-incremental/non-incremental/QF_NRA/meti-tarski/exp/problem/10/2/exp-problem-10-2-chunk-0205.smt2	sat	104	0	sat	103	0	A	sat
/nas3/data/axeyum/corpus/smtlib-2024/non-incremental/non-incremental/QF_UF/QG-classification/qg5/iso_brn966.smt2	sat	103	0	sat	104	0	B	sat
/nas3/data/axeyum/corpus/smtlib-2024/non-incremental/non-incremental/QF_FP/wintersteiger/rem/rem-has-no-other-solution-14787.smt2	unsat	504	0	unsat	504	0	A	unsat
/nas3/data/axeyum/corpus/smtlib-2024/non-incremental/non-incremental/QF_NIA/20170427-VeryMax/ITS/From_T2__ud.t2__term_unfeasibility_1_0.smt2	sat	10813	0	sat	10813	0	B	sat
/nas3/data/axeyum/corpus/smtlib-2024/non-incremental/non-incremental/QF_SLIA/2019-full_str_int/py-conbyte_z3seq/leetcode_int-restoreIpAddresses/2372.smt2	unsat	505	0	unsat	404	0	A	unknown
/nas3/data/axeyum/corpus/smtlib-2024/non-incremental/non-incremental/UF/sledgehammer/Hoare/uf.1172268.smt2	unknown	6009	0	unknown	6009	0	B	unknown
/nas3/data/axeyum/corpus/smtlib-2024/non-incremental/non-incremental/QF_DT/20172804-Barrett/barrett-jsat/typed/v2/typed_v2l90022.cvc.smt2	unsat	105	0	unsat	105	0	A	unsat
/nas3/data/axeyum/corpus/smtlib-2024/non-incremental/non-incremental/QF_LRA/meti-tarski/sin/problem/7/weak2/sin-problem-7-weak2-chunk-0037.smt2	sat	104	0	sat	104	0	B	sat
/nas3/data/axeyum/corpus/smtlib-2024/non-incremental/non-incremental/QF_S/20230329-automatark-lu/instance11499.smt2	unsat	104	0	unsat	104	0	A	unsat
/nas3/data/axeyum/corpus/smtlib-2024/non-incremental/non-incremental/QF_UFLRA/mathsat/RandomDecoupled/pb_real_30_60_45_98.smt2	sat	2807	0	sat	2706	0	B	sat
/nas3/data/axeyum/corpus/smtlib-2024/non-incremental/non-incremental/QF_BV/sage/app7/bench_563.smt2	unsat	6309	0	unsat	6209	0	A	unsat
/nas3/data/axeyum/corpus/smtlib-2024/non-incremental/non-incremental/QF_LIA/nec-smt/large/bftpd_login/prp-76-49.smt2	unknown	18721	0	unknown	18621	0	B	unsat
/nas3/data/axeyum/corpus/smtlib-2024/non-incremental/non-incremental/QF_RDL/scheduling/orb04_850.smt2	unsat	105	0	unsat	105	0	A	unsat
/nas3/data/axeyum/corpus/smtlib-2024/non-incremental/non-incremental/QF_UFLIA/mathsat/Wisa/xs-13-16-3-1-4-1.smt2	sat	705	0	sat	705	0	B	sat
/nas3/data/axeyum/corpus/smtlib-2024/non-incremental/non-incremental/QF_ABV/egt/egt-4870.smt2	unsat	104	0	unsat	104	0	A	unsat
/nas3/data/axeyum/corpus/smtlib-2024/non-incremental/non-incremental/QF_IDL/planning/plan-30.cvc.smt2	unsat	305	0	unsat	304	0	B	unsat
/nas3/data/axeyum/corpus/smtlib-2024/non-incremental/non-incremental/QF_NRA/meti-tarski/exp/problem/10/3/exp-problem-10-3-chunk-0074.smt2	unsat	104	0	unsat	104	0	A	unsat
/nas3/data/axeyum/corpus/smtlib-2024/non-incremental/non-incremental/QF_UF/QG-classification/qg5/iso_icl1013.smt2	unsat	104	0	unsat	104	0	B	unsat
/nas3/data/axeyum/corpus/smtlib-2024/non-incremental/non-incremental/QF_FP/wintersteiger/rem/rem-has-no-other-solution-7293.smt2	unsat	505	0	unsat	605	0	A	unsat
/nas3/data/axeyum/corpus/smtlib-2024/non-incremental/non-incremental/QF_NIA/20170427-VeryMax/SAT14/1166.smt2	unknown	17220	0	unknown	17120	0	B	sat
/nas3/data/axeyum/corpus/smtlib-2024/non-incremental/non-incremental/QF_SLIA/2019-full_str_int/py-conbyte_z3seq/leetcode_int-restoreIpAddresses/4023.smt2	unsat	705	0	unsat	705	0	A	unknown
/nas3/data/axeyum/corpus/smtlib-2024/non-incremental/non-incremental/UF/sledgehammer/Hoare/uf.733610.smt2	unknown	6209	0	unknown	6310	0	B	unknown
/nas3/data/axeyum/corpus/smtlib-2024/non-incremental/non-incremental/QF_DT/20172804-Barrett/barrett-jsat/typed/v3/typed_v3l20094.cvc.smt2	sat	104	0	sat	104	0	A	sat
/nas3/data/axeyum/corpus/smtlib-2024/non-incremental/non-incremental/QF_LRA/meti-tarski/sin/problem/8/weak/sin-problem-8-weak-chunk-0023.smt2	unsat	104	0	unsat	105	0	B	unsat
/nas3/data/axeyum/corpus/smtlib-2024/non-incremental/non-incremental/QF_S/20230329-automatark-lu/instance11875.smt2	unsat	105	0	unsat	104	0	A	unsat
/nas3/data/axeyum/corpus/smtlib-2024/non-incremental/non-incremental/QF_UFLRA/mathsat/RandomDecoupled/pb_real_30_75_45_22.smt2	unsat	3507	0	unsat	3507	0	B	unsat
/nas3/data/axeyum/corpus/smtlib-2024/non-incremental/non-incremental/QF_BV/sage/app7/bench_6458.smt2	unsat	7510	0	unsat	7311	0	A	unsat
/nas3/data/axeyum/corpus/smtlib-2024/non-incremental/non-incremental/QF_LIA/nec-smt/large/checkpass/prp-9-47.smt2	unknown	24727	0	unknown	24728	0	B	unsat
/nas3/data/axeyum/corpus/smtlib-2024/non-incremental/non-incremental/QF_RDL/scheduling/orb05_800.smt2	unsat	705	0	unsat	705	0	A	unsat
/nas3/data/axeyum/corpus/smtlib-2024/non-incremental/non-incremental/QF_UFLIA/mathsat/Wisa/xs-14-13-4-2-1-3.smt2	sat	805	0	sat	705	0	B	sat
/nas3/data/axeyum/corpus/smtlib-2024/non-incremental/non-incremental/QF_ABV/egt/egt-5172.smt2	unsat	104	0	unsat	104	0	A	unsat
/nas3/data/axeyum/corpus/smtlib-2024/non-incremental/non-incremental/QF_IDL/qlock/qlock-4-10-21.induction.cvc.smt2	sat	7711	0	sat	7911	0	B	sat
/nas3/data/axeyum/corpus/smtlib-2024/non-incremental/non-incremental/QF_NRA/meti-tarski/exp/problem/10/3/weak/exp-problem-10-3-weak-chunk-0142.smt2	unknown	24025	0	unknown	24127	0	A	sat
/nas3/data/axeyum/corpus/smtlib-2024/non-incremental/non-incremental/QF_UF/QG-classification/qg5/iso_icl1148.smt2	unsat	105	0	unsat	104	0	B	unsat
/nas3/data/axeyum/corpus/smtlib-2024/non-incremental/non-incremental/QF_FP/wintersteiger/rem/rem-has-solution-17656.smt2	sat	505	0	sat	505	0	A	sat
/nas3/data/axeyum/corpus/smtlib-2024/non-incremental/non-incremental/QF_NIA/20170427-VeryMax/SAT14/1623.smt2	unknown	16319	0	unknown	16419	0	B	sat
/nas3/data/axeyum/corpus/smtlib-2024/non-incremental/non-incremental/QF_SLIA/2019-full_str_int/py-conbyte_z3seq/lib_int-ipaddress__ip_int_from_string/586.smt2	unknown	25127	0	unknown	25027	0	A	unknown
/nas3/data/axeyum/corpus/smtlib-2024/non-incremental/non-incremental/UF/sledgehammer/Hoare/uf.966336.smt2	unknown	24127	0	unknown	24126	0	B	unsat
/nas3/data/axeyum/corpus/smtlib-2024/non-incremental/non-incremental/QF_DT/20172804-Barrett/barrett-jsat/typed/v3/typed_v3l40066.cvc.smt2	unknown	104	0	unknown	105	0	A	sat
/nas3/data/axeyum/corpus/smtlib-2024/non-incremental/non-incremental/QF_LRA/meti-tarski/sqrt/1mcosq/7/sqrt-1mcosq-7-chunk-0103.smt2	sat	105	0	sat	104	0	B	sat
/nas3/data/axeyum/corpus/smtlib-2024/non-incremental/non-incremental/QF_S/20230329-automatark-lu/instance12251.smt2	unsat	104	0	unsat	104	0	A	unsat
/nas3/data/axeyum/corpus/smtlib-2024/non-incremental/non-incremental/QF_UFLRA/mathsat/RandomDecoupled/pb_real_30_75_45_46.smt2	unsat	3309	0	unsat	3208	0	B	unsat
/nas3/data/axeyum/corpus/smtlib-2024/non-incremental/non-incremental/QF_BV/sage/app7/bench_7286.smt2	unsat	104	0	unsat	104	0	A	unsat
/nas3/data/axeyum/corpus/smtlib-2024/non-incremental/non-incremental/QF_LIA/nec-smt/large/checkpass_pwd/prp-30-44.smt2	unknown	24528	0	unknown	24528	0	B	sat
/nas3/data/axeyum/corpus/smtlib-2024/non-incremental/non-incremental/QF_RDL/scheduling/orb06_1010.smt2	unknown	24024	0	unknown	24019	0	A	sat
/nas3/data/axeyum/corpus/smtlib-2024/non-incremental/non-incremental/QF_UFLIA/mathsat/Wisa/xs-15-11-5-2-2-2.smt2	sat	805	0	sat	805	0	B	sat
/nas3/data/axeyum/corpus/smtlib-2024/non-incremental/non-incremental/QF_ABV/egt/egt-5483.smt2	sat	104	0	sat	105	0	A	sat
/nas3/data/axeyum/corpus/smtlib-2024/non-incremental/non-incremental/QF_IDL/qlock/qlock-4-10-9.induction.cvc.smt2	sat	2107	0	sat	2206	0	B	sat
/nas3/data/axeyum/corpus/smtlib-2024/non-incremental/non-incremental/QF_NRA/meti-tarski/polypaver/bench-sqrt-3d/polypaver-bench-sqrt-3d-chunk-0213.smt2	sat	104	0	sat	105	0	A	sat
/nas3/data/axeyum/corpus/smtlib-2024/non-incremental/non-incremental/QF_UF/QG-classification/qg5/iso_icl1282.smt2	unsat	104	0	unsat	104	0	B	unsat
/nas3/data/axeyum/corpus/smtlib-2024/non-incremental/non-incremental/QF_FP/wintersteiger/rem/rem-has-solution-9901.smt2	sat	504	0	sat	505	0	A	sat
/nas3/data/axeyum/corpus/smtlib-2024/non-incremental/non-incremental/QF_NIA/20170427-VeryMax/SAT14/341.smt2	unknown	24228	0	unknown	24227	0	B	sat
/nas3/data/axeyum/corpus/smtlib-2024/non-incremental/non-incremental/QF_SLIA/20190311-str-small-rw-Noetzli/str-term-small-rw/str-term-small-rw_1038.smt2	unsat	1606	0	unsat	1606	0	A	unknown
/nas3/data/axeyum/corpus/smtlib-2024/non-incremental/non-incremental/UF/sledgehammer/NS_Shared/uf.573318.smt2	unknown	19922	0	unknown	20924	0	B	unknown
/nas3/data/axeyum/corpus/smtlib-2024/non-incremental/non-incremental/QF_DT/20172804-Barrett/barrett-jsat/typed/v3/typed_v3l60038.cvc.smt2	unsat	104	0	unsat	104	0	A	unsat
/nas3/data/axeyum/corpus/smtlib-2024/non-incremental/non-incremental/QF_LRA/miplib/fixnet-5000.smt2	unknown	24126	0	unknown	24127	0	B	sat
/nas3/data/axeyum/corpus/smtlib-2024/non-incremental/non-incremental/QF_S/20230329-automatark-lu/instance12627.smt2	unsat	104	0	unsat	104	0	A	unsat
/nas3/data/axeyum/corpus/smtlib-2024/non-incremental/non-incremental/QF_UFLRA/mathsat/RandomDecoupled/pb_real_30_75_45_70.smt2	unsat	3408	0	unsat	3207	0	B	unsat
/nas3/data/axeyum/corpus/smtlib-2024/non-incremental/non-incremental/QF_BV/sage/app7/bench_8114.smt2	unsat	8613	0	unsat	8714	0	A	unsat
/nas3/data/axeyum/corpus/smtlib-2024/non-incremental/non-incremental/QF_LIA/nec-smt/large/checkpass_pwd/prp-49-49.smt2	unknown	24728	0	unknown	24729	0	B	sat
/nas3/data/axeyum/corpus/smtlib-2024/non-incremental/non-incremental/QF_RDL/scheduling/orb07_250.smt2	unsat	104	0	unsat	104	0	A	unsat
/nas3/data/axeyum/corpus/smtlib-2024/non-incremental/non-incremental/QF_UFLIA/mathsat/Wisa/xs-16-09-4-2-1-5.smt2	sat	805	0	sat	704	0	B	sat
/nas3/data/axeyum/corpus/smtlib-2024/non-incremental/non-incremental/QF_ABV/egt/egt-5791.smt2	unsat	104	0	unsat	104	0	A	unsat
/nas3/data/axeyum/corpus/smtlib-2024/non-incremental/non-incremental/QF_IDL/queens_bench/n_queen/queen53-1.smt2	unknown	21121	0	unknown	21122	0	B	sat
/nas3/data/axeyum/corpus/smtlib-2024/non-incremental/non-incremental/QF_NRA/meti-tarski/polypaver/bench-sqrt-3d/polypaver-bench-sqrt-3d-chunk-0490.smt2	sat	104	0	sat	105	0	A	sat
/nas3/data/axeyum/corpus/smtlib-2024/non-incremental/non-incremental/QF_UF/QG-classification/qg5/iso_icl275.smt2	unsat	105	0	unsat	105	0	B	unsat
/nas3/data/axeyum/corpus/smtlib-2024/non-incremental/non-incremental/QF_FP/wintersteiger/sqrt/sqrt-has-no-other-solution-19908.smt2	unsat	105	0	unsat	105	0	A	unsat
/nas3/data/axeyum/corpus/smtlib-2024/non-incremental/non-incremental/QF_NIA/20170427-VeryMax/SAT14/803.smt2	unknown	16518	0	unknown	16418	0	B	sat
/nas3/data/axeyum/corpus/smtlib-2024/non-incremental/non-incremental/QF_SLIA/20230327-stringfuzz-lu/generated/regexbig/regex-big-00029-19.smt2	sat	105	0	sat	104	0	A	unknown
/nas3/data/axeyum/corpus/smtlib-2024/non-incremental/non-incremental/UF/sledgehammer/QEpres/uf.1001076.smt2	unsat	10513	0	unsat	11215	0	B	unsat
/nas3/data/axeyum/corpus/smtlib-2024/non-incremental/non-incremental/QF_DT/20172804-Barrett/barrett-jsat/typed/v3/typed_v3l80010.cvc.smt2	unsat	104	0	unsat	104	0	A	unsat
/nas3/data/axeyum/corpus/smtlib-2024/non-incremental/non-incremental/QF_LRA/miplib/vpm2-5.smt2	unknown	24126	0	unknown	24126	0	B	unsat
/nas3/data/axeyum/corpus/smtlib-2024/non-incremental/non-incremental/QF_S/20230329-automatark-lu/instance13003.smt2	sat	104	0	sat	104	0	A	sat
/nas3/data/axeyum/corpus/smtlib-2024/non-incremental/non-incremental/QF_UFLRA/mathsat/RandomDecoupled/pb_real_30_75_45_94.smt2	unsat	2507	0	unsat	2506	0	B	unsat
/nas3/data/axeyum/corpus/smtlib-2024/non-incremental/non-incremental/QF_BV/sage/app8/bench_1468.smt2	unsat	105	0	unsat	104	0	A	unsat
/nas3/data/axeyum/corpus/smtlib-2024/non-incremental/non-incremental/QF_LIA/nec-smt/large/getoption_group/prp-2-47.smt2	unknown	23126	0	unknown	22926	0	B	sat
/nas3/data/axeyum/corpus/smtlib-2024/non-incremental/non-incremental/QF_RDL/scheduling/orb07_550.smt2	sat	104	0	sat	105	0	A	sat
/nas3/data/axeyum/corpus/smtlib-2024/non-incremental/non-incremental/QF_UFLIA/mathsat/Wisa/xs-17-06-5-5-4-1.smt2	sat	1005	0	sat	1006	0	B	sat
/nas3/data/axeyum/corpus/smtlib-2024/non-incremental/non-incremental/QF_ABV/egt/egt-6099.smt2	sat	105	0	sat	104	0	A	sat
/nas3/data/axeyum/corpus/smtlib-2024/non-incremental/non-incremental/QF_IDL/queens_bench/n_queen/queen97-1.smt2	unknown	21422	0	unknown	21525	0	B	sat
/nas3/data/axeyum/corpus/smtlib-2024/non-incremental/non-incremental/QF_NRA/meti-tarski/sin/cos/sin-cos-346-b-chunk-0073.smt2	sat	104	0	sat	104	0	A	sat
/nas3/data/axeyum/corpus/smtlib-2024/non-incremental/non-incremental/QF_UF/QG-classification/qg5/iso_icl423.smt2	unsat	103	0	unsat	104	0	B	unsat
/nas3/data/axeyum/corpus/smtlib-2024/non-incremental/non-incremental/QF_FP/wintersteiger/sqrt/sqrt-has-solution-12368.smt2	sat	104	0	sat	104	0	A	sat
/nas3/data/axeyum/corpus/smtlib-2024/non-incremental/non-incremental/QF_NIA/20210219-Dartagnan/ReachSafety-Loops/ps2-ll_unwindbound50-O0.smt2	unknown	24626	0	unknown	24325	0	B	unknown
/nas3/data/axeyum/corpus/smtlib-2024/non-incremental/non-incremental/QF_SLIA/20230327-stringfuzz-lu/generated/regexpair/regex-pair-00026-10.smt2	sat	104	0	sat	104	0	A	unknown
/nas3/data/axeyum/corpus/smtlib-2024/non-incremental/non-incremental/UF/sledgehammer/QEpres/uf.595470.smt2	unknown	22023	0	unknown	22223	0	B	unknown
/nas3/data/axeyum/corpus/smtlib-2024/non-incremental/non-incremental/QF_DT/20172804-Barrett/barrett-jsat/typed/v3/typed_v3l90082.cvc.smt2	unsat	104	0	unsat	105	0	A	unsat
/nas3/data/axeyum/corpus/smtlib-2024/non-incremental/non-incremental/QF_LRA/sal/gasburner/gasburner-prop3-9.smt2	unsat	605	0	unsat	605	0	B	unsat
/nas3/data/axeyum/corpus/smtlib-2024/non-incremental/non-incremental/QF_S/20230329-automatark-lu/instance13379.smt2	unsat	104	0	unsat	104	0	A	unsat
/nas3/data/axeyum/corpus/smtlib-2024/non-incremental/non-incremental/QF_UFLRA/mathsat/RandomDecoupled/pb_real_40_80_60_18.smt2	sat	8112	0	sat	8111	0	B	sat
/nas3/data/axeyum/corpus/smtlib-2024/non-incremental/non-incremental/QF_BV/sage/app8/bench_2778.smt2	unsat	104	0	unsat	105	0	A	unsat
/nas3/data/axeyum/corpus/smtlib-2024/non-incremental/non-incremental/QF_LIA/nec-smt/large/getoption_group/prp-70-49.smt2	unknown	17020	0	unknown	16921	0	B	unsat
/nas3/data/axeyum/corpus/smtlib-2024/non-incremental/non-incremental/QF_RDL/scheduling/orb08_888.smt2	unsat	10913	0	unsat	11614	0	A	unsat
/nas3/data/axeyum/corpus/smtlib-2024/non-incremental/non-incremental/QF_UFLIA/mathsat/Wisa/xs-17-19-3-3-3-4.smt2	sat	1105	0	sat	1005	0	B	sat
/nas3/data/axeyum/corpus/smtlib-2024/non-incremental/non-incremental/QF_ABV/egt/egt-6405.smt2	unsat	104	0	unsat	104	0	A	unsat
/nas3/data/axeyum/corpus/smtlib-2024/non-incremental/non-incremental/QF_IDL/queens_bench/super_queen/super_queen50-1.smt2	unknown	21123	0	unknown	21121	0	B	sat
/nas3/data/axeyum/corpus/smtlib-2024/non-incremental/non-incremental/QF_NRA/meti-tarski/sin/cos/sin-cos-346-b-chunk-0353.smt2	unknown	4809	0	unknown	4709	0	A	sat
/nas3/data/axeyum/corpus/smtlib-2024/non-incremental/non-incremental/QF_UF/QG-classification/qg5/iso_icl571.smt2	unsat	104	0	unsat	105	0	B	unsat
/nas3/data/axeyum/corpus/smtlib-2024/non-incremental/non-incremental/QF_FP/wintersteiger/sqrt/sqrt-has-solution-4606.smt2	sat	105	0	sat	104	0	A	sat
/nas3/data/axeyum/corpus/smtlib-2024/non-incremental/non-incremental/QF_NIA/20220315-MathProblems/STC_0332.smt2	sat	4909	0	sat	4909	0	B	sat
/nas3/data/axeyum/corpus/smtlib-2024/non-incremental/non-incremental/QF_SLIA/20230327-stringfuzz-lu/generated/variants/e3b5115d.smt2	sat	905	0	sat	905	0	A	unknown
/nas3/data/axeyum/corpus/smtlib-2024/non-incremental/non-incremental/UF/sledgehammer/QEpres/uf.757404.smt2	sat	706	0	sat	606	0	B	sat
/nas3/data/axeyum/corpus/smtlib-2024/non-incremental/non-incremental/QF_DT/20172804-Barrett/barrett-jsat/typed/v5/typed_v5l30054.cvc.smt2	sat	105	0	sat	105	0	A	sat
/nas3/data/axeyum/corpus/smtlib-2024/non-incremental/non-incremental/QF_LRA/sal/tgc/tgc_io-safe-13.smt2	unknown	4408	0	unknown	4409	0	B	unsat
/nas3/data/axeyum/corpus/smtlib-2024/non-incremental/non-incremental/QF_S/20230329-automatark-lu/instance13755.smt2	unsat	104	0	unsat	105	0	A	unsat
/nas3/data/axeyum/corpus/smtlib-2024/non-incremental/non-incremental/QF_UFLRA/mathsat/RandomDecoupled/pb_real_40_80_60_42.smt2	sat	5109	0	sat	5309	0	B	sat
/nas3/data/axeyum/corpus/smtlib-2024/non-incremental/non-incremental/QF_BV/sage/app8/bench_3708.smt2	unsat	104	0	unsat	105	0	A	unsat
/nas3/data/axeyum/corpus/smtlib-2024/non-incremental/non-incremental/QF_LIA/nec-smt/large/getoption_user/prp-50-49.smt2	unknown	24927	0	unknown	25027	0	B	unsat
/nas3/data/axeyum/corpus/smtlib-2024/non-incremental/non-incremental/QF_RDL/scheduling/orb09_800.smt2	unsat	104	0	unsat	104	0	A	unsat
/nas3/data/axeyum/corpus/smtlib-2024/non-incremental/non-incremental/QF_UFLIA/mathsat/Wisa/xs-18-15-4-1-3-1.smt2	sat	1005	0	sat	905	0	B	sat
/nas3/data/axeyum/corpus/smtlib-2024/non-incremental/non-incremental/QF_ABV/egt/egt-6729.smt2	unsat	104	0	unsat	104	0	A	unsat
/nas3/data/axeyum/corpus/smtlib-2024/non-incremental/non-incremental/QF_IDL/queens_bench/super_queen/super_queen94-1.smt2	unknown	21424	0	unknown	21421	0	B	sat
/nas3/data/axeyum/corpus/smtlib-2024/non-incremental/non-incremental/QF_NRA/meti-tarski/sin/cos/sin-cos-346-b-chunk-0612.smt2	sat	104	0	sat	104	0	A	sat
/nas3/data/axeyum/corpus/smtlib-2024/non-incremental/non-incremental/QF_UF/QG-classification/qg5/iso_icl719.smt2	unsat	105	0	unsat	105	0	B	unsat
/nas3/data/axeyum/corpus/smtlib-2024/non-incremental/non-incremental/QF_FP/wintersteiger/sub/sub-has-no-other-solution-14824.smt2	unsat	104	0	unsat	105	0	A	unsat
/nas3/data/axeyum/corpus/smtlib-2024/non-incremental/non-incremental/QF_NIA/20220315-MathProblems/STC_0840.smt2	sat	7612	0	sat	7411	0	B	sat
/nas3/data/axeyum/corpus/smtlib-2024/non-incremental/non-incremental/QF_SLIA/20230327-stringfuzz-lu/transformed/z3str2/regex-007-unsat-rotate-fuzz-translate.smt2	unsat	105	0	unsat	104	0	A	unknown
/nas3/data/axeyum/corpus/smtlib-2024/non-incremental/non-incremental/UF/sledgehammer/QEpres/uf.883950.smt2	unknown	25228	0	unknown	24127	0	B	unknown
/nas3/data/axeyum/corpus/smtlib-2024/non-incremental/non-incremental/QF_DT/20172804-Barrett/barrett-jsat/typed/v5/typed_v5l50026.cvc.smt2	sat	105	0	sat	104	0	A	sat
/nas3/data/axeyum/corpus/smtlib-2024/non-incremental/non-incremental/QF_LRA/sal/windowreal/windowreal-no_t_deadlock-6.smt2	unsat	105	0	unsat	105	0	B	unsat
/nas3/data/axeyum/corpus/smtlib-2024/non-incremental/non-incremental/QF_S/20230329-automatark-lu/instance14131.smt2	sat	104	0	sat	105	0	A	sat
/nas3/data/axeyum/corpus/smtlib-2024/non-incremental/non-incremental/QF_UFLRA/mathsat/RandomDecoupled/pb_real_40_80_60_66.smt2	sat	4908	0	sat	4910	0	B	sat
/nas3/data/axeyum/corpus/smtlib-2024/non-incremental/non-incremental/QF_BV/sage/app9/bench_1148.smt2	unsat	104	0	unsat	104	0	A	unsat
/nas3/data/axeyum/corpus/smtlib-2024/non-incremental/non-incremental/QF_LIA/nec-smt/large/int_from_list/prp-52-50.smt2	unknown	24224	0	unknown	24327	0	B	unsat
/nas3/data/axeyum/corpus/smtlib-2024/non-incremental/non-incremental/QF_RDL/scheduling/orb10_1100.smt2	sat	204	0	sat	204	0	A	sat
/nas3/data/axeyum/corpus/smtlib-2024/non-incremental/non-incremental/QF_UFLIA/mathsat/Wisa/xs-19-12-4-2-4-5.smt2	sat	1205	0	sat	1104	0	B	sat
/nas3/data/axeyum/corpus/smtlib-2024/non-incremental/non-incremental/QF_ABV/egt/egt-7037.smt2	sat	104	0	sat	106	0	A	sat
/nas3/data/axeyum/corpus/smtlib-2024/non-incremental/non-incremental/QF_IDL/queens_bench/toroidal_bench/toroidal_queen48-1.smt2	unknown	21225	0	unknown	21222	0	B	unsat
/nas3/data/axeyum/corpus/smtlib-2024/non-incremental/non-incremental/QF_NRA/meti-tarski/sin/problem/7/sin-problem-7-chunk-0278.smt2	unsat	105	0	unsat	104	0	A	unsat
/nas3/data/axeyum/corpus/smtlib-2024/non-incremental/non-incremental/QF_UF/QG-classification/qg5/iso_icl867.smt2	unsat	105	0	unsat	104	0	B	unsat
/nas3/data/axeyum/corpus/smtlib-2024/non-incremental/non-incremental/QF_FP/wintersteiger/sub/sub-has-no-other-solution-7301.smt2	unsat	104	0	unsat	105	0	A	unsat
/nas3/data/axeyum/corpus/smtlib-2024/non-incremental/non-incremental/QF_NIA/AProVE/aproveSMT1669457300444119286.smt2	sat	9312	0	sat	9313	0	B	sat
/nas3/data/axeyum/corpus/smtlib-2024/non-incremental/non-incremental/QF_SLIA/20230327-stringfuzz-lu/transformed/z3str2/regex-016-translate-fuzz-graft.smt2	unsat	204	0	unsat	204	0	A	unknown
/nas3/data/axeyum/corpus/smtlib-2024/non-incremental/non-incremental/UF/sledgehammer/StrongNorm/uf.599383.smt2	unknown	9613	0	unknown	9713	0	B	unknown
/nas3/data/axeyum/corpus/smtlib-2024/non-incremental/non-incremental/QF_DT/20172804-Barrett/barrett-jsat/typed/v5/typed_v5l60098.cvc.smt2	unsat	104	0	unsat	104	0	A	unsat
/nas3/data/axeyum/corpus/smtlib-2024/non-incremental/non-incremental/QF_LRA/sc/sc-15.base.cvc.smt2	unknown	24127	0	unknown	24124	0	B	unsat
/nas3/data/axeyum/corpus/smtlib-2024/non-incremental/non-incremental/QF_S/20230329-automatark-lu/instance14507.smt2	unsat	105	0	unsat	105	0	A	unknown
/nas3/data/axeyum/corpus/smtlib-2024/non-incremental/non-incremental/QF_UFLRA/mathsat/RandomDecoupled/pb_real_40_80_60_90.smt2	sat	4709	0	sat	4708	0	B	sat
/nas3/data/axeyum/corpus/smtlib-2024/non-incremental/non-incremental/QF_BV/sage/app9/bench_1977.smt2	unsat	105	0	unsat	104	0	A	unsat
/nas3/data/axeyum/corpus/smtlib-2024/non-incremental/non-incremental/QF_LIA/nec-smt/med/checkpass_pwd/prp-18-31.smt2	unknown	20824	0	unknown	20823	0	B	sat
/nas3/data/axeyum/corpus/smtlib-2024/non-incremental/non-incremental/QF_RDL/scheduling/swv11_2900.smt2	unknown	24627	0	unknown	24225	0	A	unknown
/nas3/data/axeyum/corpus/smtlib-2024/non-incremental/non-incremental/QF_UFLIA/mathsat/Wisa/xs-20-09-1-5-4-2.smt2	sat	1206	0	sat	1106	0	B	sat
/nas3/data/axeyum/corpus/smtlib-2024/non-incremental/non-incremental/QF_ABV/egt/egt-7339.smt2	unsat	105	0	unsat	104	0	A	unsat
/nas3/data/axeyum/corpus/smtlib-2024/non-incremental/non-incremental/QF_IDL/queens_bench/toroidal_bench/toroidal_queen91-1.smt2	unknown	21721	0	unknown	21724	0	B	sat
/nas3/data/axeyum/corpus/smtlib-2024/non-incremental/non-incremental/QF_NRA/meti-tarski/sin/problem/7/weak2/sin-problem-7-weak2-chunk-0129.smt2	unknown	3106	0	unknown	3006	0	A	unsat
/nas3/data/axeyum/corpus/smtlib-2024/non-incremental/non-incremental/QF_UF/QG-classification/qg6/gensys_brn012.smt2	sat	104	0	sat	104	0	B	sat
/nas3/data/axeyum/corpus/smtlib-2024/non-incremental/non-incremental/QF_FP/wintersteiger/sub/sub-has-solution-17386.smt2	sat	103	0	sat	104	0	A	sat
/nas3/data/axeyum/corpus/smtlib-2024/non-incremental/non-incremental/QF_NIA/AProVE/aproveSMT3326416242224032552.smt2	sat	104	0	sat	103	0	B	sat
/nas3/data/axeyum/corpus/smtlib-2024/non-incremental/non-incremental/QF_SLIA/20230327-stringfuzz-lu/transformed/z3str2/regex-025-reverse-rotate-fuzz.smt2	unsat	103	0	unsat	104	0	A	unknown
/nas3/data/axeyum/corpus/smtlib-2024/non-incremental/non-incremental/UF/sledgehammer/StrongNorm/uf.788605.smt2	unsat	12816	0	unsat	12215	0	B	unsat
/nas3/data/axeyum/corpus/smtlib-2024/non-incremental/non-incremental/QF_DT/20172804-Barrett/barrett-jsat/typed/v5/typed_v5l80070.cvc.smt2	sat	104	0	sat	104	0	A	sat
/nas3/data/axeyum/corpus/smtlib-2024/non-incremental/non-incremental/QF_LRA/sc/sc-23.base.cvc.smt2	unknown	24125	0	unknown	24126	0	B	unsat
/nas3/data/axeyum/corpus/smtlib-2024/non-incremental/non-incremental/QF_S/20230329-automatark-lu/instance14883.smt2	sat	104	0	sat	104	0	A	sat
/nas3/data/axeyum/corpus/smtlib-2024/non-incremental/non-incremental/QF_UFLRA/mathsat/RandomDecoupled/pb_real_50_100_30_14.smt2	sat	9812	0	sat	9612	0	B	sat
/nas3/data/axeyum/corpus/smtlib-2024/non-incremental/non-incremental/QF_BV/sage/app9/bench_2804.smt2	unsat	104	0	unsat	104	0	A	unsat
/nas3/data/axeyum/corpus/smtlib-2024/non-incremental/non-incremental/QF_LIA/nec-smt/med/int_from_list/prp-36-31.smt2	unknown	16216	0	unknown	16219	0	B	unsat
/nas3/data/axeyum/corpus/smtlib-2024/non-incremental/non-incremental/QF_RDL/scheduling/swv11_3050.smt2	unknown	24126	0	unknown	24126	0	A	unknown
/nas3/data/axeyum/corpus/smtlib-2024/non-incremental/non-incremental/QF_UFLIA/wisas/xs_10_15.smt2	sat	1305	0	sat	1306	0	B	sat
/nas3/data/axeyum/corpus/smtlib-2024/non-incremental/non-incremental/QF_ABV/egt/egt-7644.smt2	sat	104	0	sat	104	0	A	sat
/nas3/data/axeyum/corpus/smtlib-2024/non-incremental/non-incremental/QF_IDL/sal/lpsat/lpsat-goal-18.smt2	unsat	4507	0	unsat	4608	0	B	unsat
/nas3/data/axeyum/corpus/smtlib-2024/non-incremental/non-incremental/QF_NRA/meti-tarski/sqrt/1mcosq/8/sqrt-1mcosq-8-chunk-0014.smt2	unsat	103	0	unsat	103	0	A	unsat
/nas3/data/axeyum/corpus/smtlib-2024/non-incremental/non-incremental/QF_UF/QG-classification/qg6/iso_brn_sk015.smt2	unsat	104	0	unsat	104	0	B	unsat
/nas3/data/axeyum/corpus/smtlib-2024/non-incremental/non-incremental/QF_FP/wintersteiger/toIntegral/toIntegral-has-no-other-solution-1024.smt2	unsat	105	0	unsat	104	0	A	unsat
/nas3/data/axeyum/corpus/smtlib-2024/non-incremental/non-incremental/QF_NIA/AProVE/aproveSMT5048239408100334127.smt2	unknown	24126	0	unknown	24124	0	B	unsat
/nas3/data/axeyum/corpus/smtlib-2024/non-incremental/non-incremental/QF_SLIA/20230327-stringfuzz-lu/transformed/z3str2/regex-042-reverse-multiply-fuzz.smt2	unsat	105	0	unsat	104	0	A	unknown
/nas3/data/axeyum/corpus/smtlib-2024/non-incremental/non-incremental/UF/sledgehammer/TwoSquares/uf.651233.smt2	unsat	1905	0	unsat	1906	0	B	unsat
/nas3/data/axeyum/corpus/smtlib-2024/non-incremental/non-incremental/QF_DT/20210312-Bouvier/vlsat3_b41.smt2	unsat	9613	0	unsat	9713	0	A	unsat
/nas3/data/axeyum/corpus/smtlib-2024/non-incremental/non-incremental/QF_LRA/sc/sc-31.base.cvc.smt2	unknown	24026	0	unknown	24126	0	B	unsat
/nas3/data/axeyum/corpus/smtlib-2024/non-incremental/non-incremental/QF_S/20230329-automatark-lu/instance15259.smt2	sat	104	0	sat	104	0	A	sat
/nas3/data/axeyum/corpus/smtlib-2024/non-incremental/non-incremental/QF_UFLRA/mathsat/RandomDecoupled/pb_real_50_100_30_38.smt2	sat	6710	0	sat	6710	0	B	sat
/nas3/data/axeyum/corpus/smtlib-2024/non-incremental/non-incremental/QF_BV/sage/app9/bench_661.smt2	unsat	104	0	unsat	104	0	A	unsat
/nas3/data/axeyum/corpus/smtlib-2024/non-incremental/non-incremental/QF_LIA/rings/ring_2exp12_6vars_4ite_unsat.smt2	unknown	24025	0	unknown	24023	0	B	unsat
/nas3/data/axeyum/corpus/smtlib-2024/non-incremental/non-incremental/QF_RDL/scheduling/swv12_3004.smt2	unknown	24126	0	unknown	24427	0	A	unknown
/nas3/data/axeyum/corpus/smtlib-2024/non-incremental/non-incremental/QF_UFLIA/wisas/xs_14_19.smt2	sat	1305	0	sat	1305	0	B	sat
/nas3/data/axeyum/corpus/smtlib-2024/non-incremental/non-incremental/QF_ABV/klee-selected-smt2/cu-large-qids/_lbracket-query-052.smt2	sat	2607	0	sat	2507	0	A	sat
/nas3/data/axeyum/corpus/smtlib-2024/non-incremental/non-incremental/QF_IDL/schedulingIDL/j7_per10_0_mkspan1013.smt2	sat	3507	0	sat	3707	0	B	sat
/nas3/data/axeyum/corpus/smtlib-2024/non-incremental/non-incremental/QF_NRA/meti-tarski/sqrt/1mcosq/8/sqrt-1mcosq-8-chunk-0291.smt2	unknown	1705	0	unknown	1706	0	A	unsat
/nas3/data/axeyum/corpus/smtlib-2024/non-incremental/non-incremental/QF_UF/QG-classification/qg7/gensys_brn_sk015.smt2	sat	305	0	sat	304	0	B	sat
/nas3/data/axeyum/corpus/smtlib-2024/non-incremental/non-incremental/QF_FP/wintersteiger/toIntegral/toIntegral-has-no-other-solution-454.smt2	unsat	104	0	unsat	104	0	A	unsat
/nas3/data/axeyum/corpus/smtlib-2024/non-incremental/non-incremental/QF_NIA/AProVE/aproveSMT6902839063897808376.smt2	sat	10911	0	sat	10814	0	B	sat
/nas3/data/axeyum/corpus/smtlib-2024/non-incremental/non-incremental/QF_SLIA/20230329-denghang/instance56659.smt2	unsat	604	0	unsat	605	0	A	unknown
/nas3/data/axeyum/corpus/smtlib-2024/non-incremental/non-incremental/UF/sledgehammer/TwoSquares/uf.752244.smt2	sat	204	0	sat	204	0	B	unknown
/nas3/data/axeyum/corpus/smtlib-2024/non-incremental/non-incremental/QF_DT/20230720-blocksworld/blocksworld_from_0_18_1_to_17_2_0_negated_goal_bmc_5.smt2	unknown	105	0	unknown	103	0	A	unsat
/nas3/data/axeyum/corpus/smtlib-2024/non-incremental/non-incremental/QF_LRA/sc/sc-39.base.cvc.smt2	unknown	24023	0	unknown	24025	0	B	unsat
/nas3/data/axeyum/corpus/smtlib-2024/non-incremental/non-incremental/QF_S/20230329-automatark-lu/instance15635.smt2	unsat	105	0	unsat	104	0	A	unsat
/nas3/data/axeyum/corpus/smtlib-2024/non-incremental/non-incremental/QF_UFLRA/mathsat/RandomDecoupled/pb_real_50_100_30_62.smt2	sat	11214	0	sat	11114	0	B	sat
/nas3/data/axeyum/corpus/smtlib-2024/non-incremental/non-incremental/QF_BV/spear/samba_v3.0.24/bin_eventlogadm_vc352379.smt2	sat	5009	0	sat	2207	0	A	sat
/nas3/data/axeyum/corpus/smtlib-2024/non-incremental/non-incremental/QF_LIA/rings_preprocessed/ring_2exp10_8vars_3ite_unsat.smt2	unknown	24225	0	unknown	24125	0	B	unsat
/nas3/data/axeyum/corpus/smtlib-2024/non-incremental/non-incremental/QF_RDL/scheduling/swv13_3150.smt2	unknown	24125	0	unknown	24227	0	A	unknown
/nas3/data/axeyum/corpus/smtlib-2024/non-incremental/non-incremental/QF_UFLIA/wisas/xs_18_28.smt2	sat	4709	0	sat	4409	0	B	sat
/nas3/data/axeyum/corpus/smtlib-2024/non-incremental/non-incremental/QF_ABV/klee-selected-smt2/cu-no-caches/_csplit-query-000263.smt2	unknown	24126	0	unknown	24026	0	A	unsat
/nas3/data/axeyum/corpus/smtlib-2024/non-incremental/non-incremental/QF_IDL/schedulingIDL/j8_per10_1_mkspan1036.smt2	sat	12916	0	sat	13516	0	B	sat
/nas3/data/axeyum/corpus/smtlib-2024/non-incremental/non-incremental/QF_NRA/meti-tarski/sqrt/1mcosq/8/sqrt-1mcosq-8-chunk-0562.smt2	sat	105	0	sat	104	0	A	sat
/nas3/data/axeyum/corpus/smtlib-2024/non-incremental/non-incremental/QF_UF/QG-classification/qg7/iso_brn_repgen004.smt2	sat	205	0	sat	204	0	B	sat
/nas3/data/axeyum/corpus/smtlib-2024/non-incremental/non-incremental/QF_FP/wintersteiger/toIntegral/toIntegral-has-solution-1190.smt2	sat	105	0	sat	105	0	A	sat
/nas3/data/axeyum/corpus/smtlib-2024/non-incremental/non-incremental/QF_NIA/AProVE/aproveSMT8801446599485295192.smt2	sat	2907	0	sat	2906	0	B	sat
/nas3/data/axeyum/corpus/smtlib-2024/non-incremental/non-incremental/QF_SLIA/20240411-redos_attack_detection/sat/177_attack.smt2	sat	105	0	sat	104	0	A	sat
/nas3/data/axeyum/corpus/smtlib-2024/non-incremental/non-incremental/UF/sledgehammer/TypeSafe/smtlib.1262852.smt2	sat	4007	0	sat	4007	0	B	sat
/nas3/data/axeyum/corpus/smtlib-2024/non-incremental/non-incremental/QF_DT/20230720-blocksworld/blocksworld_from_1_14_5_to_17_3_0_negated_goal_bmc_21.smt2	unknown	205	0	unknown	204	0	A	unsat
/nas3/data/axeyum/corpus/smtlib-2024/non-incremental/non-incremental/QF_LRA/spider_benchmarks/frame_prop.base.smt2	unsat	1105	0	unsat	1105	0	B	unsat
/nas3/data/axeyum/corpus/smtlib-2024/non-incremental/non-incremental/QF_S/20230329-woorpje-lu/track01/01_track_113.smt2	sat	2206	0	sat	2206	0	A	sat
/nas3/data/axeyum/corpus/smtlib-2024/non-incremental/non-incremental/QF_UFLRA/mathsat/RandomDecoupled/pb_real_50_100_30_86.smt2	sat	7209	0	sat	7111	0	B	sat
/nas3/data/axeyum/corpus/smtlib-2024/non-incremental/non-incremental/QF_BV/spear/samba_v3.0.24/bin_libsmbsharemodes_vc6315.smt2	sat	1306	0	sat	1005	0	A	sat
/nas3/data/axeyum/corpus/smtlib-2024/non-incremental/non-incremental/QF_LIA/rings_preprocessed/ring_2exp8_9vars_7ite_unsat.smt2	unknown	24124	0	unknown	24124	0	B	unsat
/nas3/data/axeyum/corpus/smtlib-2024/non-incremental/non-incremental/QF_RDL/scheduling/swv14_2895.smt2	unknown	24325	0	unknown	24127	0	A	unknown
/nas3/data/axeyum/corpus/smtlib-2024/non-incremental/non-incremental/QF_UFLIA/wisas/xs_22_32.smt2	sat	8912	0	sat	7410	0	B	sat
/nas3/data/axeyum/corpus/smtlib-2024/non-incremental/non-incremental/QF_ABV/platania/copy_array/copy_array11.c.smt2	sat	3907	0	sat	1005	0	A	sat
/nas3/data/axeyum/corpus/smtlib-2024/non-incremental/non-incremental/QF_IDL/schedulingIDL/tai_15x15_1_mkspan1140.smt2	unknown	25026	0	unknown	25024	0	B	sat
/nas3/data/axeyum/corpus/smtlib-2024/non-incremental/non-incremental/QF_NRA/meti-tarski/sqrt/problem/12vars3/sqrt-problem-12vars3-chunk-0089.smt2	unknown	9013	0	unknown	9213	0	A	unsat
/nas3/data/axeyum/corpus/smtlib-2024/non-incremental/non-incremental/QF_UF/QG-classification/qg7/iso_brn_sk043.smt2	unsat	204	0	unsat	205	0	B	unsat
/nas3/data/axeyum/corpus/smtlib-2024/non-incremental/non-incremental/QF_FP/wintersteiger/toIntegral/toIntegral-has-solution-620.smt2	sat	105	0	sat	104	0	A	sat
/nas3/data/axeyum/corpus/smtlib-2024/non-incremental/non-incremental/QF_NIA/leipzig/term-MRIndM.smt2	sat	8110	0	sat	8111	0	B	sat
/nas3/data/axeyum/corpus/smtlib-2024/non-incremental/non-incremental/QF_SLIA/20240411-redos_attack_detection/sat/805_attack.smt2	sat	304	0	sat	304	0	A	sat
/nas3/data/axeyum/corpus/smtlib-2024/non-incremental/non-incremental/UF/sledgehammer/TypeSafe/smtlib.765771.smt2	unknown	10213	0	unknown	10313	0	B	unknown
/nas3/data/axeyum/corpus/smtlib-2024/non-incremental/non-incremental/QF_DT/20230720-blocksworld/blocksworld_from_5_10_6_to_18_1_2_negated_goal_bmc_39.smt2	unknown	204	0	unknown	204	0	A	unknown
/nas3/data/axeyum/corpus/smtlib-2024/non-incremental/non-incremental/QF_LRA/spider_benchmarks/reint_to_least.base.smt2	unsat	103	0	unsat	104	0	B	unsat
/nas3/data/axeyum/corpus/smtlib-2024/non-incremental/non-incremental/QF_S/20230329-woorpje-lu/track03/03_track_84.smt2	sat	5809	0	sat	5809	0	A	unknown
/nas3/data/axeyum/corpus/smtlib-2024/non-incremental/non-incremental/QF_UFLRA/mathsat/RandomDecoupled/pb_real_50_150_30_10.smt2	unsat	11114	0	unsat	11313	0	B	unsat
