file	A	A_ms	A_rc	B	B_ms	B_rc	first	status
/nas3/data/axeyum/corpus/smtlib-2024/non-incremental/non-incremental/QF_DT/20172804-Barrett/barrett-jsat/tests/v1/v1l20001.cvc.smt2	sat	105	0	sat	104	0	A	sat
/nas3/data/axeyum/corpus/smtlib-2024/non-incremental/non-incremental/QF_LRA/2017-Heizmann-UltimateInvariantSynthesis/_array1.i_3_2_2.bpl_11.smt2	unknown	24028	0	unknown	24029	0	B	unsat
/nas3/data/axeyum/corpus/smtlib-2024/non-incremental/non-incremental/QF_S/2019-Jiang/slog/slog_stranger_1001_sink.smt2	unsat	105	0	unsat	105	0	A	unknown
/nas3/data/axeyum/corpus/smtlib-2024/non-incremental/non-incremental/QF_UFLRA/FFT/smtlib.620524.smt2	unknown	105	0	unknown	105	0	B	sat
/nas3/data/axeyum/corpus/smtlib-2024/non-incremental/non-incremental/QF_BV/20190311-bv-term-small-rw-Noetzli/bv-term-small-rw_1128.smt2	unsat	205	0	unsat	206	0	A	unsat
/nas3/data/axeyum/corpus/smtlib-2024/non-incremental/non-incremental/QF_LIA/20180326-Bromberger/more_slacked/CAV_2009_benchmarks/smt/10-vars/v10_problem_2__016.smt2.slack.smt2	unsat	106	0	unsat	104	0	B	unsat
/nas3/data/axeyum/corpus/smtlib-2024/non-incremental/non-incremental/QF_RDL/SMT-Temporal-Planning-Benchmarks/cooking02.smt2	sat	105	0	sat	106	0	A	sat
/nas3/data/axeyum/corpus/smtlib-2024/non-incremental/non-incremental/QF_UFLIA/20230314-Jaroslav-Bendik-Certora/17512_5c1021b0faa6b6e1791b_20_QF_UFLIA.smt2	unknown	205	0	unknown	205	0	B	unknown
/nas3/data/axeyum/corpus/smtlib-2024/non-incremental/non-incremental/QF_ABV/bench_ab/b165test0007.smt2	sat	104	0	sat	105	0	A	sat
/nas3/data/axeyum/corpus/smtlib-2024/non-incremental/non-incremental/QF_IDL/20210312-Bouvier/vlsat3_c24.smt2	unknown	25029	0	unknown	25029	0	B	unsat
/nas3/data/axeyum/corpus/smtlib-2024/non-incremental/non-incremental/QF_NRA/20161105-Sturm-MBO/mbo_E17E24.smt2	unknown	25230	0	unknown	25230	0	A	sat
/nas3/data/axeyum/corpus/smtlib-2024/non-incremental/non-incremental/QF_UF/2018-Goel-hwbench/QF_UF_at.4.prop1_ab_cti_max.smt2	sat	506	0	sat	506	0	B	sat
/nas3/data/axeyum/corpus/smtlib-2024/non-incremental/non-incremental/QF_FP/wintersteiger/abs/abs-has-no-other-solution-12487.smt2	unsat	105	0	unsat	106	0	A	unsat
/nas3/data/axeyum/corpus/smtlib-2024/non-incremental/non-incremental/QF_NIA/20170427-VeryMax/CInteger/Stroeder_15__ChenFlurMukhopadhyay-SAS2012-Ex3.06_false-termination.c__p22014_terminationG_0.smt2	unknown	24230	0	unknown	24130	0	B	unknown
/nas3/data/axeyum/corpus/smtlib-2024/non-incremental/non-incremental/QF_SLIA/2018-Kepler/quad-243-4-3-sat.smt2	sat	105	0	sat	105	0	A	unknown
/nas3/data/axeyum/corpus/smtlib-2024/non-incremental/non-incremental/UF/20170428-Barrett/cdt-cade2015/nada/afp/bindag/x2015_09_10_16_53_11_421_1041162.smt_in.smt2	unsat	2008	0	unsat	2007	0	B	unsat
/nas3/data/axeyum/corpus/smtlib-2024/non-incremental/non-incremental/QF_DT/20172804-Barrett/barrett-jsat/tests/v1/v1l30073.cvc.smt2	sat	105	0	sat	105	0	A	sat
/nas3/data/axeyum/corpus/smtlib-2024/non-incremental/non-incremental/QF_LRA/2017-Heizmann-UltimateInvariantSynthesis/_standard_copy3_ground.i_3_2_2.bpl_7.smt2	unknown	24032	0	unknown	24029	0	B	unsat
/nas3/data/axeyum/corpus/smtlib-2024/non-incremental/non-incremental/QF_S/2019-Jiang/slog/slog_stranger_1727_sink.smt2	unsat	105	0	unsat	106	0	A	unknown
/nas3/data/axeyum/corpus/smtlib-2024/non-incremental/non-incremental/QF_UFLRA/cpachecker-bmc-svcomp14/cpachecker-bmc.while_infinite_loop_4_false-unreach-call_true-termination.i.smt2	sat	106	0	sat	106	0	B	sat
/nas3/data/axeyum/corpus/smtlib-2024/non-incremental/non-incremental/QF_BV/20190311-bv-term-small-rw-Noetzli/bv-term-small-rw_539.smt2	unsat	106	0	unsat	105	0	A	unsat
/nas3/data/axeyum/corpus/smtlib-2024/non-incremental/non-incremental/QF_LIA/20180326-Bromberger/more_slacked/CAV_2009_benchmarks/smt/30-vars/v30_problem_2__023.smt2.slack.smt2	unknown	24230	0	unknown	24230	0	B	sat
/nas3/data/axeyum/corpus/smtlib-2024/non-incremental/non-incremental/QF_RDL/SMT-Temporal-Planning-Benchmarks/cooking06.smt2	sat	205	0	sat	205	0	A	sat
/nas3/data/axeyum/corpus/smtlib-2024/non-incremental/non-incremental/QF_UFLIA/20230314-Jaroslav-Bendik-Certora/3106_1c933134166dbad31f79_41_QF_UFLIA.smt2	unknown	205	0	unknown	205	0	B	unknown
/nas3/data/axeyum/corpus/smtlib-2024/non-incremental/non-incremental/QF_ABV/brummayerbiere/wchains010se.smt2	sat	205	0	sat	206	0	A	sat
/nas3/data/axeyum/corpus/smtlib-2024/non-incremental/non-incremental/QF_IDL/20210312-Bouvier/vlsat3_c72.smt2	unknown	16920	0	unknown	17723	0	B	unsat
/nas3/data/axeyum/corpus/smtlib-2024/non-incremental/non-incremental/QF_NRA/20161105-Sturm-MBO/mbo_E7E27.smt2	unsat	105	0	unsat	105	0	A	unsat
/nas3/data/axeyum/corpus/smtlib-2024/non-incremental/non-incremental/QF_UF/2018-Goel-hwbench/QF_UF_dyn_partition_ab_reg_max.smt2	sat	104	0	sat	105	0	B	sat
/nas3/data/axeyum/corpus/smtlib-2024/non-incremental/non-incremental/QF_FP/wintersteiger/abs/abs-has-no-other-solution-5103.smt2	unsat	105	0	unsat	106	0	A	unsat
/nas3/data/axeyum/corpus/smtlib-2024/non-incremental/non-incremental/QF_NIA/20170427-VeryMax/CInteger/Stroeder_15__LeikeHeizmann-WST2014-Ex5_false-termination.c__p24052_edge_closing_0.smt2	sat	9810	0	sat	9815	0	B	sat
/nas3/data/axeyum/corpus/smtlib-2024/non-incremental/non-incremental/QF_SLIA/20180523-Reynolds/kaluza/sat/small/11458.corecstrs.readable.smt2	sat	106	0	sat	105	0	A	unknown
/nas3/data/axeyum/corpus/smtlib-2024/non-incremental/non-incremental/UF/20170428-Barrett/cdt-cade2015/nada/afp/coinductive_list/x2015_09_10_16_54_53_962_1372467.smt_in.smt2	unknown	7413	0	unknown	7313	0	B	unknown
/nas3/data/axeyum/corpus/smtlib-2024/non-incremental/non-incremental/QF_DT/20172804-Barrett/barrett-jsat/tests/v1/v1l50045.cvc.smt2	sat	105	0	sat	106	0	A	sat
/nas3/data/axeyum/corpus/smtlib-2024/non-incremental/non-incremental/QF_LRA/2019-ezsmt/Labyrinth/SCC_Strong/0051-labyrinth-12-0.smt2	unknown	25132	0	unknown	25132	0	B	unknown
/nas3/data/axeyum/corpus/smtlib-2024/non-incremental/non-incremental/QF_S/2019-Jiang/slog/slog_stranger_2409_sink.smt2	unsat	106	0	unsat	105	0	A	unknown
/nas3/data/axeyum/corpus/smtlib-2024/non-incremental/non-incremental/QF_UFLRA/cpachecker-induction-svcomp14/cpachecker-induction.32_1_cilled_true-unreach-call_ok_nondet_linux-3.4-32_1-drivers--media--dvb--dvb-usb--dvb-usb-nova-t-usb2.ko-ldv_main0_sequence_infinite_withcheck_stateful.cil.out.c.smt2	unknown	21329	0	unknown	20929	0	B	sat
/nas3/data/axeyum/corpus/smtlib-2024/non-incremental/non-incremental/QF_BV/20210219-Sydr/symbolic_memory/bst/yices/predicate_851.smt2	unknown	24231	0	unknown	24231	0	A	unknown
/nas3/data/axeyum/corpus/smtlib-2024/non-incremental/non-incremental/QF_LIA/20180326-Bromberger/more_slacked/cut_lemmas/10-vars/cut_lemma_02_010.smt2.slack.smt2	unsat	105	0	unsat	105	0	B	unsat
/nas3/data/axeyum/corpus/smtlib-2024/non-incremental/non-incremental/QF_RDL/SMT-Temporal-Planning-Benchmarks/cooking10.smt2	sat	406	0	sat	406	0	A	sat
/nas3/data/axeyum/corpus/smtlib-2024/non-incremental/non-incremental/QF_UFLIA/20230314-Jaroslav-Bendik-Certora/41958_32933c5a1384696720a2_61_QF_UFLIA.smt2	unknown	105	0	unknown	106	0	B	unknown
/nas3/data/axeyum/corpus/smtlib-2024/non-incremental/non-incremental/QF_ABV/dwp_formulas/try3_noof_functions_dwp_md5sum.set_char_quoting.il.dwp.smt2	sat	17323	0	sat	5712	0	A	sat
/nas3/data/axeyum/corpus/smtlib-2024/non-incremental/non-incremental/QF_IDL/20210312-Bouvier/vlsat3_i20.smt2	unknown	23429	0	unknown	25233	0	B	sat
/nas3/data/axeyum/corpus/smtlib-2024/non-incremental/non-incremental/QF_NRA/20180501-Economics-Mulligan/MulliganEconomicsModel0082a.smt2	unknown	12418	0	unknown	12419	0	A	sat
/nas3/data/axeyum/corpus/smtlib-2024/non-incremental/non-incremental/QF_UF/2018-Goel-hwbench/QF_UF_hanoi.3.prop1_ab_br_max.smt2	sat	3810	0	sat	3509	0	B	sat
/nas3/data/axeyum/corpus/smtlib-2024/non-incremental/non-incremental/QF_FP/wintersteiger/abs/abs-has-solution-1498.smt2	sat	106	0	sat	105	0	A	sat
/nas3/data/axeyum/corpus/smtlib-2024/non-incremental/non-incremental/QF_NIA/20170427-VeryMax/CInteger/Stroeder_15__svcomp_ex2.c__p25866_terminationG_0.smt2	unknown	24331	0	unknown	24832	0	B	unsat
/nas3/data/axeyum/corpus/smtlib-2024/non-incremental/non-incremental/QF_SLIA/20180523-Reynolds/kaluza/sat/small/13565.corecstrs.readable.smt2	sat	106	0	sat	105	0	A	unknown
/nas3/data/axeyum/corpus/smtlib-2024/non-incremental/non-incremental/UF/20170428-Barrett/cdt-cade2015/nada/afp/coinductive_list/x2015_09_10_16_58_55_174_1583194.smt_in.smt2	unknown	7914	0	unknown	8114	0	B	unknown
/nas3/data/axeyum/corpus/smtlib-2024/non-incremental/non-incremental/QF_DT/20172804-Barrett/barrett-jsat/tests/v1/v1l70017.cvc.smt2	unsat	105	0	unsat	105	0	A	unsat
/nas3/data/axeyum/corpus/smtlib-2024/non-incremental/non-incremental/QF_LRA/2019-ezsmt/blending/24.smt2	sat	3308	0	sat	3308	0	B	unknown
/nas3/data/axeyum/corpus/smtlib-2024/non-incremental/non-incremental/QF_S/2019-Jiang/slog/slog_stranger_318_sink.smt2	unknown	506	0	unknown	506	0	A	unknown
/nas3/data/axeyum/corpus/smtlib-2024/non-incremental/non-incremental/QF_UFLRA/cpachecker-induction-svcomp14/cpachecker-induction.32_1_cilled_true-unreach-call_ok_nondet_linux-3.4-32_1-drivers--usb--storage--ums-sddr09.ko-ldv_main0_sequence_infinite_withcheck_stateful.cil.out.c.smt2	sat	2408	0	sat	2809	0	B	sat
/nas3/data/axeyum/corpus/smtlib-2024/non-incremental/non-incremental/QF_BV/20221012-MCMPC/dualexecution_affine/dualexecution_affine.t1.i12.955644ef.smt2	sat	106	0	sat	106	0	A	unknown
/nas3/data/axeyum/corpus/smtlib-2024/non-incremental/non-incremental/QF_LIA/2019-cmodelsdiff/hamiltonianCircuit/49.lp.smt2	sat	105	0	sat	106	0	B	unknown
/nas3/data/axeyum/corpus/smtlib-2024/non-incremental/non-incremental/QF_RDL/SMT-Temporal-Planning-Benchmarks/cooking14.smt2	sat	706	0	sat	806	0	A	sat
/nas3/data/axeyum/corpus/smtlib-2024/non-incremental/non-incremental/QF_UFLIA/20230314-Jaroslav-Bendik-Certora/44788_1965f0d6d94d5d8054ba_36_QF_UFLIA.smt2	unknown	105	0	unknown	105	0	B	unknown
/nas3/data/axeyum/corpus/smtlib-2024/non-incremental/non-incremental/QF_ABV/dwp_formulas/try3_sameret_functions_dwp_chgrp.hash_get_n_entries.il.dwp.smt2	sat	105	0	sat	105	0	A	sat
/nas3/data/axeyum/corpus/smtlib-2024/non-incremental/non-incremental/QF_IDL/20210312-Bouvier/vlsat3_i68.smt2	unknown	25132	0	unknown	25232	0	B	sat
/nas3/data/axeyum/corpus/smtlib-2024/non-incremental/non-incremental/QF_NRA/20200911-Pine/1599122159626470000.smt2	sat	2908	0	sat	2807	0	A	unknown
/nas3/data/axeyum/corpus/smtlib-2024/non-incremental/non-incremental/QF_UF/2018-Goel-hwbench/QF_UF_needham.1.prop4_ab_cti_max.smt2	sat	507	0	sat	506	0	B	sat
/nas3/data/axeyum/corpus/smtlib-2024/non-incremental/non-incremental/QF_FP/wintersteiger/abs/abs-has-solution-7351.smt2	sat	105	0	sat	105	0	A	sat
/nas3/data/axeyum/corpus/smtlib-2024/non-incremental/non-incremental/QF_NIA/20170427-VeryMax/ITS/From_AProVE_2014__ConvertRec.jar-obl-9__p28030_safety_0.smt2	unknown	24128	0	unknown	24129	0	B	unknown
/nas3/data/axeyum/corpus/smtlib-2024/non-incremental/non-incremental/QF_SLIA/20180523-Reynolds/kaluza/sat/small/16245.corecstrs.readable.smt2	sat	105	0	sat	106	0	A	unknown
/nas3/data/axeyum/corpus/smtlib-2024/non-incremental/non-incremental/UF/20170428-Barrett/cdt-cade2015/nada/afp/coinductive_list/x2015_09_10_17_02_01_325_1794353.smt_in.smt2	unsat	3108	0	unsat	3108	0	B	unsat
/nas3/data/axeyum/corpus/smtlib-2024/non-incremental/non-incremental/QF_DT/20172804-Barrett/barrett-jsat/tests/v1/v1l80089.cvc.smt2	unsat	105	0	unsat	105	0	A	unsat
/nas3/data/axeyum/corpus/smtlib-2024/non-incremental/non-incremental/QF_LRA/2019-ezsmt/routingMin/SCC_strong/d50.9.smt2	sat	106	0	sat	105	0	B	unknown
/nas3/data/axeyum/corpus/smtlib-2024/non-incremental/non-incremental/QF_S/2019-Jiang/slog/slog_stranger_4645_sink.smt2	unknown	305	0	unknown	306	0	A	unknown
/nas3/data/axeyum/corpus/smtlib-2024/non-incremental/non-incremental/QF_UFLRA/cpachecker-induction-svcomp14/cpachecker-induction.43_1a_cilled_true-unreach-call_ok_nondet_linux-43_1a-drivers--input--misc--ab8500-ponkey.ko-ldv_main0_sequence_infinite_withcheck_stateful.cil.out.c.smt2	unsat	106	0	unsat	106	0	B	unsat
/nas3/data/axeyum/corpus/smtlib-2024/non-incremental/non-incremental/QF_BV/20221012-MCMPC/millionaires/millionaires.t1.i17.9386ab8d.smt2	sat	106	0	sat	106	0	A	unknown
/nas3/data/axeyum/corpus/smtlib-2024/non-incremental/non-incremental/QF_LIA/20210219-Dartagnan/ReachSafety-Loops/apache-get-tag-O0.smt2	unknown	25131	0	unknown	25129	0	B	unknown
/nas3/data/axeyum/corpus/smtlib-2024/non-incremental/non-incremental/QF_RDL/SMT-Temporal-Planning-Benchmarks/cooking18.smt2	sat	1207	0	sat	1307	0	A	sat
/nas3/data/axeyum/corpus/smtlib-2024/non-incremental/non-incremental/QF_UFLIA/20230314-Jaroslav-Bendik-Certora/65782_cd31513fdcd15701933b_7_QF_UFLIA.smt2	unknown	105	0	unknown	105	0	B	unknown
/nas3/data/axeyum/corpus/smtlib-2024/non-incremental/non-incremental/QF_ABV/dwp_formulas/try3_sameret_functions_dwp_pr.hold_file.il.dwp.smt2	sat	4409	0	sat	806	0	A	sat
/nas3/data/axeyum/corpus/smtlib-2024/non-incremental/non-incremental/QF_IDL/20220214-jobshop-BohanLi/jobshop10-2-5-5-4-4-16.smt2	sat	306	0	sat	306	0	B	sat
/nas3/data/axeyum/corpus/smtlib-2024/non-incremental/non-incremental/QF_NRA/20220314-Uncu/Polynomial_Proof_Calls/ProveIneq_ISSAC05_SignPattern_Lemma2.smt2	unknown	5010	0	unknown	4910	0	A	unsat
/nas3/data/axeyum/corpus/smtlib-2024/non-incremental/non-incremental/QF_UF/2018-Goel-hwbench/QF_UF_reader_writer.1.prop1_ab_cti_max.smt2	sat	506	0	sat	506	0	B	sat
/nas3/data/axeyum/corpus/smtlib-2024/non-incremental/non-incremental/QF_FP/wintersteiger/add/add-has-no-other-solution-16941.smt2	unsat	106	0	unsat	105	0	A	unsat
/nas3/data/axeyum/corpus/smtlib-2024/non-incremental/non-incremental/QF_NIA/20170427-VeryMax/ITS/From_AProVE_2014__LessLeaves.jar-obl-10__p10018_edge_closing_0.smt2	sat	16322	0	sat	16122	0	B	sat
/nas3/data/axeyum/corpus/smtlib-2024/non-incremental/non-incremental/QF_SLIA/20180523-Reynolds/kaluza/sat/small/1932.corecstrs.readable.smt2	sat	106	0	sat	106	0	A	unknown
/nas3/data/axeyum/corpus/smtlib-2024/non-incremental/non-incremental/UF/20170428-Barrett/cdt-cade2015/nada/afp/coinductive_list/x2015_09_10_17_05_03_974_2039882.smt_in.smt2	unsat	1407	0	unsat	1407	0	B	unsat
/nas3/data/axeyum/corpus/smtlib-2024/non-incremental/non-incremental/QF_DT/20172804-Barrett/barrett-jsat/tests/v10/v10l20061.cvc.smt2	sat	105	0	sat	106	0	A	sat
/nas3/data/axeyum/corpus/smtlib-2024/non-incremental/non-incremental/QF_LRA/2019-ezsmt/travellingSalesperson/tsp_rand_70_300_1155482584_7.lp.smt2	sat	4110	0	sat	4110	0	B	unknown
/nas3/data/axeyum/corpus/smtlib-2024/non-incremental/non-incremental/QF_S/2019-Jiang/slog/slog_stranger_829_sink.smt2	unsat	106	0	unsat	106	0	A	unknown
/nas3/data/axeyum/corpus/smtlib-2024/non-incremental/non-incremental/QF_UFLRA/cpachecker-induction-svcomp14/cpachecker-induction.Problem01_00_true-unreach-call.c.smt2	unsat	204	0	unsat	206	0	B	unsat
/nas3/data/axeyum/corpus/smtlib-2024/non-incremental/non-incremental/QF_BV/20221012-MCMPC/millionaires/millionaires.t1.i53.a8ef2dcb.smt2	sat	106	0	sat	105	0	A	unknown
/nas3/data/axeyum/corpus/smtlib-2024/non-incremental/non-incremental/QF_LIA/20220307-SMPT/BART-PT-020/RF-13.smt2	sat	8914	0	sat	8914	0	B	sat
/nas3/data/axeyum/corpus/smtlib-2024/non-incremental/non-incremental/QF_RDL/SMT-Temporal-Planning-Benchmarks/cooking22.smt2	sat	1908	0	sat	1907	0	A	sat
/nas3/data/axeyum/corpus/smtlib-2024/non-incremental/non-incremental/QF_UFLIA/20230314-Jaroslav-Bendik-Certora/83314_a702bf8b823398c9e37a_2_UFLIA.smt2	unknown	25029	0	unknown	25030	0	B	unknown
/nas3/data/axeyum/corpus/smtlib-2024/non-incremental/non-incremental/QF_ABV/dwp_formulas/try3_sameret_functions_dwp_who.set_quoting_style.il.dwp.smt2	sat	105	0	sat	105	0	A	sat
/nas3/data/axeyum/corpus/smtlib-2024/non-incremental/non-incremental/QF_IDL/20220214-jobshop-BohanLi/jobshop32-2-16-16-4-4-16.smt2	unknown	25030	0	unknown	25028	0	B	sat
/nas3/data/axeyum/corpus/smtlib-2024/non-incremental/non-incremental/QF_NRA/LassoRanker/CooperatingT2/byron-2.t2.c_Iteration2_Loop_4-pieceTemplate.smt2	unknown	24630	0	unknown	24631	0	A	unknown
/nas3/data/axeyum/corpus/smtlib-2024/non-incremental/non-incremental/QF_UF/20190906-CLEARSY/0001/00435.smt2	unsat	105	0	unsat	105	0	B	unsat
/nas3/data/axeyum/corpus/smtlib-2024/non-incremental/non-incremental/QF_FP/wintersteiger/add/add-has-no-other-solution-8348.smt2	unsat	105	0	unsat	106	0	A	unsat
/nas3/data/axeyum/corpus/smtlib-2024/non-incremental/non-incremental/QF_NIA/20170427-VeryMax/ITS/From_AProVE_2014__RandomHard.jar-obl-10__p11834_safety_0.smt2	sat	11416	0	sat	11416	0	B	sat
/nas3/data/axeyum/corpus/smtlib-2024/non-incremental/non-incremental/QF_SLIA/20180523-Reynolds/kaluza/sat/small/4408.corecstrs.readable.smt2	sat	105	0	sat	105	0	A	unknown
/nas3/data/axeyum/corpus/smtlib-2024/non-incremental/non-incremental/UF/20170428-Barrett/cdt-cade2015/nada/afp/coinductive_list/x2015_09_10_17_08_02_969_2287043.smt_in.smt2	sat	206	0	sat	205	0	B	sat
/nas3/data/axeyum/corpus/smtlib-2024/non-incremental/non-incremental/QF_DT/20172804-Barrett/barrett-jsat/tests/v10/v10l40033.cvc.smt2	sat	106	0	sat	105	0	A	sat
/nas3/data/axeyum/corpus/smtlib-2024/non-incremental/non-incremental/QF_LRA/DTP-Scheduling/constraints-tempo-depth-30.smt2	sat	106	0	sat	105	0	B	sat
/nas3/data/axeyum/corpus/smtlib-2024/non-incremental/non-incremental/QF_S/2020-sygus-qgen/queries/query6620.smt2	unknown	106	0	unknown	106	0	A	unknown
/nas3/data/axeyum/corpus/smtlib-2024/non-incremental/non-incremental/QF_UFLRA/cpachecker-induction-svcomp14/cpachecker-induction.Problem07_60_false-unreach-call.c.smt2	unknown	25129	0	unknown	25729	0	B	sat
/nas3/data/axeyum/corpus/smtlib-2024/non-incremental/non-incremental/QF_BV/20221012-MCMPC/wage_circuit_div/wage_circuit_div.t1.i23.92e43e77.smt2	sat	105	0	sat	106	0	A	unknown
/nas3/data/axeyum/corpus/smtlib-2024/non-incremental/non-incremental/QF_LIA/20220307-SMPT/CircularTrains-PT-192/RC-06.smt2	unsat	105	0	unsat	105	0	B	unsat
/nas3/data/axeyum/corpus/smtlib-2024/non-incremental/non-incremental/QF_RDL/SMT-Temporal-Planning-Benchmarks/tempo-depth-5.smt2	unknown	25125	0	unknown	24930	0	A	sat
/nas3/data/axeyum/corpus/smtlib-2024/non-incremental/non-incremental/QF_UFLIA/20230314-Jaroslav-Bendik-Certora/940_590f27b1c3c800d3243e_33_QF_UFLIA.smt2	unknown	25025	0	unknown	25024	0	B	unknown
/nas3/data/axeyum/corpus/smtlib-2024/non-incremental/non-incremental/QF_ABV/dwp_formulas/try3_true_functions_dwp_csplit.set_char_quoting.il.dwp.smt2	sat	2307	0	sat	906	0	A	sat
/nas3/data/axeyum/corpus/smtlib-2024/non-incremental/non-incremental/QF_IDL/20220214-jobshop-BohanLi/jobshop54-2-27-27-4-4-16.smt2	unknown	21627	0	unknown	21527	0	B	sat
/nas3/data/axeyum/corpus/smtlib-2024/non-incremental/non-incremental/QF_NRA/LassoRanker/CooperatingT2/polyrank4.t2.c_Iteration9_Loop_2-pieceTemplate.smt2	unknown	24131	0	unknown	24130	0	A	unknown
/nas3/data/axeyum/corpus/smtlib-2024/non-incremental/non-incremental/QF_UF/QG-classification/loops6/dead_dnd015.smt2	unsat	205	0	unsat	205	0	B	unsat
/nas3/data/axeyum/corpus/smtlib-2024/non-incremental/non-incremental/QF_FP/wintersteiger/add/add-has-solution-18179.smt2	sat	105	0	sat	106	0	A	sat
/nas3/data/axeyum/corpus/smtlib-2024/non-incremental/non-incremental/QF_NIA/20170427-VeryMax/ITS/From_AProVE_2014__Velroyen08-complInterv3.jar-obl-8__p13362_terminationG_0.smt2	unknown	24130	0	unknown	24129	0	B	unknown
/nas3/data/axeyum/corpus/smtlib-2024/non-incremental/non-incremental/QF_SLIA/20180523-Reynolds/kaluza/sat/small/7571.corecstrs.readable.smt2	sat	105	0	sat	105	0	A	unknown
/nas3/data/axeyum/corpus/smtlib-2024/non-incremental/non-incremental/UF/20170428-Barrett/cdt-cade2015/nada/afp/coinductive_list/x2015_09_10_17_11_51_397_2586526.smt_in.smt2	unsat	2408	0	unsat	2408	0	B	unsat
/nas3/data/axeyum/corpus/smtlib-2024/non-incremental/non-incremental/QF_DT/20172804-Barrett/barrett-jsat/tests/v10/v10l60005.cvc.smt2	sat	105	0	sat	105	0	A	sat
/nas3/data/axeyum/corpus/smtlib-2024/non-incremental/non-incremental/QF_LRA/DTP-Scheduling/constraints-tempo-width-9.smt2	sat	105	0	sat	105	0	B	sat
/nas3/data/axeyum/corpus/smtlib-2024/non-incremental/non-incremental/QF_S/20230329-automatark-lu/instance00313.smt2	sat	106	0	sat	105	0	A	sat
/nas3/data/axeyum/corpus/smtlib-2024/non-incremental/non-incremental/QF_UFLRA/cpachecker-induction-svcomp14/cpachecker-induction.cs_fib_longer_false-unreach-call.i.smt2	unknown	25231	0	unknown	26632	0	B	sat
/nas3/data/axeyum/corpus/smtlib-2024/non-incremental/non-incremental/QF_BV/Sage2/bench_10924.smt2	sat	1206	0	sat	1006	0	A	sat
/nas3/data/axeyum/corpus/smtlib-2024/non-incremental/non-incremental/QF_LIA/20220307-SMPT/Diffusion2D-PT-D05N300/RF-14.smt2	sat	105	0	sat	106	0	B	sat
/nas3/data/axeyum/corpus/smtlib-2024/non-incremental/non-incremental/QF_RDL/SMT-Temporal-Planning-Benchmarks/tempo-matrix2x2.pddl.smt2	unknown	25132	0	unknown	25131	0	A	sat
/nas3/data/axeyum/corpus/smtlib-2024/non-incremental/non-incremental/QF_UFLIA/TwoSquares/smtlib.666105.smt2	unsat	105	0	unsat	105	0	B	unsat
/nas3/data/axeyum/corpus/smtlib-2024/non-incremental/non-incremental/QF_ABV/dwp_formulas/try3_true_functions_dwp_uptime.get_quoting_style.il.dwp.smt2	sat	105	0	sat	105	0	A	sat
/nas3/data/axeyum/corpus/smtlib-2024/non-incremental/non-incremental/QF_IDL/Averest/buble_sort/BubbleSort_live_blmc003.smt2	sat	306	0	sat	305	0	B	sat
/nas3/data/axeyum/corpus/smtlib-2024/non-incremental/non-incremental/QF_NRA/LassoRanker/SV-COMP/NoriSharma-2013FSE-Fig7_true-termination.c_Iteration1_Loop_6-phaseTemplate.smt2	unknown	24129	0	unknown	24130	0	A	sat
/nas3/data/axeyum/corpus/smtlib-2024/non-incremental/non-incremental/QF_UF/QG-classification/loops6/gensys_icl039.smt2	unsat	106	0	unsat	106	0	B	unsat
/nas3/data/axeyum/corpus/smtlib-2024/non-incremental/non-incremental/QF_FP/wintersteiger/add/add-has-solution-9666.smt2	sat	105	0	sat	105	0	A	sat
/nas3/data/axeyum/corpus/smtlib-2024/non-incremental/non-incremental/QF_NIA/20170427-VeryMax/ITS/From_AProVE_2014__cousot_rec.jar-obl-8__p28312_terminationG_0.smt2	unknown	24130	0	unknown	24130	0	B	unknown
/nas3/data/axeyum/corpus/smtlib-2024/non-incremental/non-incremental/QF_SLIA/20180523-Reynolds/kaluza/sat/small/9517.corecstrs.readable.smt2	sat	104	0	sat	105	0	A	unknown
/nas3/data/axeyum/corpus/smtlib-2024/non-incremental/non-incremental/UF/20170428-Barrett/cdt-cade2015/nada/afp/coinductive_list/x2015_09_10_17_18_11_407_2828424.smt_in.smt2	unsat	105	0	unsat	104	0	B	unsat
/nas3/data/axeyum/corpus/smtlib-2024/non-incremental/non-incremental/QF_DT/20172804-Barrett/barrett-jsat/tests/v10/v10l70077.cvc.smt2	unsat	105	0	unsat	105	0	A	unsat
/nas3/data/axeyum/corpus/smtlib-2024/non-incremental/non-incremental/QF_LRA/LassoRanker/CooperatingT2/afagp-fail.t2.c_Iteration1_Lasso_7-phaseTemplate.smt2	unknown	24231	0	unknown	24230	0	B	unsat
/nas3/data/axeyum/corpus/smtlib-2024/non-incremental/non-incremental/QF_S/20230329-automatark-lu/instance00689.smt2	sat	106	0	sat	106	0	A	sat
/nas3/data/axeyum/corpus/smtlib-2024/non-incremental/non-incremental/QF_UFLRA/cpachecker-induction-svcomp14/cpachecker-induction.email_spec3_product34_false-unreach-call.cil.c.smt2	unknown	25033	0	unknown	25025	0	B	sat
/nas3/data/axeyum/corpus/smtlib-2024/non-incremental/non-incremental/QF_BV/Sage2/bench_12860.smt2	unsat	106	0	unsat	106	0	A	unsat
/nas3/data/axeyum/corpus/smtlib-2024/non-incremental/non-incremental/QF_LIA/20220307-SMPT/Diffusion2D-PT-D20N100/RC-08.smt2	sat	206	0	sat	205	0	B	sat
/nas3/data/axeyum/corpus/smtlib-2024/non-incremental/non-incremental/QF_RDL/SMT-Temporal-Planning-Benchmarks/tempo-width-4.smt2	sat	5912	0	sat	6011	0	A	sat
/nas3/data/axeyum/corpus/smtlib-2024/non-incremental/non-incremental/QF_UFLIA/mathsat/EufLaArithmetic/hard/hard12.smt2	unknown	24331	0	unknown	24330	0	B	unsat
/nas3/data/axeyum/corpus/smtlib-2024/non-incremental/non-incremental/QF_ABV/dwp_formulas/try4_difret_functions_disjunctions_touch.set_quoting_style.il.disjunctions_1.smt2	sat	2007	0	sat	606	0	A	sat
/nas3/data/axeyum/corpus/smtlib-2024/non-incremental/non-incremental/QF_IDL/Averest/insertion_sort/InsertionSort_live_bgmc003.smt2	sat	206	0	sat	206	0	B	sat
/nas3/data/axeyum/corpus/smtlib-2024/non-incremental/non-incremental/QF_NRA/LassoRanker/Ultimate/SantaBarbara01.bpl_Iteration1_Lasso_3-pieceTemplate.smt2	unknown	24129	0	unknown	24123	0	A	unsat
/nas3/data/axeyum/corpus/smtlib-2024/non-incremental/non-incremental/QF_UF/QG-classification/loops6/iso_brn078.smt2	unsat	105	0	unsat	206	0	B	unsat
/nas3/data/axeyum/corpus/smtlib-2024/non-incremental/non-incremental/QF_FP/wintersteiger/div/div-has-no-other-solution-211.smt2	unsat	105	0	unsat	105	0	A	unsat
/nas3/data/axeyum/corpus/smtlib-2024/non-incremental/non-incremental/QF_NIA/20170427-VeryMax/ITS/From_AProVE_2014__juHashMapCreate.jar-obl-10__p5184_terminationG_0.smt2	unknown	11418	0	unknown	11418	0	B	sat
/nas3/data/axeyum/corpus/smtlib-2024/non-incremental/non-incremental/QF_SLIA/20180523-Reynolds/kaluza/unsat/big/17020.corecstrs.readable.smt2	unsat	306	0	unsat	305	0	A	unknown
/nas3/data/axeyum/corpus/smtlib-2024/non-incremental/non-incremental/UF/20170428-Barrett/cdt-cade2015/nada/afp/hamming_stream/x2015_09_10_16_47_53_600_1082171.smt_in.smt2	unknown	11216	0	unknown	11218	0	B	unknown
/nas3/data/axeyum/corpus/smtlib-2024/non-incremental/non-incremental/QF_DT/20172804-Barrett/barrett-jsat/tests/v10/v10l90049.cvc.smt2	sat	104	0	sat	105	0	A	sat
/nas3/data/axeyum/corpus/smtlib-2024/non-incremental/non-incremental/QF_LRA/LassoRanker/CooperatingT2/disj_nightmare.t2.c_Iteration2_Loop_7-phaseTemplate.smt2	unknown	25029	0	unknown	25032	0	B	unsat
/nas3/data/axeyum/corpus/smtlib-2024/non-incremental/non-incremental/QF_S/20230329-automatark-lu/instance01065.smt2	sat	106	0	sat	105	0	A	sat
/nas3/data/axeyum/corpus/smtlib-2024/non-incremental/non-incremental/QF_UFLRA/cpachecker-induction-svcomp14/cpachecker-induction.m0_false-unreach-call_drivers-staging-comedi-drivers-ni_65xx-ko--107_1a--adbbc36-1.c.smt2	sat	105	0	sat	104	0	B	sat
/nas3/data/axeyum/corpus/smtlib-2024/non-incremental/non-incremental/QF_BV/Sage2/bench_14698.smt2	sat	305	0	sat	305	0	A	sat
/nas3/data/axeyum/corpus/smtlib-2024/non-incremental/non-incremental/QF_LIA/20220307-SMPT/Diffusion2D-PT-D40N100/RF-00.smt2	sat	606	0	sat	605	0	B	sat
/nas3/data/axeyum/corpus/smtlib-2024/non-incremental/non-incremental/QF_RDL/SMT-Temporal-Planning-Benchmarks/tms-2-3-light-04.smt2	sat	105	0	sat	105	0	A	sat
/nas3/data/axeyum/corpus/smtlib-2024/non-incremental/non-incremental/QF_UFLIA/mathsat/EufLaArithmetic/hard/hard7.smt2	unsat	6612	0	unsat	6611	0	B	unsat
/nas3/data/axeyum/corpus/smtlib-2024/non-incremental/non-incremental/QF_ABV/dwp_formulas/try4_true_functions_dwp_cut.get_quoting_style.il.dwp.smt2	sat	104	0	sat	105	0	A	sat
/nas3/data/axeyum/corpus/smtlib-2024/non-incremental/non-incremental/QF_IDL/Averest/min_max/MinMax_safe_bgmc000.smt2	unsat	106	0	unsat	105	0	B	unsat
/nas3/data/axeyum/corpus/smtlib-2024/non-incremental/non-incremental/QF_NRA/hycomp/ball_count_1d_plain.01.seq_lazy_linear_enc_lemmas_global_9.smt2	unsat	1707	0	unsat	1706	0	A	unsat
/nas3/data/axeyum/corpus/smtlib-2024/non-incremental/non-incremental/QF_UF/QG-classification/qg5/dead_dnd011.smt2	unsat	806	0	unsat	907	0	B	unsat
/nas3/data/axeyum/corpus/smtlib-2024/non-incremental/non-incremental/QF_FP/wintersteiger/div/div-has-solution-12309.smt2	sat	105	0	sat	106	0	A	sat
/nas3/data/axeyum/corpus/smtlib-2024/non-incremental/non-incremental/QF_NIA/20170427-VeryMax/ITS/From_AProVE_2014__juHashMapCreateClear.jar-obl-11__p30726_safety_0.smt2	unknown	10916	0	unknown	10916	0	B	sat
/nas3/data/axeyum/corpus/smtlib-2024/non-incremental/non-incremental/QF_SLIA/20180523-Reynolds/kaluza/unsat/big/22110.corecstrs.readable.smt2	unsat	206	0	unsat	206	0	A	unknown
/nas3/data/axeyum/corpus/smtlib-2024/non-incremental/non-incremental/UF/20170428-Barrett/cdt-cade2015/nada/afp/huffman/x2015_09_10_16_49_00_867_1155527.smt_in.smt2	unknown	7210	0	unknown	7413	0	B	unsat
/nas3/data/axeyum/corpus/smtlib-2024/non-incremental/non-incremental/QF_DT/20172804-Barrett/barrett-jsat/tests/v2/v2l30021.cvc.smt2	unknown	105	0	unknown	105	0	A	sat
/nas3/data/axeyum/corpus/smtlib-2024/non-incremental/non-incremental/QF_LRA/LassoRanker/CooperatingT2/firewire.t2.c_Iteration1_Lasso_4-lexTemplate.smt2	unknown	24431	0	unknown	24531	0	B	sat
/nas3/data/axeyum/corpus/smtlib-2024/non-incremental/non-incremental/QF_S/20230329-automatark-lu/instance01441.smt2	sat	105	0	sat	105	0	A	sat
/nas3/data/axeyum/corpus/smtlib-2024/non-incremental/non-incremental/QF_UFLRA/cpachecker-induction-svcomp14/cpachecker-induction.minepump_spec1_product50_false-unreach-call.cil.c.smt2	unknown	24032	0	unknown	24032	0	B	sat
/nas3/data/axeyum/corpus/smtlib-2024/non-incremental/non-incremental/QF_BV/Sage2/bench_16629.smt2	unsat	105	0	unsat	105	0	A	unsat
/nas3/data/axeyum/corpus/smtlib-2024/non-incremental/non-incremental/QF_LIA/20220307-SMPT/ERK-PT-000100/RF-12.smt2	sat	105	0	sat	105	0	B	sat
/nas3/data/axeyum/corpus/smtlib-2024/non-incremental/non-incremental/QF_RDL/SMT-Temporal-Planning-Benchmarks/tms-2-3-light-08.smt2	sat	305	0	sat	305	0	A	sat
/nas3/data/axeyum/corpus/smtlib-2024/non-incremental/non-incremental/QF_UFLIA/mathsat/EufLaArithmetic/medium/medium19.smt2	unsat	18324	0	unsat	18324	0	B	unsat
/nas3/data/axeyum/corpus/smtlib-2024/non-incremental/non-incremental/QF_ABV/dwp_formulas/try5_small_difret_functions_dwp_cat.next_line_num.il.dwp.smt2	unknown	3309	0	unknown	505	0	A	sat
/nas3/data/axeyum/corpus/smtlib-2024/non-incremental/non-incremental/QF_IDL/Averest/selection_sort/SelectionSort_live_blmc004.smt2	sat	706	0	sat	706	0	B	sat
/nas3/data/axeyum/corpus/smtlib-2024/non-incremental/non-incremental/QF_NRA/hycomp/ball_count_1d_plain.04.seq_lazy_global_9.smt2	unsat	805	0	unsat	806	0	A	unsat
/nas3/data/axeyum/corpus/smtlib-2024/non-incremental/non-incremental/QF_UF/QG-classification/qg5/gensys_brn093.smt2	unsat	1006	0	unsat	1106	0	B	unsat
/nas3/data/axeyum/corpus/smtlib-2024/non-incremental/non-incremental/QF_FP/wintersteiger/div/div-has-solution-4906.smt2	sat	105	0	sat	105	0	A	sat
/nas3/data/axeyum/corpus/smtlib-2024/non-incremental/non-incremental/QF_NIA/20170427-VeryMax/ITS/From_AProVE_2014__juHashMapCreateContainsKey.jar-obl-11__p31818_safety_0.smt2	unknown	23329	0	unknown	23328	0	B	sat
/nas3/data/axeyum/corpus/smtlib-2024/non-incremental/non-incremental/QF_SLIA/20180523-Reynolds/kaluza/unsat/small/24149.corecstrs.readable.smt2	sat	105	0	sat	105	0	A	unknown
/nas3/data/axeyum/corpus/smtlib-2024/non-incremental/non-incremental/UF/20170428-Barrett/cdt-cade2015/nada/afp/koenigslemma/x2015_09_10_16_53_46_012_1142719.smt_in.smt2	unsat	3910	0	unsat	3909	0	B	unsat
/nas3/data/axeyum/corpus/smtlib-2024/non-incremental/non-incremental/QF_DT/20172804-Barrett/barrett-jsat/tests/v2/v2l40093.cvc.smt2	unsat	105	0	unsat	105	0	A	unsat
/nas3/data/axeyum/corpus/smtlib-2024/non-incremental/non-incremental/QF_LRA/LassoRanker/CooperatingT2/janne_complex.t2.c_Iteration3_Lasso_4-pieceTemplate.smt2	unknown	24629	0	unknown	24431	0	B	unsat
/nas3/data/axeyum/corpus/smtlib-2024/non-incremental/non-incremental/QF_S/20230329-automatark-lu/instance01817.smt2	sat	105	0	sat	104	0	A	sat
/nas3/data/axeyum/corpus/smtlib-2024/non-incremental/non-incremental/QF_UFLRA/cpachecker-induction-svcomp14/cpachecker-induction.minepump_spec3_product05_false-unreach-call.cil.c.smt2	sat	11117	0	sat	11517	0	B	sat
/nas3/data/axeyum/corpus/smtlib-2024/non-incremental/non-incremental/QF_BV/Sage2/bench_2389.smt2	unsat	105	0	unsat	106	0	A	unsat
/nas3/data/axeyum/corpus/smtlib-2024/non-incremental/non-incremental/QF_LIA/20220307-SMPT/Eratosthenes-PT-500/RC-12.smt2	sat	105	0	sat	105	0	B	sat
/nas3/data/axeyum/corpus/smtlib-2024/non-incremental/non-incremental/QF_RDL/SMT-Temporal-Planning-Benchmarks/tms-2-3-light-30.smt2	sat	2608	0	sat	2808	0	A	sat
/nas3/data/axeyum/corpus/smtlib-2024/non-incremental/non-incremental/QF_UFLIA/mathsat/Hash/hash_sat_03_08.smt2	sat	1005	0	sat	1007	0	B	sat
/nas3/data/axeyum/corpus/smtlib-2024/non-incremental/non-incremental/QF_ABV/dwp_formulas/try5_small_difret_functions_dwp_paste.set_quoting_style.il.dwp.smt2	sat	305	0	sat	105	0	A	sat
/nas3/data/axeyum/corpus/smtlib-2024/non-incremental/non-incremental/QF_IDL/Averest/sorting_network/SortingNetwork4_safe_blmc002.smt2	unsat	106	0	unsat	106	0	B	unsat
/nas3/data/axeyum/corpus/smtlib-2024/non-incremental/non-incremental/QF_NRA/hycomp/ball_count_1d_plain.10.seq_lazy_linear_enc_lemmas_global_9.smt2	unsat	1608	0	unsat	1606	0	A	unsat
/nas3/data/axeyum/corpus/smtlib-2024/non-incremental/non-incremental/QF_UF/QG-classification/qg5/gensys_brn1128.smt2	sat	106	0	sat	105	0	B	sat
/nas3/data/axeyum/corpus/smtlib-2024/non-incremental/non-incremental/QF_FP/wintersteiger/eq/eq-has-no-other-solution-15258.smt2	unsat	105	0	unsat	105	0	A	unsat
/nas3/data/axeyum/corpus/smtlib-2024/non-incremental/non-incremental/QF_NIA/20170427-VeryMax/ITS/From_AProVE_2014__juHashMapCreateContainsValue.jar-obl-11__p420_safety_0.smt2	unknown	10916	0	unknown	10916	0	B	sat
/nas3/data/axeyum/corpus/smtlib-2024/non-incremental/non-incremental/QF_SLIA/20180523-Reynolds/kaluza/unsat/small/30260.corecstrs.readable.smt2	sat	105	0	sat	105	0	A	unknown
/nas3/data/axeyum/corpus/smtlib-2024/non-incremental/non-incremental/UF/20170428-Barrett/cdt-cade2015/nada/afp/sorted_list_operations/x2015_09_10_16_47_45_306_1071226.smt_in.smt2	unknown	9415	0	unknown	9416	0	B	unsat
/nas3/data/axeyum/corpus/smtlib-2024/non-incremental/non-incremental/QF_DT/20172804-Barrett/barrett-jsat/tests/v2/v2l60065.cvc.smt2	sat	105	0	sat	106	0	A	sat
/nas3/data/axeyum/corpus/smtlib-2024/non-incremental/non-incremental/QF_LRA/LassoRanker/CooperatingT2/p-43.t2.c_Iteration4_Loop_4-pieceTemplate.smt2	unknown	24231	0	unknown	24332	0	B	sat
/nas3/data/axeyum/corpus/smtlib-2024/non-incremental/non-incremental/QF_S/20230329-automatark-lu/instance02193.smt2	sat	105	0	sat	105	0	A	sat
/nas3/data/axeyum/corpus/smtlib-2024/non-incremental/non-incremental/QF_UFLRA/cpachecker-induction-svcomp14/cpachecker-induction.minepump_spec3_product29_false-unreach-call.cil.c.smt2	unknown	24133	0	unknown	24133	0	B	sat
/nas3/data/axeyum/corpus/smtlib-2024/non-incremental/non-incremental/QF_BV/Sage2/bench_4343.smt2	sat	406	0	sat	306	0	A	sat
/nas3/data/axeyum/corpus/smtlib-2024/non-incremental/non-incremental/QF_LIA/20220307-SMPT/FMS-PT-00500/RF-13.smt2	sat	105	0	sat	105	0	B	sat
/nas3/data/axeyum/corpus/smtlib-2024/non-incremental/non-incremental/QF_RDL/SMT-Temporal-Planning-Benchmarks/tms-2-3-light-80.smt2	sat	2007	0	sat	2007	0	A	sat
/nas3/data/axeyum/corpus/smtlib-2024/non-incremental/non-incremental/QF_UFLIA/mathsat/Hash/hash_sat_03_20.smt2	sat	9614	0	sat	8911	0	B	sat
/nas3/data/axeyum/corpus/smtlib-2024/non-incremental/non-incremental/QF_ABV/dwp_formulas/try5_small_difret_functions_dwp_vdir.strcmp_size.il.dwp.smt2	unknown	11517	0	unknown	1307	0	A	unsat
/nas3/data/axeyum/corpus/smtlib-2024/non-incremental/non-incremental/QF_IDL/DTP/DTP_k2_n35_c175_s3.smt2	sat	205	0	sat	206	0	B	sat
/nas3/data/axeyum/corpus/smtlib-2024/non-incremental/non-incremental/QF_NRA/hycomp/ball_count_2d_hill.03.seq_lazy_linear_enc_lemmas_global_9.smt2	unsat	5811	0	unsat	5811	0	A	unsat
/nas3/data/axeyum/corpus/smtlib-2024/non-incremental/non-incremental/QF_UF/QG-classification/qg5/gensys_brn1262.smt2	unsat	406	0	unsat	406	0	B	unsat
/nas3/data/axeyum/corpus/smtlib-2024/non-incremental/non-incremental/QF_FP/wintersteiger/eq/eq-has-no-other-solution-7654.smt2	unsat	106	0	unsat	105	0	A	unsat
/nas3/data/axeyum/corpus/smtlib-2024/non-incremental/non-incremental/QF_NIA/20170427-VeryMax/ITS/From_AProVE_2014__juHashMapCreateIsEmpty.jar-obl-10__p2868_edge_closing_0.smt2	unknown	25132	0	unknown	24931	0	B	unknown
/nas3/data/axeyum/corpus/smtlib-2024/non-incremental/non-incremental/QF_SLIA/20180523-Reynolds/pyex/peterc-pyex-doc-cav17-td/httplib2/httplib2-entry-disposition/13be2c248c8524bc34daae4b8eafd335c02975ab69068446d5b78993.smt2	sat	506	0	sat	506	0	A	unknown
/nas3/data/axeyum/corpus/smtlib-2024/non-incremental/non-incremental/UF/20170428-Barrett/cdt-cade2015/nada/afp/tllist/x2015_09_10_17_00_58_384_1387951.smt_in.smt2	unknown	17924	0	unknown	18025	0	B	unknown
/nas3/data/axeyum/corpus/smtlib-2024/non-incremental/non-incremental/QF_DT/20172804-Barrett/barrett-jsat/tests/v2/v2l80037.cvc.smt2	unsat	106	0	unsat	106	0	A	unsat
/nas3/data/axeyum/corpus/smtlib-2024/non-incremental/non-incremental/QF_LRA/LassoRanker/CooperatingT2/sas2.t2.c_Iteration5_Lasso_6-phaseTemplate.smt2	unknown	24430	0	unknown	24530	0	B	sat
/nas3/data/axeyum/corpus/smtlib-2024/non-incremental/non-incremental/QF_S/20230329-automatark-lu/instance02569.smt2	sat	106	0	sat	106	0	A	sat
/nas3/data/axeyum/corpus/smtlib-2024/non-incremental/non-incremental/QF_UFLRA/cpachecker-induction-svcomp14/cpachecker-induction.minepump_spec3_product59_false-unreach-call.cil.c.smt2	unknown	25032	0	unknown	25033	0	B	sat
/nas3/data/axeyum/corpus/smtlib-2024/non-incremental/non-incremental/QF_BV/Sage2/bench_6444.smt2	unsat	105	0	unsat	105	0	A	unsat
/nas3/data/axeyum/corpus/smtlib-2024/non-incremental/non-incremental/QF_LIA/20220307-SMPT/HouseConstruction-PT-00005/RC-10.smt2	unsat	105	0	unsat	105	0	B	unsat
/nas3/data/axeyum/corpus/smtlib-2024/non-incremental/non-incremental/QF_RDL/sal/fischer3-mutex-1.smt2	unsat	105	0	unsat	106	0	A	unsat
/nas3/data/axeyum/corpus/smtlib-2024/non-incremental/non-incremental/QF_UFLIA/mathsat/Hash/hash_sat_04_14.smt2	sat	18325	0	sat	18323	0	B	sat
/nas3/data/axeyum/corpus/smtlib-2024/non-incremental/non-incremental/QF_ABV/dwp_formulas/try5_small_difret_functions_flanagansaxe_mv.set_author.il.flanagansaxe.smt2	sat	106	0	sat	106	0	A	sat
/nas3/data/axeyum/corpus/smtlib-2024/non-incremental/non-incremental/QF_IDL/RTCL/b01_tf_20/ckt_PROP0_tf_20.smt2	unsat	106	0	unsat	105	0	B	unsat
/nas3/data/axeyum/corpus/smtlib-2024/non-incremental/non-incremental/QF_NRA/hycomp/ball_count_2d_hill.10.seq_lazy_linear_enc_lemmas_global_9.smt2	unsat	5811	0	unsat	5810	0	A	unsat
/nas3/data/axeyum/corpus/smtlib-2024/non-incremental/non-incremental/QF_UF/QG-classification/qg5/gensys_brn209.smt2	unsat	106	0	unsat	105	0	B	unsat
/nas3/data/axeyum/corpus/smtlib-2024/non-incremental/non-incremental/QF_FP/wintersteiger/eq/eq-has-solution-17960.smt2	sat	106	0	sat	105	0	A	sat
/nas3/data/axeyum/corpus/smtlib-2024/non-incremental/non-incremental/QF_NIA/20170427-VeryMax/ITS/From_AProVE_2014__juHashMapCreatePut.jar-obl-10__p6041_safety_0.smt2	unknown	24230	0	unknown	24229	0	B	unsat
/nas3/data/axeyum/corpus/smtlib-2024/non-incremental/non-incremental/QF_SLIA/20180523-Reynolds/pyex/peterc-pyex-doc-cav17-td/httplib2/httplib2-entry-disposition/767ab08289fd60fea92a35479348c204b943a21bf0930f6aad017a73.smt2	unsat	106	0	unsat	106	0	A	unknown
/nas3/data/axeyum/corpus/smtlib-2024/non-incremental/non-incremental/UF/20170428-Barrett/cdt-cade2015/nada/distro/gram_lang/x2015_09_10_16_49_56_787_1224974.smt_in.smt2	unsat	4310	0	unsat	4310	0	B	unsat
/nas3/data/axeyum/corpus/smtlib-2024/non-incremental/non-incremental/QF_DT/20172804-Barrett/barrett-jsat/tests/v3/v3l20009.cvc.smt2	sat	105	0	sat	105	0	A	sat
/nas3/data/axeyum/corpus/smtlib-2024/non-incremental/non-incremental/QF_LRA/LassoRanker/CooperatingT2/toeplz.c.i.toeplz.pl.t2.fixed.t2.c_Iteration2_Loop_7-phaseTemplate.smt2	unknown	25131	0	unknown	25125	0	B	sat
/nas3/data/axeyum/corpus/smtlib-2024/non-incremental/non-incremental/QF_S/20230329-automatark-lu/instance02945.smt2	sat	105	0	sat	105	0	A	sat
/nas3/data/axeyum/corpus/smtlib-2024/non-incremental/non-incremental/QF_UFLRA/cpachecker-induction-svcomp14/cpachecker-induction.pointer_extension_false-unreach-call.i.smt2	sat	106	0	sat	105	0	B	sat
/nas3/data/axeyum/corpus/smtlib-2024/non-incremental/non-incremental/QF_BV/Sage2/bench_8450.smt2	unsat	105	0	unsat	106	0	A	unsat
/nas3/data/axeyum/corpus/smtlib-2024/non-incremental/non-incremental/QF_LIA/20220307-SMPT/HouseConstruction-PT-04000/RC-00.smt2	sat	105	0	sat	105	0	B	sat
/nas3/data/axeyum/corpus/smtlib-2024/non-incremental/non-incremental/QF_RDL/sal/fischer3-mutex-13.smt2	unsat	1006	0	unsat	806	0	A	unsat
/nas3/data/axeyum/corpus/smtlib-2024/non-incremental/non-incremental/QF_UFLIA/mathsat/Hash/hash_sat_05_08.smt2	sat	18325	0	sat	18326	0	B	sat
/nas3/data/axeyum/corpus/smtlib-2024/non-incremental/non-incremental/QF_ABV/dwp_formulas/try5_small_difret_functions_flanagansaxe_uniq.initbuffer.il.flanagansaxe.smt2	sat	205	0	sat	105	0	A	sat
/nas3/data/axeyum/corpus/smtlib-2024/non-incremental/non-incremental/QF_IDL/asp/BlockedNQueens/156.48.1960.36.1721259656.dat.smt2	unknown	21327	0	unknown	21227	0	B	sat
/nas3/data/axeyum/corpus/smtlib-2024/non-incremental/non-incremental/QF_NRA/hycomp/ball_count_2d_hill_simple.03.seq_lazy_global_9.smt2	unsat	1107	0	unsat	1107	0	A	unsat
/nas3/data/axeyum/corpus/smtlib-2024/non-incremental/non-incremental/QF_UF/QG-classification/qg5/gensys_brn357.smt2	sat	105	0	sat	105	0	B	sat
/nas3/data/axeyum/corpus/smtlib-2024/non-incremental/non-incremental/QF_FP/wintersteiger/fma/fma-has-no-other-solution-10723.smt2	unsat	105	0	unsat	106	0	A	unsat
/nas3/data/axeyum/corpus/smtlib-2024/non-incremental/non-incremental/QF_NIA/20170427-VeryMax/ITS/From_AProVE_2014__juHashMapCreateSize.jar-obl-10__p7265_safety_0.smt2	unknown	10916	0	unknown	10915	0	B	sat
/nas3/data/axeyum/corpus/smtlib-2024/non-incremental/non-incremental/QF_SLIA/20180523-Reynolds/pyex/peterc-pyex-doc-cav17-td/httplib2/httplib2-entry-disposition/e7c2fb7ca741530e7a2a635c0c3471aa4ed5d0a2c59ff70a34de3066.smt2	sat	405	0	sat	406	0	A	unknown
/nas3/data/axeyum/corpus/smtlib-2024/non-incremental/non-incremental/UF/20170428-Barrett/cdt-cade2015/nada/distro/gram_lang/x2015_09_10_16_53_37_371_1432776.smt_in.smt2	unknown	21922	0	unknown	21126	0	B	unsat
/nas3/data/axeyum/corpus/smtlib-2024/non-incremental/non-incremental/QF_DT/20172804-Barrett/barrett-jsat/tests/v3/v3l30081.cvc.smt2	sat	106	0	sat	105	0	A	sat
/nas3/data/axeyum/corpus/smtlib-2024/non-incremental/non-incremental/QF_LRA/LassoRanker/SV-COMP/GulwaniJainKoskinen-2009PLDI-Fig1_true-termination.c_Iteration1_Lasso_4-pieceTemplate.smt2	unknown	25131	0	unknown	25132	0	B	unknown
/nas3/data/axeyum/corpus/smtlib-2024/non-incremental/non-incremental/QF_S/20230329-automatark-lu/instance03321.smt2	sat	105	0	sat	106	0	A	sat
/nas3/data/axeyum/corpus/smtlib-2024/non-incremental/non-incremental/QF_UFLRA/cpachecker-induction-svcomp14/cpachecker-induction.sum03_true-unreach-call_false-termination.i.smt2	unsat	105	0	unsat	106	0	B	unsat
/nas3/data/axeyum/corpus/smtlib-2024/non-incremental/non-incremental/QF_BV/asp/HamiltonianPath/gryzzles.30.lp.smt2	sat	1907	0	sat	1907	0	A	sat
/nas3/data/axeyum/corpus/smtlib-2024/non-incremental/non-incremental/QF_LIA/20220307-SMPT/IOTPpurchase-PT-C12M10P15D17/RC-10.smt2	sat	105	0	sat	106	0	B	sat
/nas3/data/axeyum/corpus/smtlib-2024/non-incremental/non-incremental/QF_RDL/sal/fischer3-mutex-17.smt2	unsat	2007	0	unsat	2107	0	A	unsat
/nas3/data/axeyum/corpus/smtlib-2024/non-incremental/non-incremental/QF_UFLIA/mathsat/Hash/hash_sat_05_20.smt2	sat	18323	0	sat	18423	0	B	sat
/nas3/data/axeyum/corpus/smtlib-2024/non-incremental/non-incremental/QF_ABV/dwp_formulas/try5_small_difret_functions_fse-bfs_vdir.rev_xstrcoll_mtime.il.fse-bfs.smt2	unsat	206	0	unsat	206	0	A	unsat
/nas3/data/axeyum/corpus/smtlib-2024/non-incremental/non-incremental/QF_IDL/asp/ConnectedDominatingSet/rand_55_250_1235855873_0_k=8_sat.gph.smt2	unknown	25032	0	unknown	25031	0	B	sat
/nas3/data/axeyum/corpus/smtlib-2024/non-incremental/non-incremental/QF_NRA/hycomp/ball_count_2d_hill_simple.05.seq_lazy_linear_enc_lemmas_global_9.smt2	unsat	2507	0	unsat	2608	0	A	unsat
/nas3/data/axeyum/corpus/smtlib-2024/non-incremental/non-incremental/QF_UF/QG-classification/qg5/gensys_brn505.smt2	sat	105	0	sat	106	0	B	sat
/nas3/data/axeyum/corpus/smtlib-2024/non-incremental/non-incremental/QF_FP/wintersteiger/fma/fma-has-no-other-solution-3260.smt2	unsat	106	0	unsat	105	0	A	unsat
/nas3/data/axeyum/corpus/smtlib-2024/non-incremental/non-incremental/QF_NIA/20170427-VeryMax/ITS/From_AProVE_2014__juLinkedListCreateAddAllAt.jar-obl-17__p7871_safety_0.smt2	unknown	24131	0	unknown	24132	0	B	sat
/nas3/data/axeyum/corpus/smtlib-2024/non-incremental/non-incremental/QF_SLIA/20180523-Reynolds/pyex/peterc-pyex-doc-cav17-z3/httplib2/httplib2-entry-disposition/1b27fc4278ef729d870bf8efc713007e555404c9594c75b5307d98fb.smt2	sat	306	0	sat	306	0	A	unknown
/nas3/data/axeyum/corpus/smtlib-2024/non-incremental/non-incremental/UF/20170428-Barrett/cdt-cade2015/nada/distro/parallel/x2015_09_10_16_57_14_271_1048482.smt_in.smt2	unknown	25432	0	unknown	25233	0	B	unsat
/nas3/data/axeyum/corpus/smtlib-2024/non-incremental/non-incremental/QF_DT/20172804-Barrett/barrett-jsat/tests/v3/v3l50053.cvc.smt2	sat	105	0	sat	105	0	A	sat
/nas3/data/axeyum/corpus/smtlib-2024/non-incremental/non-incremental/QF_LRA/LassoRanker/SV-COMP/Masse_true-termination.c_Iteration1_Loop_4-pieceTemplate.smt2	unknown	24230	0	unknown	24231	0	B	unsat
/nas3/data/axeyum/corpus/smtlib-2024/non-incremental/non-incremental/QF_S/20230329-automatark-lu/instance03697.smt2	sat	105	0	sat	105	0	A	sat
/nas3/data/axeyum/corpus/smtlib-2024/non-incremental/non-incremental/QF_UFLRA/mathsat/RandomCoupled/pb_real_10_0100_10_10.smt2	sat	1507	0	sat	1307	0	B	sat
/nas3/data/axeyum/corpus/smtlib-2024/non-incremental/non-incremental/QF_BV/bruttomesso/core/ext_con_008_001_0064.smt2	unknown	24130	0	unknown	24131	0	A	unsat
/nas3/data/axeyum/corpus/smtlib-2024/non-incremental/non-incremental/QF_LIA/20220307-SMPT/Kanban-PT-01000/RF-04.smt2	sat	106	0	sat	106	0	B	sat
/nas3/data/axeyum/corpus/smtlib-2024/non-incremental/non-incremental/QF_RDL/sal/fischer3-mutex-20.smt2	unsat	2608	0	unsat	2708	0	A	unsat
/nas3/data/axeyum/corpus/smtlib-2024/non-incremental/non-incremental/QF_UFLIA/mathsat/Hash/hash_sat_06_14.smt2	sat	18424	0	sat	18424	0	B	sat
/nas3/data/axeyum/corpus/smtlib-2024/non-incremental/non-incremental/QF_ABV/dwp_formulas/try5_small_difret_functions_wp_test.close_stdout_set_file_name.il.wp.smt2	sat	2809	0	sat	806	0	A	sat
/nas3/data/axeyum/corpus/smtlib-2024/non-incremental/non-incremental/QF_IDL/asp/Fastfood/a7.3.0.tweaked.3.asp.smt2	unknown	22630	0	unknown	22729	0	B	sat
/nas3/data/axeyum/corpus/smtlib-2024/non-incremental/non-incremental/QF_NRA/hycomp/ball_count_2d_plain.02.seq_lazy_global_9.smt2	unsat	1306	0	unsat	1307	0	A	unsat
/nas3/data/axeyum/corpus/smtlib-2024/non-incremental/non-incremental/QF_UF/QG-classification/qg5/gensys_brn653.smt2	sat	106	0	sat	106	0	B	sat
/nas3/data/axeyum/corpus/smtlib-2024/non-incremental/non-incremental/QF_FP/wintersteiger/fma/fma-has-solution-12717.smt2	sat	106	0	sat	105	0	A	sat
/nas3/data/axeyum/corpus/smtlib-2024/non-incremental/non-incremental/QF_NIA/20170427-VeryMax/ITS/From_AProVE_2014__juLinkedListCreateAddAllAt.jar-obl-17__p8651_safety_0.smt2	sat	11017	0	sat	11015	0	B	sat
/nas3/data/axeyum/corpus/smtlib-2024/non-incremental/non-incremental/QF_SLIA/20180523-Reynolds/pyex/peterc-pyex-doc-cav17-z3/httplib2/httplib2-entry-disposition/6dbc0bb26b69b5c5322ca9d689afe93930ad2a4921f5e6ea5661c90c.smt2	sat	406	0	sat	406	0	A	unknown
/nas3/data/axeyum/corpus/smtlib-2024/non-incremental/non-incremental/UF/20170428-Barrett/cdt-cade2015/nada/distro/rbt_impl/x2015_09_10_16_52_32_920_1212907.smt_in.smt2	unknown	24129	0	unknown	24129	0	B	unknown
/nas3/data/axeyum/corpus/smtlib-2024/non-incremental/non-incremental/QF_DT/20172804-Barrett/barrett-jsat/tests/v3/v3l70025.cvc.smt2	sat	105	0	sat	106	0	A	sat
/nas3/data/axeyum/corpus/smtlib-2024/non-incremental/non-incremental/QF_LRA/LassoRanker/SV-COMP/joey_false-termination.c_Iteration1_Loop_7-phaseTemplate.smt2	unknown	24130	0	unknown	24128	0	B	sat
/nas3/data/axeyum/corpus/smtlib-2024/non-incremental/non-incremental/QF_S/20230329-automatark-lu/instance04073.smt2	sat	106	0	sat	107	0	A	sat
/nas3/data/axeyum/corpus/smtlib-2024/non-incremental/non-incremental/QF_UFLRA/mathsat/RandomCoupled/pb_real_10_0150_10_14.smt2	sat	5811	0	sat	5512	0	B	sat
/nas3/data/axeyum/corpus/smtlib-2024/non-incremental/non-incremental/QF_BV/bruttomesso/simple_processor/simple_processors_008_006_0004.smt2	unknown	24230	0	unknown	24129	0	A	unsat
/nas3/data/axeyum/corpus/smtlib-2024/non-incremental/non-incremental/QF_LIA/20220307-SMPT/MAPK-PT-00080/RC-04.smt2	sat	105	0	sat	106	0	B	sat
/nas3/data/axeyum/corpus/smtlib-2024/non-incremental/non-incremental/QF_RDL/sal/fischer3-mutex-6.smt2	unsat	104	0	unsat	105	0	A	unsat
/nas3/data/axeyum/corpus/smtlib-2024/non-incremental/non-incremental/QF_UFLIA/mathsat/Hash/hash_sat_07_08.smt2	sat	18423	0	sat	18323	0	B	sat
/nas3/data/axeyum/corpus/smtlib-2024/non-incremental/non-incremental/QF_ABV/dwp_formulas/try5_small_noof_functions_dwp_ptx.re_string_construct_common.il.dwp.smt2	sat	5110	0	sat	1707	0	A	sat
/nas3/data/axeyum/corpus/smtlib-2024/non-incremental/non-incremental/QF_IDL/asp/GraphColouring/graph-colouring-nodes=130-density=0.1-instance=10.smt2	unknown	21227	0	unknown	21227	0	B	sat
/nas3/data/axeyum/corpus/smtlib-2024/non-incremental/non-incremental/QF_NRA/hycomp/ball_count_2d_plain.04.seq_lazy_linear_enc_lemmas_global_9.smt2	unsat	3008	0	unsat	3008	0	A	unsat
/nas3/data/axeyum/corpus/smtlib-2024/non-incremental/non-incremental/QF_UF/QG-classification/qg5/gensys_brn801.smt2	sat	105	0	sat	105	0	B	sat
/nas3/data/axeyum/corpus/smtlib-2024/non-incremental/non-incremental/QF_FP/wintersteiger/fma/fma-has-solution-5342.smt2	sat	105	0	sat	105	0	A	sat
/nas3/data/axeyum/corpus/smtlib-2024/non-incremental/non-incremental/QF_NIA/20170427-VeryMax/ITS/From_AProVE_2014__juLinkedListCreateContainsAll.jar-obl-11__terminationS_0_0.smt2	unknown	24325	0	unknown	24330	0	B	unsat
/nas3/data/axeyum/corpus/smtlib-2024/non-incremental/non-incremental/QF_SLIA/20180523-Reynolds/pyex/peterc-pyex-doc-cav17-z3/httplib2/httplib2-entry-disposition/bd9db8518836150362d9292bae1b6f0c93281717c2e94e9031957d35.smt2	sat	105	0	sat	105	0	A	unknown
/nas3/data/axeyum/corpus/smtlib-2024/non-incremental/non-incremental/UF/20170428-Barrett/cdt-cade2015/nada/distro/rbt_impl/x2015_09_10_16_56_17_304_1652193.smt_in.smt2	unknown	15721	0	unknown	16023	0	B	unknown
/nas3/data/axeyum/corpus/smtlib-2024/non-incremental/non-incremental/QF_DT/20172804-Barrett/barrett-jsat/tests/v3/v3l80097.cvc.smt2	unsat	105	0	unsat	105	0	A	unsat
/nas3/data/axeyum/corpus/smtlib-2024/non-incremental/non-incremental/QF_LRA/LassoRanker/Ultimate/Collatz.bpl_Iteration1_Loop_6-phaseTemplate.smt2	unknown	25131	0	unknown	25222	0	B	unsat
/nas3/data/axeyum/corpus/smtlib-2024/non-incremental/non-incremental/QF_S/20230329-automatark-lu/instance04449.smt2	sat	105	0	sat	106	0	A	sat
/nas3/data/axeyum/corpus/smtlib-2024/non-incremental/non-incremental/QF_UFLRA/mathsat/RandomCoupled/pb_real_10_0200_10_18.smt2	sat	3209	0	sat	2908	0	B	sat
/nas3/data/axeyum/corpus/smtlib-2024/non-incremental/non-incremental/QF_BV/mcm/148.smt2	unknown	24331	0	unknown	24331	0	A	sat
/nas3/data/axeyum/corpus/smtlib-2024/non-incremental/non-incremental/QF_LIA/20220307-SMPT/NeighborGrid-PT-d2n3m1c12/RF-03.smt2	sat	105	0	sat	105	0	B	sat
/nas3/data/axeyum/corpus/smtlib-2024/non-incremental/non-incremental/QF_RDL/sal/fischer6-mutex-1.smt2	unsat	105	0	unsat	106	0	A	unsat
/nas3/data/axeyum/corpus/smtlib-2024/non-incremental/non-incremental/QF_UFLIA/mathsat/Hash/hash_sat_07_20.smt2	sat	18522	0	sat	18524	0	B	sat
/nas3/data/axeyum/corpus/smtlib-2024/non-incremental/non-incremental/QF_ABV/dwp_formulas/try5_small_noof_functions_flanagansaxe_id.get_quoting_style.il.flanagansaxe.smt2	sat	105	0	sat	105	0	A	sat
/nas3/data/axeyum/corpus/smtlib-2024/non-incremental/non-incremental/QF_IDL/asp/HamiltonianPath/gryzzles.31.lp.smt2	sat	1307	0	sat	1407	0	B	sat
/nas3/data/axeyum/corpus/smtlib-2024/non-incremental/non-incremental/QF_NRA/hycomp/ball_count_2d_slope.01.seq_lazy_linear_enc_global_9.smt2	unsat	3308	0	unsat	3408	0	A	unsat
/nas3/data/axeyum/corpus/smtlib-2024/non-incremental/non-incremental/QF_UF/QG-classification/qg5/gensys_brn949.smt2	unsat	1207	0	unsat	1107	0	B	unsat
/nas3/data/axeyum/corpus/smtlib-2024/non-incremental/non-incremental/QF_FP/wintersteiger/gt/gt-has-no-other-solution-15558.smt2	unsat	106	0	unsat	105	0	A	unsat
/nas3/data/axeyum/corpus/smtlib-2024/non-incremental/non-incremental/QF_NIA/20170427-VeryMax/ITS/From_T2__agafp.t2_fixed__terminationS_0_0.smt2	unknown	24231	0	unknown	24231	0	B	unsat
/nas3/data/axeyum/corpus/smtlib-2024/non-incremental/non-incremental/QF_SLIA/20180523-Reynolds/pyex/peterc-pyex-doc-cav17-z3/httplib2/httplib2-request-headers/60f52218e7fbdc7109cdd3c887ad0ce7c7cc01cb21d49ee3f45b2d3a.smt2	sat	106	0	sat	106	0	A	unknown
/nas3/data/axeyum/corpus/smtlib-2024/non-incremental/non-incremental/UF/20170428-Barrett/cdt-cade2015/nada/distro/stream/x2015_09_10_16_48_19_087_1086853.smt_in.smt2	unknown	23430	0	unknown	23531	0	B	unknown
/nas3/data/axeyum/corpus/smtlib-2024/non-incremental/non-incremental/QF_DT/20172804-Barrett/barrett-jsat/tests/v5/v5l20069.cvc.smt2	unsat	105	0	unsat	105	0	A	unsat
/nas3/data/axeyum/corpus/smtlib-2024/non-incremental/non-incremental/QF_LRA/LassoRanker/Ultimate/OpposedDisjuncts.bpl_Iteration1_Lasso_2-pieceTemplate.smt2	unknown	24129	0	unknown	24122	0	B	unsat
/nas3/data/axeyum/corpus/smtlib-2024/non-incremental/non-incremental/QF_S/20230329-automatark-lu/instance04825.smt2	sat	106	0	sat	105	0	A	sat
/nas3/data/axeyum/corpus/smtlib-2024/non-incremental/non-incremental/QF_UFLRA/mathsat/RandomCoupled/pb_real_10_0250_10_22.smt2	unsat	706	0	unsat	707	0	B	unsat
/nas3/data/axeyum/corpus/smtlib-2024/non-incremental/non-incremental/QF_BV/sage/app1/bench_1630.smt2	unsat	105	0	unsat	105	0	A	unsat
/nas3/data/axeyum/corpus/smtlib-2024/non-incremental/non-incremental/QF_LIA/20220307-SMPT/Referendum-PT-015/RF-12.smt2	unsat	106	0	unsat	105	0	B	unsat
/nas3/data/axeyum/corpus/smtlib-2024/non-incremental/non-incremental/QF_RDL/sal/fischer6-mutex-13.smt2	unsat	7310	0	unsat	7614	0	A	unsat
/nas3/data/axeyum/corpus/smtlib-2024/non-incremental/non-incremental/QF_UFLIA/mathsat/Hash/hash_sat_08_14.smt2	sat	18425	0	sat	18424	0	B	sat
/nas3/data/axeyum/corpus/smtlib-2024/non-incremental/non-incremental/QF_ABV/dwp_formulas/try5_small_noof_functions_fse-bfs_expr.optimize_subexps.il.fse-bfs.smt2	sat	105	0	sat	106	0	A	sat
/nas3/data/axeyum/corpus/smtlib-2024/non-incremental/non-incremental/QF_IDL/asp/KnightTour/knightTour.in05.smt2	unknown	21629	0	unknown	21627	0	B	unknown
/nas3/data/axeyum/corpus/smtlib-2024/non-incremental/non-incremental/QF_NRA/hycomp/ball_count_2d_slope.05.seq_lazy_lemmas_global_9.smt2	unsat	7813	0	unsat	7814	0	A	unsat
/nas3/data/axeyum/corpus/smtlib-2024/non-incremental/non-incremental/QF_UF/QG-classification/qg5/gensys_icl098.smt2	unsat	206	0	unsat	206	0	B	unsat
/nas3/data/axeyum/corpus/smtlib-2024/non-incremental/non-incremental/QF_FP/wintersteiger/gt/gt-has-no-other-solution-7324.smt2	unsat	106	0	unsat	105	0	A	unsat
/nas3/data/axeyum/corpus/smtlib-2024/non-incremental/non-incremental/QF_NIA/20170427-VeryMax/ITS/From_T2__broydn.c.i.broydn.pl.t2.fixed.t2__term_unfeasibility_3_0.smt2	sat	11117	0	sat	11117	0	B	sat
/nas3/data/axeyum/corpus/smtlib-2024/non-incremental/non-incremental/QF_SLIA/20180523-Reynolds/pyex/peterc-pyex-doc-cav17-z3/pymongo/pymongo-mongoclient/bd0365a60deb561d47b241dd96d801c407bd9b21b07b0f303f509b1d.smt2	sat	406	0	sat	406	0	A	unknown
/nas3/data/axeyum/corpus/smtlib-2024/non-incremental/non-incremental/UF/20170428-Barrett/cdt-cade2015/nada/gandl/stern_brocot_tree/x2015_09_10_16_51_44_982_1071529.smt_in.smt2	unknown	17222	0	unknown	17623	0	B	unsat
/nas3/data/axeyum/corpus/smtlib-2024/non-incremental/non-incremental/QF_DT/20172804-Barrett/barrett-jsat/tests/v5/v5l40041.cvc.smt2	unsat	105	0	unsat	105	0	A	unsat
/nas3/data/axeyum/corpus/smtlib-2024/non-incremental/non-incremental/QF_LRA/LassoRanker/Ultimate/simple-scaled200.bpl_Iteration1_Lasso_3-pieceTemplate.smt2	unknown	25128	0	unknown	25232	0	B	sat
/nas3/data/axeyum/corpus/smtlib-2024/non-incremental/non-incremental/QF_S/20230329-automatark-lu/instance05201.smt2	sat	105	0	sat	105	0	A	sat
/nas3/data/axeyum/corpus/smtlib-2024/non-incremental/non-incremental/QF_UFLRA/mathsat/RandomCoupled/pb_real_10_0300_10_26.smt2	unsat	306	0	unsat	305	0	B	unsat
/nas3/data/axeyum/corpus/smtlib-2024/non-incremental/non-incremental/QF_BV/sage/app1/bench_2459.smt2	unsat	104	0	unsat	106	0	A	unsat
/nas3/data/axeyum/corpus/smtlib-2024/non-incremental/non-incremental/QF_LIA/20220307-SMPT/RobotManipulation-PT-00020/RC-09.smt2	unsat	106	0	unsat	105	0	B	unsat
/nas3/data/axeyum/corpus/smtlib-2024/non-incremental/non-incremental/QF_RDL/sal/fischer6-mutex-17.smt2	unsat	15020	0	unsat	15915	0	A	unsat
/nas3/data/axeyum/corpus/smtlib-2024/non-incremental/non-incremental/QF_UFLIA/mathsat/Hash/hash_sat_09_08.smt2	sat	18419	0	sat	18425	0	B	sat
/nas3/data/axeyum/corpus/smtlib-2024/non-incremental/non-incremental/QF_ABV/dwp_formulas/try5_small_true_functions_flanagansaxe_cat.next_line_num.il.flanagansaxe.smt2	sat	18123	0	sat	4210	0	A	sat
/nas3/data/axeyum/corpus/smtlib-2024/non-incremental/non-incremental/QF_IDL/asp/MazeGeneration/maze-generation-width=16-height=16-density=0.01-run=1.smt2	unsat	3008	0	unsat	3409	0	B	unsat
/nas3/data/axeyum/corpus/smtlib-2024/non-incremental/non-incremental/QF_NRA/hycomp/simple_ballistics_reach.01.seq_lazy_linear_enc_global_9.smt2	unknown	17116	0	unknown	16816	0	A	unknown
/nas3/data/axeyum/corpus/smtlib-2024/non-incremental/non-incremental/QF_UF/QG-classification/qg5/gensys_icl1132.smt2	unsat	105	0	unsat	106	0	B	unsat
/nas3/data/axeyum/corpus/smtlib-2024/non-incremental/non-incremental/QF_FP/wintersteiger/gt/gt-has-solution-17602.smt2	sat	106	0	sat	106	0	A	sat
/nas3/data/axeyum/corpus/smtlib-2024/non-incremental/non-incremental/QF_NIA/20170427-VeryMax/ITS/From_T2__db2.t2_fixed__terminationS_29_0.smt2	unknown	24126	0	unknown	24332	0	B	unsat
/nas3/data/axeyum/corpus/smtlib-2024/non-incremental/non-incremental/QF_SLIA/20180523-Reynolds/pyex/peterc-pyex-doc-cav17-zz/httplib2/httplib2-entry-disposition/19b9f9b1c0e8755567fc4cbac3df2e979b5a4b35fa5a3cd57dd17639.smt2	sat	24429	0	sat	24429	0	A	unknown
/nas3/data/axeyum/corpus/smtlib-2024/non-incremental/non-incremental/UF/grasshopper/instantiated/dl_copy_loop_check_heap_access_31_6.smt2	unsat	1206	0	unsat	1207	0	B	unsat
/nas3/data/axeyum/corpus/smtlib-2024/non-incremental/non-incremental/QF_DT/20172804-Barrett/barrett-jsat/tests/v5/v5l60013.cvc.smt2	sat	105	0	sat	106	0	A	sat
/nas3/data/axeyum/corpus/smtlib-2024/non-incremental/non-incremental/QF_LRA/LassoRanker/Ultimate/yPositive-SIscaled75.bpl_Iteration1_Loop_7-phaseTemplate.smt2	unknown	25131	0	unknown	25131	0	B	sat
/nas3/data/axeyum/corpus/smtlib-2024/non-incremental/non-incremental/QF_S/20230329-automatark-lu/instance05577.smt2	sat	105	0	sat	105	0	A	sat
/nas3/data/axeyum/corpus/smtlib-2024/non-incremental/non-incremental/QF_UFLRA/mathsat/RandomCoupled/pb_real_20_0300_10_10.smt2	sat	9315	0	sat	9314	0	B	sat
/nas3/data/axeyum/corpus/smtlib-2024/non-incremental/non-incremental/QF_BV/sage/app1/bench_879.smt2	unsat	105	0	unsat	106	0	A	unsat
/nas3/data/axeyum/corpus/smtlib-2024/non-incremental/non-incremental/QF_LIA/20220307-SMPT/RwMutex-PT-r0010w0010/RC-03.smt2	sat	105	0	sat	106	0	B	sat
/nas3/data/axeyum/corpus/smtlib-2024/non-incremental/non-incremental/QF_RDL/sal/fischer6-mutex-20.smt2	unknown	24130	0	unknown	24132	0	A	unsat
/nas3/data/axeyum/corpus/smtlib-2024/non-incremental/non-incremental/QF_UFLIA/mathsat/Hash/hash_sat_09_20.smt2	sat	18625	0	sat	18723	0	B	sat
/nas3/data/axeyum/corpus/smtlib-2024/non-incremental/non-incremental/QF_ABV/egt/egt-0026.smt2	unsat	105	0	unsat	105	0	A	unsat
/nas3/data/axeyum/corpus/smtlib-2024/non-incremental/non-incremental/QF_IDL/asp/Sokoban/dimitri_yorick.59.steps.8.asp.smt2	unsat	1006	0	unsat	1006	0	B	unsat
/nas3/data/axeyum/corpus/smtlib-2024/non-incremental/non-incremental/QF_NRA/meti-tarski/CMOS/CMOS-opamp-chunk-0211.smt2	sat	106	0	sat	105	0	A	sat
/nas3/data/axeyum/corpus/smtlib-2024/non-incremental/non-incremental/QF_UF/QG-classification/qg5/gensys_icl1267.smt2	unsat	105	0	unsat	105	0	B	unsat
/nas3/data/axeyum/corpus/smtlib-2024/non-incremental/non-incremental/QF_FP/wintersteiger/gt/gt-has-solution-9275.smt2	sat	105	0	sat	106	0	A	sat
/nas3/data/axeyum/corpus/smtlib-2024/non-incremental/non-incremental/QF_NIA/20170427-VeryMax/ITS/From_T2__efegp.t2__p21963_edge_closing_0.smt2	sat	10814	0	sat	10815	0	B	sat
/nas3/data/axeyum/corpus/smtlib-2024/non-incremental/non-incremental/QF_SLIA/20180523-Reynolds/pyex/peterc-pyex-doc-cav17-zz/httplib2/httplib2-entry-disposition/46734d7354cc3fdc0b1c1ef6846517430a8ac9dd6734c246fd59c81b.smt2	sat	206	0	sat	205	0	A	unknown
/nas3/data/axeyum/corpus/smtlib-2024/non-incremental/non-incremental/UF/grasshopper/instantiated/split_loop_check_heap_access_79_6.smt2	unsat	1207	0	unsat	1206	0	B	unsat
/nas3/data/axeyum/corpus/smtlib-2024/non-incremental/non-incremental/QF_DT/20172804-Barrett/barrett-jsat/tests/v5/v5l70085.cvc.smt2	unknown	105	0	unknown	106	0	A	sat
/nas3/data/axeyum/corpus/smtlib-2024/non-incremental/non-incremental/QF_LRA/clock_synchro/clocksynchro_2clocks.main_invar.base.smt2	unsat	2508	0	unsat	2607	0	B	unsat
/nas3/data/axeyum/corpus/smtlib-2024/non-incremental/non-incremental/QF_S/20230329-automatark-lu/instance05953.smt2	sat	106	0	sat	105	0	A	sat
/nas3/data/axeyum/corpus/smtlib-2024/non-incremental/non-incremental/QF_UFLRA/mathsat/RandomCoupled/pb_real_20_0400_10_14.smt2	unknown	25029	0	unknown	25132	0	B	sat
/nas3/data/axeyum/corpus/smtlib-2024/non-incremental/non-incremental/QF_BV/sage/app12/bench_111.smt2	unsat	105	0	unsat	107	0	A	unsat
/nas3/data/axeyum/corpus/smtlib-2024/non-incremental/non-incremental/QF_LIA/20220307-SMPT/RwMutex-PT-r0100w0010/RC-13.smt2	sat	505	0	sat	507	0	B	sat
/nas3/data/axeyum/corpus/smtlib-2024/non-incremental/non-incremental/QF_RDL/sal/fischer6-mutex-6.smt2	unsat	206	0	unsat	206	0	A	unsat
/nas3/data/axeyum/corpus/smtlib-2024/non-incremental/non-incremental/QF_UFLIA/mathsat/Hash/hash_sat_10_14.smt2	sat	18924	0	sat	18923	0	B	sat
/nas3/data/axeyum/corpus/smtlib-2024/non-incremental/non-incremental/QF_ABV/egt/egt-0334.smt2	sat	105	0	sat	106	0	A	sat
/nas3/data/axeyum/corpus/smtlib-2024/non-incremental/non-incremental/QF_IDL/asp/Solitaire/solitaire-edge-time=29.smt2	unknown	21527	0	unknown	21728	0	B	sat
/nas3/data/axeyum/corpus/smtlib-2024/non-incremental/non-incremental/QF_NRA/meti-tarski/Chua/1/IL/L/Chua-1-IL-L-chunk-0141.smt2	unsat	106	0	unsat	105	0	A	unsat
/nas3/data/axeyum/corpus/smtlib-2024/non-incremental/non-incremental/QF_UF/QG-classification/qg5/gensys_icl258.smt2	unsat	106	0	unsat	105	0	B	unsat
/nas3/data/axeyum/corpus/smtlib-2024/non-incremental/non-incremental/QF_FP/wintersteiger/lt/lt-has-no-other-solution-19579.smt2	unsat	106	0	unsat	105	0	A	unsat
/nas3/data/axeyum/corpus/smtlib-2024/non-incremental/non-incremental/QF_NIA/20170427-VeryMax/ITS/From_T2__ex36.t2__p29986_safety_0.smt2	unsat	7213	0	unsat	7313	0	B	unsat
/nas3/data/axeyum/corpus/smtlib-2024/non-incremental/non-incremental/QF_SLIA/20180523-Reynolds/pyex/peterc-pyex-doc-cav17-zz/httplib2/httplib2-entry-disposition/71b5a089aa66a7d09412c4ba383eea90b79e8a4505366b03d2d3c076.smt2	sat	10916	0	sat	10816	0	A	unknown
/nas3/data/axeyum/corpus/smtlib-2024/non-incremental/non-incremental/UF/grasshopper/uninstantiated/rec_remove_check_heap_access_23_4.smt2	unsat	1307	0	unsat	1205	0	B	unsat
/nas3/data/axeyum/corpus/smtlib-2024/non-incremental/non-incremental/QF_DT/20172804-Barrett/barrett-jsat/tests/v5/v5l90057.cvc.smt2	unsat	105	0	unsat	105	0	A	unsat
/nas3/data/axeyum/corpus/smtlib-2024/non-incremental/non-incremental/QF_LRA/keymaera/bouncing-ball-inv-node1886.smt2	unsat	105	0	unsat	105	0	B	unsat
/nas3/data/axeyum/corpus/smtlib-2024/non-incremental/non-incremental/QF_S/20230329-automatark-lu/instance06329.smt2	sat	105	0	sat	105	0	A	sat
/nas3/data/axeyum/corpus/smtlib-2024/non-incremental/non-incremental/QF_UFLRA/mathsat/RandomCoupled/pb_real_20_0500_10_18.smt2	unsat	2909	0	unsat	2808	0	B	unsat
/nas3/data/axeyum/corpus/smtlib-2024/non-incremental/non-incremental/QF_BV/sage/app12/bench_1939.smt2	sat	105	0	sat	106	0	A	sat
/nas3/data/axeyum/corpus/smtlib-2024/non-incremental/non-incremental/QF_LIA/20220307-SMPT/SharedMemory-PT-000100/RF-09.smt2	unknown	25032	0	unknown	25132	0	B	unsat
/nas3/data/axeyum/corpus/smtlib-2024/non-incremental/non-incremental/QF_RDL/sal/fischer9-mutex-1.smt2	unsat	105	0	unsat	106	0	A	unsat
/nas3/data/axeyum/corpus/smtlib-2024/non-incremental/non-incremental/QF_UFLIA/mathsat/Hash/hash_uns_03_08.smt2	unsat	506	0	unsat	506	0	B	unsat
/nas3/data/axeyum/corpus/smtlib-2024/non-incremental/non-incremental/QF_ABV/egt/egt-0641.smt2	sat	105	0	sat	106	0	A	sat
/nas3/data/axeyum/corpus/smtlib-2024/non-incremental/non-incremental/QF_IDL/asp/WeightBoundedDominatingSet/rand_100_400_1159666138_5.lp.smt2	unknown	25031	0	unknown	25031	0	B	sat
/nas3/data/axeyum/corpus/smtlib-2024/non-incremental/non-incremental/QF_NRA/meti-tarski/Chua/1/VC2/L/Chua-1-VC2-L-chunk-0025.smt2	sat	104	0	sat	105	0	A	sat
/nas3/data/axeyum/corpus/smtlib-2024/non-incremental/non-incremental/QF_UF/QG-classification/qg5/gensys_icl406.smt2	unsat	105	0	unsat	105	0	B	unsat
/nas3/data/axeyum/corpus/smtlib-2024/non-incremental/non-incremental/QF_FP/wintersteiger/lt/lt-has-solution-11793.smt2	sat	104	0	sat	106	0	A	sat
/nas3/data/axeyum/corpus/smtlib-2024/non-incremental/non-incremental/QF_NIA/20170427-VeryMax/ITS/From_T2__firewire.t2__terminationS_13_0.smt2	unknown	11117	0	unknown	11113	0	B	unsat
/nas3/data/axeyum/corpus/smtlib-2024/non-incremental/non-incremental/QF_SLIA/20180523-Reynolds/pyex/peterc-pyex-doc-cav17-zz/httplib2/httplib2-entry-disposition/9d5df708e5a1d59a2e90170b2d5cae5f70c68400ec1f4077cf7e67db.smt2	sat	105	0	sat	105	0	A	unknown
/nas3/data/axeyum/corpus/smtlib-2024/non-incremental/non-incremental/UF/sledgehammer/Arrow_Order/uf.558544.smt2	unsat	2608	0	unsat	2509	0	B	unsat
/nas3/data/axeyum/corpus/smtlib-2024/non-incremental/non-incremental/QF_DT/20172804-Barrett/barrett-jsat/typed/v1/typed_v1l30029.cvc.smt2	unsat	105	0	unsat	105	0	A	unsat
/nas3/data/axeyum/corpus/smtlib-2024/non-incremental/non-incremental/QF_LRA/latendresse/ecoliMILPglycerolYices3-50000.smt2	sat	10016	0	sat	10116	0	B	sat
/nas3/data/axeyum/corpus/smtlib-2024/non-incremental/non-incremental/QF_S/20230329-automatark-lu/instance06705.smt2	unsat	105	0	unsat	105	0	A	unsat
/nas3/data/axeyum/corpus/smtlib-2024/non-incremental/non-incremental/QF_UFLRA/mathsat/RandomCoupled/pb_real_20_0600_10_22.smt2	unsat	2607	0	unsat	2608	0	B	unsat
/nas3/data/axeyum/corpus/smtlib-2024/non-incremental/non-incremental/QF_BV/sage/app12/bench_2767.smt2	sat	104	0	sat	106	0	A	sat
/nas3/data/axeyum/corpus/smtlib-2024/non-incremental/non-incremental/QF_LIA/20220307-SMPT/SmallOperatingSystem-PT-MT0256DC0064/RC-13.smt2	sat	106	0	sat	105	0	B	sat
/nas3/data/axeyum/corpus/smtlib-2024/non-incremental/non-incremental/QF_RDL/sal/fischer9-mutex-13.smt2	unknown	24130	0	unknown	24130	0	A	unsat
/nas3/data/axeyum/corpus/smtlib-2024/non-incremental/non-incremental/QF_UFLIA/mathsat/Hash/hash_uns_03_20.smt2	unsat	6412	0	unsat	6312	0	B	unsat
/nas3/data/axeyum/corpus/smtlib-2024/non-incremental/non-incremental/QF_ABV/egt/egt-0948.smt2	sat	105	0	sat	106	0	A	sat
/nas3/data/axeyum/corpus/smtlib-2024/non-incremental/non-incremental/QF_IDL/bcnscheduling/bcnscheduling105.smt2	unknown	25030	0	unknown	25032	0	B	unsat
/nas3/data/axeyum/corpus/smtlib-2024/non-incremental/non-incremental/QF_NRA/meti-tarski/Chua/2/IL/L/Chua-2-IL-L-chunk-0103.smt2	sat	105	0	sat	106	0	A	sat
/nas3/data/axeyum/corpus/smtlib-2024/non-incremental/non-incremental/QF_UF/QG-classification/qg5/gensys_icl554.smt2	unsat	906	0	unsat	906	0	B	unsat
/nas3/data/axeyum/corpus/smtlib-2024/non-incremental/non-incremental/QF_FP/wintersteiger/lt/lt-has-solution-3843.smt2	sat	105	0	sat	105	0	A	sat
/nas3/data/axeyum/corpus/smtlib-2024/non-incremental/non-incremental/QF_NIA/20170427-VeryMax/ITS/From_T2__fun7.t2__p1152_terminationG_0.smt2	unknown	24130	0	unknown	24130	0	B	sat
/nas3/data/axeyum/corpus/smtlib-2024/non-incremental/non-incremental/QF_SLIA/20180523-Reynolds/pyex/peterc-pyex-doc-cav17-zz/httplib2/httplib2-entry-disposition/c8d56e53c163cb1bb39de55e1eef0f83c05d3464d560d39e3b44b1df.smt2	sat	406	0	sat	406	0	A	unknown
/nas3/data/axeyum/corpus/smtlib-2024/non-incremental/non-incremental/UF/sledgehammer/Arrow_Order/uf.813308.smt2	unsat	6012	0	unsat	5609	0	B	unsat
/nas3/data/axeyum/corpus/smtlib-2024/non-incremental/non-incremental/QF_DT/20172804-Barrett/barrett-jsat/typed/v1/typed_v1l50001.cvc.smt2	unsat	106	0	unsat	106	0	A	unsat
/nas3/data/axeyum/corpus/smtlib-2024/non-incremental/non-incremental/QF_LRA/meti-tarski/Chua/1/IL/L/Chua-1-IL-L-chunk-0142.smt2	sat	106	0	sat	106	0	B	sat
/nas3/data/axeyum/corpus/smtlib-2024/non-incremental/non-incremental/QF_S/20230329-automatark-lu/instance07081.smt2	unsat	105	0	unsat	106	0	A	unsat
/nas3/data/axeyum/corpus/smtlib-2024/non-incremental/non-incremental/QF_UFLRA/mathsat/RandomCoupled/pb_real_30_0300_10_26.smt2	sat	2608	0	sat	2708	0	B	sat
/nas3/data/axeyum/corpus/smtlib-2024/non-incremental/non-incremental/QF_BV/sage/app12/bench_3595.smt2	sat	106	0	sat	106	0	A	sat
/nas3/data/axeyum/corpus/smtlib-2024/non-incremental/non-incremental/QF_LIA/20220307-SMPT/SmallOperatingSystem-PT-MT4096DC2048/RF-01.smt2	sat	106	0	sat	105	0	B	sat
/nas3/data/axeyum/corpus/smtlib-2024/non-incremental/non-incremental/QF_RDL/sal/fischer9-mutex-17.smt2	unknown	24230	0	unknown	24231	0	A	unsat
/nas3/data/axeyum/corpus/smtlib-2024/non-incremental/non-incremental/QF_UFLIA/mathsat/Hash/hash_uns_04_14.smt2	unknown	24329	0	unknown	24333	0	B	unsat
/nas3/data/axeyum/corpus/smtlib-2024/non-incremental/non-incremental/QF_ABV/egt/egt-1251.smt2	unsat	106	0	unsat	105	0	A	unsat
/nas3/data/axeyum/corpus/smtlib-2024/non-incremental/non-incremental/QF_IDL/diamonds/diamonds.15.2.i.a.u.smt2	unsat	2308	0	unsat	2507	0	B	unsat
/nas3/data/axeyum/corpus/smtlib-2024/non-incremental/non-incremental/QF_NRA/meti-tarski/Chua/2/VC1/U/Chua-2-VC1-U-chunk-0070.smt2	sat	106	0	sat	105	0	A	sat
/nas3/data/axeyum/corpus/smtlib-2024/non-incremental/non-incremental/QF_UF/QG-classification/qg5/gensys_icl702.smt2	unsat	806	0	unsat	806	0	B	unsat
/nas3/data/axeyum/corpus/smtlib-2024/non-incremental/non-incremental/QF_FP/wintersteiger/max/max-has-no-other-solution-13999.smt2	unsat	105	0	unsat	105	0	A	unsat
/nas3/data/axeyum/corpus/smtlib-2024/non-incremental/non-incremental/QF_NIA/20170427-VeryMax/ITS/From_T2__hqr.c.i.hqr.pl.t2.nor.t2.rlgfixed.t2_fixed__terminationS_45_0.smt2	unknown	24130	0	unknown	24229	0	B	unsat
/nas3/data/axeyum/corpus/smtlib-2024/non-incremental/non-incremental/QF_SLIA/20180523-Reynolds/pyex/peterc-pyex-doc-cav17-zz/httplib2/httplib2-entry-disposition/f519905b3f3b6933214573314fdfb8c089b5c3063ebf948b772dc966.smt2	sat	405	0	sat	406	0	A	unknown
/nas3/data/axeyum/corpus/smtlib-2024/non-incremental/non-incremental/UF/sledgehammer/FFT/uf.628947.smt2	sat	1006	0	sat	1006	0	B	sat
/nas3/data/axeyum/corpus/smtlib-2024/non-incremental/non-incremental/QF_DT/20172804-Barrett/barrett-jsat/typed/v1/typed_v1l60073.cvc.smt2	unsat	105	0	unsat	105	0	A	unsat
/nas3/data/axeyum/corpus/smtlib-2024/non-incremental/non-incremental/QF_LRA/meti-tarski/Chua/1/VC2/L/Chua-1-VC2-L-chunk-0008.smt2	sat	105	0	sat	105	0	B	sat
/nas3/data/axeyum/corpus/smtlib-2024/non-incremental/non-incremental/QF_S/20230329-automatark-lu/instance07457.smt2	sat	106	0	sat	106	0	A	sat
/nas3/data/axeyum/corpus/smtlib-2024/non-incremental/non-incremental/QF_UFLRA/mathsat/RandomCoupled/pb_real_30_0600_10_10.smt2	unknown	25132	0	unknown	25132	0	B	sat
/nas3/data/axeyum/corpus/smtlib-2024/non-incremental/non-incremental/QF_BV/sage/app12/bench_4422.smt2	unsat	105	0	unsat	106	0	A	unsat
/nas3/data/axeyum/corpus/smtlib-2024/non-incremental/non-incremental/QF_LIA/20220307-SMPT/SwimmingPool-PT-05/RF-05.smt2	sat	105	0	sat	106	0	B	sat
/nas3/data/axeyum/corpus/smtlib-2024/non-incremental/non-incremental/QF_RDL/sal/fischer9-mutex-20.smt2	unknown	24230	0	unknown	24233	0	A	unsat
/nas3/data/axeyum/corpus/smtlib-2024/non-incremental/non-incremental/QF_UFLIA/mathsat/Hash/hash_uns_05_08.smt2	unknown	24328	0	unknown	24328	0	B	unsat
/nas3/data/axeyum/corpus/smtlib-2024/non-incremental/non-incremental/QF_ABV/egt/egt-1558.smt2	sat	106	0	sat	105	0	A	sat
/nas3/data/axeyum/corpus/smtlib-2024/non-incremental/non-incremental/QF_IDL/job_shop/jobshop18-2-9-9-4-4-11.smt2	unknown	25027	0	unknown	25032	0	B	unsat
/nas3/data/axeyum/corpus/smtlib-2024/non-incremental/non-incremental/QF_NRA/meti-tarski/Nichols-Plot/Inverted-Pendulum/Nichols-Plot-Inverted-Pendulum-Fails-1-6-chunk-0040.smt2	unknown	2108	0	unknown	2108	0	A	sat
/nas3/data/axeyum/corpus/smtlib-2024/non-incremental/non-incremental/QF_UF/QG-classification/qg5/gensys_icl850.smt2	unsat	906	0	unsat	906	0	B	unsat
/nas3/data/axeyum/corpus/smtlib-2024/non-incremental/non-incremental/QF_FP/wintersteiger/max/max-has-no-other-solution-6011.smt2	unsat	106	0	unsat	106	0	A	unsat
/nas3/data/axeyum/corpus/smtlib-2024/non-incremental/non-incremental/QF_NIA/20170427-VeryMax/ITS/From_T2__mc91test.t2__p3142_terminationG_0.smt2	sat	12920	0	sat	12618	0	B	sat
/nas3/data/axeyum/corpus/smtlib-2024/non-incremental/non-incremental/QF_SLIA/2019-Jiang/slent/slent_kaluza_1335_sink.smt2	unsat	105	0	unsat	105	0	A	unknown
/nas3/data/axeyum/corpus/smtlib-2024/non-incremental/non-incremental/UF/sledgehammer/FFT/uf.734908.smt2	unknown	24129	0	unknown	24130	0	B	unknown
/nas3/data/axeyum/corpus/smtlib-2024/non-incremental/non-incremental/QF_DT/20172804-Barrett/barrett-jsat/typed/v1/typed_v1l80045.cvc.smt2	unsat	105	0	unsat	105	0	A	unsat
/nas3/data/axeyum/corpus/smtlib-2024/non-incremental/non-incremental/QF_LRA/meti-tarski/Chua/2/VC2/L/Chua-2-VC2-L-chunk-0048.smt2	sat	105	0	sat	105	0	B	sat
/nas3/data/axeyum/corpus/smtlib-2024/non-incremental/non-incremental/QF_S/20230329-automatark-lu/instance07833.smt2	sat	106	0	sat	105	0	A	sat
/nas3/data/axeyum/corpus/smtlib-2024/non-incremental/non-incremental/QF_UFLRA/mathsat/RandomCoupled/pb_real_30_0750_10_14.smt2	unsat	4509	0	unsat	4509	0	B	unsat
/nas3/data/axeyum/corpus/smtlib-2024/non-incremental/non-incremental/QF_BV/sage/app12/bench_5250.smt2	unsat	105	0	unsat	105	0	A	unsat
/nas3/data/axeyum/corpus/smtlib-2024/non-incremental/non-incremental/QF_LIA/CAV_2009_benchmarks/coef-size/smt/size-100/problem__006.smt2	unknown	106	0	unknown	105	0	B	unsat
/nas3/data/axeyum/corpus/smtlib-2024/non-incremental/non-incremental/QF_RDL/sal/fischer9-mutex-6.smt2	unsat	406	0	unsat	405	0	A	unsat
/nas3/data/axeyum/corpus/smtlib-2024/non-incremental/non-incremental/QF_UFLIA/mathsat/Hash/hash_uns_05_20.smt2	unknown	24330	0	unsat	16116	0	B	unsat
/nas3/data/axeyum/corpus/smtlib-2024/non-incremental/non-incremental/QF_ABV/egt/egt-1875.smt2	sat	105	0	sat	105	0	A	sat
/nas3/data/axeyum/corpus/smtlib-2024/non-incremental/non-incremental/QF_IDL/job_shop/jobshop4-2-2-2-4-4-11.smt2	unsat	105	0	unsat	105	0	B	unsat
/nas3/data/axeyum/corpus/smtlib-2024/non-incremental/non-incremental/QF_NRA/meti-tarski/atan/problem/1/atan-problem-1-chunk-0073.smt2	sat	106	0	sat	105	0	A	sat
/nas3/data/axeyum/corpus/smtlib-2024/non-incremental/non-incremental/QF_UF/QG-classification/qg5/gensys_icl998.smt2	unsat	706	0	unsat	806	0	B	unsat
/nas3/data/axeyum/corpus/smtlib-2024/non-incremental/non-incremental/QF_FP/wintersteiger/max/max-has-solution-16227.smt2	sat	105	0	sat	105	0	A	sat
/nas3/data/axeyum/corpus/smtlib-2024/non-incremental/non-incremental/QF_NIA/20170427-VeryMax/ITS/From_T2__n-5.t2__p4694_edge_closing_0.smt2	sat	11317	0	sat	11317	0	B	sat
/nas3/data/axeyum/corpus/smtlib-2024/non-incremental/non-incremental/QF_SLIA/2019-Leetcode/minCut/d5b4eb02b18d19ffaeebfb28cc663e6bc15658a2bcfc16689f2edbe0.smt2	unsat	104	0	unsat	105	0	A	unknown
/nas3/data/axeyum/corpus/smtlib-2024/non-incremental/non-incremental/UF/sledgehammer/FFT/uf.832362.smt2	sat	105	0	sat	105	0	B	sat
/nas3/data/axeyum/corpus/smtlib-2024/non-incremental/non-incremental/QF_DT/20172804-Barrett/barrett-jsat/typed/v10/typed_v10l20017.cvc.smt2	sat	105	0	sat	105	0	A	sat
/nas3/data/axeyum/corpus/smtlib-2024/non-incremental/non-incremental/QF_LRA/meti-tarski/atan/problem/2/weak2/atan-problem-2-weak2-chunk-0054.smt2	sat	105	0	sat	105	0	B	sat
/nas3/data/axeyum/corpus/smtlib-2024/non-incremental/non-incremental/QF_S/20230329-automatark-lu/instance08209.smt2	unsat	105	0	unsat	105	0	A	unsat
/nas3/data/axeyum/corpus/smtlib-2024/non-incremental/non-incremental/QF_UFLRA/mathsat/RandomCoupled/pb_real_30_0900_10_18.smt2	unsat	4710	0	unsat	4709	0	B	unsat
/nas3/data/axeyum/corpus/smtlib-2024/non-incremental/non-incremental/QF_BV/sage/app12/bench_873.smt2	unsat	105	0	unsat	106	0	A	unsat
/nas3/data/axeyum/corpus/smtlib-2024/non-incremental/non-incremental/QF_LIA/CAV_2009_benchmarks/smt/25-vars/problem_2__034.smt2	unknown	24130	0	unknown	24028	0	B	sat
/nas3/data/axeyum/corpus/smtlib-2024/non-incremental/non-incremental/QF_RDL/scheduling/abz5_1000.smt2	unsat	104	0	unsat	106	0	A	unsat
/nas3/data/axeyum/corpus/smtlib-2024/non-incremental/non-incremental/QF_UFLIA/mathsat/Wisa/xs-05-19-1-4-2-1.smt2	unsat	106	0	unsat	106	0	B	unsat
/nas3/data/axeyum/corpus/smtlib-2024/non-incremental/non-incremental/QF_ABV/egt/egt-2179.smt2	sat	106	0	sat	105	0	A	sat
/nas3/data/axeyum/corpus/smtlib-2024/non-incremental/non-incremental/QF_IDL/job_shop/jobshop60-2-30-30-4-4-11.smt2	unknown	21326	0	unknown	21327	0	B	unknown
/nas3/data/axeyum/corpus/smtlib-2024/non-incremental/non-incremental/QF_NRA/meti-tarski/atan/problem/2/weak/atan-problem-2-weak-chunk-0018.smt2	unknown	18925	0	unknown	18926	0	A	sat
/nas3/data/axeyum/corpus/smtlib-2024/non-incremental/non-incremental/QF_UF/QG-classification/qg5/iso_brn1042.smt2	sat	105	0	sat	105	0	B	sat
/nas3/data/axeyum/corpus/smtlib-2024/non-incremental/non-incremental/QF_FP/wintersteiger/max/max-has-solution-8765.smt2	sat	106	0	sat	105	0	A	sat
/nas3/data/axeyum/corpus/smtlib-2024/non-incremental/non-incremental/QF_NIA/20170427-VeryMax/ITS/From_T2__p-43-terminate.t2__term_unfeasibility_1_0.smt2	unknown	24131	0	unknown	24130	0	B	unsat
/nas3/data/axeyum/corpus/smtlib-2024/non-incremental/non-incremental/QF_SLIA/2019-Leetcode/validPalindrome/37cf9ead15474a8cc8203d22f528fe55cf756a2a53b8637f31c3a2bc.smt2	unsat	107	0	unsat	106	0	A	unknown
/nas3/data/axeyum/corpus/smtlib-2024/non-incremental/non-incremental/UF/sledgehammer/Fundamental_Theorem_Algebra/smtlib.723818.smt2	sat	205	0	sat	206	0	B	sat
/nas3/data/axeyum/corpus/smtlib-2024/non-incremental/non-incremental/QF_DT/20172804-Barrett/barrett-jsat/typed/v10/typed_v10l30089.cvc.smt2	sat	106	0	sat	106	0	A	sat
/nas3/data/axeyum/corpus/smtlib-2024/non-incremental/non-incremental/QF_LRA/meti-tarski/bottom-plate-mixer/bottom-plate-mixer-chunk-0019.smt2	sat	106	0	sat	106	0	B	sat
/nas3/data/axeyum/corpus/smtlib-2024/non-incremental/non-incremental/QF_S/20230329-automatark-lu/instance08585.smt2	sat	106	0	sat	106	0	A	sat
/nas3/data/axeyum/corpus/smtlib-2024/non-incremental/non-incremental/QF_UFLRA/mathsat/RandomCoupled/pb_real_40_0400_10_22.smt2	unknown	25133	0	unknown	25133	0	B	sat
/nas3/data/axeyum/corpus/smtlib-2024/non-incremental/non-incremental/QF_BV/sage/app2/bench_425.smt2	unsat	105	0	unsat	105	0	A	unsat
/nas3/data/axeyum/corpus/smtlib-2024/non-incremental/non-incremental/QF_LIA/CAV_2009_benchmarks/smt/45-vars/problem_2__018.smt2	sat	1907	0	sat	1907	0	B	sat
/nas3/data/axeyum/corpus/smtlib-2024/non-incremental/non-incremental/QF_RDL/scheduling/abz5_1400.smt2	sat	105	0	sat	105	0	A	sat
/nas3/data/axeyum/corpus/smtlib-2024/non-incremental/non-incremental/QF_UFLIA/mathsat/Wisa/xs-06-18-1-2-1-5.smt2	unsat	105	0	unsat	106	0	B	unsat
/nas3/data/axeyum/corpus/smtlib-2024/non-incremental/non-incremental/QF_ABV/egt/egt-2488.smt2	unsat	104	0	unsat	105	0	A	unsat
/nas3/data/axeyum/corpus/smtlib-2024/non-incremental/non-incremental/QF_IDL/mathsat/fischer/FISCHER13-13-ninc.smt2	unknown	25022	0	unknown	25128	0	B	unsat
/nas3/data/axeyum/corpus/smtlib-2024/non-incremental/non-incremental/QF_NRA/meti-tarski/atan/problem/2/weak2/atan-problem-2-weak2-chunk-0085.smt2	unsat	105	0	unsat	105	0	A	unsat
/nas3/data/axeyum/corpus/smtlib-2024/non-incremental/non-incremental/QF_UF/QG-classification/qg5/iso_brn1177.smt2	unsat	106	0	unsat	104	0	B	unsat
/nas3/data/axeyum/corpus/smtlib-2024/non-incremental/non-incremental/QF_FP/wintersteiger/min/min-has-no-other-solution-18894.smt2	unsat	104	0	unsat	105	0	A	unsat
/nas3/data/axeyum/corpus/smtlib-2024/non-incremental/non-incremental/QF_NIA/20170427-VeryMax/ITS/From_T2__queens.t2__term_unfeasibility_1_0.smt2	sat	10916	0	sat	10915	0	B	sat
/nas3/data/axeyum/corpus/smtlib-2024/non-incremental/non-incremental/QF_SLIA/2019-full_str_int/py-conbyte_cvc4/leetcode_int-restoreIpAddresses/1063.smt2	sat	105	0	sat	106	0	A	unknown
/nas3/data/axeyum/corpus/smtlib-2024/non-incremental/non-incremental/UF/sledgehammer/Fundamental_Theorem_Algebra/uf.1158058.smt2	unknown	24930	0	unknown	25131	0	B	unsat
/nas3/data/axeyum/corpus/smtlib-2024/non-incremental/non-incremental/QF_DT/20172804-Barrett/barrett-jsat/typed/v10/typed_v10l50061.cvc.smt2	sat	105	0	sat	105	0	A	sat
/nas3/data/axeyum/corpus/smtlib-2024/non-incremental/non-incremental/QF_LRA/meti-tarski/cbrt/3/cbrt-problem-3-chunk-0074.smt2	unsat	105	0	unsat	105	0	B	unsat
/nas3/data/axeyum/corpus/smtlib-2024/non-incremental/non-incremental/QF_S/20230329-automatark-lu/instance08961.smt2	unsat	105	0	unsat	105	0	A	unsat
/nas3/data/axeyum/corpus/smtlib-2024/non-incremental/non-incremental/QF_UFLRA/mathsat/RandomCoupled/pb_real_40_0600_10_26.smt2	unknown	25032	0	unknown	25131	0	B	sat
/nas3/data/axeyum/corpus/smtlib-2024/non-incremental/non-incremental/QF_BV/sage/app5/bench_126.smt2	unsat	106	0	unsat	106	0	A	unsat
/nas3/data/axeyum/corpus/smtlib-2024/non-incremental/non-incremental/QF_LIA/bofill-scheduling/SMT_random_LIA/ex13800_2600_100.smt2	unknown	24129	0	unknown	24127	0	B	unsat
/nas3/data/axeyum/corpus/smtlib-2024/non-incremental/non-incremental/QF_RDL/scheduling/abz6_900.smt2	unsat	306	0	unsat	305	0	A	unsat
/nas3/data/axeyum/corpus/smtlib-2024/non-incremental/non-incremental/QF_UFLIA/mathsat/Wisa/xs-07-16-2-4-3-5.smt2	unsat	206	0	unsat	207	0	B	unsat
/nas3/data/axeyum/corpus/smtlib-2024/non-incremental/non-incremental/QF_ABV/egt/egt-2798.smt2	sat	105	0	sat	107	0	A	sat
/nas3/data/axeyum/corpus/smtlib-2024/non-incremental/non-incremental/QF_IDL/mathsat/fischer/FISCHER6-6-ninc.smt2	unsat	206	0	unsat	205	0	B	unsat
/nas3/data/axeyum/corpus/smtlib-2024/non-incremental/non-incremental/QF_NRA/meti-tarski/atan/vega/3/atan-vega-3-chunk-0181.smt2	sat	107	0	sat	105	0	A	sat
/nas3/data/axeyum/corpus/smtlib-2024/non-incremental/non-incremental/QF_UF/QG-classification/qg5/iso_brn1311.smt2	sat	106	0	sat	105	0	B	sat
/nas3/data/axeyum/corpus/smtlib-2024/non-incremental/non-incremental/QF_FP/wintersteiger/min/min-has-solution-10978.smt2	sat	105	0	sat	105	0	A	sat
/nas3/data/axeyum/corpus/smtlib-2024/non-incremental/non-incremental/QF_NIA/20170427-VeryMax/ITS/From_T2__s1-striped.t2__p13494_safety_0.smt2	sat	11516	0	sat	11718	0	B	sat
/nas3/data/axeyum/corpus/smtlib-2024/non-incremental/non-incremental/QF_SLIA/2019-full_str_int/py-conbyte_cvc4/leetcode_int-restoreIpAddresses/258.smt2	unsat	206	0	unsat	206	0	A	unknown
/nas3/data/axeyum/corpus/smtlib-2024/non-incremental/non-incremental/UF/sledgehammer/Fundamental_Theorem_Algebra/uf.1294868.smt2	unknown	15621	0	unknown	15522	0	B	unknown
/nas3/data/axeyum/corpus/smtlib-2024/non-incremental/non-incremental/QF_DT/20172804-Barrett/barrett-jsat/typed/v10/typed_v10l70033.cvc.smt2	sat	105	0	sat	106	0	A	sat
/nas3/data/axeyum/corpus/smtlib-2024/non-incremental/non-incremental/QF_LRA/meti-tarski/polypaver/bench-exp-3d/polypaver-bench-exp-3d-chunk-0019.smt2	unsat	105	0	unsat	106	0	B	unsat
/nas3/data/axeyum/corpus/smtlib-2024/non-incremental/non-incremental/QF_S/20230329-automatark-lu/instance09337.smt2	unsat	105	0	unsat	105	0	A	unsat
/nas3/data/axeyum/corpus/smtlib-2024/non-incremental/non-incremental/QF_UFLRA/mathsat/RandomCoupled/pb_real_40_1000_10_10.smt2	unsat	9815	0	unsat	10114	0	B	unsat
/nas3/data/axeyum/corpus/smtlib-2024/non-incremental/non-incremental/QF_BV/sage/app6/bench_190.smt2	sat	105	0	sat	105	0	A	sat
/nas3/data/axeyum/corpus/smtlib-2024/non-incremental/non-incremental/QF_LIA/bofill-scheduling/SMT_real_LIA/ex3000_2400_100.smt2	unsat	8212	0	unsat	8213	0	B	unsat
/nas3/data/axeyum/corpus/smtlib-2024/non-incremental/non-incremental/QF_RDL/scheduling/abz7_667.smt2	unknown	24129	0	unknown	24130	0	A	unknown
/nas3/data/axeyum/corpus/smtlib-2024/non-incremental/non-incremental/QF_UFLIA/mathsat/Wisa/xs-08-15-4-2-1-4.smt2	unsat	706	0	unsat	707	0	B	unsat
/nas3/data/axeyum/corpus/smtlib-2024/non-incremental/non-incremental/QF_ABV/egt/egt-3108.smt2	unsat	106	0	unsat	105	0	A	unsat
/nas3/data/axeyum/corpus/smtlib-2024/non-incremental/non-incremental/QF_IDL/mathsat/post_office/PO4-3-PO4.smt2	unsat	205	0	unsat	206	0	B	unsat
/nas3/data/axeyum/corpus/smtlib-2024/non-incremental/non-incremental/QF_NRA/meti-tarski/atan/vega/3/atan-vega-3-chunk-0425.smt2	sat	106	0	sat	105	0	A	sat
/nas3/data/axeyum/corpus/smtlib-2024/non-incremental/non-incremental/QF_UF/QG-classification/qg5/iso_brn263.smt2	sat	105	0	sat	106	0	B	sat
/nas3/data/axeyum/corpus/smtlib-2024/non-incremental/non-incremental/QF_FP/wintersteiger/min/min-has-solution-3630.smt2	sat	106	0	sat	105	0	A	sat
/nas3/data/axeyum/corpus/smtlib-2024/non-incremental/non-incremental/QF_NIA/20170427-VeryMax/ITS/From_T2__s1-striped.t2_fixed__p11698_safety_0.smt2	unknown	24130	0	unknown	24030	0	B	unsat
/nas3/data/axeyum/corpus/smtlib-2024/non-incremental/non-incremental/QF_SLIA/2019-full_str_int/py-conbyte_cvc4/leetcode_int-restoreIpAddresses/4095.smt2	unsat	205	0	unsat	205	0	A	unknown
/nas3/data/axeyum/corpus/smtlib-2024/non-incremental/non-incremental/UF/sledgehammer/Fundamental_Theorem_Algebra/uf.1421601.smt2	unknown	13520	0	unknown	13720	0	B	unknown
/nas3/data/axeyum/corpus/smtlib-2024/non-incremental/non-incremental/QF_DT/20172804-Barrett/barrett-jsat/typed/v10/typed_v10l90005.cvc.smt2	sat	105	0	sat	105	0	A	sat
/nas3/data/axeyum/corpus/smtlib-2024/non-incremental/non-incremental/QF_LRA/meti-tarski/polypaver/bench-exp-3d/polypaver-bench-exp-3d-chunk-0060.smt2	sat	105	0	sat	105	0	B	sat
/nas3/data/axeyum/corpus/smtlib-2024/non-incremental/non-incremental/QF_S/20230329-automatark-lu/instance09713.smt2	sat	105	0	sat	104	0	A	sat
/nas3/data/axeyum/corpus/smtlib-2024/non-incremental/non-incremental/QF_UFLRA/mathsat/RandomCoupled/pb_real_40_1200_10_14.smt2	unsat	16621	0	unsat	16221	0	B	unsat
/nas3/data/axeyum/corpus/smtlib-2024/non-incremental/non-incremental/QF_BV/sage/app7/bench_1697.smt2	unsat	2008	0	unsat	2008	0	A	unsat
/nas3/data/axeyum/corpus/smtlib-2024/non-incremental/non-incremental/QF_LIA/bofill-scheduling/SMT_real_LIA/ex8280_2400_100.smt2	sat	16721	0	sat	17424	0	B	sat
/nas3/data/axeyum/corpus/smtlib-2024/non-incremental/non-incremental/QF_RDL/scheduling/abz7_800.smt2	sat	2107	0	sat	2107	0	A	sat
/nas3/data/axeyum/corpus/smtlib-2024/non-incremental/non-incremental/QF_UFLIA/mathsat/Wisa/xs-09-13-2-3-1-3.smt2	unsat	1106	0	unsat	1006	0	B	unsat
/nas3/data/axeyum/corpus/smtlib-2024/non-incremental/non-incremental/QF_ABV/egt/egt-3417.smt2	unsat	105	0	unsat	105	0	A	unsat
/nas3/data/axeyum/corpus/smtlib-2024/non-incremental/non-incremental/QF_IDL/parity/06.100.graph.smt2	sat	106	0	sat	105	0	B	sat
/nas3/data/axeyum/corpus/smtlib-2024/non-incremental/non-incremental/QF_NRA/meti-tarski/atan/vega/3/weak/atan-vega-3-weak-chunk-0104.smt2	unsat	105	0	unsat	106	0	A	unsat
/nas3/data/axeyum/corpus/smtlib-2024/non-incremental/non-incremental/QF_UF/QG-classification/qg5/iso_brn411.smt2	unsat	105	0	unsat	106	0	B	unsat
/nas3/data/axeyum/corpus/smtlib-2024/non-incremental/non-incremental/QF_FP/wintersteiger/mul/mul-has-no-other-solution-13572.smt2	unsat	104	0	unsat	106	0	A	unsat
/nas3/data/axeyum/corpus/smtlib-2024/non-incremental/non-incremental/QF_NIA/20170427-VeryMax/ITS/From_T2__s1.t2_fixed__p15159_terminationG_0.smt2	sat	13920	0	sat	12817	0	B	sat
/nas3/data/axeyum/corpus/smtlib-2024/non-incremental/non-incremental/QF_SLIA/2019-full_str_int/py-conbyte_cvc4/leetcode_int-restoreIpAddresses/5610.smt2	unsat	307	0	unsat	306	0	A	unknown
/nas3/data/axeyum/corpus/smtlib-2024/non-incremental/non-incremental/UF/sledgehammer/Fundamental_Theorem_Algebra/uf.658398.smt2	unknown	24330	0	unknown	24530	0	B	unknown
/nas3/data/axeyum/corpus/smtlib-2024/non-incremental/non-incremental/QF_DT/20172804-Barrett/barrett-jsat/typed/v2/typed_v2l20077.cvc.smt2	sat	106	0	sat	105	0	A	sat
/nas3/data/axeyum/corpus/smtlib-2024/non-incremental/non-incremental/QF_LRA/meti-tarski/sin/problem/7/sin-problem-7-chunk-0004.smt2	sat	106	0	sat	105	0	B	sat
/nas3/data/axeyum/corpus/smtlib-2024/non-incremental/non-incremental/QF_S/20230329-automatark-lu/instance10089.smt2	sat	106	0	sat	105	0	A	sat
/nas3/data/axeyum/corpus/smtlib-2024/non-incremental/non-incremental/QF_UFLRA/mathsat/RandomDecoupled/pb_real_30_60_45_08.smt2	sat	2607	0	sat	2509	0	B	sat
/nas3/data/axeyum/corpus/smtlib-2024/non-incremental/non-incremental/QF_BV/sage/app7/bench_2524.smt2	unsat	106	0	unsat	105	0	A	unsat
/nas3/data/axeyum/corpus/smtlib-2024/non-incremental/non-incremental/QF_LIA/convert/convert-jpg2gif-query-1423.smt2	unknown	24129	0	unknown	24130	0	B	sat
/nas3/data/axeyum/corpus/smtlib-2024/non-incremental/non-incremental/QF_RDL/scheduling/orb01_1200.smt2	sat	406	0	sat	506	0	A	sat
/nas3/data/axeyum/corpus/smtlib-2024/non-incremental/non-incremental/QF_UFLIA/mathsat/Wisa/xs-10-12-4-1-1-4.smt2	sat	306	0	sat	205	0	B	sat
/nas3/data/axeyum/corpus/smtlib-2024/non-incremental/non-incremental/QF_ABV/egt/egt-3720.smt2	unsat	105	0	unsat	106	0	A	unsat
/nas3/data/axeyum/corpus/smtlib-2024/non-incremental/non-incremental/QF_IDL/parity/12.100.graph.smt2	sat	106	0	sat	105	0	B	sat
/nas3/data/axeyum/corpus/smtlib-2024/non-incremental/non-incremental/QF_NRA/meti-tarski/atan/vega/3/weak/atan-vega-3-weak-chunk-0388.smt2	unknown	12619	0	unknown	12218	0	A	unsat
/nas3/data/axeyum/corpus/smtlib-2024/non-incremental/non-incremental/QF_UF/QG-classification/qg5/iso_brn559.smt2	unsat	105	0	unsat	105	0	B	unsat
/nas3/data/axeyum/corpus/smtlib-2024/non-incremental/non-incremental/QF_FP/wintersteiger/mul/mul-has-no-other-solution-5439.smt2	unsat	105	0	unsat	106	0	A	unsat
/nas3/data/axeyum/corpus/smtlib-2024/non-incremental/non-incremental/QF_NIA/20170427-VeryMax/ITS/From_T2__slayer-3-new.t2__p21995_terminationG_0.smt2	unknown	12418	0	unknown	12419	0	B	unknown
/nas3/data/axeyum/corpus/smtlib-2024/non-incremental/non-incremental/QF_SLIA/2019-full_str_int/py-conbyte_cvc4/leetcode_int-restoreIpAddresses/7126.smt2	unsat	206	0	unsat	205	0	A	unknown
/nas3/data/axeyum/corpus/smtlib-2024/non-incremental/non-incremental/UF/sledgehammer/Fundamental_Theorem_Algebra/uf.790950.smt2	unknown	8015	0	unknown	8315	0	B	unknown
/nas3/data/axeyum/corpus/smtlib-2024/non-incremental/non-incremental/QF_DT/20172804-Barrett/barrett-jsat/typed/v2/typed_v2l40049.cvc.smt2	sat	107	0	sat	105	0	A	sat
/nas3/data/axeyum/corpus/smtlib-2024/non-incremental/non-incremental/QF_LRA/meti-tarski/sin/problem/7/weak/sin-problem-7-weak-chunk-0007.smt2	sat	106	0	sat	106	0	B	sat
/nas3/data/axeyum/corpus/smtlib-2024/non-incremental/non-incremental/QF_S/20230329-automatark-lu/instance10465.smt2	unsat	105	0	unsat	106	0	A	unsat
/nas3/data/axeyum/corpus/smtlib-2024/non-incremental/non-incremental/QF_UFLRA/mathsat/RandomDecoupled/pb_real_30_60_45_32.smt2	sat	2809	0	sat	2707	0	B	sat
/nas3/data/axeyum/corpus/smtlib-2024/non-incremental/non-incremental/QF_BV/sage/app7/bench_3352.smt2	unsat	706	0	unsat	706	0	A	unsat
/nas3/data/axeyum/corpus/smtlib-2024/non-incremental/non-incremental/QF_LIA/cut_lemmas/20-vars/cut_lemma_03_009.smt2	unknown	24132	0	unknown	24031	0	B	unsat
/nas3/data/axeyum/corpus/smtlib-2024/non-incremental/non-incremental/QF_RDL/scheduling/orb02_800.smt2	unsat	205	0	unsat	206	0	A	unsat
/nas3/data/axeyum/corpus/smtlib-2024/non-incremental/non-incremental/QF_UFLIA/mathsat/Wisa/xs-11-10-2-5-3-2.smt2	sat	306	0	sat	305	0	B	sat
/nas3/data/axeyum/corpus/smtlib-2024/non-incremental/non-incremental/QF_ABV/egt/egt-4025.smt2	sat	105	0	sat	106	0	A	sat
/nas3/data/axeyum/corpus/smtlib-2024/non-incremental/non-incremental/QF_IDL/parity/18.100.graph.smt2	unsat	105	0	unsat	105	0	B	unsat
/nas3/data/axeyum/corpus/smtlib-2024/non-incremental/non-incremental/QF_NRA/meti-tarski/atan/vega/3/weak/atan-vega-3-weak-chunk-0653.smt2	unknown	2709	0	unknown	2708	0	A	sat
/nas3/data/axeyum/corpus/smtlib-2024/non-incremental/non-incremental/QF_UF/QG-classification/qg5/iso_brn707.smt2	sat	106	0	sat	106	0	B	sat
/nas3/data/axeyum/corpus/smtlib-2024/non-incremental/non-incremental/QF_FP/wintersteiger/mul/mul-has-solution-15270.smt2	sat	106	0	sat	105	0	A	sat
/nas3/data/axeyum/corpus/smtlib-2024/non-incremental/non-incremental/QF_NIA/20170427-VeryMax/ITS/From_T2__slayer-n1.t2_fixed__p22997_safety_0.smt2	unsat	8314	0	unsat	8213	0	B	unsat
/nas3/data/axeyum/corpus/smtlib-2024/non-incremental/non-incremental/QF_SLIA/2019-full_str_int/py-conbyte_trauc/leetcode_int-addStrings/31.smt2	sat	205	0	sat	205	0	A	unknown
/nas3/data/axeyum/corpus/smtlib-2024/non-incremental/non-incremental/UF/sledgehammer/Fundamental_Theorem_Algebra/uf.937758.smt2	sat	106	0	sat	105	0	B	sat
/nas3/data/axeyum/corpus/smtlib-2024/non-incremental/non-incremental/QF_DT/20172804-Barrett/barrett-jsat/typed/v2/typed_v2l60021.cvc.smt2	unsat	106	0	unsat	105	0	A	unsat
/nas3/data/axeyum/corpus/smtlib-2024/non-incremental/non-incremental/QF_LRA/meti-tarski/sin/problem/7/weak/sin-problem-7-weak-chunk-0046.smt2	sat	107	0	sat	105	0	B	sat
/nas3/data/axeyum/corpus/smtlib-2024/non-incremental/non-incremental/QF_S/20230329-automatark-lu/instance10841.smt2	unsat	104	0	unsat	106	0	A	unsat
/nas3/data/axeyum/corpus/smtlib-2024/non-incremental/non-incremental/QF_UFLRA/mathsat/RandomDecoupled/pb_real_30_60_45_56.smt2	sat	2908	0	sat	2809	0	B	sat
/nas3/data/axeyum/corpus/smtlib-2024/non-incremental/non-incremental/QF_BV/sage/app7/bench_4180.smt2	unsat	105	0	unsat	105	0	A	unsat
/nas3/data/axeyum/corpus/smtlib-2024/non-incremental/non-incremental/QF_LIA/mathsat/FISCHER10-13-fair.smt2	unknown	25031	0	unknown	24629	0	B	unsat
/nas3/data/axeyum/corpus/smtlib-2024/non-incremental/non-incremental/QF_RDL/scheduling/orb03_1100.smt2	sat	9715	0	sat	10617	0	A	sat
/nas3/data/axeyum/corpus/smtlib-2024/non-incremental/non-incremental/QF_UFLIA/mathsat/Wisa/xs-12-08-5-2-5-3.smt2	sat	707	0	sat	606	0	B	sat
/nas3/data/axeyum/corpus/smtlib-2024/non-incremental/non-incremental/QF_ABV/egt/egt-4333.smt2	unsat	105	0	unsat	106	0	A	unsat
/nas3/data/axeyum/corpus/smtlib-2024/non-incremental/non-incremental/QF_IDL/parity/24.100.graph.smt2	unsat	106	0	unsat	106	0	B	unsat
/nas3/data/axeyum/corpus/smtlib-2024/non-incremental/non-incremental/QF_NRA/meti-tarski/exp/problem/10/2/exp-problem-10-2-chunk-0017.smt2	unknown	4711	0	unknown	4611	0	A	sat
/nas3/data/axeyum/corpus/smtlib-2024/non-incremental/non-incremental/QF_UF/QG-classification/qg5/iso_brn855.smt2	unsat	105	0	unsat	106	0	B	unsat
/nas3/data/axeyum/corpus/smtlib-2024/non-incremental/non-incremental/QF_FP/wintersteiger/mul/mul-has-solution-7167.smt2	sat	106	0	sat	107	0	A	sat
/nas3/data/axeyum/corpus/smtlib-2024/non-incremental/non-incremental/QF_NIA/20170427-VeryMax/ITS/From_T2__streamserver.bug.t2__terminationS_1_0.smt2	unknown	24230	0	unknown	24232	0	B	unsat
/nas3/data/axeyum/corpus/smtlib-2024/non-incremental/non-incremental/QF_SLIA/2019-full_str_int/py-conbyte_z3seq/leetcode_int-restoreIpAddresses/118.smt2	unsat	307	0	unsat	305	0	A	unknown
/nas3/data/axeyum/corpus/smtlib-2024/non-incremental/non-incremental/UF/sledgehammer/Hoare/uf.1001519.smt2	unsat	3910	0	unsat	3908	0	B	unsat
/nas3/data/axeyum/corpus/smtlib-2024/non-incremental/non-incremental/QF_DT/20172804-Barrett/barrett-jsat/typed/v2/typed_v2l70093.cvc.smt2	unsat	105	0	unsat	105	0	A	unsat
/nas3/data/axeyum/corpus/smtlib-2024/non-incremental/non-incremental/QF_LRA/meti-tarski/sin/problem/7/weak2/sin-problem-7-weak2-chunk-0006.smt2	sat	105	0	sat	105	0	B	sat
/nas3/data/axeyum/corpus/smtlib-2024/non-incremental/non-incremental/QF_S/20230329-automatark-lu/instance11217.smt2	unsat	305	0	unsat	305	0	A	unknown
/nas3/data/axeyum/corpus/smtlib-2024/non-incremental/non-incremental/QF_UFLRA/mathsat/RandomDecoupled/pb_real_30_60_45_80.smt2	sat	2508	0	sat	2608	0	B	sat
/nas3/data/axeyum/corpus/smtlib-2024/non-incremental/non-incremental/QF_BV/sage/app7/bench_5008.smt2	unsat	305	0	unsat	305	0	A	unsat
/nas3/data/axeyum/corpus/smtlib-2024/non-incremental/non-incremental/QF_LIA/nec-smt/large/bftpd_login/prp-34-50.smt2	unknown	25132	0	unknown	25131	0	B	unsat
/nas3/data/axeyum/corpus/smtlib-2024/non-incremental/non-incremental/QF_RDL/scheduling/orb04_1005.smt2	unknown	24030	0	unknown	24032	0	A	sat
/nas3/data/axeyum/corpus/smtlib-2024/non-incremental/non-incremental/QF_UFLIA/mathsat/Wisa/xs-13-06-1-1-2-4.smt2	sat	706	0	sat	705	0	B	sat
/nas3/data/axeyum/corpus/smtlib-2024/non-incremental/non-incremental/QF_ABV/egt/egt-4640.smt2	sat	105	0	sat	105	0	A	sat
/nas3/data/axeyum/corpus/smtlib-2024/non-incremental/non-incremental/QF_IDL/parity/30.100.graph.smt2	unsat	106	0	unsat	105	0	B	unsat
/nas3/data/axeyum/corpus/smtlib-2024/non-incremental/non-incremental/QF_NRA/meti-tarski/exp/problem/10/2/exp-problem-10-2-chunk-0266.smt2	unknown	4208	0	unknown	4210	0	A	unsat
/nas3/data/axeyum/corpus/smtlib-2024/non-incremental/non-incremental/QF_UF/QG-classification/qg5/iso_icl004.smt2	unsat	106	0	unsat	105	0	B	unsat
/nas3/data/axeyum/corpus/smtlib-2024/non-incremental/non-incremental/QF_FP/wintersteiger/rem/rem-has-no-other-solution-17378.smt2	unsat	505	0	unsat	505	0	A	unsat
/nas3/data/axeyum/corpus/smtlib-2024/non-incremental/non-incremental/QF_NIA/20170427-VeryMax/ITS/From_T2__zlib-adler32.c.t2__p25902_terminationG_0.smt2	sat	11016	0	sat	11016	0	B	sat
/nas3/data/axeyum/corpus/smtlib-2024/non-incremental/non-incremental/QF_SLIA/2019-full_str_int/py-conbyte_z3seq/leetcode_int-restoreIpAddresses/2756.smt2	unsat	405	0	unsat	406	0	A	unknown
/nas3/data/axeyum/corpus/smtlib-2024/non-incremental/non-incremental/UF/sledgehammer/Hoare/uf.575042.smt2	sat	105	0	sat	106	0	B	sat
/nas3/data/axeyum/corpus/smtlib-2024/non-incremental/non-incremental/QF_DT/20172804-Barrett/barrett-jsat/typed/v2/typed_v2l90065.cvc.smt2	unsat	105	0	unsat	105	0	A	unsat
/nas3/data/axeyum/corpus/smtlib-2024/non-incremental/non-incremental/QF_LRA/meti-tarski/sin/problem/7/weak2/sin-problem-7-weak2-chunk-0048.smt2	unsat	106	0	unsat	105	0	B	unsat
/nas3/data/axeyum/corpus/smtlib-2024/non-incremental/non-incremental/QF_S/20230329-automatark-lu/instance11593.smt2	sat	105	0	sat	105	0	A	sat
/nas3/data/axeyum/corpus/smtlib-2024/non-incremental/non-incremental/QF_UFLRA/mathsat/RandomDecoupled/pb_real_30_75_45_04.smt2	unsat	2907	0	unsat	2809	0	B	unsat
/nas3/data/axeyum/corpus/smtlib-2024/non-incremental/non-incremental/QF_BV/sage/app7/bench_5837.smt2	unsat	105	0	unsat	105	0	A	unsat
/nas3/data/axeyum/corpus/smtlib-2024/non-incremental/non-incremental/QF_LIA/nec-smt/large/checkpass/prp-17-46.smt2	unknown	24331	0	unknown	24532	0	B	unsat
/nas3/data/axeyum/corpus/smtlib-2024/non-incremental/non-incremental/QF_RDL/scheduling/orb04_950.smt2	unsat	4810	0	unsat	5211	0	A	unsat
/nas3/data/axeyum/corpus/smtlib-2024/non-incremental/non-incremental/QF_UFLIA/mathsat/Wisa/xs-13-20-2-2-4-4.smt2	sat	706	0	sat	706	0	B	sat
/nas3/data/axeyum/corpus/smtlib-2024/non-incremental/non-incremental/QF_ABV/egt/egt-4947.smt2	unsat	105	0	unsat	105	0	A	unsat
/nas3/data/axeyum/corpus/smtlib-2024/non-incremental/non-incremental/QF_IDL/planning/plan-42.cvc.smt2	unsat	607	0	unsat	606	0	B	unsat
/nas3/data/axeyum/corpus/smtlib-2024/non-incremental/non-incremental/QF_NRA/meti-tarski/exp/problem/10/3/exp-problem-10-3-chunk-0139.smt2	unknown	24031	0	unknown	24124	0	A	sat
/nas3/data/axeyum/corpus/smtlib-2024/non-incremental/non-incremental/QF_UF/QG-classification/qg5/iso_icl1047.smt2	unsat	106	0	unsat	106	0	B	unsat
/nas3/data/axeyum/corpus/smtlib-2024/non-incremental/non-incremental/QF_FP/wintersteiger/rem/rem-has-no-other-solution-9680.smt2	unsat	505	0	unsat	606	0	A	unsat
/nas3/data/axeyum/corpus/smtlib-2024/non-incremental/non-incremental/QF_NIA/20170427-VeryMax/SAT14/1280.smt2	sat	5312	0	sat	5310	0	B	sat
/nas3/data/axeyum/corpus/smtlib-2024/non-incremental/non-incremental/QF_SLIA/2019-full_str_int/py-conbyte_z3seq/leetcode_int-restoreIpAddresses/4465.smt2	unsat	406	0	unsat	406	0	A	unknown
/nas3/data/axeyum/corpus/smtlib-2024/non-incremental/non-incremental/UF/sledgehammer/Hoare/uf.780982.smt2	sat	105	0	sat	105	0	B	sat
/nas3/data/axeyum/corpus/smtlib-2024/non-incremental/non-incremental/QF_DT/20172804-Barrett/barrett-jsat/typed/v3/typed_v3l30037.cvc.smt2	sat	106	0	sat	106	0	A	sat
/nas3/data/axeyum/corpus/smtlib-2024/non-incremental/non-incremental/QF_LRA/meti-tarski/sqrt/1mcosq/7/sqrt-1mcosq-7-chunk-0008.smt2	sat	106	0	sat	106	0	B	sat
/nas3/data/axeyum/corpus/smtlib-2024/non-incremental/non-incremental/QF_S/20230329-automatark-lu/instance11969.smt2	sat	106	0	sat	106	0	A	sat
/nas3/data/axeyum/corpus/smtlib-2024/non-incremental/non-incremental/QF_UFLRA/mathsat/RandomDecoupled/pb_real_30_75_45_28.smt2	unsat	2708	0	unsat	2708	0	B	unsat
/nas3/data/axeyum/corpus/smtlib-2024/non-incremental/non-incremental/QF_BV/sage/app7/bench_6665.smt2	unsat	106	0	unsat	106	0	A	unsat
/nas3/data/axeyum/corpus/smtlib-2024/non-incremental/non-incremental/QF_LIA/nec-smt/large/checkpass_pwd/prp-17-34.smt2	unknown	22129	0	unknown	22028	0	B	sat
/nas3/data/axeyum/corpus/smtlib-2024/non-incremental/non-incremental/QF_RDL/scheduling/orb05_887.smt2	sat	12217	0	sat	12915	0	A	sat
/nas3/data/axeyum/corpus/smtlib-2024/non-incremental/non-incremental/QF_UFLIA/mathsat/Wisa/xs-14-17-5-4-3-1.smt2	sat	806	0	sat	706	0	B	sat
/nas3/data/axeyum/corpus/smtlib-2024/non-incremental/non-incremental/QF_ABV/egt/egt-5252.smt2	unsat	106	0	unsat	105	0	A	unsat
/nas3/data/axeyum/corpus/smtlib-2024/non-incremental/non-incremental/QF_IDL/qlock/qlock-4-10-27.induction.cvc.smt2	sat	9314	0	sat	9415	0	B	sat
/nas3/data/axeyum/corpus/smtlib-2024/non-incremental/non-incremental/QF_NRA/meti-tarski/exp/problem/10/3/weak/exp-problem-10-3-weak-chunk-0204.smt2	unknown	12520	0	unknown	12519	0	A	unsat
/nas3/data/axeyum/corpus/smtlib-2024/non-incremental/non-incremental/QF_UF/QG-classification/qg5/iso_icl1181.smt2	unsat	105	0	unsat	105	0	B	unsat
/nas3/data/axeyum/corpus/smtlib-2024/non-incremental/non-incremental/QF_FP/wintersteiger/rem/rem-has-solution-2112.smt2	sat	505	0	sat	506	0	A	sat
/nas3/data/axeyum/corpus/smtlib-2024/non-incremental/non-incremental/QF_NIA/20170427-VeryMax/SAT14/1738.smt2	unknown	24230	0	unknown	24230	0	B	sat
/nas3/data/axeyum/corpus/smtlib-2024/non-incremental/non-incremental/QF_SLIA/2019-full_str_int/py-conbyte_z3str/leetcode_int-restoreIpAddresses/582.smt2	unsat	306	0	unsat	305	0	A	unknown
/nas3/data/axeyum/corpus/smtlib-2024/non-incremental/non-incremental/UF/sledgehammer/NS_Shared/smtlib.599737.smt2	unknown	10617	0	unknown	10816	0	B	unknown
/nas3/data/axeyum/corpus/smtlib-2024/non-incremental/non-incremental/QF_DT/20172804-Barrett/barrett-jsat/typed/v3/typed_v3l50009.cvc.smt2	unsat	104	0	unsat	105	0	A	unsat
/nas3/data/axeyum/corpus/smtlib-2024/non-incremental/non-incremental/QF_LRA/meti-tarski/sqrt/1mcosq/8/sqrt-1mcosq-8-chunk-0010.smt2	sat	105	0	sat	105	0	B	sat
/nas3/data/axeyum/corpus/smtlib-2024/non-incremental/non-incremental/QF_S/20230329-automatark-lu/instance12345.smt2	unsat	104	0	unsat	105	0	A	unsat
/nas3/data/axeyum/corpus/smtlib-2024/non-incremental/non-incremental/QF_UFLRA/mathsat/RandomDecoupled/pb_real_30_75_45_52.smt2	unsat	3507	0	unsat	3508	0	B	unsat
/nas3/data/axeyum/corpus/smtlib-2024/non-incremental/non-incremental/QF_BV/sage/app7/bench_7493.smt2	sat	106	0	sat	105	0	A	sat
/nas3/data/axeyum/corpus/smtlib-2024/non-incremental/non-incremental/QF_LIA/nec-smt/large/checkpass_pwd/prp-35-43.smt2	unknown	21929	0	unknown	21929	0	B	sat
/nas3/data/axeyum/corpus/smtlib-2024/non-incremental/non-incremental/QF_RDL/scheduling/orb06_1100.smt2	sat	1307	0	sat	1407	0	A	sat
/nas3/data/axeyum/corpus/smtlib-2024/non-incremental/non-incremental/QF_UFLIA/mathsat/Wisa/xs-15-14-5-5-5-1.smt2	sat	806	0	sat	706	0	B	sat
/nas3/data/axeyum/corpus/smtlib-2024/non-incremental/non-incremental/QF_ABV/egt/egt-5559.smt2	unsat	105	0	unsat	105	0	A	unsat
/nas3/data/axeyum/corpus/smtlib-2024/non-incremental/non-incremental/QF_IDL/queens_bench/n_queen/queen20-1.smt2	sat	505	0	sat	506	0	B	sat
/nas3/data/axeyum/corpus/smtlib-2024/non-incremental/non-incremental/QF_NRA/meti-tarski/polypaver/bench-sqrt-3d/polypaver-bench-sqrt-3d-chunk-0285.smt2	sat	105	0	sat	106	0	A	sat
/nas3/data/axeyum/corpus/smtlib-2024/non-incremental/non-incremental/QF_UF/QG-classification/qg5/iso_icl164.smt2	unsat	105	0	unsat	106	0	B	unsat
/nas3/data/axeyum/corpus/smtlib-2024/non-incremental/non-incremental/QF_FP/wintersteiger/sqrt/sqrt-has-no-other-solution-12368.smt2	unsat	106	0	unsat	105	0	A	unsat
/nas3/data/axeyum/corpus/smtlib-2024/non-incremental/non-incremental/QF_NIA/20170427-VeryMax/SAT14/456.smt2	unknown	16724	0	unknown	16721	0	B	sat
/nas3/data/axeyum/corpus/smtlib-2024/non-incremental/non-incremental/QF_SLIA/20190311-str-small-rw-Noetzli/str-term-small-rw/str-term-small-rw_477.smt2	unsat	105	0	unsat	106	0	A	unknown
/nas3/data/axeyum/corpus/smtlib-2024/non-incremental/non-incremental/UF/sledgehammer/NS_Shared/uf.640403.smt2	unknown	19025	0	unknown	21123	0	B	unknown
/nas3/data/axeyum/corpus/smtlib-2024/non-incremental/non-incremental/QF_DT/20172804-Barrett/barrett-jsat/typed/v3/typed_v3l60081.cvc.smt2	sat	105	0	sat	105	0	A	sat
/nas3/data/axeyum/corpus/smtlib-2024/non-incremental/non-incremental/QF_LRA/miplib/opt1217--57.smt2	unknown	24130	0	unknown	24129	0	B	unsat
/nas3/data/axeyum/corpus/smtlib-2024/non-incremental/non-incremental/QF_S/20230329-automatark-lu/instance12721.smt2	unsat	106	0	unsat	105	0	A	unsat
/nas3/data/axeyum/corpus/smtlib-2024/non-incremental/non-incremental/QF_UFLRA/mathsat/RandomDecoupled/pb_real_30_75_45_76.smt2	unsat	3208	0	unsat	3208	0	B	unsat
/nas3/data/axeyum/corpus/smtlib-2024/non-incremental/non-incremental/QF_BV/sage/app7/bench_8321.smt2	unsat	105	0	unsat	105	0	A	unsat
/nas3/data/axeyum/corpus/smtlib-2024/non-incremental/non-incremental/QF_LIA/nec-smt/large/checkpass_pwd/prp-57-48.smt2	unknown	19427	0	unknown	19425	0	B	unsat
/nas3/data/axeyum/corpus/smtlib-2024/non-incremental/non-incremental/QF_RDL/scheduling/orb07_330.smt2	unsat	105	0	unsat	105	0	A	unsat
/nas3/data/axeyum/corpus/smtlib-2024/non-incremental/non-incremental/QF_UFLIA/mathsat/Wisa/xs-16-12-2-5-3-4.smt2	sat	906	0	sat	906	0	B	sat
/nas3/data/axeyum/corpus/smtlib-2024/non-incremental/non-incremental/QF_ABV/egt/egt-5870.smt2	sat	106	0	sat	108	0	A	sat
/nas3/data/axeyum/corpus/smtlib-2024/non-incremental/non-incremental/QF_IDL/queens_bench/n_queen/queen64-1.smt2	unknown	21228	0	unknown	21228	0	B	sat
/nas3/data/axeyum/corpus/smtlib-2024/non-incremental/non-incremental/QF_NRA/meti-tarski/polypaver/sqrt43-int/3vars/polypaver-sqrt43-int-3vars-chunk-0046.smt2	unknown	12719	0	unknown	12719	0	A	sat
/nas3/data/axeyum/corpus/smtlib-2024/non-incremental/non-incremental/QF_UF/QG-classification/qg5/iso_icl312.smt2	unsat	106	0	unsat	105	0	B	unsat
/nas3/data/axeyum/corpus/smtlib-2024/non-incremental/non-incremental/QF_FP/wintersteiger/sqrt/sqrt-has-no-other-solution-4606.smt2	unsat	105	0	unsat	106	0	A	unsat
/nas3/data/axeyum/corpus/smtlib-2024/non-incremental/non-incremental/QF_NIA/20170427-VeryMax/SAT14/919.smt2	sat	8113	0	sat	8110	0	B	sat
/nas3/data/axeyum/corpus/smtlib-2024/non-incremental/non-incremental/QF_SLIA/20230327-stringfuzz-lu/generated/regexbig/regex-big-00176-2.smt2	sat	205	0	sat	205	0	A	unknown
/nas3/data/axeyum/corpus/smtlib-2024/non-incremental/non-incremental/UF/sledgehammer/QEpres/uf.1050663.smt2	unsat	10215	0	unsat	10215	0	B	unsat
/nas3/data/axeyum/corpus/smtlib-2024/non-incremental/non-incremental/QF_DT/20172804-Barrett/barrett-jsat/typed/v3/typed_v3l80053.cvc.smt2	unsat	104	0	unsat	106	0	A	unsat
/nas3/data/axeyum/corpus/smtlib-2024/non-incremental/non-incremental/QF_LRA/sal/carpark/Carpark2-ausgabe-8.smt2	unknown	105	0	unknown	105	0	B	sat
/nas3/data/axeyum/corpus/smtlib-2024/non-incremental/non-incremental/QF_S/20230329-automatark-lu/instance13097.smt2	sat	105	0	sat	105	0	A	sat
/nas3/data/axeyum/corpus/smtlib-2024/non-incremental/non-incremental/QF_UFLRA/mathsat/RandomDecoupled/pb_real_40_80_60_00.smt2	sat	6011	0	sat	5811	0	B	sat
/nas3/data/axeyum/corpus/smtlib-2024/non-incremental/non-incremental/QF_BV/sage/app8/bench_1815.smt2	unsat	106	0	unsat	105	0	A	unsat
/nas3/data/axeyum/corpus/smtlib-2024/non-incremental/non-incremental/QF_LIA/nec-smt/large/getoption_group/prp-31-50.smt2	unknown	24732	0	unknown	24832	0	B	sat
/nas3/data/axeyum/corpus/smtlib-2024/non-incremental/non-incremental/QF_RDL/scheduling/orb08_1000.smt2	sat	305	0	sat	306	0	A	sat
/nas3/data/axeyum/corpus/smtlib-2024/non-incremental/non-incremental/QF_UFLIA/mathsat/Wisa/xs-17-09-4-3-5-5.smt2	sat	1007	0	sat	906	0	B	sat
/nas3/data/axeyum/corpus/smtlib-2024/non-incremental/non-incremental/QF_ABV/egt/egt-6174.smt2	unsat	109	0	unsat	108	0	A	unsat
/nas3/data/axeyum/corpus/smtlib-2024/non-incremental/non-incremental/QF_IDL/queens_bench/super_queen/super_queen18-1.smt2	sat	506	0	sat	606	0	B	sat
/nas3/data/axeyum/corpus/smtlib-2024/non-incremental/non-incremental/QF_NRA/meti-tarski/sin/cos/sin-cos-346-b-chunk-0147.smt2	unsat	106	0	unsat	105	0	A	unsat
/nas3/data/axeyum/corpus/smtlib-2024/non-incremental/non-incremental/QF_UF/QG-classification/qg5/iso_icl460.smt2	unsat	105	0	unsat	105	0	B	unsat
/nas3/data/axeyum/corpus/smtlib-2024/non-incremental/non-incremental/QF_FP/wintersteiger/sqrt/sqrt-has-solution-15005.smt2	sat	106	0	sat	106	0	A	sat
/nas3/data/axeyum/corpus/smtlib-2024/non-incremental/non-incremental/QF_NIA/20220315-MathProblems/MS_06.smt2	unknown	24031	0	unknown	24130	0	B	sat
/nas3/data/axeyum/corpus/smtlib-2024/non-incremental/non-incremental/QF_SLIA/20230327-stringfuzz-lu/generated/regexpair/regex-pair-00096-11.smt2	sat	105	0	sat	105	0	A	unknown
/nas3/data/axeyum/corpus/smtlib-2024/non-incremental/non-incremental/UF/sledgehammer/QEpres/uf.637819.smt2	unsat	3509	0	unsat	3509	0	B	unsat
/nas3/data/axeyum/corpus/smtlib-2024/non-incremental/non-incremental/QF_DT/20172804-Barrett/barrett-jsat/typed/v5/typed_v5l20025.cvc.smt2	sat	105	0	sat	106	0	A	sat
/nas3/data/axeyum/corpus/smtlib-2024/non-incremental/non-incremental/QF_LRA/sal/pursuit/pursuit-safety-16.smt2	unknown	24029	0	unknown	24030	0	B	unsat
/nas3/data/axeyum/corpus/smtlib-2024/non-incremental/non-incremental/QF_S/20230329-automatark-lu/instance13473.smt2	unsat	105	0	unsat	106	0	A	unsat
/nas3/data/axeyum/corpus/smtlib-2024/non-incremental/non-incremental/QF_UFLRA/mathsat/RandomDecoupled/pb_real_40_80_60_24.smt2	unsat	4610	0	unsat	4510	0	B	unsat
/nas3/data/axeyum/corpus/smtlib-2024/non-incremental/non-incremental/QF_BV/sage/app8/bench_3050.smt2	unsat	105	0	unsat	106	0	A	unsat
/nas3/data/axeyum/corpus/smtlib-2024/non-incremental/non-incremental/QF_LIA/nec-smt/large/getoption_user/prp-15-46.smt2	unknown	24832	0	unknown	24731	0	B	sat
/nas3/data/axeyum/corpus/smtlib-2024/non-incremental/non-incremental/QF_RDL/scheduling/orb08_930.smt2	sat	5811	0	sat	6512	0	A	sat
/nas3/data/axeyum/corpus/smtlib-2024/non-incremental/non-incremental/QF_UFLIA/mathsat/Wisa/xs-18-06-4-2-1-1.smt2	sat	1106	0	sat	1106	0	B	sat
/nas3/data/axeyum/corpus/smtlib-2024/non-incremental/non-incremental/QF_ABV/egt/egt-6488.smt2	sat	106	0	sat	106	0	A	sat
/nas3/data/axeyum/corpus/smtlib-2024/non-incremental/non-incremental/QF_IDL/queens_bench/super_queen/super_queen61-1.smt2	unknown	21219	0	unknown	21126	0	B	sat
/nas3/data/axeyum/corpus/smtlib-2024/non-incremental/non-incremental/QF_NRA/meti-tarski/sin/cos/sin-cos-346-b-chunk-0419.smt2	unknown	706	0	unknown	706	0	A	unsat
/nas3/data/axeyum/corpus/smtlib-2024/non-incremental/non-incremental/QF_UF/QG-classification/qg5/iso_icl608.smt2	unsat	105	0	unsat	104	0	B	unsat
/nas3/data/axeyum/corpus/smtlib-2024/non-incremental/non-incremental/QF_FP/wintersteiger/sqrt/sqrt-has-solution-7181.smt2	sat	105	0	sat	106	0	A	sat
/nas3/data/axeyum/corpus/smtlib-2024/non-incremental/non-incremental/QF_NIA/20220315-MathProblems/STC_0459.smt2	sat	4109	0	sat	4109	0	B	sat
/nas3/data/axeyum/corpus/smtlib-2024/non-incremental/non-incremental/QF_SLIA/20230327-stringfuzz-lu/transformed/amazon/z3-regex-2-negative-reverse-graft-fuzz.smt2	sat	106	0	sat	105	0	A	unknown
/nas3/data/axeyum/corpus/smtlib-2024/non-incremental/non-incremental/UF/sledgehammer/QEpres/uf.787833.smt2	sat	106	0	sat	106	0	B	sat
/nas3/data/axeyum/corpus/smtlib-2024/non-incremental/non-incremental/QF_DT/20172804-Barrett/barrett-jsat/typed/v5/typed_v5l30097.cvc.smt2	sat	105	0	sat	105	0	A	sat
/nas3/data/axeyum/corpus/smtlib-2024/non-incremental/non-incremental/QF_LRA/sal/tgc/tgc_io-safe-20.smt2	unknown	4510	0	unknown	4509	0	B	sat
/nas3/data/axeyum/corpus/smtlib-2024/non-incremental/non-incremental/QF_S/20230329-automatark-lu/instance13849.smt2	sat	105	0	sat	105	0	A	sat
/nas3/data/axeyum/corpus/smtlib-2024/non-incremental/non-incremental/QF_UFLRA/mathsat/RandomDecoupled/pb_real_40_80_60_48.smt2	sat	5811	0	sat	5711	0	B	sat
/nas3/data/axeyum/corpus/smtlib-2024/non-incremental/non-incremental/QF_BV/sage/app8/bench_460.smt2	unsat	105	0	unsat	105	0	A	unsat
/nas3/data/axeyum/corpus/smtlib-2024/non-incremental/non-incremental/QF_LIA/nec-smt/large/handler_sigchld/prp-16-46.smt2	unknown	22230	0	unknown	22229	0	B	unsat
/nas3/data/axeyum/corpus/smtlib-2024/non-incremental/non-incremental/QF_RDL/scheduling/orb09_900.smt2	unsat	1607	0	unsat	1807	0	A	unsat
/nas3/data/axeyum/corpus/smtlib-2024/non-incremental/non-incremental/QF_UFLIA/mathsat/Wisa/xs-18-19-4-1-1-5.smt2	sat	1107	0	sat	1007	0	B	sat
/nas3/data/axeyum/corpus/smtlib-2024/non-incremental/non-incremental/QF_ABV/egt/egt-6804.smt2	sat	106	0	sat	106	0	A	sat
/nas3/data/axeyum/corpus/smtlib-2024/non-incremental/non-incremental/QF_IDL/queens_bench/toroidal_bench/toroidal_queen15-1.smt2	unknown	25032	0	unknown	25032	0	B	unsat
/nas3/data/axeyum/corpus/smtlib-2024/non-incremental/non-incremental/QF_NRA/meti-tarski/sin/problem/10/sin-problem-10-3-chunk-0028.smt2	sat	106	0	sat	107	0	A	sat
/nas3/data/axeyum/corpus/smtlib-2024/non-incremental/non-incremental/QF_UF/QG-classification/qg5/iso_icl756.smt2	unsat	106	0	unsat	106	0	B	unsat
/nas3/data/axeyum/corpus/smtlib-2024/non-incremental/non-incremental/QF_FP/wintersteiger/sub/sub-has-no-other-solution-17122.smt2	unsat	106	0	unsat	106	0	A	unsat
/nas3/data/axeyum/corpus/smtlib-2024/non-incremental/non-incremental/QF_NIA/20220315-MathProblems/STC_0967.smt2	unknown	24129	0	unknown	24130	0	B	unsat
/nas3/data/axeyum/corpus/smtlib-2024/non-incremental/non-incremental/QF_SLIA/20230327-stringfuzz-lu/transformed/z3str2/regex-010-fuzz-translate-fuzz.smt2	sat	106	0	sat	105	0	A	unknown
/nas3/data/axeyum/corpus/smtlib-2024/non-incremental/non-incremental/UF/sledgehammer/QEpres/uf.924249.smt2	none	12286	134	none	12389	134	B	unknown
/nas3/data/axeyum/corpus/smtlib-2024/non-incremental/non-incremental/QF_DT/20172804-Barrett/barrett-jsat/typed/v5/typed_v5l50069.cvc.smt2	unknown	106	0	unknown	105	0	A	sat
/nas3/data/axeyum/corpus/smtlib-2024/non-incremental/non-incremental/QF_LRA/sal/windowreal/windowreal-safe2-1.smt2	unsat	105	0	unsat	105	0	B	unsat
/nas3/data/axeyum/corpus/smtlib-2024/non-incremental/non-incremental/QF_S/20230329-automatark-lu/instance14225.smt2	sat	105	0	sat	106	0	A	sat
/nas3/data/axeyum/corpus/smtlib-2024/non-incremental/non-incremental/QF_UFLRA/mathsat/RandomDecoupled/pb_real_40_80_60_72.smt2	sat	4810	0	sat	4710	0	B	sat
/nas3/data/axeyum/corpus/smtlib-2024/non-incremental/non-incremental/QF_BV/sage/app9/bench_1355.smt2	unsat	106	0	unsat	106	0	A	unsat
/nas3/data/axeyum/corpus/smtlib-2024/non-incremental/non-incremental/QF_LIA/nec-smt/large/mygetpwnam/prp-0-48.smt2	unknown	21228	0	unknown	22329	0	B	sat
/nas3/data/axeyum/corpus/smtlib-2024/non-incremental/non-incremental/QF_RDL/scheduling/orb10_800.smt2	unsat	105	0	unsat	105	0	A	unsat
/nas3/data/axeyum/corpus/smtlib-2024/non-incremental/non-incremental/QF_UFLIA/mathsat/Wisa/xs-19-15-3-1-3-4.smt2	sat	1206	0	sat	1106	0	B	sat
/nas3/data/axeyum/corpus/smtlib-2024/non-incremental/non-incremental/QF_ABV/egt/egt-7113.smt2	sat	105	0	sat	105	0	A	sat
/nas3/data/axeyum/corpus/smtlib-2024/non-incremental/non-incremental/QF_IDL/queens_bench/toroidal_bench/toroidal_queen59-1.smt2	unknown	21327	0	unknown	21327	0	B	sat
/nas3/data/axeyum/corpus/smtlib-2024/non-incremental/non-incremental/QF_NRA/meti-tarski/sin/problem/7/sin-problem-7-chunk-0353.smt2	sat	1706	0	sat	1707	0	A	sat
/nas3/data/axeyum/corpus/smtlib-2024/non-incremental/non-incremental/QF_UF/QG-classification/qg5/iso_icl904.smt2	unsat	105	0	unsat	105	0	B	unsat
/nas3/data/axeyum/corpus/smtlib-2024/non-incremental/non-incremental/QF_FP/wintersteiger/sub/sub-has-solution-10136.smt2	sat	104	0	sat	106	0	A	sat
/nas3/data/axeyum/corpus/smtlib-2024/non-incremental/non-incremental/QF_NIA/AProVE/aproveSMT2045146210738691450.smt2	sat	106	0	sat	106	0	B	sat
/nas3/data/axeyum/corpus/smtlib-2024/non-incremental/non-incremental/QF_SLIA/20230327-stringfuzz-lu/transformed/z3str2/regex-019-unsat-fuzz-fuzz-reverse.smt2	unsat	105	0	unsat	105	0	A	unknown
/nas3/data/axeyum/corpus/smtlib-2024/non-incremental/non-incremental/UF/sledgehammer/StrongNorm/uf.648745.smt2	unsat	5110	0	unsat	5211	0	B	unsat
/nas3/data/axeyum/corpus/smtlib-2024/non-incremental/non-incremental/QF_DT/20172804-Barrett/barrett-jsat/typed/v5/typed_v5l70041.cvc.smt2	unsat	105	0	unsat	106	0	A	unsat
/nas3/data/axeyum/corpus/smtlib-2024/non-incremental/non-incremental/QF_LRA/sc/sc-17.base.cvc.smt2	unknown	24128	0	unknown	24027	0	B	unsat
/nas3/data/axeyum/corpus/smtlib-2024/non-incremental/non-incremental/QF_S/20230329-automatark-lu/instance14601.smt2	unsat	105	0	unsat	105	0	A	unsat
/nas3/data/axeyum/corpus/smtlib-2024/non-incremental/non-incremental/QF_UFLRA/mathsat/RandomDecoupled/pb_real_40_80_60_96.smt2	sat	5110	0	sat	5110	0	B	sat
/nas3/data/axeyum/corpus/smtlib-2024/non-incremental/non-incremental/QF_BV/sage/app9/bench_2183.smt2	unsat	105	0	unsat	105	0	A	unsat
/nas3/data/axeyum/corpus/smtlib-2024/non-incremental/non-incremental/QF_LIA/nec-smt/med/checkpass_pwd/prp-3-29.smt2	unknown	21428	0	unknown	21527	0	B	unsat
/nas3/data/axeyum/corpus/smtlib-2024/non-incremental/non-incremental/QF_RDL/scheduling/swv11_2983.smt2	unknown	24130	0	unknown	24130	0	A	unknown
/nas3/data/axeyum/corpus/smtlib-2024/non-incremental/non-incremental/QF_UFLIA/mathsat/Wisa/xs-20-12-3-1-5-2.smt2	sat	1406	0	sat	1307	0	B	sat
/nas3/data/axeyum/corpus/smtlib-2024/non-incremental/non-incremental/QF_ABV/egt/egt-7414.smt2	unsat	105	0	unsat	105	0	A	unsat
/nas3/data/axeyum/corpus/smtlib-2024/non-incremental/non-incremental/QF_IDL/sal/bakery/inf-bakery-invalid-3.smt2	sat	105	0	sat	105	0	B	sat
/nas3/data/axeyum/corpus/smtlib-2024/non-incremental/non-incremental/QF_NRA/meti-tarski/sin/problem/8/weak/sin-problem-8-weak-chunk-0050.smt2	unknown	205	0	unknown	206	0	A	sat
/nas3/data/axeyum/corpus/smtlib-2024/non-incremental/non-incremental/QF_UF/QG-classification/qg6/gensys_icl_sk002.smt2	unsat	1206	0	unsat	1206	0	B	unsat
/nas3/data/axeyum/corpus/smtlib-2024/non-incremental/non-incremental/QF_FP/wintersteiger/sub/sub-has-solution-2133.smt2	sat	106	0	sat	106	0	A	sat
/nas3/data/axeyum/corpus/smtlib-2024/non-incremental/non-incremental/QF_NIA/AProVE/aproveSMT3734122552322670033.smt2	sat	507	0	sat	506	0	B	sat
/nas3/data/axeyum/corpus/smtlib-2024/non-incremental/non-incremental/QF_SLIA/20230327-stringfuzz-lu/transformed/z3str2/regex-027-reverse-translate-rotate.smt2	sat	105	0	sat	105	0	A	unknown
/nas3/data/axeyum/corpus/smtlib-2024/non-incremental/non-incremental/UF/sledgehammer/StrongNorm/uf.838784.smt2	unsat	13321	0	unsat	12519	0	B	unsat
/nas3/data/axeyum/corpus/smtlib-2024/non-incremental/non-incremental/QF_DT/20172804-Barrett/barrett-jsat/typed/v5/typed_v5l90013.cvc.smt2	unsat	106	0	unsat	105	0	A	unsat
/nas3/data/axeyum/corpus/smtlib-2024/non-incremental/non-incremental/QF_LRA/sc/sc-25.base.cvc.smt2	unknown	24030	0	unknown	24131	0	B	unsat
/nas3/data/axeyum/corpus/smtlib-2024/non-incremental/non-incremental/QF_S/20230329-automatark-lu/instance14977.smt2	unsat	106	0	unsat	105	0	A	unknown
/nas3/data/axeyum/corpus/smtlib-2024/non-incremental/non-incremental/QF_UFLRA/mathsat/RandomDecoupled/pb_real_50_100_30_20.smt2	unknown	25132	0	unknown	25132	0	B	sat
/nas3/data/axeyum/corpus/smtlib-2024/non-incremental/non-incremental/QF_BV/sage/app9/bench_3010.smt2	sat	206	0	sat	205	0	A	sat
/nas3/data/axeyum/corpus/smtlib-2024/non-incremental/non-incremental/QF_LIA/nec-smt/small/print_file/prp-0-47.smt2	sat	406	0	sat	406	0	B	sat
/nas3/data/axeyum/corpus/smtlib-2024/non-incremental/non-incremental/QF_RDL/scheduling/swv12_2900.smt2	unknown	24230	0	unknown	24223	0	A	unknown
/nas3/data/axeyum/corpus/smtlib-2024/non-incremental/non-incremental/QF_UFLIA/wisas/xs_11_16.smt2	sat	1406	0	sat	1306	0	B	sat
/nas3/data/axeyum/corpus/smtlib-2024/non-incremental/non-incremental/QF_ABV/egt/egt-7721.smt2	sat	105	0	sat	106	0	A	sat
/nas3/data/axeyum/corpus/smtlib-2024/non-incremental/non-incremental/QF_IDL/schedulingIDL/gp10_03_mkspan1079.smt2	unknown	25030	0	unknown	25028	0	B	unsat
/nas3/data/axeyum/corpus/smtlib-2024/non-incremental/non-incremental/QF_NRA/meti-tarski/sqrt/1mcosq/8/sqrt-1mcosq-8-chunk-0094.smt2	sat	1407	0	sat	1407	0	A	sat
/nas3/data/axeyum/corpus/smtlib-2024/non-incremental/non-incremental/QF_UF/QG-classification/qg6/iso_icl_nogen_sk009.smt2	unsat	10616	0	unsat	11217	0	B	unsat
/nas3/data/axeyum/corpus/smtlib-2024/non-incremental/non-incremental/QF_FP/wintersteiger/toIntegral/toIntegral-has-no-other-solution-1206.smt2	unsat	106	0	unsat	105	0	A	unsat
/nas3/data/axeyum/corpus/smtlib-2024/non-incremental/non-incremental/QF_NIA/AProVE/aproveSMT5574282980958522472.smt2	unsat	4109	0	unsat	4109	0	B	unsat
/nas3/data/axeyum/corpus/smtlib-2024/non-incremental/non-incremental/QF_SLIA/20230327-stringfuzz-lu/transformed/z3str2/regex-045-unsat-graft-reverse-fuzz.smt2	sat	105	0	sat	106	0	A	unknown
/nas3/data/axeyum/corpus/smtlib-2024/non-incremental/non-incremental/UF/sledgehammer/TwoSquares/uf.673275.smt2	unsat	906	0	unsat	906	0	B	unsat
/nas3/data/axeyum/corpus/smtlib-2024/non-incremental/non-incremental/QF_DT/20210312-Bouvier/vlsat3_b84.smt2	unsat	22929	0	unsat	24231	0	A	unsat
/nas3/data/axeyum/corpus/smtlib-2024/non-incremental/non-incremental/QF_LRA/sc/sc-33.base.cvc.smt2	unknown	24029	0	unknown	24032	0	B	unsat
/nas3/data/axeyum/corpus/smtlib-2024/non-incremental/non-incremental/QF_S/20230329-automatark-lu/instance15353.smt2	unsat	105	0	unsat	106	0	A	unsat
/nas3/data/axeyum/corpus/smtlib-2024/non-incremental/non-incremental/QF_UFLRA/mathsat/RandomDecoupled/pb_real_50_100_30_44.smt2	sat	5911	0	sat	5912	0	B	sat
/nas3/data/axeyum/corpus/smtlib-2024/non-incremental/non-incremental/QF_BV/sage/app9/bench_869.smt2	unsat	205	0	unsat	105	0	A	unsat
/nas3/data/axeyum/corpus/smtlib-2024/non-incremental/non-incremental/QF_LIA/rings/ring_2exp14_9vars_7ite_unsat.smt2	unknown	24128	0	unknown	24128	0	B	unsat
/nas3/data/axeyum/corpus/smtlib-2024/non-incremental/non-incremental/QF_RDL/scheduling/swv12_3050.smt2	unknown	24129	0	unknown	24129	0	A	unknown
/nas3/data/axeyum/corpus/smtlib-2024/non-incremental/non-incremental/QF_UFLIA/wisas/xs_15_20.smt2	sat	1507	0	sat	1406	0	B	sat
/nas3/data/axeyum/corpus/smtlib-2024/non-incremental/non-incremental/QF_ABV/klee-selected-smt2/cu-no-caches/_csplit-query-000018.smt2	unknown	24030	0	unknown	24031	0	A	unsat
/nas3/data/axeyum/corpus/smtlib-2024/non-incremental/non-incremental/QF_IDL/schedulingIDL/j7_per10_2_mkspan1013.smt2	unknown	25031	0	unknown	25030	0	B	sat
/nas3/data/axeyum/corpus/smtlib-2024/non-incremental/non-incremental/QF_NRA/meti-tarski/sqrt/1mcosq/8/sqrt-1mcosq-8-chunk-0354.smt2	unknown	104	0	unknown	105	0	A	unsat
/nas3/data/axeyum/corpus/smtlib-2024/non-incremental/non-incremental/QF_UF/QG-classification/qg7/gensys_brn_sk052.smt2	sat	306	0	sat	306	0	B	sat
/nas3/data/axeyum/corpus/smtlib-2024/non-incremental/non-incremental/QF_FP/wintersteiger/toIntegral/toIntegral-has-no-other-solution-637.smt2	unsat	104	0	unsat	105	0	A	unsat
/nas3/data/axeyum/corpus/smtlib-2024/non-incremental/non-incremental/QF_NIA/AProVE/aproveSMT7398754856107094872.smt2	sat	9314	0	sat	9314	0	B	sat
/nas3/data/axeyum/corpus/smtlib-2024/non-incremental/non-incremental/QF_SLIA/20230331-transducer-plus/Equivalence/htmlUnescape-htmlEscape.smt2	unknown	105	0	unknown	105	0	A	unknown
/nas3/data/axeyum/corpus/smtlib-2024/non-incremental/non-incremental/UF/sledgehammer/TwoSquares/uf.780730.smt2	unknown	20426	0	unknown	19424	0	B	unknown
/nas3/data/axeyum/corpus/smtlib-2024/non-incremental/non-incremental/QF_DT/20230720-blocksworld/blocksworld_from_10_7_1_to_8_0_10_negated_goal_bmc_18.smt2	unknown	106	0	unknown	105	0	A	unsat
/nas3/data/axeyum/corpus/smtlib-2024/non-incremental/non-incremental/QF_LRA/sc/sc-5.base.cvc.smt2	unsat	11416	0	unsat	11316	0	B	unsat
/nas3/data/axeyum/corpus/smtlib-2024/non-incremental/non-incremental/QF_S/20230329-automatark-lu/instance15729.smt2	unsat	106	0	unsat	106	0	A	unsat
/nas3/data/axeyum/corpus/smtlib-2024/non-incremental/non-incremental/QF_UFLRA/mathsat/RandomDecoupled/pb_real_50_100_30_68.smt2	unsat	7713	0	unsat	7612	0	B	unsat
/nas3/data/axeyum/corpus/smtlib-2024/non-incremental/non-incremental/QF_BV/spear/samba_v3.0.24/bin_libmsrpc_vc1225899.smt2	sat	2208	0	sat	1407	0	A	sat
/nas3/data/axeyum/corpus/smtlib-2024/non-incremental/non-incremental/QF_LIA/rings_preprocessed/ring_2exp14_5vars_3ite_unsat.smt2	unknown	24228	0	unknown	24027	0	B	unsat
/nas3/data/axeyum/corpus/smtlib-2024/non-incremental/non-incremental/QF_RDL/scheduling/swv13_3200.smt2	unknown	24128	0	unknown	24130	0	A	unknown
/nas3/data/axeyum/corpus/smtlib-2024/non-incremental/non-incremental/QF_UFLIA/wisas/xs_19_29.smt2	unknown	24330	0	unknown	24328	0	B	sat
/nas3/data/axeyum/corpus/smtlib-2024/non-incremental/non-incremental/QF_ABV/klee-selected-smt2/cu-no-caches/_factor-query-004607.smt2	sat	8313	0	sat	8014	0	A	sat
/nas3/data/axeyum/corpus/smtlib-2024/non-incremental/non-incremental/QF_IDL/schedulingIDL/j8_per20_0_mkspan1008.smt2	unknown	25029	0	unknown	25030	0	B	sat
/nas3/data/axeyum/corpus/smtlib-2024/non-incremental/non-incremental/QF_NRA/meti-tarski/sqrt/1mcosq/8/sqrt-1mcosq-8-chunk-0627.smt2	sat	205	0	sat	205	0	A	sat
/nas3/data/axeyum/corpus/smtlib-2024/non-incremental/non-incremental/QF_UF/QG-classification/qg7/iso_brn_repgen041.smt2	sat	105	0	sat	105	0	B	sat
/nas3/data/axeyum/corpus/smtlib-2024/non-incremental/non-incremental/QF_FP/wintersteiger/toIntegral/toIntegral-has-solution-1373.smt2	sat	105	0	sat	105	0	A	sat
/nas3/data/axeyum/corpus/smtlib-2024/non-incremental/non-incremental/QF_NIA/AProVE/aproveSMT994105904163423260.smt2	sat	10917	0	sat	10916	0	B	sat
/nas3/data/axeyum/corpus/smtlib-2024/non-incremental/non-incremental/QF_SLIA/20240411-redos_attack_detection/sat/230_attack.smt2	sat	105	0	sat	105	0	A	sat
/nas3/data/axeyum/corpus/smtlib-2024/non-incremental/non-incremental/UF/sledgehammer/TypeSafe/smtlib.1348248.smt2	unknown	6112	0	unknown	6112	0	B	unknown
/nas3/data/axeyum/corpus/smtlib-2024/non-incremental/non-incremental/QF_DT/20230720-blocksworld/blocksworld_from_20_2_0_to_8_7_7_negated_goal_bmc_6.smt2	unknown	105	0	unknown	105	0	A	unsat
/nas3/data/axeyum/corpus/smtlib-2024/non-incremental/non-incremental/QF_LRA/spider_benchmarks/fs_not_sc_seen.base.smt2	unsat	1307	0	unsat	1206	0	B	unsat
/nas3/data/axeyum/corpus/smtlib-2024/non-incremental/non-incremental/QF_S/20230329-woorpje-lu/track01/01_track_199.smt2	sat	105	0	sat	106	0	A	sat
/nas3/data/axeyum/corpus/smtlib-2024/non-incremental/non-incremental/QF_UFLRA/mathsat/RandomDecoupled/pb_real_50_100_30_92.smt2	sat	6312	0	sat	6312	0	B	sat
/nas3/data/axeyum/corpus/smtlib-2024/non-incremental/non-incremental/QF_BV/stp/testcase15.stp.smt2	unknown	26133	0	unknown	25532	0	A	sat
/nas3/data/axeyum/corpus/smtlib-2024/non-incremental/non-incremental/QF_LIA/slacks/25-12.slack.smt2	sat	2208	0	sat	2208	0	B	sat
/nas3/data/axeyum/corpus/smtlib-2024/non-incremental/non-incremental/QF_RDL/scheduling/swv14_2905.smt2	unknown	24122	0	unknown	24231	0	A	unknown
/nas3/data/axeyum/corpus/smtlib-2024/non-incremental/non-incremental/QF_UFLIA/wisas/xs_23_33.smt2	sat	12517	0	sat	9919	0	B	sat
/nas3/data/axeyum/corpus/smtlib-2024/non-incremental/non-incremental/QF_ABV/platania/no_init_multi_delete/no_init_multi_delete135.smt2	unknown	25235	0	unknown	25235	0	A	sat
/nas3/data/axeyum/corpus/smtlib-2024/non-incremental/non-incremental/QF_IDL/schedulingIDL/tai_15x15_2_mkspan933.smt2	unknown	25030	0	unknown	25031	0	B	sat
/nas3/data/axeyum/corpus/smtlib-2024/non-incremental/non-incremental/QF_NRA/meti-tarski/sqrt/problem/13/sqrt1/sqrt-problem-13-sqrt1-chunk-0073.smt2	unsat	108	0	unsat	106	0	A	unsat
/nas3/data/axeyum/corpus/smtlib-2024/non-incremental/non-incremental/QF_UF/QG-classification/qg7/iso_icl_repgen004.smt2	unsat	15324	0	unsat	15824	0	B	unsat
/nas3/data/axeyum/corpus/smtlib-2024/non-incremental/non-incremental/QF_FP/wintersteiger/toIntegral/toIntegral-has-solution-805.smt2	sat	109	0	sat	108	0	A	sat
/nas3/data/axeyum/corpus/smtlib-2024/non-incremental/non-incremental/QF_NIA/mcm/106.smt2	unknown	24230	0	unknown	24031	0	B	unknown
/nas3/data/axeyum/corpus/smtlib-2024/non-incremental/non-incremental/QF_SLIA/20240411-redos_attack_detection/unsat/296_attack.smt2	unsat	107	0	unsat	108	0	A	unsat
/nas3/data/axeyum/corpus/smtlib-2024/non-incremental/non-incremental/UF/sledgehammer/TypeSafe/uf.1008626.smt2	unknown	25334	0	unknown	25333	0	B	unsat
