{
  "axeyum_execution_counts_per_repetition": {
    "warm-created": 7,
    "warm-retained": 554
  },
  "by_axeyum_execution": {
    "warm-created": {
      "axeyum_median_per_occurrence_latency_nanos": {
        "p50": 15446,
        "p90": 274780,
        "p95": 274780,
        "p99": 274780
      },
      "bootstrap_95_percent_ci": [
        29.63150781863063,
        45.215817149997214
      ],
      "bootstrap_samples": 10000,
      "occurrences": 7,
      "per_occurrence_geomean_speedup": 36.878309395033824,
      "per_run_geomean_speedup": {
        "coefficient_of_variation": 0.06717521522807755,
        "mean": 36.947246341528924,
        "sample_standard_deviation": 2.4819392250770065,
        "values": [
          37.75479896067724,
          39.01157133374958,
          35.976437371742485,
          33.08320817520379,
          38.910215866271514
        ]
      },
      "speedup_direction": "z3_nanos/axeyum_nanos; greater than 1 favors Axeyum",
      "z3_median_per_occurrence_latency_nanos": {
        "p50": 712497,
        "p90": 8334515,
        "p95": 8334515,
        "p99": 8334515
      }
    },
    "warm-retained": {
      "axeyum_median_per_occurrence_latency_nanos": {
        "p50": 173951,
        "p90": 1350328,
        "p95": 1779184,
        "p99": 3717306
      },
      "bootstrap_95_percent_ci": [
        6.078691254647987,
        7.905415398663575
      ],
      "bootstrap_samples": 10000,
      "occurrences": 554,
      "per_occurrence_geomean_speedup": 6.921811166237229,
      "per_run_geomean_speedup": {
        "coefficient_of_variation": 0.005308633469419373,
        "mean": 6.921888909426104,
        "sample_standard_deviation": 0.03674577113618218,
        "values": [
          6.902867766978134,
          6.91219055069652,
          6.984560358984611,
          6.890062568669426,
          6.919763301801832
        ]
      },
      "speedup_direction": "z3_nanos/axeyum_nanos; greater than 1 favors Axeyum",
      "z3_median_per_occurrence_latency_nanos": {
        "p50": 1113720,
        "p90": 2882397,
        "p95": 3395155,
        "p99": 5001106
      }
    }
  },
  "configuration_identity": {
    "analysis_command": [
      "target/release/examples/ioctlance",
      "samples/binaries/platforms/windows/vendor/realworld/sqfs-intel-DptfDevGen.sys"
    ],
    "analysis_configuration": {
      "GLAURUNG_AXEYUM_REPLAY_SAT_CACHE": "1",
      "GLAURUNG_AXEYUM_WARM_MAX_ASSERTIONS_PER_PATH": "512",
      "GLAURUNG_AXEYUM_WARM_MAX_LIVE_PATHS": "9",
      "GLAURUNG_FAIR_SHADOW": "1",
      "IOCTLANCE_DEADLINE_SECS": "300",
      "IOCTLANCE_MAX_ANALYZED_FUNCTIONS": "100000",
      "IOCTLANCE_SOLVE_BUDGET": "20000",
      "IOCTLANCE_SOLVE_SECS": "60"
    },
    "check_measurement_schema": "glaurung-ordered-check-measurement-v2",
    "driver_sha256": "074be1b90deb21897538a6b093af9826e62610ffd878c92289af31c5ca3f724b",
    "host_identity": {
      "architecture": "x86_64",
      "hostname": "server0",
      "kernel": "Linux 7.0.0-27-generic x86_64 GNU/Linux",
      "operating_system": "linux"
    },
    "schema": "glaurung-ordered-trace-v1",
    "solver_features": [
      "symbolic",
      "solver-z3",
      "solver-axeyum"
    ],
    "source": {
      "dirty": false,
      "repository": "/tmp/glaurung-fair-clean-20260717.8r83dO/checkout",
      "revision": "4ae96cfd06a1abb72d1c3977f2dfd878680a9739",
      "status_sha256": "e3b0c44298fc1c149afbf4c8996fb92427ae41e4649b934ca495991b7852b855"
    },
    "toolchain": "rustc 1.97.0-nightly (f53b654a8 2026-04-30)",
    "trusted_oracle": {
      "authoritative_in_shadow_mode": true,
      "backend": "z3",
      "crate": "z3 0.12.1",
      "runtime_version": "linked-runtime-unreported"
    },
    "version": 1,
    "worker_count": 1
  },
  "driver": {
    "label": "sqfs-intel-DptfDevGen.sys",
    "sha256": "074be1b90deb21897538a6b093af9826e62610ffd878c92289af31c5ca3f724b"
  },
  "excluded_from_primary_for_any_nondecision": 0,
  "fixed_work_checks_per_repetition": 561,
  "four_cell_comparisons": {
    "axeyum_cold_over_warm": {
      "bootstrap_95_percent_ci": [
        6.447690928258416,
        8.274135665737296
      ],
      "bootstrap_samples": 10000,
      "denominator_median_per_occurrence_latency_nanos": {
        "p50": 170876,
        "p90": 1347246,
        "p95": 1764267,
        "p99": 3717306
      },
      "numerator_median_per_occurrence_latency_nanos": {
        "p50": 1970224,
        "p90": 5266021,
        "p95": 6206758,
        "p99": 7427404
      },
      "occurrences": 561,
      "per_occurrence_geomean_speedup": 7.3156692154298995,
      "per_run_geomean_speedup": {
        "coefficient_of_variation": 0.01600231321916084,
        "mean": 7.316420391188112,
        "sample_standard_deviation": 0.11707965074284746,
        "values": [
          7.441279891890117,
          7.197323763224443,
          7.394171157612602,
          7.36276644080428,
          7.186560702409115
        ]
      },
      "ratio_direction": "axeyum_cold_nanos/axeyum_warm_nanos"
    },
    "cold_z3_over_axeyum": {
      "bootstrap_95_percent_ci": [
        0.8709147613311874,
        1.0705599000658867
      ],
      "bootstrap_samples": 10000,
      "denominator_median_per_occurrence_latency_nanos": {
        "p50": 1970224,
        "p90": 5266021,
        "p95": 6206758,
        "p99": 7427404
      },
      "numerator_median_per_occurrence_latency_nanos": {
        "p50": 1104906,
        "p90": 2882397,
        "p95": 3395155,
        "p99": 5005868
      },
      "occurrences": 561,
      "per_occurrence_geomean_speedup": 0.9661207033480924,
      "per_run_geomean_speedup": {
        "coefficient_of_variation": 0.016653413170510088,
        "mean": 0.9662278532944425,
        "sample_standard_deviation": 0.016090991657767357,
        "values": [
          0.9475229850612662,
          0.9813470877690419,
          0.9641224643924816,
          0.9542985520791479,
          0.9838481771702747
        ]
      },
      "ratio_direction": "z3_cold_nanos/axeyum_cold_nanos"
    },
    "warm_z3_over_axeyum": {
      "bootstrap_95_percent_ci": [
        0.6893254700132431,
        0.897654158506112
      ],
      "bootstrap_samples": 10000,
      "denominator_median_per_occurrence_latency_nanos": {
        "p50": 170876,
        "p90": 1347246,
        "p95": 1764267,
        "p99": 3717306
      },
      "numerator_median_per_occurrence_latency_nanos": {
        "p50": 140395,
        "p90": 265428,
        "p95": 326565,
        "p99": 502518
      },
      "occurrences": 561,
      "per_occurrence_geomean_speedup": 0.7874873147798102,
      "per_run_geomean_speedup": {
        "coefficient_of_variation": 0.00994975897455841,
        "mean": 0.787518640867498,
        "sample_standard_deviation": 0.00783562066460343,
        "values": [
          0.7869996114371122,
          0.7749594372896289,
          0.7962008091792422,
          0.7885892691761862,
          0.7908440772553207
        ]
      },
      "ratio_direction": "z3_warm_nanos/axeyum_warm_nanos"
    },
    "z3_cold_over_warm": {
      "bootstrap_95_percent_ci": [
        8.551053400908549,
        9.411222238288257
      ],
      "bootstrap_samples": 10000,
      "denominator_median_per_occurrence_latency_nanos": {
        "p50": 140395,
        "p90": 265428,
        "p95": 326565,
        "p99": 502518
      },
      "numerator_median_per_occurrence_latency_nanos": {
        "p50": 1104906,
        "p90": 2882397,
        "p95": 3395155,
        "p99": 5005868
      },
      "occurrences": 561,
      "per_occurrence_geomean_speedup": 8.975153447201063,
      "per_run_geomean_speedup": {
        "coefficient_of_variation": 0.00889451755185958,
        "mean": 8.975435569826908,
        "sample_standard_deviation": 0.07983216921141023,
        "values": [
          8.959068890726531,
          9.114119236322706,
          8.953628828845366,
          8.909932747495525,
          8.940428145744413
        ]
      },