division	file	route	verdict	wall_ms	detail
QF_LIA	/nas3/data/axeyum/corpus/smtlib-2024/non-incremental/non-incremental/QF_LIA/20180326-Bromberger/more_slacked/CAV_2009_benchmarks/smt/30-vars/v30_problem_2__023.smt2.slack.smt2	lia-dpll	unknown	24415	UnknownReason { kind: Timeout, detail: "linear-arithmetic sat-model reconstruction declined in the integer theory: lia simplex: wall-clock deadline passed while collecting integer constraints" }
QF_LIA	/nas3/data/axeyum/corpus/smtlib-2024/non-incremental/non-incremental/QF_LIA/20180326-Bromberger/more_slacked/CAV_2009_benchmarks/smt/30-vars/v30_problem_2__023.smt2.slack.smt2	lra-dpll	unknown	24090	UnknownReason { kind: Timeout, detail: "combined-theory timeout after scalar backend" }
QF_LIA	/nas3/data/axeyum/corpus/smtlib-2024/non-incremental/non-incremental/QF_LIA/20180326-Bromberger/more_slacked/CAV_2009_benchmarks/smt/30-vars/v30_problem_2__023.smt2.slack.smt2	nra	unknown	24170	UnknownReason { kind: Timeout, detail: "combined-theory timeout after scalar backend" }
QF_LIA	/nas3/data/axeyum/corpus/smtlib-2024/non-incremental/non-incremental/QF_LIA/20180326-Bromberger/more_slacked/CAV_2009_benchmarks/smt/30-vars/v30_problem_2__023.smt2.slack.smt2	uf-arithmetic	unknown	24014	UnknownReason { kind: Timeout, detail: "preprocessed dispatch timeout after reduced solve" }
QF_LIA	/nas3/data/axeyum/corpus/smtlib-2024/non-incremental/non-incremental/QF_LIA/20180326-Bromberger/more_slacked/CAV_2009_benchmarks/smt/30-vars/v30_problem_2__023.smt2.slack.smt2	uf-arith-lazy	unknown	24107	UnknownReason { kind: Timeout, detail: "linear-arithmetic sat-model reconstruction declined in the integer theory: lia simplex: wall-clock deadline passed while collecting integer constraints" }
QF_LIA	/nas3/data/axeyum/corpus/smtlib-2024/non-incremental/non-incremental/QF_LIA/20180326-Bromberger/more_slacked/CAV_2009_benchmarks/smt/30-vars/v30_problem_2__023.smt2.slack.smt2	uflia-online	unknown	24088	UnknownReason { kind: Incomplete, detail: "interface split reached its deadline" }
QF_LIA	/nas3/data/axeyum/corpus/smtlib-2024/non-incremental/non-incremental/QF_LIA/20180326-Bromberger/more_slacked/CAV_2009_benchmarks/smt/30-vars/v30_problem_2__023.smt2.slack.smt2	uflra-online	unknown	0	UnknownReason { kind: Incomplete, detail: "no UFLRA atoms for the online combination boolean layer" }
QF_LIA	/nas3/data/axeyum/corpus/smtlib-2024/non-incremental/non-incremental/QF_LIA/20180326-Bromberger/more_slacked/CAV_2009_benchmarks/smt/30-vars/v30_problem_2__023.smt2.slack.smt2	ufbv-online-cdclt	error	0	unsupported by backend: online UFBV combination admits only Bool and BitVec terms
QF_LIA	/nas3/data/axeyum/corpus/smtlib-2024/non-incremental/non-incremental/QF_LIA/20180326-Bromberger/more_slacked/CAV_2009_benchmarks/smt/30-vars/v30_problem_2__023.smt2.slack.smt2	abv-online-cdclt	error	0	unsupported by backend: online AUFBV combination admits only Bool, BitVec, and Bool/BV-component array terms
QF_LIA	/nas3/data/axeyum/corpus/smtlib-2024/non-incremental/non-incremental/QF_LIA/20180326-Bromberger/more_slacked/CAV_2009_benchmarks/smt/30-vars/v30_problem_2__023.smt2.slack.smt2	datatype-elim	unknown	24537	UnknownReason { kind: Timeout, detail: "preprocessed dispatch timeout after reduced solve" }
QF_LIA	/nas3/data/axeyum/corpus/smtlib-2024/non-incremental/non-incremental/QF_LIA/20180326-Bromberger/more_slacked/CAV_2009_benchmarks/smt/30-vars/v30_problem_2__023.smt2.slack.smt2	datatype-native	unknown	24313	UnknownReason { kind: Timeout, detail: "preprocessed dispatch timeout after reduced solve" }
QF_LIA	/nas3/data/axeyum/corpus/smtlib-2024/non-incremental/non-incremental/QF_LIA/20180326-Bromberger/more_slacked/CAV_2009_benchmarks/smt/30-vars/v30_problem_2__023.smt2.slack.smt2	euf-online	unknown	0	UnknownReason { kind: Other, detail: "no equality atoms for the online CDCL(T) path" }
QF_LIA	/nas3/data/axeyum/corpus/smtlib-2024/non-incremental/non-incremental/QF_LIA/20180326-Bromberger/more_slacked/CAV_2009_benchmarks/smt/30-vars/v30_problem_2__023.smt2.slack.smt2	lia-online-cdclt	unknown	24034	UnknownReason { kind: Incomplete, detail: "online CDCL(T) LIA model did not replay (arithmetic outside the incremental engine)" }
QF_LIA	/nas3/data/axeyum/corpus/smtlib-2024/non-incremental/non-incremental/QF_LIA/20180326-Bromberger/more_slacked/CAV_2009_benchmarks/smt/30-vars/v30_problem_2__023.smt2.slack.smt2	lra-online-cdclt	unknown	0	UnknownReason { kind: Incomplete, detail: "no linear-real atoms for the online CDCL(T) LRA path" }
QF_LIA	/nas3/data/axeyum/corpus/smtlib-2024/non-incremental/non-incremental/QF_LIA/20180326-Bromberger/more_slacked/CAV_2009_benchmarks/smt/30-vars/v30_problem_2__023.smt2.slack.smt2	abv-lazy-row	error	0	unsupported by backend: term #2 uses unsupported pure-Rust BV operator IntGe
QF_LIA	/nas3/data/axeyum/corpus/smtlib-2024/non-incremental/non-incremental/QF_LIA/20180326-Bromberger/more_slacked/CAV_2009_benchmarks/smt/30-vars/v30_problem_2__023.smt2.slack.smt2	array-elim	error	0	unsupported by backend: term #2 uses unsupported pure-Rust BV operator IntGe
QF_LIA	/nas3/data/axeyum/corpus/smtlib-2024/non-incremental/non-incremental/QF_LIA/20180326-Bromberger/more_slacked/CAV_2009_benchmarks/smt/30-vars/v30_problem_2__023.smt2.slack.smt2	aufbv	error	0	unsupported by backend: term #2 uses unsupported pure-Rust BV operator IntGe
QF_LIA	/nas3/data/axeyum/corpus/smtlib-2024/non-incremental/non-incremental/QF_LIA/2019-cmodelsdiff/stillLive/0006-still_live-11-1.smt2	lia-dpll	unknown	200	UnknownReason { kind: ResourceLimit, detail: "lazy linear arithmetic pre-SAT skeleton exceeds the joint resource boundary (atoms=6742, cnf_vars=104746, base_trigger=>1024/>4096, moderate_envelope<=10240/<=16384, initial_clauses=0, blocking_lemmas=0); declining before the online CDCL(T) probe (dispatch-overrun fix: admission evaluated before the reserve was spent)" }
QF_LIA	/nas3/data/axeyum/corpus/smtlib-2024/non-incremental/non-incremental/QF_LIA/2019-cmodelsdiff/stillLive/0006-still_live-11-1.smt2	lra-dpll	sat	12069	
QF_LIA	/nas3/data/axeyum/corpus/smtlib-2024/non-incremental/non-incremental/QF_LIA/2019-cmodelsdiff/stillLive/0006-still_live-11-1.smt2	nra	sat	11621	
QF_LIA	/nas3/data/axeyum/corpus/smtlib-2024/non-incremental/non-incremental/QF_LIA/2019-cmodelsdiff/stillLive/0006-still_live-11-1.smt2	uf-arithmetic	sat	1144	
QF_LIA	/nas3/data/axeyum/corpus/smtlib-2024/non-incremental/non-incremental/QF_LIA/2019-cmodelsdiff/stillLive/0006-still_live-11-1.smt2	uf-arith-lazy	unknown	155	UnknownReason { kind: ResourceLimit, detail: "lazy linear arithmetic pre-SAT skeleton exceeds the joint resource boundary (atoms=6742, cnf_vars=104746, base_trigger=>1024/>4096, moderate_envelope<=10240/<=16384, initial_clauses=0, blocking_lemmas=0); declining before the first SAT round" }
QF_LIA	/nas3/data/axeyum/corpus/smtlib-2024/non-incremental/non-incremental/QF_LIA/2019-cmodelsdiff/stillLive/0006-still_live-11-1.smt2	uflia-online	unknown	14	UnknownReason { kind: Incomplete, detail: "too many theory atoms for the online combination boolean layer: 6742 > 512" }
QF_LIA	/nas3/data/axeyum/corpus/smtlib-2024/non-incremental/non-incremental/QF_LIA/2019-cmodelsdiff/stillLive/0006-still_live-11-1.smt2	uflra-online	unknown	12	UnknownReason { kind: Incomplete, detail: "no UFLRA atoms for the online combination boolean layer" }
QF_LIA	/nas3/data/axeyum/corpus/smtlib-2024/non-incremental/non-incremental/QF_LIA/2019-cmodelsdiff/stillLive/0006-still_live-11-1.smt2	ufbv-online-cdclt	unknown	9	UnknownReason { kind: NodeBudget, detail: "online UFBV input has 129106 DAG nodes, exceeding the admission cap of 16384" }
QF_LIA	/nas3/data/axeyum/corpus/smtlib-2024/non-incremental/non-incremental/QF_LIA/2019-cmodelsdiff/stillLive/0006-still_live-11-1.smt2	abv-online-cdclt	unknown	9	UnknownReason { kind: NodeBudget, detail: "online UFBV input has 129106 DAG nodes, exceeding the admission cap of 16384" }
QF_LIA	/nas3/data/axeyum/corpus/smtlib-2024/non-incremental/non-incremental/QF_LIA/2019-cmodelsdiff/stillLive/0006-still_live-11-1.smt2	datatype-elim	sat	1147	
QF_LIA	/nas3/data/axeyum/corpus/smtlib-2024/non-incremental/non-incremental/QF_LIA/2019-cmodelsdiff/stillLive/0006-still_live-11-1.smt2	datatype-native	sat	1168	
QF_LIA	/nas3/data/axeyum/corpus/smtlib-2024/non-incremental/non-incremental/QF_LIA/2019-cmodelsdiff/stillLive/0006-still_live-11-1.smt2	euf-online	unknown	8	UnknownReason { kind: Other, detail: "no equality atoms for the online CDCL(T) path" }
QF_LIA	/nas3/data/axeyum/corpus/smtlib-2024/non-incremental/non-incremental/QF_LIA/2019-cmodelsdiff/stillLive/0006-still_live-11-1.smt2	lia-online-cdclt	unknown	24111	UnknownReason { kind: Timeout, detail: "timeout in the online CDCL(T) LIA driver" }
QF_LIA	/nas3/data/axeyum/corpus/smtlib-2024/non-incremental/non-incremental/QF_LIA/2019-cmodelsdiff/stillLive/0006-still_live-11-1.smt2	lra-online-cdclt	unknown	7	UnknownReason { kind: Incomplete, detail: "no linear-real atoms for the online CDCL(T) LRA path" }
QF_LIA	/nas3/data/axeyum/corpus/smtlib-2024/non-incremental/non-incremental/QF_LIA/2019-cmodelsdiff/stillLive/0006-still_live-11-1.smt2	abv-lazy-row	error	19	unsupported by backend: term #115621 uses unsupported pure-Rust BV operator IntLe
QF_LIA	/nas3/data/axeyum/corpus/smtlib-2024/non-incremental/non-incremental/QF_LIA/2019-cmodelsdiff/stillLive/0006-still_live-11-1.smt2	array-elim	error	14	unsupported by backend: term #115621 uses unsupported pure-Rust BV operator IntLe
QF_LIA	/nas3/data/axeyum/corpus/smtlib-2024/non-incremental/non-incremental/QF_LIA/2019-cmodelsdiff/stillLive/0006-still_live-11-1.smt2	aufbv	error	19	unsupported by backend: term #115621 uses unsupported pure-Rust BV operator IntLe
QF_LIA	/nas3/data/axeyum/corpus/smtlib-2024/non-incremental/non-incremental/QF_LIA/2019-ezsmt/incrementalScheduling/182-incremental_scheduling-17280-0.smt2	lia-dpll	error	4	unsupported by backend: lazy arithmetic: unsupported arithmetic atom: QF_LIA: non-linear or non-integer subterm in a constraint
QF_LIA	/nas3/data/axeyum/corpus/smtlib-2024/non-incremental/non-incremental/QF_LIA/2019-ezsmt/incrementalScheduling/182-incremental_scheduling-17280-0.smt2	lra-dpll	sat	8513	
QF_LIA	/nas3/data/axeyum/corpus/smtlib-2024/non-incremental/non-incremental/QF_LIA/2019-ezsmt/incrementalScheduling/182-incremental_scheduling-17280-0.smt2	nra	sat	8749	
QF_LIA	/nas3/data/axeyum/corpus/smtlib-2024/non-incremental/non-incremental/QF_LIA/2019-ezsmt/incrementalScheduling/182-incremental_scheduling-17280-0.smt2	uf-arithmetic	unknown	24014	UnknownReason { kind: Timeout, detail: "preprocessed dispatch timeout after reduced solve" }
QF_LIA	/nas3/data/axeyum/corpus/smtlib-2024/non-incremental/non-incremental/QF_LIA/2019-ezsmt/incrementalScheduling/182-incremental_scheduling-17280-0.smt2	uf-arith-lazy	unknown	24028	UnknownReason { kind: Timeout, detail: "preprocessed dispatch timeout after reduced solve" }
QF_LIA	/nas3/data/axeyum/corpus/smtlib-2024/non-incremental/non-incremental/QF_LIA/2019-ezsmt/incrementalScheduling/182-incremental_scheduling-17280-0.smt2	uflia-online	unknown	0	UnknownReason { kind: Incomplete, detail: "too many theory atoms for the online combination boolean layer: 960 > 512" }
QF_LIA	/nas3/data/axeyum/corpus/smtlib-2024/non-incremental/non-incremental/QF_LIA/2019-ezsmt/incrementalScheduling/182-incremental_scheduling-17280-0.smt2	uflra-online	unknown	0	UnknownReason { kind: Incomplete, detail: "too many theory atoms for the online combination boolean layer" }
QF_LIA	/nas3/data/axeyum/corpus/smtlib-2024/non-incremental/non-incremental/QF_LIA/2019-ezsmt/incrementalScheduling/182-incremental_scheduling-17280-0.smt2	ufbv-online-cdclt	error	0	unsupported by backend: online UFBV combination admits only Bool and BitVec terms
QF_LIA	/nas3/data/axeyum/corpus/smtlib-2024/non-incremental/non-incremental/QF_LIA/2019-ezsmt/incrementalScheduling/182-incremental_scheduling-17280-0.smt2	abv-online-cdclt	error	0	unsupported by backend: online AUFBV combination admits only Bool, BitVec, and Bool/BV-component array terms
QF_LIA	/nas3/data/axeyum/corpus/smtlib-2024/non-incremental/non-incremental/QF_LIA/2019-ezsmt/incrementalScheduling/182-incremental_scheduling-17280-0.smt2	datatype-elim	unknown	24021	UnknownReason { kind: Timeout, detail: "preprocessed dispatch timeout after reduced solve" }
QF_LIA	/nas3/data/axeyum/corpus/smtlib-2024/non-incremental/non-incremental/QF_LIA/2019-ezsmt/incrementalScheduling/182-incremental_scheduling-17280-0.smt2	datatype-native	unknown	24022	UnknownReason { kind: Timeout, detail: "preprocessed dispatch timeout after reduced solve" }
QF_LIA	/nas3/data/axeyum/corpus/smtlib-2024/non-incremental/non-incremental/QF_LIA/2019-ezsmt/incrementalScheduling/182-incremental_scheduling-17280-0.smt2	euf-online	unknown	0	UnknownReason { kind: Other, detail: "boolean skeleton outside the online CDCL(T) encoder" }
QF_LIA	/nas3/data/axeyum/corpus/smtlib-2024/non-incremental/non-incremental/QF_LIA/2019-ezsmt/incrementalScheduling/182-incremental_scheduling-17280-0.smt2	lia-online-cdclt	unknown	16216	UnknownReason { kind: Incomplete, detail: "online CDCL(T) LIA model did not replay (arithmetic outside the incremental engine)" }
QF_LIA	/nas3/data/axeyum/corpus/smtlib-2024/non-incremental/non-incremental/QF_LIA/2019-ezsmt/incrementalScheduling/182-incremental_scheduling-17280-0.smt2	lra-online-cdclt	unknown	0	UnknownReason { kind: Incomplete, detail: "no linear-real atoms for the online CDCL(T) LRA path" }
QF_LIA	/nas3/data/axeyum/corpus/smtlib-2024/non-incremental/non-incremental/QF_LIA/2019-ezsmt/incrementalScheduling/182-incremental_scheduling-17280-0.smt2	abv-lazy-row	error	0	unsupported by backend: term #4543 uses unsupported pure-Rust BV operator IntLe
QF_LIA	/nas3/data/axeyum/corpus/smtlib-2024/non-incremental/non-incremental/QF_LIA/2019-ezsmt/incrementalScheduling/182-incremental_scheduling-17280-0.smt2	array-elim	error	0	unsupported by backend: term #4543 uses unsupported pure-Rust BV operator IntLe
QF_LIA	/nas3/data/axeyum/corpus/smtlib-2024/non-incremental/non-incremental/QF_LIA/2019-ezsmt/incrementalScheduling/182-incremental_scheduling-17280-0.smt2	aufbv	error	0	unsupported by backend: term #4543 uses unsupported pure-Rust BV operator IntLe
QF_LIA	/nas3/data/axeyum/corpus/smtlib-2024/non-incremental/non-incremental/QF_LIA/20210219-Dartagnan/ReachSafety-Loops/apache-get-tag-O0.smt2	lia-dpll	error	76	unsupported by backend: lazy arithmetic: unsupported arithmetic atom: QF_LIA: non-linear or non-integer subterm in a constraint
QF_LIA	/nas3/data/axeyum/corpus/smtlib-2024/non-incremental/non-incremental/QF_LIA/20210219-Dartagnan/ReachSafety-Loops/apache-get-tag-O0.smt2	lra-dpll	unknown	3860	UnknownReason { kind: Incomplete, detail: "no model within the bounded integer width 32; widen the bound" }
QF_LIA	/nas3/data/axeyum/corpus/smtlib-2024/non-incremental/non-incremental/QF_LIA/20210219-Dartagnan/ReachSafety-Loops/apache-get-tag-O0.smt2	nra	unknown	4040	UnknownReason { kind: Incomplete, detail: "no model within the bounded integer width 32; widen the bound" }
QF_LIA	/nas3/data/axeyum/corpus/smtlib-2024/non-incremental/non-incremental/QF_LIA/20210219-Dartagnan/ReachSafety-Loops/apache-get-tag-O0.smt2	uf-arithmetic	unknown	18076	UnknownReason { kind: ResourceLimit, detail: "lazy linear arithmetic pre-SAT skeleton exceeds the joint resource boundary (atoms=34855, cnf_vars=197407, base_trigger=>1024/>4096, moderate_envelope<=10240/<=16384, initial_clauses=173, blocking_lemmas=0); declining before the online CDCL(T) probe (dispatch-overrun fix: admission evaluated before the reserve was spent)" }
QF_LIA	/nas3/data/axeyum/corpus/smtlib-2024/non-incremental/non-incremental/QF_LIA/20210219-Dartagnan/ReachSafety-Loops/apache-get-tag-O0.smt2	uf-arith-lazy	unknown	19516	UnknownReason { kind: ResourceLimit, detail: "lazy linear arithmetic pre-SAT skeleton exceeds the joint resource boundary (atoms=34855, cnf_vars=197407, base_trigger=>1024/>4096, moderate_envelope<=10240/<=16384, initial_clauses=173, blocking_lemmas=0); declining before the online CDCL(T) probe (dispatch-overrun fix: admission evaluated before the reserve was spent)" }
QF_LIA	/nas3/data/axeyum/corpus/smtlib-2024/non-incremental/non-incremental/QF_LIA/20210219-Dartagnan/ReachSafety-Loops/apache-get-tag-O0.smt2	uflia-online	unknown	24	UnknownReason { kind: Incomplete, detail: "too many theory atoms for the online combination boolean layer: 25782 > 512" }
QF_LIA	/nas3/data/axeyum/corpus/smtlib-2024/non-incremental/non-incremental/QF_LIA/20210219-Dartagnan/ReachSafety-Loops/apache-get-tag-O0.smt2	uflra-online	unknown	15	UnknownReason { kind: Incomplete, detail: "too many theory atoms for the online combination boolean layer" }
QF_LIA	/nas3/data/axeyum/corpus/smtlib-2024/non-incremental/non-incremental/QF_LIA/20210219-Dartagnan/ReachSafety-Loops/apache-get-tag-O0.smt2	ufbv-online-cdclt	unknown	15	UnknownReason { kind: NodeBudget, detail: "online UFBV input has 217802 DAG nodes, exceeding the admission cap of 16384" }
QF_LIA	/nas3/data/axeyum/corpus/smtlib-2024/non-incremental/non-incremental/QF_LIA/20210219-Dartagnan/ReachSafety-Loops/apache-get-tag-O0.smt2	abv-online-cdclt	unknown	13	UnknownReason { kind: NodeBudget, detail: "online UFBV input has 217802 DAG nodes, exceeding the admission cap of 16384" }
QF_LIA	/nas3/data/axeyum/corpus/smtlib-2024/non-incremental/non-incremental/QF_LIA/20210219-Dartagnan/ReachSafety-Loops/apache-get-tag-O0.smt2	datatype-elim	unknown	19795	UnknownReason { kind: ResourceLimit, detail: "lazy linear arithmetic pre-SAT skeleton exceeds the joint resource boundary (atoms=34855, cnf_vars=197407, base_trigger=>1024/>4096, moderate_envelope<=10240/<=16384, initial_clauses=173, blocking_lemmas=0); declining before the online CDCL(T) probe (dispatch-overrun fix: admission evaluated before the reserve was spent)" }
QF_LIA	/nas3/data/axeyum/corpus/smtlib-2024/non-incremental/non-incremental/QF_LIA/20210219-Dartagnan/ReachSafety-Loops/apache-get-tag-O0.smt2	datatype-native	unknown	19043	UnknownReason { kind: ResourceLimit, detail: "lazy linear arithmetic pre-SAT skeleton exceeds the joint resource boundary (atoms=34855, cnf_vars=197407, base_trigger=>1024/>4096, moderate_envelope<=10240/<=16384, initial_clauses=173, blocking_lemmas=0); declining before the online CDCL(T) probe (dispatch-overrun fix: admission evaluated before the reserve was spent)" }
QF_LIA	/nas3/data/axeyum/corpus/smtlib-2024/non-incremental/non-incremental/QF_LIA/20210219-Dartagnan/ReachSafety-Loops/apache-get-tag-O0.smt2	euf-online	unknown	17	UnknownReason { kind: Other, detail: "boolean skeleton outside the online CDCL(T) encoder" }
QF_LIA	/nas3/data/axeyum/corpus/smtlib-2024/non-incremental/non-incremental/QF_LIA/20210219-Dartagnan/ReachSafety-Loops/apache-get-tag-O0.smt2	lia-online-cdclt	unknown	16	UnknownReason { kind: Incomplete, detail: "boolean skeleton outside the online CDCL(T) LIA encoder" }
QF_LIA	/nas3/data/axeyum/corpus/smtlib-2024/non-incremental/non-incremental/QF_LIA/20210219-Dartagnan/ReachSafety-Loops/apache-get-tag-O0.smt2	lra-online-cdclt	unknown	14	UnknownReason { kind: Incomplete, detail: "no linear-real atoms for the online CDCL(T) LRA path" }
QF_LIA	/nas3/data/axeyum/corpus/smtlib-2024/non-incremental/non-incremental/QF_LIA/20210219-Dartagnan/ReachSafety-Loops/apache-get-tag-O0.smt2	abv-lazy-row	error	27	unsupported by backend: term #38093 uses unsupported pure-Rust BV operator IntAdd
QF_LIA	/nas3/data/axeyum/corpus/smtlib-2024/non-incremental/non-incremental/QF_LIA/20210219-Dartagnan/ReachSafety-Loops/apache-get-tag-O0.smt2	array-elim	error	14	unsupported by backend: term #38093 uses unsupported pure-Rust BV operator IntAdd
QF_LIA	/nas3/data/axeyum/corpus/smtlib-2024/non-incremental/non-incremental/QF_LIA/20210219-Dartagnan/ReachSafety-Loops/apache-get-tag-O0.smt2	aufbv	error	25	unsupported by backend: term #38093 uses unsupported pure-Rust BV operator IntAdd
QF_LIA	/nas3/data/axeyum/corpus/smtlib-2024/non-incremental/non-incremental/QF_LIA/20210219-Dartagnan/ReachSafety-Loops/jm2006_variant-O0.smt2	lia-dpll	killed	24000	outer wall timeout
QF_LIA	/nas3/data/axeyum/corpus/smtlib-2024/non-incremental/non-incremental/QF_LIA/20210219-Dartagnan/ReachSafety-Loops/jm2006_variant-O0.smt2	lra-dpll	killed	24000	outer wall timeout
QF_LIA	/nas3/data/axeyum/corpus/smtlib-2024/non-incremental/non-incremental/QF_LIA/20210219-Dartagnan/ReachSafety-Loops/jm2006_variant-O0.smt2	nra	killed	24000	outer wall timeout
QF_LIA	/nas3/data/axeyum/corpus/smtlib-2024/non-incremental/non-incremental/QF_LIA/20210219-Dartagnan/ReachSafety-Loops/jm2006_variant-O0.smt2	uf-arithmetic	killed	24000	outer wall timeout
QF_LIA	/nas3/data/axeyum/corpus/smtlib-2024/non-incremental/non-incremental/QF_LIA/20210219-Dartagnan/ReachSafety-Loops/jm2006_variant-O0.smt2	uf-arith-lazy	killed	24000	outer wall timeout
QF_LIA	/nas3/data/axeyum/corpus/smtlib-2024/non-incremental/non-incremental/QF_LIA/20210219-Dartagnan/ReachSafety-Loops/jm2006_variant-O0.smt2	uflia-online	killed	24000	outer wall timeout
QF_LIA	/nas3/data/axeyum/corpus/smtlib-2024/non-incremental/non-incremental/QF_LIA/20210219-Dartagnan/ReachSafety-Loops/jm2006_variant-O0.smt2	uflra-online	killed	24000	outer wall timeout
QF_LIA	/nas3/data/axeyum/corpus/smtlib-2024/non-incremental/non-incremental/QF_LIA/20210219-Dartagnan/ReachSafety-Loops/jm2006_variant-O0.smt2	ufbv-online-cdclt	killed	24000	outer wall timeout
QF_LIA	/nas3/data/axeyum/corpus/smtlib-2024/non-incremental/non-incremental/QF_LIA/20210219-Dartagnan/ReachSafety-Loops/jm2006_variant-O0.smt2	abv-online-cdclt	killed	24000	outer wall timeout
QF_LIA	/nas3/data/axeyum/corpus/smtlib-2024/non-incremental/non-incremental/QF_LIA/20210219-Dartagnan/ReachSafety-Loops/jm2006_variant-O0.smt2	datatype-elim	killed	24000	outer wall timeout
QF_LIA	/nas3/data/axeyum/corpus/smtlib-2024/non-incremental/non-incremental/QF_LIA/20210219-Dartagnan/ReachSafety-Loops/jm2006_variant-O0.smt2	datatype-native	killed	24000	outer wall timeout
QF_LIA	/nas3/data/axeyum/corpus/smtlib-2024/non-incremental/non-incremental/QF_LIA/20210219-Dartagnan/ReachSafety-Loops/jm2006_variant-O0.smt2	euf-online	killed	24000	outer wall timeout
QF_LIA	/nas3/data/axeyum/corpus/smtlib-2024/non-incremental/non-incremental/QF_LIA/20210219-Dartagnan/ReachSafety-Loops/jm2006_variant-O0.smt2	lia-online-cdclt	killed	24000	outer wall timeout
QF_LIA	/nas3/data/axeyum/corpus/smtlib-2024/non-incremental/non-incremental/QF_LIA/20210219-Dartagnan/ReachSafety-Loops/jm2006_variant-O0.smt2	lra-online-cdclt	killed	24000	outer wall timeout
QF_LIA	/nas3/data/axeyum/corpus/smtlib-2024/non-incremental/non-incremental/QF_LIA/20210219-Dartagnan/ReachSafety-Loops/jm2006_variant-O0.smt2	abv-lazy-row	killed	24000	outer wall timeout
QF_LIA	/nas3/data/axeyum/corpus/smtlib-2024/non-incremental/non-incremental/QF_LIA/20210219-Dartagnan/ReachSafety-Loops/jm2006_variant-O0.smt2	array-elim	killed	24000	outer wall timeout
QF_LIA	/nas3/data/axeyum/corpus/smtlib-2024/non-incremental/non-incremental/QF_LIA/20210219-Dartagnan/ReachSafety-Loops/jm2006_variant-O0.smt2	aufbv	killed	24000	outer wall timeout
QF_LIA	/nas3/data/axeyum/corpus/smtlib-2024/non-incremental/non-incremental/QF_LIA/20220307-SMPT/BART-PT-020/RF-13.smt2	lia-dpll	unknown	10126	UnknownReason { kind: ResourceLimit, detail: "lazy linear arithmetic pre-SAT skeleton exceeds the joint resource boundary (atoms=11184, cnf_vars=14093, base_trigger=>1024/>4096, moderate_envelope<=10240/<=16384, initial_clauses=0, blocking_lemmas=0); declining before the online CDCL(T) probe (dispatch-overrun fix: admission evaluated before the reserve was spent)" }
QF_LIA	/nas3/data/axeyum/corpus/smtlib-2024/non-incremental/non-incremental/QF_LIA/20220307-SMPT/BART-PT-020/RF-13.smt2	lra-dpll	sat	9560	
QF_LIA	/nas3/data/axeyum/corpus/smtlib-2024/non-incremental/non-incremental/QF_LIA/20220307-SMPT/BART-PT-020/RF-13.smt2	nra	sat	9710	
QF_LIA	/nas3/data/axeyum/corpus/smtlib-2024/non-incremental/non-incremental/QF_LIA/20220307-SMPT/BART-PT-020/RF-13.smt2	uf-arithmetic	sat	8813	
QF_LIA	/nas3/data/axeyum/corpus/smtlib-2024/non-incremental/non-incremental/QF_LIA/20220307-SMPT/BART-PT-020/RF-13.smt2	uf-arith-lazy	unknown	57	UnknownReason { kind: ResourceLimit, detail: "lazy linear arithmetic pre-SAT skeleton exceeds the joint resource boundary (atoms=11184, cnf_vars=14093, base_trigger=>1024/>4096, moderate_envelope<=10240/<=16384, initial_clauses=0, blocking_lemmas=0); declining before the first SAT round" }
QF_LIA	/nas3/data/axeyum/corpus/smtlib-2024/non-incremental/non-incremental/QF_LIA/20220307-SMPT/BART-PT-020/RF-13.smt2	uflia-online	unknown	0	UnknownReason { kind: Incomplete, detail: "too many theory atoms for the online combination boolean layer: 8363 > 512" }
QF_LIA	/nas3/data/axeyum/corpus/smtlib-2024/non-incremental/non-incremental/QF_LIA/20220307-SMPT/BART-PT-020/RF-13.smt2	uflra-online	unknown	0	UnknownReason { kind: Incomplete, detail: "too many theory atoms for the online combination boolean layer" }
QF_LIA	/nas3/data/axeyum/corpus/smtlib-2024/non-incremental/non-incremental/QF_LIA/20220307-SMPT/BART-PT-020/RF-13.smt2	ufbv-online-cdclt	unknown	0	UnknownReason { kind: NodeBudget, detail: "online UFBV input has 16518 DAG nodes, exceeding the admission cap of 16384" }
QF_LIA	/nas3/data/axeyum/corpus/smtlib-2024/non-incremental/non-incremental/QF_LIA/20220307-SMPT/BART-PT-020/RF-13.smt2	abv-online-cdclt	unknown	0	UnknownReason { kind: NodeBudget, detail: "online UFBV input has 16518 DAG nodes, exceeding the admission cap of 16384" }
QF_LIA	/nas3/data/axeyum/corpus/smtlib-2024/non-incremental/non-incremental/QF_LIA/20220307-SMPT/BART-PT-020/RF-13.smt2	datatype-elim	sat	8823	
QF_LIA	/nas3/data/axeyum/corpus/smtlib-2024/non-incremental/non-incremental/QF_LIA/20220307-SMPT/BART-PT-020/RF-13.smt2	datatype-native	sat	8795	
QF_LIA	/nas3/data/axeyum/corpus/smtlib-2024/non-incremental/non-incremental/QF_LIA/20220307-SMPT/BART-PT-020/RF-13.smt2	euf-online	unknown	0	UnknownReason { kind: Other, detail: "boolean skeleton outside the online CDCL(T) encoder" }
QF_LIA	/nas3/data/axeyum/corpus/smtlib-2024/non-incremental/non-incremental/QF_LIA/20220307-SMPT/BART-PT-020/RF-13.smt2	lia-online-cdclt	unknown	24024	UnknownReason { kind: Incomplete, detail: "online CDCL(T) LIA model did not replay (arithmetic outside the incremental engine)" }
QF_LIA	/nas3/data/axeyum/corpus/smtlib-2024/non-incremental/non-incremental/QF_LIA/20220307-SMPT/BART-PT-020/RF-13.smt2	lra-online-cdclt	unknown	0	UnknownReason { kind: Incomplete, detail: "no linear-real atoms for the online CDCL(T) LRA path" }
QF_LIA	/nas3/data/axeyum/corpus/smtlib-2024/non-incremental/non-incremental/QF_LIA/20220307-SMPT/BART-PT-020/RF-13.smt2	abv-lazy-row	error	0	unsupported by backend: term #2 uses unsupported pure-Rust BV operator IntGe
QF_LIA	/nas3/data/axeyum/corpus/smtlib-2024/non-incremental/non-incremental/QF_LIA/20220307-SMPT/BART-PT-020/RF-13.smt2	array-elim	error	0	unsupported by backend: term #2 uses unsupported pure-Rust BV operator IntGe
QF_LIA	/nas3/data/axeyum/corpus/smtlib-2024/non-incremental/non-incremental/QF_LIA/20220307-SMPT/BART-PT-020/RF-13.smt2	aufbv	error	0	unsupported by backend: term #2 uses unsupported pure-Rust BV operator IntGe
QF_LIA	/nas3/data/axeyum/corpus/smtlib-2024/non-incremental/non-incremental/QF_LIA/20220307-SMPT/FamilyReunion-PT-L00400M0040C020P020G001/RC-07.smt2	lia-dpll	killed	24000	outer wall timeout
QF_LIA	/nas3/data/axeyum/corpus/smtlib-2024/non-incremental/non-incremental/QF_LIA/20220307-SMPT/FamilyReunion-PT-L00400M0040C020P020G001/RC-07.smt2	lra-dpll	aborted	24000	exit=-6
QF_LIA	/nas3/data/axeyum/corpus/smtlib-2024/non-incremental/non-incremental/QF_LIA/20220307-SMPT/FamilyReunion-PT-L00400M0040C020P020G001/RC-07.smt2	nra	aborted	24000	exit=-6
QF_LIA	/nas3/data/axeyum/corpus/smtlib-2024/non-incremental/non-incremental/QF_LIA/20220307-SMPT/FamilyReunion-PT-L00400M0040C020P020G001/RC-07.smt2	uf-arithmetic	unknown	17351	UnknownReason { kind: ResourceLimit, detail: "lazy linear arithmetic pre-SAT skeleton exceeds the joint resource boundary (atoms=25667, cnf_vars=537713, base_trigger=>1024/>4096, moderate_envelope<=10240/<=16384, initial_clauses=0, blocking_lemmas=0); declining before the online CDCL(T) probe (dispatch-overrun fix: admission evaluated before the reserve was spent)" }
QF_LIA	/nas3/data/axeyum/corpus/smtlib-2024/non-incremental/non-incremental/QF_LIA/20220307-SMPT/FamilyReunion-PT-L00400M0040C020P020G001/RC-07.smt2	uf-arith-lazy	killed	24000	outer wall timeout
QF_LIA	/nas3/data/axeyum/corpus/smtlib-2024/non-incremental/non-incremental/QF_LIA/20220307-SMPT/FamilyReunion-PT-L00400M0040C020P020G001/RC-07.smt2	uflia-online	unknown	53	UnknownReason { kind: Incomplete, detail: "too many theory atoms for the online combination boolean layer: 537711 > 512" }
QF_LIA	/nas3/data/axeyum/corpus/smtlib-2024/non-incremental/non-incremental/QF_LIA/20220307-SMPT/FamilyReunion-PT-L00400M0040C020P020G001/RC-07.smt2	uflra-online	unknown	75	UnknownReason { kind: Incomplete, detail: "no UFLRA atoms for the online combination boolean layer" }
QF_LIA	/nas3/data/axeyum/corpus/smtlib-2024/non-incremental/non-incremental/QF_LIA/20220307-SMPT/FamilyReunion-PT-L00400M0040C020P020G001/RC-07.smt2	ufbv-online-cdclt	unknown	89	UnknownReason { kind: NodeBudget, detail: "online UFBV input has 1101085 DAG nodes, exceeding the admission cap of 16384" }
QF_LIA	/nas3/data/axeyum/corpus/smtlib-2024/non-incremental/non-incremental/QF_LIA/20220307-SMPT/FamilyReunion-PT-L00400M0040C020P020G001/RC-07.smt2	abv-online-cdclt	unknown	87	UnknownReason { kind: NodeBudget, detail: "online UFBV input has 1101085 DAG nodes, exceeding the admission cap of 16384" }
QF_LIA	/nas3/data/axeyum/corpus/smtlib-2024/non-incremental/non-incremental/QF_LIA/20220307-SMPT/FamilyReunion-PT-L00400M0040C020P020G001/RC-07.smt2	datatype-elim	unknown	17384	UnknownReason { kind: ResourceLimit, detail: "lazy linear arithmetic pre-SAT skeleton exceeds the joint resource boundary (atoms=25667, cnf_vars=537713, base_trigger=>1024/>4096, moderate_envelope<=10240/<=16384, initial_clauses=0, blocking_lemmas=0); declining before the online CDCL(T) probe (dispatch-overrun fix: admission evaluated before the reserve was spent)" }
QF_LIA	/nas3/data/axeyum/corpus/smtlib-2024/non-incremental/non-incremental/QF_LIA/20220307-SMPT/FamilyReunion-PT-L00400M0040C020P020G001/RC-07.smt2	datatype-native	unknown	17390	UnknownReason { kind: ResourceLimit, detail: "lazy linear arithmetic pre-SAT skeleton exceeds the joint resource boundary (atoms=25667, cnf_vars=537713, base_trigger=>1024/>4096, moderate_envelope<=10240/<=16384, initial_clauses=0, blocking_lemmas=0); declining before the online CDCL(T) probe (dispatch-overrun fix: admission evaluated before the reserve was spent)" }
QF_LIA	/nas3/data/axeyum/corpus/smtlib-2024/non-incremental/non-incremental/QF_LIA/20220307-SMPT/FamilyReunion-PT-L00400M0040C020P020G001/RC-07.smt2	euf-online	unknown	73	UnknownReason { kind: Other, detail: "no equality atoms for the online CDCL(T) path" }
QF_LIA	/nas3/data/axeyum/corpus/smtlib-2024/non-incremental/non-incremental/QF_LIA/20220307-SMPT/FamilyReunion-PT-L00400M0040C020P020G001/RC-07.smt2	lia-online-cdclt	unknown	24288	UnknownReason { kind: Incomplete, detail: "online CDCL(T) LIA model did not replay (arithmetic outside the incremental engine)" }
QF_LIA	/nas3/data/axeyum/corpus/smtlib-2024/non-incremental/non-incremental/QF_LIA/20220307-SMPT/FamilyReunion-PT-L00400M0040C020P020G001/RC-07.smt2	lra-online-cdclt	unknown	69	UnknownReason { kind: Incomplete, detail: "no linear-real atoms for the online CDCL(T) LRA path" }
QF_LIA	/nas3/data/axeyum/corpus/smtlib-2024/non-incremental/non-incremental/QF_LIA/20220307-SMPT/FamilyReunion-PT-L00400M0040C020P020G001/RC-07.smt2	abv-lazy-row	error	62	unsupported by backend: term #2 uses unsupported pure-Rust BV operator IntGe
QF_LIA	/nas3/data/axeyum/corpus/smtlib-2024/non-incremental/non-incremental/QF_LIA/20220307-SMPT/FamilyReunion-PT-L00400M0040C020P020G001/RC-07.smt2	array-elim	error	29	unsupported by backend: term #2 uses unsupported pure-Rust BV operator IntGe
QF_LIA	/nas3/data/axeyum/corpus/smtlib-2024/non-incremental/non-incremental/QF_LIA/20220307-SMPT/FamilyReunion-PT-L00400M0040C020P020G001/RC-07.smt2	aufbv	error	55	unsupported by backend: term #2 uses unsupported pure-Rust BV operator IntGe
QF_LIA	/nas3/data/axeyum/corpus/smtlib-2024/non-incremental/non-incremental/QF_LIA/20220307-SMPT/RwMutex-PT-r0010w0500/RC-09.smt2	lia-dpll	unknown	10110	UnknownReason { kind: ResourceLimit, detail: "lazy linear arithmetic pre-SAT skeleton exceeds the joint resource boundary (atoms=18631, cnf_vars=24671, base_trigger=>1024/>4096, moderate_envelope<=10240/<=16384, initial_clauses=0, blocking_lemmas=0); declining before the online CDCL(T) probe (dispatch-overrun fix: admission evaluated before the reserve was spent)" }
QF_LIA	/nas3/data/axeyum/corpus/smtlib-2024/non-incremental/non-incremental/QF_LIA/20220307-SMPT/RwMutex-PT-r0010w0500/RC-09.smt2	lra-dpll	unknown	32156	UnknownReason { kind: Timeout, detail: "combined-theory timeout after scalar backend" }
QF_LIA	/nas3/data/axeyum/corpus/smtlib-2024/non-incremental/non-incremental/QF_LIA/20220307-SMPT/RwMutex-PT-r0010w0500/RC-09.smt2	nra	unknown	32190	UnknownReason { kind: Timeout, detail: "combined-theory timeout after scalar backend" }
QF_LIA	/nas3/data/axeyum/corpus/smtlib-2024/non-incremental/non-incremental/QF_LIA/20220307-SMPT/RwMutex-PT-r0010w0500/RC-09.smt2	uf-arithmetic	killed	24000	outer wall timeout
QF_LIA	/nas3/data/axeyum/corpus/smtlib-2024/non-incremental/non-incremental/QF_LIA/20220307-SMPT/RwMutex-PT-r0010w0500/RC-09.smt2	uf-arith-lazy	unknown	97	UnknownReason { kind: ResourceLimit, detail: "lazy linear arithmetic pre-SAT skeleton exceeds the joint resource boundary (atoms=18631, cnf_vars=24671, base_trigger=>1024/>4096, moderate_envelope<=10240/<=16384, initial_clauses=0, blocking_lemmas=0); declining before the first SAT round" }
QF_LIA	/nas3/data/axeyum/corpus/smtlib-2024/non-incremental/non-incremental/QF_LIA/20220307-SMPT/RwMutex-PT-r0010w0500/RC-09.smt2	uflia-online	unknown	24008	UnknownReason { kind: Incomplete, detail: "interface split reached its deadline" }
QF_LIA	/nas3/data/axeyum/corpus/smtlib-2024/non-incremental/non-incremental/QF_LIA/20220307-SMPT/RwMutex-PT-r0010w0500/RC-09.smt2	uflra-online	unknown	0	UnknownReason { kind: Incomplete, detail: "too many theory atoms for the online combination boolean layer" }
QF_LIA	/nas3/data/axeyum/corpus/smtlib-2024/non-incremental/non-incremental/QF_LIA/20220307-SMPT/RwMutex-PT-r0010w0500/RC-09.smt2	ufbv-online-cdclt	unknown	0	UnknownReason { kind: NodeBudget, detail: "online UFBV input has 24664 DAG nodes, exceeding the admission cap of 16384" }
QF_LIA	/nas3/data/axeyum/corpus/smtlib-2024/non-incremental/non-incremental/QF_LIA/20220307-SMPT/RwMutex-PT-r0010w0500/RC-09.smt2	abv-online-cdclt	unknown	0	UnknownReason { kind: NodeBudget, detail: "online UFBV input has 24664 DAG nodes, exceeding the admission cap of 16384" }
QF_LIA	/nas3/data/axeyum/corpus/smtlib-2024/non-incremental/non-incremental/QF_LIA/20220307-SMPT/RwMutex-PT-r0010w0500/RC-09.smt2	datatype-elim	killed	24000	outer wall timeout
QF_LIA	/nas3/data/axeyum/corpus/smtlib-2024/non-incremental/non-incremental/QF_LIA/20220307-SMPT/RwMutex-PT-r0010w0500/RC-09.smt2	datatype-native	killed	24000	outer wall timeout
QF_LIA	/nas3/data/axeyum/corpus/smtlib-2024/non-incremental/non-incremental/QF_LIA/20220307-SMPT/RwMutex-PT-r0010w0500/RC-09.smt2	euf-online	unknown	1	UnknownReason { kind: Other, detail: "boolean skeleton outside the online CDCL(T) encoder" }
QF_LIA	/nas3/data/axeyum/corpus/smtlib-2024/non-incremental/non-incremental/QF_LIA/20220307-SMPT/RwMutex-PT-r0010w0500/RC-09.smt2	lia-online-cdclt	unknown	24012	UnknownReason { kind: Incomplete, detail: "online CDCL(T) LIA model did not replay (arithmetic outside the incremental engine)" }
QF_LIA	/nas3/data/axeyum/corpus/smtlib-2024/non-incremental/non-incremental/QF_LIA/20220307-SMPT/RwMutex-PT-r0010w0500/RC-09.smt2	lra-online-cdclt	unknown	0	UnknownReason { kind: Incomplete, detail: "no linear-real atoms for the online CDCL(T) LRA path" }
QF_LIA	/nas3/data/axeyum/corpus/smtlib-2024/non-incremental/non-incremental/QF_LIA/20220307-SMPT/RwMutex-PT-r0010w0500/RC-09.smt2	abv-lazy-row	error	1	unsupported by backend: term #2 uses unsupported pure-Rust BV operator IntGe
QF_LIA	/nas3/data/axeyum/corpus/smtlib-2024/non-incremental/non-incremental/QF_LIA/20220307-SMPT/RwMutex-PT-r0010w0500/RC-09.smt2	array-elim	error	0	unsupported by backend: term #2 uses unsupported pure-Rust BV operator IntGe
QF_LIA	/nas3/data/axeyum/corpus/smtlib-2024/non-incremental/non-incremental/QF_LIA/20220307-SMPT/RwMutex-PT-r0010w0500/RC-09.smt2	aufbv	error	1	unsupported by backend: term #2 uses unsupported pure-Rust BV operator IntGe
QF_LIA	/nas3/data/axeyum/corpus/smtlib-2024/non-incremental/non-incremental/QF_LIA/20220307-SMPT/RwMutex-PT-r0010w2000/RC-11.smt2	lia-dpll	unknown	11034	UnknownReason { kind: ResourceLimit, detail: "lazy linear arithmetic pre-SAT skeleton exceeds the joint resource boundary (atoms=74131, cnf_vars=98171, base_trigger=>1024/>4096, moderate_envelope<=10240/<=16384, initial_clauses=0, blocking_lemmas=0); declining before the online CDCL(T) probe (dispatch-overrun fix: admission evaluated before the reserve was spent)" }
QF_LIA	/nas3/data/axeyum/corpus/smtlib-2024/non-incremental/non-incremental/QF_LIA/20220307-SMPT/RwMutex-PT-r0010w2000/RC-11.smt2	lra-dpll	unknown	16046	UnknownReason { kind: Incomplete, detail: "no model within the bounded integer width 32; widen the bound" }
QF_LIA	/nas3/data/axeyum/corpus/smtlib-2024/non-incremental/non-incremental/QF_LIA/20220307-SMPT/RwMutex-PT-r0010w2000/RC-11.smt2	nra	unknown	15960	UnknownReason { kind: Incomplete, detail: "no model within the bounded integer width 32; widen the bound" }
QF_LIA	/nas3/data/axeyum/corpus/smtlib-2024/non-incremental/non-incremental/QF_LIA/20220307-SMPT/RwMutex-PT-r0010w2000/RC-11.smt2	uf-arithmetic	killed	24000	outer wall timeout
QF_LIA	/nas3/data/axeyum/corpus/smtlib-2024/non-incremental/non-incremental/QF_LIA/20220307-SMPT/RwMutex-PT-r0010w2000/RC-11.smt2	uf-arith-lazy	unknown	1019	UnknownReason { kind: ResourceLimit, detail: "lazy linear arithmetic pre-SAT skeleton exceeds the joint resource boundary (atoms=74131, cnf_vars=98171, base_trigger=>1024/>4096, moderate_envelope<=10240/<=16384, initial_clauses=0, blocking_lemmas=0); declining before the first SAT round" }
QF_LIA	/nas3/data/axeyum/corpus/smtlib-2024/non-incremental/non-incremental/QF_LIA/20220307-SMPT/RwMutex-PT-r0010w2000/RC-11.smt2	uflia-online	unknown	24013	UnknownReason { kind: Incomplete, detail: "interface split reached its deadline" }
QF_LIA	/nas3/data/axeyum/corpus/smtlib-2024/non-incremental/non-incremental/QF_LIA/20220307-SMPT/RwMutex-PT-r0010w2000/RC-11.smt2	uflra-online	unknown	4	UnknownReason { kind: Incomplete, detail: "too many theory atoms for the online combination boolean layer" }
QF_LIA	/nas3/data/axeyum/corpus/smtlib-2024/non-incremental/non-incremental/QF_LIA/20220307-SMPT/RwMutex-PT-r0010w2000/RC-11.smt2	ufbv-online-cdclt	unknown	4	UnknownReason { kind: NodeBudget, detail: "online UFBV input has 98166 DAG nodes, exceeding the admission cap of 16384" }
QF_LIA	/nas3/data/axeyum/corpus/smtlib-2024/non-incremental/non-incremental/QF_LIA/20220307-SMPT/RwMutex-PT-r0010w2000/RC-11.smt2	abv-online-cdclt	unknown	4	UnknownReason { kind: NodeBudget, detail: "online UFBV input has 98166 DAG nodes, exceeding the admission cap of 16384" }
QF_LIA	/nas3/data/axeyum/corpus/smtlib-2024/non-incremental/non-incremental/QF_LIA/20220307-SMPT/RwMutex-PT-r0010w2000/RC-11.smt2	datatype-elim	killed	24000	outer wall timeout
QF_LIA	/nas3/data/axeyum/corpus/smtlib-2024/non-incremental/non-incremental/QF_LIA/20220307-SMPT/RwMutex-PT-r0010w2000/RC-11.smt2	datatype-native	killed	24000	outer wall timeout
QF_LIA	/nas3/data/axeyum/corpus/smtlib-2024/non-incremental/non-incremental/QF_LIA/20220307-SMPT/RwMutex-PT-r0010w2000/RC-11.smt2	euf-online	unknown	6	UnknownReason { kind: Other, detail: "boolean skeleton outside the online CDCL(T) encoder" }
QF_LIA	/nas3/data/axeyum/corpus/smtlib-2024/non-incremental/non-incremental/QF_LIA/20220307-SMPT/RwMutex-PT-r0010w2000/RC-11.smt2	lia-online-cdclt	unknown	24021	UnknownReason { kind: Incomplete, detail: "online CDCL(T) LIA model did not replay (arithmetic outside the incremental engine)" }
QF_LIA	/nas3/data/axeyum/corpus/smtlib-2024/non-incremental/non-incremental/QF_LIA/20220307-SMPT/RwMutex-PT-r0010w2000/RC-11.smt2	lra-online-cdclt	unknown	5	UnknownReason { kind: Incomplete, detail: "no linear-real atoms for the online CDCL(T) LRA path" }
QF_LIA	/nas3/data/axeyum/corpus/smtlib-2024/non-incremental/non-incremental/QF_LIA/20220307-SMPT/RwMutex-PT-r0010w2000/RC-11.smt2	abv-lazy-row	error	5	unsupported by backend: term #2 uses unsupported pure-Rust BV operator IntGe
QF_LIA	/nas3/data/axeyum/corpus/smtlib-2024/non-incremental/non-incremental/QF_LIA/20220307-SMPT/RwMutex-PT-r0010w2000/RC-11.smt2	array-elim	error	2	unsupported by backend: term #2 uses unsupported pure-Rust BV operator IntGe
QF_LIA	/nas3/data/axeyum/corpus/smtlib-2024/non-incremental/non-incremental/QF_LIA/20220307-SMPT/RwMutex-PT-r0010w2000/RC-11.smt2	aufbv	error	5	unsupported by backend: term #2 uses unsupported pure-Rust BV operator IntGe
QF_LIA	/nas3/data/axeyum/corpus/smtlib-2024/non-incremental/non-incremental/QF_LIA/20220307-SMPT/RwMutex-PT-r1000w0010/RC-15.smt2	lia-dpll	unknown	10453	UnknownReason { kind: ResourceLimit, detail: "lazy linear arithmetic pre-SAT skeleton exceeds the joint resource boundary (atoms=43073, cnf_vars=57095, base_trigger=>1024/>4096, moderate_envelope<=10240/<=16384, initial_clauses=0, blocking_lemmas=0); declining before the online CDCL(T) probe (dispatch-overrun fix: admission evaluated before the reserve was spent)" }
QF_LIA	/nas3/data/axeyum/corpus/smtlib-2024/non-incremental/non-incremental/QF_LIA/20220307-SMPT/RwMutex-PT-r1000w0010/RC-15.smt2	lra-dpll	unknown	34573	UnknownReason { kind: Timeout, detail: "combined-theory timeout after scalar backend" }
QF_LIA	/nas3/data/axeyum/corpus/smtlib-2024/non-incremental/non-incremental/QF_LIA/20220307-SMPT/RwMutex-PT-r1000w0010/RC-15.smt2	nra	unknown	34023	UnknownReason { kind: Timeout, detail: "combined-theory timeout after scalar backend" }
QF_LIA	/nas3/data/axeyum/corpus/smtlib-2024/non-incremental/non-incremental/QF_LIA/20220307-SMPT/RwMutex-PT-r1000w0010/RC-15.smt2	uf-arithmetic	killed	24000	outer wall timeout
QF_LIA	/nas3/data/axeyum/corpus/smtlib-2024/non-incremental/non-incremental/QF_LIA/20220307-SMPT/RwMutex-PT-r1000w0010/RC-15.smt2	uf-arith-lazy	unknown	429	UnknownReason { kind: ResourceLimit, detail: "lazy linear arithmetic pre-SAT skeleton exceeds the joint resource boundary (atoms=43073, cnf_vars=57095, base_trigger=>1024/>4096, moderate_envelope<=10240/<=16384, initial_clauses=0, blocking_lemmas=0); declining before the first SAT round" }
QF_LIA	/nas3/data/axeyum/corpus/smtlib-2024/non-incremental/non-incremental/QF_LIA/20220307-SMPT/RwMutex-PT-r1000w0010/RC-15.smt2	uflia-online	unknown	24012	UnknownReason { kind: Incomplete, detail: "interface split reached its deadline" }
QF_LIA	/nas3/data/axeyum/corpus/smtlib-2024/non-incremental/non-incremental/QF_LIA/20220307-SMPT/RwMutex-PT-r1000w0010/RC-15.smt2	uflra-online	unknown	2	UnknownReason { kind: Incomplete, detail: "too many theory atoms for the online combination boolean layer" }
QF_LIA	/nas3/data/axeyum/corpus/smtlib-2024/non-incremental/non-incremental/QF_LIA/20220307-SMPT/RwMutex-PT-r1000w0010/RC-15.smt2	ufbv-online-cdclt	unknown	2	UnknownReason { kind: NodeBudget, detail: "online UFBV input has 56098 DAG nodes, exceeding the admission cap of 16384" }
QF_LIA	/nas3/data/axeyum/corpus/smtlib-2024/non-incremental/non-incremental/QF_LIA/20220307-SMPT/RwMutex-PT-r1000w0010/RC-15.smt2	abv-online-cdclt	unknown	2	UnknownReason { kind: NodeBudget, detail: "online UFBV input has 56098 DAG nodes, exceeding the admission cap of 16384" }
QF_LIA	/nas3/data/axeyum/corpus/smtlib-2024/non-incremental/non-incremental/QF_LIA/20220307-SMPT/RwMutex-PT-r1000w0010/RC-15.smt2	datatype-elim	killed	24000	outer wall timeout
QF_LIA	/nas3/data/axeyum/corpus/smtlib-2024/non-incremental/non-incremental/QF_LIA/20220307-SMPT/RwMutex-PT-r1000w0010/RC-15.smt2	datatype-native	killed	24000	outer wall timeout
QF_LIA	/nas3/data/axeyum/corpus/smtlib-2024/non-incremental/non-incremental/QF_LIA/20220307-SMPT/RwMutex-PT-r1000w0010/RC-15.smt2	euf-online	unknown	3	UnknownReason { kind: Other, detail: "boolean skeleton outside the online CDCL(T) encoder" }
QF_LIA	/nas3/data/axeyum/corpus/smtlib-2024/non-incremental/non-incremental/QF_LIA/20220307-SMPT/RwMutex-PT-r1000w0010/RC-15.smt2	lia-online-cdclt	unknown	24018	UnknownReason { kind: Incomplete, detail: "online CDCL(T) LIA model did not replay (arithmetic outside the incremental engine)" }
QF_LIA	/nas3/data/axeyum/corpus/smtlib-2024/non-incremental/non-incremental/QF_LIA/20220307-SMPT/RwMutex-PT-r1000w0010/RC-15.smt2	lra-online-cdclt	unknown	2	UnknownReason { kind: Incomplete, detail: "no linear-real atoms for the online CDCL(T) LRA path" }
QF_LIA	/nas3/data/axeyum/corpus/smtlib-2024/non-incremental/non-incremental/QF_LIA/20220307-SMPT/RwMutex-PT-r1000w0010/RC-15.smt2	abv-lazy-row	error	3	unsupported by backend: term #2 uses unsupported pure-Rust BV operator IntGe
QF_LIA	/nas3/data/axeyum/corpus/smtlib-2024/non-incremental/non-incremental/QF_LIA/20220307-SMPT/RwMutex-PT-r1000w0010/RC-15.smt2	array-elim	error	1	unsupported by backend: term #2 uses unsupported pure-Rust BV operator IntGe
QF_LIA	/nas3/data/axeyum/corpus/smtlib-2024/non-incremental/non-incremental/QF_LIA/20220307-SMPT/RwMutex-PT-r1000w0010/RC-15.smt2	aufbv	error	3	unsupported by backend: term #2 uses unsupported pure-Rust BV operator IntGe
QF_LIA	/nas3/data/axeyum/corpus/smtlib-2024/non-incremental/non-incremental/QF_LIA/CAV_2009_benchmarks/coef-size/smt/size-100/problem__006.smt2	lia-dpll	unknown	8055	UnknownReason { kind: Incomplete, detail: "linear-arithmetic sat-model reconstruction declined in the integer theory: QF_LIA branch-and-bound undecided: exact-rational simplex declined (i128 overflow or iteration backstop) (node cap 20000000)" }
QF_LIA	/nas3/data/axeyum/corpus/smtlib-2024/non-incremental/non-incremental/QF_LIA/CAV_2009_benchmarks/coef-size/smt/size-100/problem__006.smt2	lra-dpll	unknown	24357	UnknownReason { kind: Timeout, detail: "combined-theory timeout after scalar backend" }
QF_LIA	/nas3/data/axeyum/corpus/smtlib-2024/non-incremental/non-incremental/QF_LIA/CAV_2009_benchmarks/coef-size/smt/size-100/problem__006.smt2	nra	unknown	24610	UnknownReason { kind: Timeout, detail: "combined-theory timeout after scalar backend" }
QF_LIA	/nas3/data/axeyum/corpus/smtlib-2024/non-incremental/non-incremental/QF_LIA/CAV_2009_benchmarks/coef-size/smt/size-100/problem__006.smt2	uf-arithmetic	unknown	8	UnknownReason { kind: Incomplete, detail: "QF_LIA branch-and-bound undecided: exact-rational simplex declined (i128 overflow or iteration backstop) (node cap 20000000)" }
QF_LIA	/nas3/data/axeyum/corpus/smtlib-2024/non-incremental/non-incremental/QF_LIA/CAV_2009_benchmarks/coef-size/smt/size-100/problem__006.smt2	uf-arith-lazy	unknown	4	UnknownReason { kind: Incomplete, detail: "linear-arithmetic sat-model reconstruction declined in the integer theory: QF_LIA branch-and-bound undecided: exact-rational simplex declined (i128 overflow or iteration backstop) (node cap 20000000)" }
QF_LIA	/nas3/data/axeyum/corpus/smtlib-2024/non-incremental/non-incremental/QF_LIA/CAV_2009_benchmarks/coef-size/smt/size-100/problem__006.smt2	uflia-online	unknown	24031	UnknownReason { kind: Incomplete, detail: "interface split reached its deadline" }
QF_LIA	/nas3/data/axeyum/corpus/smtlib-2024/non-incremental/non-incremental/QF_LIA/CAV_2009_benchmarks/coef-size/smt/size-100/problem__006.smt2	uflra-online	unknown	0	UnknownReason { kind: Incomplete, detail: "no UFLRA atoms for the online combination boolean layer" }
QF_LIA	/nas3/data/axeyum/corpus/smtlib-2024/non-incremental/non-incremental/QF_LIA/CAV_2009_benchmarks/coef-size/smt/size-100/problem__006.smt2	ufbv-online-cdclt	error	0	unsupported by backend: online UFBV combination admits only Bool and BitVec terms
QF_LIA	/nas3/data/axeyum/corpus/smtlib-2024/non-incremental/non-incremental/QF_LIA/CAV_2009_benchmarks/coef-size/smt/size-100/problem__006.smt2	abv-online-cdclt	error	0	unsupported by backend: online AUFBV combination admits only Bool, BitVec, and Bool/BV-component array terms
QF_LIA	/nas3/data/axeyum/corpus/smtlib-2024/non-incremental/non-incremental/QF_LIA/CAV_2009_benchmarks/coef-size/smt/size-100/problem__006.smt2	datatype-elim	unknown	8	UnknownReason { kind: Incomplete, detail: "QF_LIA branch-and-bound undecided: exact-rational simplex declined (i128 overflow or iteration backstop) (node cap 20000000)" }
QF_LIA	/nas3/data/axeyum/corpus/smtlib-2024/non-incremental/non-incremental/QF_LIA/CAV_2009_benchmarks/coef-size/smt/size-100/problem__006.smt2	datatype-native	unknown	8	UnknownReason { kind: Incomplete, detail: "QF_LIA branch-and-bound undecided: exact-rational simplex declined (i128 overflow or iteration backstop) (node cap 20000000)" }
QF_LIA	/nas3/data/axeyum/corpus/smtlib-2024/non-incremental/non-incremental/QF_LIA/CAV_2009_benchmarks/coef-size/smt/size-100/problem__006.smt2	euf-online	unknown	0	UnknownReason { kind: Other, detail: "no equality atoms for the online CDCL(T) path" }
QF_LIA	/nas3/data/axeyum/corpus/smtlib-2024/non-incremental/non-incremental/QF_LIA/CAV_2009_benchmarks/coef-size/smt/size-100/problem__006.smt2	lia-online-cdclt	unknown	24053	UnknownReason { kind: Incomplete, detail: "online CDCL(T) LIA model did not replay (arithmetic outside the incremental engine)" }
QF_LIA	/nas3/data/axeyum/corpus/smtlib-2024/non-incremental/non-incremental/QF_LIA/CAV_2009_benchmarks/coef-size/smt/size-100/problem__006.smt2	lra-online-cdclt	unknown	0	UnknownReason { kind: Incomplete, detail: "no linear-real atoms for the online CDCL(T) LRA path" }
QF_LIA	/nas3/data/axeyum/corpus/smtlib-2024/non-incremental/non-incremental/QF_LIA/CAV_2009_benchmarks/coef-size/smt/size-100/problem__006.smt2	abv-lazy-row	error	0	unsupported by backend: term #53 uses unsupported pure-Rust BV operator IntLe
QF_LIA	/nas3/data/axeyum/corpus/smtlib-2024/non-incremental/non-incremental/QF_LIA/CAV_2009_benchmarks/coef-size/smt/size-100/problem__006.smt2	array-elim	error	0	unsupported by backend: term #53 uses unsupported pure-Rust BV operator IntLe
QF_LIA	/nas3/data/axeyum/corpus/smtlib-2024/non-incremental/non-incremental/QF_LIA/CAV_2009_benchmarks/coef-size/smt/size-100/problem__006.smt2	aufbv	error	0	unsupported by backend: term #53 uses unsupported pure-Rust BV operator IntLe
QF_LIA	/nas3/data/axeyum/corpus/smtlib-2024/non-incremental/non-incremental/QF_LIA/CAV_2009_benchmarks/smt/25-vars/problem_2__034.smt2	lia-dpll	unknown	24027	UnknownReason { kind: Timeout, detail: "linear-arithmetic sat-model reconstruction declined in the integer theory: lia simplex: wall-clock deadline passed while collecting integer constraints" }
QF_LIA	/nas3/data/axeyum/corpus/smtlib-2024/non-incremental/non-incremental/QF_LIA/CAV_2009_benchmarks/smt/25-vars/problem_2__034.smt2	lra-dpll	unknown	24101	UnknownReason { kind: Timeout, detail: "combined-theory timeout after scalar backend" }
QF_LIA	/nas3/data/axeyum/corpus/smtlib-2024/non-incremental/non-incremental/QF_LIA/CAV_2009_benchmarks/smt/25-vars/problem_2__034.smt2	nra	unknown	24089	UnknownReason { kind: Timeout, detail: "combined-theory timeout after scalar backend" }
QF_LIA	/nas3/data/axeyum/corpus/smtlib-2024/non-incremental/non-incremental/QF_LIA/CAV_2009_benchmarks/smt/25-vars/problem_2__034.smt2	uf-arithmetic	unknown	24080	UnknownReason { kind: Timeout, detail: "preprocessed dispatch timeout after reduced solve" }
QF_LIA	/nas3/data/axeyum/corpus/smtlib-2024/non-incremental/non-incremental/QF_LIA/CAV_2009_benchmarks/smt/25-vars/problem_2__034.smt2	uf-arith-lazy	unknown	24070	UnknownReason { kind: Timeout, detail: "linear-arithmetic sat-model reconstruction declined in the integer theory: lia simplex: wall-clock deadline passed while collecting integer constraints" }
QF_LIA	/nas3/data/axeyum/corpus/smtlib-2024/non-incremental/non-incremental/QF_LIA/CAV_2009_benchmarks/smt/25-vars/problem_2__034.smt2	uflia-online	unknown	24000	UnknownReason { kind: Incomplete, detail: "interface split reached its deadline" }
QF_LIA	/nas3/data/axeyum/corpus/smtlib-2024/non-incremental/non-incremental/QF_LIA/CAV_2009_benchmarks/smt/25-vars/problem_2__034.smt2	uflra-online	unknown	0	UnknownReason { kind: Incomplete, detail: "no UFLRA atoms for the online combination boolean layer" }
QF_LIA	/nas3/data/axeyum/corpus/smtlib-2024/non-incremental/non-incremental/QF_LIA/CAV_2009_benchmarks/smt/25-vars/problem_2__034.smt2	ufbv-online-cdclt	error	0	unsupported by backend: online UFBV combination admits only Bool and BitVec terms
QF_LIA	/nas3/data/axeyum/corpus/smtlib-2024/non-incremental/non-incremental/QF_LIA/CAV_2009_benchmarks/smt/25-vars/problem_2__034.smt2	abv-online-cdclt	error	0	unsupported by backend: online AUFBV combination admits only Bool, BitVec, and Bool/BV-component array terms
QF_LIA	/nas3/data/axeyum/corpus/smtlib-2024/non-incremental/non-incremental/QF_LIA/CAV_2009_benchmarks/smt/25-vars/problem_2__034.smt2	datatype-elim	unknown	24073	UnknownReason { kind: Timeout, detail: "preprocessed dispatch timeout after reduced solve" }
QF_LIA	/nas3/data/axeyum/corpus/smtlib-2024/non-incremental/non-incremental/QF_LIA/CAV_2009_benchmarks/smt/25-vars/problem_2__034.smt2	datatype-native	unknown	24081	UnknownReason { kind: Timeout, detail: "preprocessed dispatch timeout after reduced solve" }
QF_LIA	/nas3/data/axeyum/corpus/smtlib-2024/non-incremental/non-incremental/QF_LIA/CAV_2009_benchmarks/smt/25-vars/problem_2__034.smt2	euf-online	unknown	0	UnknownReason { kind: Other, detail: "no equality atoms for the online CDCL(T) path" }
QF_LIA	/nas3/data/axeyum/corpus/smtlib-2024/non-incremental/non-incremental/QF_LIA/CAV_2009_benchmarks/smt/25-vars/problem_2__034.smt2	lia-online-cdclt	unknown	24058	UnknownReason { kind: Incomplete, detail: "online CDCL(T) LIA model did not replay (arithmetic outside the incremental engine)" }
QF_LIA	/nas3/data/axeyum/corpus/smtlib-2024/non-incremental/non-incremental/QF_LIA/CAV_2009_benchmarks/smt/25-vars/problem_2__034.smt2	lra-online-cdclt	unknown	0	UnknownReason { kind: Incomplete, detail: "no linear-real atoms for the online CDCL(T) LRA path" }
QF_LIA	/nas3/data/axeyum/corpus/smtlib-2024/non-incremental/non-incremental/QF_LIA/CAV_2009_benchmarks/smt/25-vars/problem_2__034.smt2	abv-lazy-row	error	0	unsupported by backend: term #127 uses unsupported pure-Rust BV operator IntLe
QF_LIA	/nas3/data/axeyum/corpus/smtlib-2024/non-incremental/non-incremental/QF_LIA/CAV_2009_benchmarks/smt/25-vars/problem_2__034.smt2	array-elim	error	0	unsupported by backend: term #127 uses unsupported pure-Rust BV operator IntLe
QF_LIA	/nas3/data/axeyum/corpus/smtlib-2024/non-incremental/non-incremental/QF_LIA/CAV_2009_benchmarks/smt/25-vars/problem_2__034.smt2	aufbv	error	0	unsupported by backend: term #127 uses unsupported pure-Rust BV operator IntLe
QF_LIA	/nas3/data/axeyum/corpus/smtlib-2024/non-incremental/non-incremental/QF_LIA/CAV_2009_benchmarks/smt/35-vars/problem_2__026.smt2	lia-dpll	unknown	24075	UnknownReason { kind: Timeout, detail: "linear-arithmetic sat-model reconstruction declined in the integer theory: lia simplex: wall-clock deadline passed while collecting integer constraints" }
QF_LIA	/nas3/data/axeyum/corpus/smtlib-2024/non-incremental/non-incremental/QF_LIA/CAV_2009_benchmarks/smt/35-vars/problem_2__026.smt2	lra-dpll	unknown	24090	UnknownReason { kind: Timeout, detail: "combined-theory timeout after scalar backend" }
QF_LIA	/nas3/data/axeyum/corpus/smtlib-2024/non-incremental/non-incremental/QF_LIA/CAV_2009_benchmarks/smt/35-vars/problem_2__026.smt2	nra	unknown	24103	UnknownReason { kind: Timeout, detail: "combined-theory timeout after scalar backend" }
QF_LIA	/nas3/data/axeyum/corpus/smtlib-2024/non-incremental/non-incremental/QF_LIA/CAV_2009_benchmarks/smt/35-vars/problem_2__026.smt2	uf-arithmetic	unknown	24152	UnknownReason { kind: Timeout, detail: "preprocessed dispatch timeout after reduced solve" }
QF_LIA	/nas3/data/axeyum/corpus/smtlib-2024/non-incremental/non-incremental/QF_LIA/CAV_2009_benchmarks/smt/35-vars/problem_2__026.smt2	uf-arith-lazy	unknown	24261	UnknownReason { kind: Timeout, detail: "linear-arithmetic sat-model reconstruction declined in the integer theory: lia simplex: wall-clock deadline passed while collecting integer constraints" }
QF_LIA	/nas3/data/axeyum/corpus/smtlib-2024/non-incremental/non-incremental/QF_LIA/CAV_2009_benchmarks/smt/35-vars/problem_2__026.smt2	uflia-online	unknown	24101	UnknownReason { kind: Incomplete, detail: "interface split reached its deadline" }
QF_LIA	/nas3/data/axeyum/corpus/smtlib-2024/non-incremental/non-incremental/QF_LIA/CAV_2009_benchmarks/smt/35-vars/problem_2__026.smt2	uflra-online	unknown	0	UnknownReason { kind: Incomplete, detail: "no UFLRA atoms for the online combination boolean layer" }
QF_LIA	/nas3/data/axeyum/corpus/smtlib-2024/non-incremental/non-incremental/QF_LIA/CAV_2009_benchmarks/smt/35-vars/problem_2__026.smt2	ufbv-online-cdclt	error	0	unsupported by backend: online UFBV combination admits only Bool and BitVec terms
QF_LIA	/nas3/data/axeyum/corpus/smtlib-2024/non-incremental/non-incremental/QF_LIA/CAV_2009_benchmarks/smt/35-vars/problem_2__026.smt2	abv-online-cdclt	error	0	unsupported by backend: online AUFBV combination admits only Bool, BitVec, and Bool/BV-component array terms
QF_LIA	/nas3/data/axeyum/corpus/smtlib-2024/non-incremental/non-incremental/QF_LIA/CAV_2009_benchmarks/smt/35-vars/problem_2__026.smt2	datatype-elim	unknown	24093	UnknownReason { kind: Timeout, detail: "preprocessed dispatch timeout after reduced solve" }
QF_LIA	/nas3/data/axeyum/corpus/smtlib-2024/non-incremental/non-incremental/QF_LIA/CAV_2009_benchmarks/smt/35-vars/problem_2__026.smt2	datatype-native	unknown	24078	UnknownReason { kind: Timeout, detail: "preprocessed dispatch timeout after reduced solve" }
QF_LIA	/nas3/data/axeyum/corpus/smtlib-2024/non-incremental/non-incremental/QF_LIA/CAV_2009_benchmarks/smt/35-vars/problem_2__026.smt2	euf-online	unknown	0	UnknownReason { kind: Other, detail: "no equality atoms for the online CDCL(T) path" }
QF_LIA	/nas3/data/axeyum/corpus/smtlib-2024/non-incremental/non-incremental/QF_LIA/CAV_2009_benchmarks/smt/35-vars/problem_2__026.smt2	lia-online-cdclt	unknown	24037	UnknownReason { kind: Incomplete, detail: "online CDCL(T) LIA model did not replay (arithmetic outside the incremental engine)" }
QF_LIA	/nas3/data/axeyum/corpus/smtlib-2024/non-incremental/non-incremental/QF_LIA/CAV_2009_benchmarks/smt/35-vars/problem_2__026.smt2	lra-online-cdclt	unknown	0	UnknownReason { kind: Incomplete, detail: "no linear-real atoms for the online CDCL(T) LRA path" }
QF_LIA	/nas3/data/axeyum/corpus/smtlib-2024/non-incremental/non-incremental/QF_LIA/CAV_2009_benchmarks/smt/35-vars/problem_2__026.smt2	abv-lazy-row	error	0	unsupported by backend: term #177 uses unsupported pure-Rust BV operator IntLe
QF_LIA	/nas3/data/axeyum/corpus/smtlib-2024/non-incremental/non-incremental/QF_LIA/CAV_2009_benchmarks/smt/35-vars/problem_2__026.smt2	array-elim	error	0	unsupported by backend: term #177 uses unsupported pure-Rust BV operator IntLe
QF_LIA	/nas3/data/axeyum/corpus/smtlib-2024/non-incremental/non-incremental/QF_LIA/CAV_2009_benchmarks/smt/35-vars/problem_2__026.smt2	aufbv	error	0	unsupported by backend: term #177 uses unsupported pure-Rust BV operator IntLe
QF_LIA	/nas3/data/axeyum/corpus/smtlib-2024/non-incremental/non-incremental/QF_LIA/bofill-scheduling/SMT_random_LIA/ex13800_2600_100.smt2	lia-dpll	unknown	24058	UnknownReason { kind: Timeout, detail: "linear-arithmetic sat-model reconstruction declined in the integer theory: lia simplex: wall-clock deadline passed while collecting integer constraints" }
QF_LIA	/nas3/data/axeyum/corpus/smtlib-2024/non-incremental/non-incremental/QF_LIA/bofill-scheduling/SMT_random_LIA/ex13800_2600_100.smt2	lra-dpll	unknown	24126	UnknownReason { kind: Timeout, detail: "combined-theory timeout after scalar backend" }
QF_LIA	/nas3/data/axeyum/corpus/smtlib-2024/non-incremental/non-incremental/QF_LIA/bofill-scheduling/SMT_random_LIA/ex13800_2600_100.smt2	nra	unknown	24122	UnknownReason { kind: Timeout, detail: "combined-theory timeout after scalar backend" }
QF_LIA	/nas3/data/axeyum/corpus/smtlib-2024/non-incremental/non-incremental/QF_LIA/bofill-scheduling/SMT_random_LIA/ex13800_2600_100.smt2	uf-arithmetic	unknown	24077	UnknownReason { kind: Timeout, detail: "preprocessed dispatch timeout after reduced solve" }
QF_LIA	/nas3/data/axeyum/corpus/smtlib-2024/non-incremental/non-incremental/QF_LIA/bofill-scheduling/SMT_random_LIA/ex13800_2600_100.smt2	uf-arith-lazy	unknown	24115	UnknownReason { kind: ResourceLimit, detail: "lazy linear arithmetic exhausted the configured timeout after 51 rounds this solve (solve_calls=1, total_rounds=51, atoms=3992, bound_lemmas=472, blocking_lemmas=51, core_len_last=2860, core_len_min=3, core_len_max=2860, core_len_avg=89.3, core_src_bound=0, core_src_diff=0, core_src_affine=0, core_src_lp=50, core_src_minimized=0, core_src_large=1, core_large_literals=2860, support_attempts=51, support_unavailable=0, support_conflict_batches=51, support_model_attempts=0, support_replay_failures=0, full_fallbacks=0, min_oracle_calls=0, min_oracle_budget_left=32768, min_declined_cores=0)" }
QF_LIA	/nas3/data/axeyum/corpus/smtlib-2024/non-incremental/non-incremental/QF_LIA/bofill-scheduling/SMT_random_LIA/ex13800_2600_100.smt2	uflia-online	unknown	0	UnknownReason { kind: Incomplete, detail: "too many theory atoms for the online combination boolean layer: 3277 > 512" }
QF_LIA	/nas3/data/axeyum/corpus/smtlib-2024/non-incremental/non-incremental/QF_LIA/bofill-scheduling/SMT_random_LIA/ex13800_2600_100.smt2	uflra-online	unknown	0	UnknownReason { kind: Incomplete, detail: "too many theory atoms for the online combination boolean layer" }
QF_LIA	/nas3/data/axeyum/corpus/smtlib-2024/non-incremental/non-incremental/QF_LIA/bofill-scheduling/SMT_random_LIA/ex13800_2600_100.smt2	ufbv-online-cdclt	error	0	unsupported by backend: online UFBV combination admits only Bool and BitVec terms
QF_LIA	/nas3/data/axeyum/corpus/smtlib-2024/non-incremental/non-incremental/QF_LIA/bofill-scheduling/SMT_random_LIA/ex13800_2600_100.smt2	abv-online-cdclt	error	0	unsupported by backend: online AUFBV combination admits only Bool, BitVec, and Bool/BV-component array terms
QF_LIA	/nas3/data/axeyum/corpus/smtlib-2024/non-incremental/non-incremental/QF_LIA/bofill-scheduling/SMT_random_LIA/ex13800_2600_100.smt2	datatype-elim	unknown	24156	UnknownReason { kind: Timeout, detail: "preprocessed dispatch timeout after reduced solve" }
QF_LIA	/nas3/data/axeyum/corpus/smtlib-2024/non-incremental/non-incremental/QF_LIA/bofill-scheduling/SMT_random_LIA/ex13800_2600_100.smt2	datatype-native	unknown	24166	UnknownReason { kind: Timeout, detail: "preprocessed dispatch timeout after reduced solve" }
QF_LIA	/nas3/data/axeyum/corpus/smtlib-2024/non-incremental/non-incremental/QF_LIA/bofill-scheduling/SMT_random_LIA/ex13800_2600_100.smt2	euf-online	unknown	0	UnknownReason { kind: Other, detail: "boolean skeleton outside the online CDCL(T) encoder" }
QF_LIA	/nas3/data/axeyum/corpus/smtlib-2024/non-incremental/non-incremental/QF_LIA/bofill-scheduling/SMT_random_LIA/ex13800_2600_100.smt2	lia-online-cdclt	unknown	24019	UnknownReason { kind: Timeout, detail: "timeout in the online CDCL(T) LIA driver" }
QF_LIA	/nas3/data/axeyum/corpus/smtlib-2024/non-incremental/non-incremental/QF_LIA/bofill-scheduling/SMT_random_LIA/ex13800_2600_100.smt2	lra-online-cdclt	unknown	0	UnknownReason { kind: Incomplete, detail: "no linear-real atoms for the online CDCL(T) LRA path" }
QF_LIA	/nas3/data/axeyum/corpus/smtlib-2024/non-incremental/non-incremental/QF_LIA/bofill-scheduling/SMT_random_LIA/ex13800_2600_100.smt2	abv-lazy-row	error	0	unsupported by backend: term #3 uses unsupported pure-Rust BV operator IntSub
QF_LIA	/nas3/data/axeyum/corpus/smtlib-2024/non-incremental/non-incremental/QF_LIA/bofill-scheduling/SMT_random_LIA/ex13800_2600_100.smt2	array-elim	error	0	unsupported by backend: term #3 uses unsupported pure-Rust BV operator IntSub
QF_LIA	/nas3/data/axeyum/corpus/smtlib-2024/non-incremental/non-incremental/QF_LIA/bofill-scheduling/SMT_random_LIA/ex13800_2600_100.smt2	aufbv	error	0	unsupported by backend: term #3 uses unsupported pure-Rust BV operator IntSub
QF_LIA	/nas3/data/axeyum/corpus/smtlib-2024/non-incremental/non-incremental/QF_LIA/bofill-scheduling/SMT_random_LIA/ex20400_2600_100.smt2	lia-dpll	unknown	24185	UnknownReason { kind: ResourceLimit, detail: "lazy linear arithmetic exhausted the configured timeout after 37 rounds this solve (solve_calls=1, total_rounds=37, atoms=3992, bound_lemmas=472, blocking_lemmas=37, core_len_last=2860, core_len_min=3, core_len_max=2860, core_len_avg=100.6, core_src_bound=0, core_src_diff=0, core_src_affine=0, core_src_lp=36, core_src_minimized=0, core_src_large=1, core_large_literals=2860, support_attempts=37, support_unavailable=0, support_conflict_batches=37, support_model_attempts=0, support_replay_failures=0, full_fallbacks=0, min_oracle_calls=0, min_oracle_budget_left=32768, min_declined_cores=0)" }
QF_LIA	/nas3/data/axeyum/corpus/smtlib-2024/non-incremental/non-incremental/QF_LIA/bofill-scheduling/SMT_random_LIA/ex20400_2600_100.smt2	lra-dpll	sat	1667	
QF_LIA	/nas3/data/axeyum/corpus/smtlib-2024/non-incremental/non-incremental/QF_LIA/bofill-scheduling/SMT_random_LIA/ex20400_2600_100.smt2	nra	sat	1683	
QF_LIA	/nas3/data/axeyum/corpus/smtlib-2024/non-incremental/non-incremental/QF_LIA/bofill-scheduling/SMT_random_LIA/ex20400_2600_100.smt2	uf-arithmetic	unknown	24082	UnknownReason { kind: Timeout, detail: "preprocessed dispatch timeout after reduced solve" }
QF_LIA	/nas3/data/axeyum/corpus/smtlib-2024/non-incremental/non-incremental/QF_LIA/bofill-scheduling/SMT_random_LIA/ex20400_2600_100.smt2	uf-arith-lazy	unknown	24176	UnknownReason { kind: ResourceLimit, detail: "lazy linear arithmetic exhausted the configured timeout after 55 rounds this solve (solve_calls=1, total_rounds=55, atoms=3992, bound_lemmas=472, blocking_lemmas=55, core_len_last=2860, core_len_min=3, core_len_max=2860, core_len_avg=85.2, core_src_bound=0, core_src_diff=0, core_src_affine=0, core_src_lp=54, core_src_minimized=0, core_src_large=1, core_large_literals=2860, support_attempts=55, support_unavailable=0, support_conflict_batches=55, support_model_attempts=0, support_replay_failures=0, full_fallbacks=0, min_oracle_calls=0, min_oracle_budget_left=32768, min_declined_cores=0)" }
QF_LIA	/nas3/data/axeyum/corpus/smtlib-2024/non-incremental/non-incremental/QF_LIA/bofill-scheduling/SMT_random_LIA/ex20400_2600_100.smt2	uflia-online	unknown	0	UnknownReason { kind: Incomplete, detail: "too many theory atoms for the online combination boolean layer: 3277 > 512" }
QF_LIA	/nas3/data/axeyum/corpus/smtlib-2024/non-incremental/non-incremental/QF_LIA/bofill-scheduling/SMT_random_LIA/ex20400_2600_100.smt2	uflra-online	unknown	0	UnknownReason { kind: Incomplete, detail: "too many theory atoms for the online combination boolean layer" }
QF_LIA	/nas3/data/axeyum/corpus/smtlib-2024/non-incremental/non-incremental/QF_LIA/bofill-scheduling/SMT_random_LIA/ex20400_2600_100.smt2	ufbv-online-cdclt	error	0	unsupported by backend: online UFBV combination admits only Bool and BitVec terms
QF_LIA	/nas3/data/axeyum/corpus/smtlib-2024/non-incremental/non-incremental/QF_LIA/bofill-scheduling/SMT_random_LIA/ex20400_2600_100.smt2	abv-online-cdclt	error	0	unsupported by backend: online AUFBV combination admits only Bool, BitVec, and Bool/BV-component array terms
QF_LIA	/nas3/data/axeyum/corpus/smtlib-2024/non-incremental/non-incremental/QF_LIA/bofill-scheduling/SMT_random_LIA/ex20400_2600_100.smt2	datatype-elim	unknown	24135	UnknownReason { kind: Timeout, detail: "preprocessed dispatch timeout after reduced solve" }
QF_LIA	/nas3/data/axeyum/corpus/smtlib-2024/non-incremental/non-incremental/QF_LIA/bofill-scheduling/SMT_random_LIA/ex20400_2600_100.smt2	datatype-native	unknown	24150	UnknownReason { kind: Timeout, detail: "preprocessed dispatch timeout after reduced solve" }
QF_LIA	/nas3/data/axeyum/corpus/smtlib-2024/non-incremental/non-incremental/QF_LIA/bofill-scheduling/SMT_random_LIA/ex20400_2600_100.smt2	euf-online	unknown	0	UnknownReason { kind: Other, detail: "boolean skeleton outside the online CDCL(T) encoder" }
QF_LIA	/nas3/data/axeyum/corpus/smtlib-2024/non-incremental/non-incremental/QF_LIA/bofill-scheduling/SMT_random_LIA/ex20400_2600_100.smt2	lia-online-cdclt	unknown	24057	UnknownReason { kind: Timeout, detail: "timeout in the online CDCL(T) LIA driver" }
QF_LIA	/nas3/data/axeyum/corpus/smtlib-2024/non-incremental/non-incremental/QF_LIA/bofill-scheduling/SMT_random_LIA/ex20400_2600_100.smt2	lra-online-cdclt	unknown	0	UnknownReason { kind: Incomplete, detail: "no linear-real atoms for the online CDCL(T) LRA path" }
QF_LIA	/nas3/data/axeyum/corpus/smtlib-2024/non-incremental/non-incremental/QF_LIA/bofill-scheduling/SMT_random_LIA/ex20400_2600_100.smt2	abv-lazy-row	error	0	unsupported by backend: term #3 uses unsupported pure-Rust BV operator IntSub
QF_LIA	/nas3/data/axeyum/corpus/smtlib-2024/non-incremental/non-incremental/QF_LIA/bofill-scheduling/SMT_random_LIA/ex20400_2600_100.smt2	array-elim	error	0	unsupported by backend: term #3 uses unsupported pure-Rust BV operator IntSub
QF_LIA	/nas3/data/axeyum/corpus/smtlib-2024/non-incremental/non-incremental/QF_LIA/bofill-scheduling/SMT_random_LIA/ex20400_2600_100.smt2	aufbv	error	0	unsupported by backend: term #3 uses unsupported pure-Rust BV operator IntSub
QF_LIA	/nas3/data/axeyum/corpus/smtlib-2024/non-incremental/non-incremental/QF_LIA/bofill-scheduling/SMT_random_LIA/ex27000_2600_100.smt2	lia-dpll	unknown	24170	UnknownReason { kind: ResourceLimit, detail: "lazy linear arithmetic exhausted the configured timeout after 38 rounds this solve (solve_calls=1, total_rounds=38, atoms=3992, bound_lemmas=472, blocking_lemmas=38, core_len_last=2860, core_len_min=3, core_len_max=2860, core_len_avg=99.7, core_src_bound=0, core_src_diff=0, core_src_affine=0, core_src_lp=37, core_src_minimized=0, core_src_large=1, core_large_literals=2860, support_attempts=38, support_unavailable=0, support_conflict_batches=38, support_model_attempts=0, support_replay_failures=0, full_fallbacks=0, min_oracle_calls=0, min_oracle_budget_left=32768, min_declined_cores=0)" }
QF_LIA	/nas3/data/axeyum/corpus/smtlib-2024/non-incremental/non-incremental/QF_LIA/bofill-scheduling/SMT_random_LIA/ex27000_2600_100.smt2	lra-dpll	sat	421	
QF_LIA	/nas3/data/axeyum/corpus/smtlib-2024/non-incremental/non-incremental/QF_LIA/bofill-scheduling/SMT_random_LIA/ex27000_2600_100.smt2	nra	sat	423	
QF_LIA	/nas3/data/axeyum/corpus/smtlib-2024/non-incremental/non-incremental/QF_LIA/bofill-scheduling/SMT_random_LIA/ex27000_2600_100.smt2	uf-arithmetic	unknown	24090	UnknownReason { kind: Timeout, detail: "preprocessed dispatch timeout after reduced solve" }
QF_LIA	/nas3/data/axeyum/corpus/smtlib-2024/non-incremental/non-incremental/QF_LIA/bofill-scheduling/SMT_random_LIA/ex27000_2600_100.smt2	uf-arith-lazy	unknown	24185	UnknownReason { kind: ResourceLimit, detail: "lazy linear arithmetic exhausted the configured timeout after 55 rounds this solve (solve_calls=1, total_rounds=55, atoms=3992, bound_lemmas=472, blocking_lemmas=55, core_len_last=23, core_len_min=3, core_len_max=69, core_len_avg=33.7, core_src_bound=0, core_src_diff=0, core_src_affine=0, core_src_lp=55, core_src_minimized=0, core_src_large=0, core_large_literals=0, support_attempts=55, support_unavailable=0, support_conflict_batches=55, support_model_attempts=0, support_replay_failures=0, full_fallbacks=0, min_oracle_calls=0, min_oracle_budget_left=32768, min_declined_cores=0)" }
QF_LIA	/nas3/data/axeyum/corpus/smtlib-2024/non-incremental/non-incremental/QF_LIA/bofill-scheduling/SMT_random_LIA/ex27000_2600_100.smt2	uflia-online	unknown	0	UnknownReason { kind: Incomplete, detail: "too many theory atoms for the online combination boolean layer: 3277 > 512" }
QF_LIA	/nas3/data/axeyum/corpus/smtlib-2024/non-incremental/non-incremental/QF_LIA/bofill-scheduling/SMT_random_LIA/ex27000_2600_100.smt2	uflra-online	unknown	0	UnknownReason { kind: Incomplete, detail: "too many theory atoms for the online combination boolean layer" }
QF_LIA	/nas3/data/axeyum/corpus/smtlib-2024/non-incremental/non-incremental/QF_LIA/bofill-scheduling/SMT_random_LIA/ex27000_2600_100.smt2	ufbv-online-cdclt	error	0	unsupported by backend: online UFBV combination admits only Bool and BitVec terms
QF_LIA	/nas3/data/axeyum/corpus/smtlib-2024/non-incremental/non-incremental/QF_LIA/bofill-scheduling/SMT_random_LIA/ex27000_2600_100.smt2	abv-online-cdclt	error	0	unsupported by backend: online AUFBV combination admits only Bool, BitVec, and Bool/BV-component array terms
QF_LIA	/nas3/data/axeyum/corpus/smtlib-2024/non-incremental/non-incremental/QF_LIA/bofill-scheduling/SMT_random_LIA/ex27000_2600_100.smt2	datatype-elim	unknown	24121	UnknownReason { kind: Timeout, detail: "preprocessed dispatch timeout after reduced solve" }
QF_LIA	/nas3/data/axeyum/corpus/smtlib-2024/non-incremental/non-incremental/QF_LIA/bofill-scheduling/SMT_random_LIA/ex27000_2600_100.smt2	datatype-native	unknown	24082	UnknownReason { kind: Timeout, detail: "preprocessed dispatch timeout after reduced solve" }
QF_LIA	/nas3/data/axeyum/corpus/smtlib-2024/non-incremental/non-incremental/QF_LIA/bofill-scheduling/SMT_random_LIA/ex27000_2600_100.smt2	euf-online	unknown	0	UnknownReason { kind: Other, detail: "boolean skeleton outside the online CDCL(T) encoder" }
QF_LIA	/nas3/data/axeyum/corpus/smtlib-2024/non-incremental/non-incremental/QF_LIA/bofill-scheduling/SMT_random_LIA/ex27000_2600_100.smt2	lia-online-cdclt	unknown	24004	UnknownReason { kind: Timeout, detail: "timeout in the online CDCL(T) LIA driver" }
QF_LIA	/nas3/data/axeyum/corpus/smtlib-2024/non-incremental/non-incremental/QF_LIA/bofill-scheduling/SMT_random_LIA/ex27000_2600_100.smt2	lra-online-cdclt	unknown	0	UnknownReason { kind: Incomplete, detail: "no linear-real atoms for the online CDCL(T) LRA path" }
QF_LIA	/nas3/data/axeyum/corpus/smtlib-2024/non-incremental/non-incremental/QF_LIA/bofill-scheduling/SMT_random_LIA/ex27000_2600_100.smt2	abv-lazy-row	error	0	unsupported by backend: term #3 uses unsupported pure-Rust BV operator IntSub
QF_LIA	/nas3/data/axeyum/corpus/smtlib-2024/non-incremental/non-incremental/QF_LIA/bofill-scheduling/SMT_random_LIA/ex27000_2600_100.smt2	array-elim	error	0	unsupported by backend: term #3 uses unsupported pure-Rust BV operator IntSub
QF_LIA	/nas3/data/axeyum/corpus/smtlib-2024/non-incremental/non-incremental/QF_LIA/bofill-scheduling/SMT_random_LIA/ex27000_2600_100.smt2	aufbv	error	0	unsupported by backend: term #3 uses unsupported pure-Rust BV operator IntSub
QF_LIA	/nas3/data/axeyum/corpus/smtlib-2024/non-incremental/non-incremental/QF_LIA/bofill-scheduling/SMT_random_LIA/ex8500_2600_100.smt2	lia-dpll	unknown	24154	UnknownReason { kind: Timeout, detail: "linear-arithmetic sat-model reconstruction declined in the integer theory: lia simplex: wall-clock deadline passed while collecting integer constraints" }
QF_LIA	/nas3/data/axeyum/corpus/smtlib-2024/non-incremental/non-incremental/QF_LIA/bofill-scheduling/SMT_random_LIA/ex8500_2600_100.smt2	lra-dpll	unknown	4647	UnknownReason { kind: Incomplete, detail: "no model within the bounded integer width 32; widen the bound" }
QF_LIA	/nas3/data/axeyum/corpus/smtlib-2024/non-incremental/non-incremental/QF_LIA/bofill-scheduling/SMT_random_LIA/ex8500_2600_100.smt2	nra	unknown	4575	UnknownReason { kind: Incomplete, detail: "no model within the bounded integer width 32; widen the bound" }
QF_LIA	/nas3/data/axeyum/corpus/smtlib-2024/non-incremental/non-incremental/QF_LIA/bofill-scheduling/SMT_random_LIA/ex8500_2600_100.smt2	uf-arithmetic	unknown	24152	UnknownReason { kind: Timeout, detail: "preprocessed dispatch timeout after reduced solve" }
QF_LIA	/nas3/data/axeyum/corpus/smtlib-2024/non-incremental/non-incremental/QF_LIA/bofill-scheduling/SMT_random_LIA/ex8500_2600_100.smt2	uf-arith-lazy	unknown	24088	UnknownReason { kind: ResourceLimit, detail: "lazy linear arithmetic exhausted the configured timeout after 54 rounds this solve (solve_calls=1, total_rounds=54, atoms=3992, bound_lemmas=472, blocking_lemmas=54, core_len_last=2860, core_len_min=3, core_len_max=2860, core_len_avg=86.2, core_src_bound=0, core_src_diff=0, core_src_affine=0, core_src_lp=53, core_src_minimized=0, core_src_large=1, core_large_literals=2860, support_attempts=54, support_unavailable=0, support_conflict_batches=54, support_model_attempts=0, support_replay_failures=0, full_fallbacks=0, min_oracle_calls=0, min_oracle_budget_left=32768, min_declined_cores=0)" }
QF_LIA	/nas3/data/axeyum/corpus/smtlib-2024/non-incremental/non-incremental/QF_LIA/bofill-scheduling/SMT_random_LIA/ex8500_2600_100.smt2	uflia-online	unknown	0	UnknownReason { kind: Incomplete, detail: "too many theory atoms for the online combination boolean layer: 3277 > 512" }
QF_LIA	/nas3/data/axeyum/corpus/smtlib-2024/non-incremental/non-incremental/QF_LIA/bofill-scheduling/SMT_random_LIA/ex8500_2600_100.smt2	uflra-online	unknown	0	UnknownReason { kind: Incomplete, detail: "too many theory atoms for the online combination boolean layer" }
QF_LIA	/nas3/data/axeyum/corpus/smtlib-2024/non-incremental/non-incremental/QF_LIA/bofill-scheduling/SMT_random_LIA/ex8500_2600_100.smt2	ufbv-online-cdclt	error	0	unsupported by backend: online UFBV combination admits only Bool and BitVec terms
QF_LIA	/nas3/data/axeyum/corpus/smtlib-2024/non-incremental/non-incremental/QF_LIA/bofill-scheduling/SMT_random_LIA/ex8500_2600_100.smt2	abv-online-cdclt	error	0	unsupported by backend: online AUFBV combination admits only Bool, BitVec, and Bool/BV-component array terms
QF_LIA	/nas3/data/axeyum/corpus/smtlib-2024/non-incremental/non-incremental/QF_LIA/bofill-scheduling/SMT_random_LIA/ex8500_2600_100.smt2	datatype-elim	unknown	24106	UnknownReason { kind: Timeout, detail: "preprocessed dispatch timeout after reduced solve" }
QF_LIA	/nas3/data/axeyum/corpus/smtlib-2024/non-incremental/non-incremental/QF_LIA/bofill-scheduling/SMT_random_LIA/ex8500_2600_100.smt2	datatype-native	unknown	24053	UnknownReason { kind: Timeout, detail: "preprocessed dispatch timeout after reduced solve" }
QF_LIA	/nas3/data/axeyum/corpus/smtlib-2024/non-incremental/non-incremental/QF_LIA/bofill-scheduling/SMT_random_LIA/ex8500_2600_100.smt2	euf-online	unknown	0	UnknownReason { kind: Other, detail: "boolean skeleton outside the online CDCL(T) encoder" }
QF_LIA	/nas3/data/axeyum/corpus/smtlib-2024/non-incremental/non-incremental/QF_LIA/bofill-scheduling/SMT_random_LIA/ex8500_2600_100.smt2	lia-online-cdclt	unsat	24011	
QF_LIA	/nas3/data/axeyum/corpus/smtlib-2024/non-incremental/non-incremental/QF_LIA/bofill-scheduling/SMT_random_LIA/ex8500_2600_100.smt2	lra-online-cdclt	unknown	0	UnknownReason { kind: Incomplete, detail: "no linear-real atoms for the online CDCL(T) LRA path" }
QF_LIA	/nas3/data/axeyum/corpus/smtlib-2024/non-incremental/non-incremental/QF_LIA/bofill-scheduling/SMT_random_LIA/ex8500_2600_100.smt2	abv-lazy-row	error	0	unsupported by backend: term #3 uses unsupported pure-Rust BV operator IntSub
QF_LIA	/nas3/data/axeyum/corpus/smtlib-2024/non-incremental/non-incremental/QF_LIA/bofill-scheduling/SMT_random_LIA/ex8500_2600_100.smt2	array-elim	error	0	unsupported by backend: term #3 uses unsupported pure-Rust BV operator IntSub
QF_LIA	/nas3/data/axeyum/corpus/smtlib-2024/non-incremental/non-incremental/QF_LIA/bofill-scheduling/SMT_random_LIA/ex8500_2600_100.smt2	aufbv	error	0	unsupported by backend: term #3 uses unsupported pure-Rust BV operator IntSub
QF_LIA	/nas3/data/axeyum/corpus/smtlib-2024/non-incremental/non-incremental/QF_LIA/bofill-scheduling/SMT_real_LIA/ex5640_2400_100.smt2	lia-dpll	unknown	24037	UnknownReason { kind: ResourceLimit, detail: "lazy linear arithmetic exhausted the configured timeout after 51 rounds this solve (solve_calls=1, total_rounds=51, atoms=2850, bound_lemmas=282, blocking_lemmas=51, core_len_last=2102, core_len_min=4, core_len_max=2102, core_len_avg=59.6, core_src_bound=0, core_src_diff=0, core_src_affine=0, core_src_lp=50, core_src_minimized=0, core_src_large=1, core_large_literals=2102, support_attempts=51, support_unavailable=0, support_conflict_batches=51, support_model_attempts=0, support_replay_failures=0, full_fallbacks=0, min_oracle_calls=0, min_oracle_budget_left=32768, min_declined_cores=0)" }
QF_LIA	/nas3/data/axeyum/corpus/smtlib-2024/non-incremental/non-incremental/QF_LIA/bofill-scheduling/SMT_real_LIA/ex5640_2400_100.smt2	lra-dpll	unknown	24135	UnknownReason { kind: Timeout, detail: "combined-theory timeout after scalar backend" }
QF_LIA	/nas3/data/axeyum/corpus/smtlib-2024/non-incremental/non-incremental/QF_LIA/bofill-scheduling/SMT_real_LIA/ex5640_2400_100.smt2	nra	unknown	24132	UnknownReason { kind: Timeout, detail: "combined-theory timeout after scalar backend" }
QF_LIA	/nas3/data/axeyum/corpus/smtlib-2024/non-incremental/non-incremental/QF_LIA/bofill-scheduling/SMT_real_LIA/ex5640_2400_100.smt2	uf-arithmetic	unknown	24061	UnknownReason { kind: Timeout, detail: "preprocessed dispatch timeout after reduced solve" }
QF_LIA	/nas3/data/axeyum/corpus/smtlib-2024/non-incremental/non-incremental/QF_LIA/bofill-scheduling/SMT_real_LIA/ex5640_2400_100.smt2	uf-arith-lazy	unknown	24068	UnknownReason { kind: ResourceLimit, detail: "lazy linear arithmetic exhausted the configured timeout after 77 rounds this solve (solve_calls=1, total_rounds=77, atoms=2850, bound_lemmas=282, blocking_lemmas=77, core_len_last=44, core_len_min=4, core_len_max=78, core_len_avg=23.5, core_src_bound=0, core_src_diff=0, core_src_affine=0, core_src_lp=77, core_src_minimized=0, core_src_large=0, core_large_literals=0, support_attempts=77, support_unavailable=0, support_conflict_batches=77, support_model_attempts=0, support_replay_failures=0, full_fallbacks=0, min_oracle_calls=0, min_oracle_budget_left=32768, min_declined_cores=0)" }
QF_LIA	/nas3/data/axeyum/corpus/smtlib-2024/non-incremental/non-incremental/QF_LIA/bofill-scheduling/SMT_real_LIA/ex5640_2400_100.smt2	uflia-online	unknown	0	UnknownReason { kind: Incomplete, detail: "too many theory atoms for the online combination boolean layer: 2372 > 512" }
QF_LIA	/nas3/data/axeyum/corpus/smtlib-2024/non-incremental/non-incremental/QF_LIA/bofill-scheduling/SMT_real_LIA/ex5640_2400_100.smt2	uflra-online	unknown	0	UnknownReason { kind: Incomplete, detail: "too many theory atoms for the online combination boolean layer" }
QF_LIA	/nas3/data/axeyum/corpus/smtlib-2024/non-incremental/non-incremental/QF_LIA/bofill-scheduling/SMT_real_LIA/ex5640_2400_100.smt2	ufbv-online-cdclt	error	0	unsupported by backend: online UFBV combination admits only Bool and BitVec terms
QF_LIA	/nas3/data/axeyum/corpus/smtlib-2024/non-incremental/non-incremental/QF_LIA/bofill-scheduling/SMT_real_LIA/ex5640_2400_100.smt2	abv-online-cdclt	error	0	unsupported by backend: online AUFBV combination admits only Bool, BitVec, and Bool/BV-component array terms
QF_LIA	/nas3/data/axeyum/corpus/smtlib-2024/non-incremental/non-incremental/QF_LIA/bofill-scheduling/SMT_real_LIA/ex5640_2400_100.smt2	datatype-elim	unknown	24081	UnknownReason { kind: Timeout, detail: "preprocessed dispatch timeout after reduced solve" }
QF_LIA	/nas3/data/axeyum/corpus/smtlib-2024/non-incremental/non-incremental/QF_LIA/bofill-scheduling/SMT_real_LIA/ex5640_2400_100.smt2	datatype-native	unknown	24035	UnknownReason { kind: Timeout, detail: "preprocessed dispatch timeout after reduced solve" }
QF_LIA	/nas3/data/axeyum/corpus/smtlib-2024/non-incremental/non-incremental/QF_LIA/bofill-scheduling/SMT_real_LIA/ex5640_2400_100.smt2	euf-online	unknown	0	UnknownReason { kind: Other, detail: "boolean skeleton outside the online CDCL(T) encoder" }
QF_LIA	/nas3/data/axeyum/corpus/smtlib-2024/non-incremental/non-incremental/QF_LIA/bofill-scheduling/SMT_real_LIA/ex5640_2400_100.smt2	lia-online-cdclt	unknown	24005	UnknownReason { kind: Timeout, detail: "timeout in the online CDCL(T) LIA driver" }
QF_LIA	/nas3/data/axeyum/corpus/smtlib-2024/non-incremental/non-incremental/QF_LIA/bofill-scheduling/SMT_real_LIA/ex5640_2400_100.smt2	lra-online-cdclt	unknown	0	UnknownReason { kind: Incomplete, detail: "no linear-real atoms for the online CDCL(T) LRA path" }
QF_LIA	/nas3/data/axeyum/corpus/smtlib-2024/non-incremental/non-incremental/QF_LIA/bofill-scheduling/SMT_real_LIA/ex5640_2400_100.smt2	abv-lazy-row	error	0	unsupported by backend: term #7 uses unsupported pure-Rust BV operator IntSub
QF_LIA	/nas3/data/axeyum/corpus/smtlib-2024/non-incremental/non-incremental/QF_LIA/bofill-scheduling/SMT_real_LIA/ex5640_2400_100.smt2	array-elim	error	0	unsupported by backend: term #7 uses unsupported pure-Rust BV operator IntSub
QF_LIA	/nas3/data/axeyum/corpus/smtlib-2024/non-incremental/non-incremental/QF_LIA/bofill-scheduling/SMT_real_LIA/ex5640_2400_100.smt2	aufbv	error	0	unsupported by backend: term #7 uses unsupported pure-Rust BV operator IntSub
QF_LIA	/nas3/data/axeyum/corpus/smtlib-2024/non-incremental/non-incremental/QF_LIA/bofill-scheduling/SMT_real_LIA/ex6960_2400_100.smt2	lia-dpll	sat	17137	
QF_LIA	/nas3/data/axeyum/corpus/smtlib-2024/non-incremental/non-incremental/QF_LIA/bofill-scheduling/SMT_real_LIA/ex6960_2400_100.smt2	lra-dpll	sat	670	
QF_LIA	/nas3/data/axeyum/corpus/smtlib-2024/non-incremental/non-incremental/QF_LIA/bofill-scheduling/SMT_real_LIA/ex6960_2400_100.smt2	nra	sat	712	
QF_LIA	/nas3/data/axeyum/corpus/smtlib-2024/non-incremental/non-incremental/QF_LIA/bofill-scheduling/SMT_real_LIA/ex6960_2400_100.smt2	uf-arithmetic	sat	20809	
QF_LIA	/nas3/data/axeyum/corpus/smtlib-2024/non-incremental/non-incremental/QF_LIA/bofill-scheduling/SMT_real_LIA/ex6960_2400_100.smt2	uf-arith-lazy	sat	8382	
QF_LIA	/nas3/data/axeyum/corpus/smtlib-2024/non-incremental/non-incremental/QF_LIA/bofill-scheduling/SMT_real_LIA/ex6960_2400_100.smt2	uflia-online	unknown	0	UnknownReason { kind: Incomplete, detail: "too many theory atoms for the online combination boolean layer: 2372 > 512" }
QF_LIA	/nas3/data/axeyum/corpus/smtlib-2024/non-incremental/non-incremental/QF_LIA/bofill-scheduling/SMT_real_LIA/ex6960_2400_100.smt2	uflra-online	unknown	0	UnknownReason { kind: Incomplete, detail: "too many theory atoms for the online combination boolean layer" }
QF_LIA	/nas3/data/axeyum/corpus/smtlib-2024/non-incremental/non-incremental/QF_LIA/bofill-scheduling/SMT_real_LIA/ex6960_2400_100.smt2	ufbv-online-cdclt	error	0	unsupported by backend: online UFBV combination admits only Bool and BitVec terms
QF_LIA	/nas3/data/axeyum/corpus/smtlib-2024/non-incremental/non-incremental/QF_LIA/bofill-scheduling/SMT_real_LIA/ex6960_2400_100.smt2	abv-online-cdclt	error	0	unsupported by backend: online AUFBV combination admits only Bool, BitVec, and Bool/BV-component array terms
QF_LIA	/nas3/data/axeyum/corpus/smtlib-2024/non-incremental/non-incremental/QF_LIA/bofill-scheduling/SMT_real_LIA/ex6960_2400_100.smt2	datatype-elim	sat	19983	
QF_LIA	/nas3/data/axeyum/corpus/smtlib-2024/non-incremental/non-incremental/QF_LIA/bofill-scheduling/SMT_real_LIA/ex6960_2400_100.smt2	datatype-native	sat	21030	
QF_LIA	/nas3/data/axeyum/corpus/smtlib-2024/non-incremental/non-incremental/QF_LIA/bofill-scheduling/SMT_real_LIA/ex6960_2400_100.smt2	euf-online	unknown	0	UnknownReason { kind: Other, detail: "boolean skeleton outside the online CDCL(T) encoder" }
QF_LIA	/nas3/data/axeyum/corpus/smtlib-2024/non-incremental/non-incremental/QF_LIA/bofill-scheduling/SMT_real_LIA/ex6960_2400_100.smt2	lia-online-cdclt	unknown	24003	UnknownReason { kind: Timeout, detail: "timeout in the online CDCL(T) LIA driver" }
QF_LIA	/nas3/data/axeyum/corpus/smtlib-2024/non-incremental/non-incremental/QF_LIA/bofill-scheduling/SMT_real_LIA/ex6960_2400_100.smt2	lra-online-cdclt	unknown	0	UnknownReason { kind: Incomplete, detail: "no linear-real atoms for the online CDCL(T) LRA path" }
QF_LIA	/nas3/data/axeyum/corpus/smtlib-2024/non-incremental/non-incremental/QF_LIA/bofill-scheduling/SMT_real_LIA/ex6960_2400_100.smt2	abv-lazy-row	error	0	unsupported by backend: term #7 uses unsupported pure-Rust BV operator IntSub
QF_LIA	/nas3/data/axeyum/corpus/smtlib-2024/non-incremental/non-incremental/QF_LIA/bofill-scheduling/SMT_real_LIA/ex6960_2400_100.smt2	array-elim	error	0	unsupported by backend: term #7 uses unsupported pure-Rust BV operator IntSub
QF_LIA	/nas3/data/axeyum/corpus/smtlib-2024/non-incremental/non-incremental/QF_LIA/bofill-scheduling/SMT_real_LIA/ex6960_2400_100.smt2	aufbv	error	0	unsupported by backend: term #7 uses unsupported pure-Rust BV operator IntSub
QF_LIA	/nas3/data/axeyum/corpus/smtlib-2024/non-incremental/non-incremental/QF_LIA/bofill-scheduling/SMT_real_LIA/ex8280_2400_100.smt2	lia-dpll	sat	12180	
QF_LIA	/nas3/data/axeyum/corpus/smtlib-2024/non-incremental/non-incremental/QF_LIA/bofill-scheduling/SMT_real_LIA/ex8280_2400_100.smt2	lra-dpll	sat	809	
QF_LIA	/nas3/data/axeyum/corpus/smtlib-2024/non-incremental/non-incremental/QF_LIA/bofill-scheduling/SMT_real_LIA/ex8280_2400_100.smt2	nra	sat	810	
QF_LIA	/nas3/data/axeyum/corpus/smtlib-2024/non-incremental/non-incremental/QF_LIA/bofill-scheduling/SMT_real_LIA/ex8280_2400_100.smt2	uf-arithmetic	sat	16601	
QF_LIA	/nas3/data/axeyum/corpus/smtlib-2024/non-incremental/non-incremental/QF_LIA/bofill-scheduling/SMT_real_LIA/ex8280_2400_100.smt2	uf-arith-lazy	sat	4292	
QF_LIA	/nas3/data/axeyum/corpus/smtlib-2024/non-incremental/non-incremental/QF_LIA/bofill-scheduling/SMT_real_LIA/ex8280_2400_100.smt2	uflia-online	unknown	0	UnknownReason { kind: Incomplete, detail: "too many theory atoms for the online combination boolean layer: 2372 > 512" }
QF_LIA	/nas3/data/axeyum/corpus/smtlib-2024/non-incremental/non-incremental/QF_LIA/bofill-scheduling/SMT_real_LIA/ex8280_2400_100.smt2	uflra-online	unknown	0	UnknownReason { kind: Incomplete, detail: "too many theory atoms for the online combination boolean layer" }
QF_LIA	/nas3/data/axeyum/corpus/smtlib-2024/non-incremental/non-incremental/QF_LIA/bofill-scheduling/SMT_real_LIA/ex8280_2400_100.smt2	ufbv-online-cdclt	error	0	unsupported by backend: online UFBV combination admits only Bool and BitVec terms
QF_LIA	/nas3/data/axeyum/corpus/smtlib-2024/non-incremental/non-incremental/QF_LIA/bofill-scheduling/SMT_real_LIA/ex8280_2400_100.smt2	abv-online-cdclt	error	0	unsupported by backend: online AUFBV combination admits only Bool, BitVec, and Bool/BV-component array terms
QF_LIA	/nas3/data/axeyum/corpus/smtlib-2024/non-incremental/non-incremental/QF_LIA/bofill-scheduling/SMT_real_LIA/ex8280_2400_100.smt2	datatype-elim	sat	16444	
QF_LIA	/nas3/data/axeyum/corpus/smtlib-2024/non-incremental/non-incremental/QF_LIA/bofill-scheduling/SMT_real_LIA/ex8280_2400_100.smt2	datatype-native	sat	16584	
QF_LIA	/nas3/data/axeyum/corpus/smtlib-2024/non-incremental/non-incremental/QF_LIA/bofill-scheduling/SMT_real_LIA/ex8280_2400_100.smt2	euf-online	unknown	0	UnknownReason { kind: Other, detail: "boolean skeleton outside the online CDCL(T) encoder" }
QF_LIA	/nas3/data/axeyum/corpus/smtlib-2024/non-incremental/non-incremental/QF_LIA/bofill-scheduling/SMT_real_LIA/ex8280_2400_100.smt2	lia-online-cdclt	unknown	24006	UnknownReason { kind: Timeout, detail: "timeout in the online CDCL(T) LIA driver" }
QF_LIA	/nas3/data/axeyum/corpus/smtlib-2024/non-incremental/non-incremental/QF_LIA/bofill-scheduling/SMT_real_LIA/ex8280_2400_100.smt2	lra-online-cdclt	unknown	0	UnknownReason { kind: Incomplete, detail: "no linear-real atoms for the online CDCL(T) LRA path" }
QF_LIA	/nas3/data/axeyum/corpus/smtlib-2024/non-incremental/non-incremental/QF_LIA/bofill-scheduling/SMT_real_LIA/ex8280_2400_100.smt2	abv-lazy-row	error	0	unsupported by backend: term #7 uses unsupported pure-Rust BV operator IntSub
QF_LIA	/nas3/data/axeyum/corpus/smtlib-2024/non-incremental/non-incremental/QF_LIA/bofill-scheduling/SMT_real_LIA/ex8280_2400_100.smt2	array-elim	error	0	unsupported by backend: term #7 uses unsupported pure-Rust BV operator IntSub
QF_LIA	/nas3/data/axeyum/corpus/smtlib-2024/non-incremental/non-incremental/QF_LIA/bofill-scheduling/SMT_real_LIA/ex8280_2400_100.smt2	aufbv	error	0	unsupported by backend: term #7 uses unsupported pure-Rust BV operator IntSub
QF_LIA	/nas3/data/axeyum/corpus/smtlib-2024/non-incremental/non-incremental/QF_LIA/bofill-scheduling/SMT_real_LIA/ex9600_2400_100.smt2	lia-dpll	sat	12033	
QF_LIA	/nas3/data/axeyum/corpus/smtlib-2024/non-incremental/non-incremental/QF_LIA/bofill-scheduling/SMT_real_LIA/ex9600_2400_100.smt2	lra-dpll	sat	341	
QF_LIA	/nas3/data/axeyum/corpus/smtlib-2024/non-incremental/non-incremental/QF_LIA/bofill-scheduling/SMT_real_LIA/ex9600_2400_100.smt2	nra	sat	342	
QF_LIA	/nas3/data/axeyum/corpus/smtlib-2024/non-incremental/non-incremental/QF_LIA/bofill-scheduling/SMT_real_LIA/ex9600_2400_100.smt2	uf-arithmetic	sat	14969	
QF_LIA	/nas3/data/axeyum/corpus/smtlib-2024/non-incremental/non-incremental/QF_LIA/bofill-scheduling/SMT_real_LIA/ex9600_2400_100.smt2	uf-arith-lazy	sat	4003	
QF_LIA	/nas3/data/axeyum/corpus/smtlib-2024/non-incremental/non-incremental/QF_LIA/bofill-scheduling/SMT_real_LIA/ex9600_2400_100.smt2	uflia-online	unknown	0	UnknownReason { kind: Incomplete, detail: "too many theory atoms for the online combination boolean layer: 2372 > 512" }
QF_LIA	/nas3/data/axeyum/corpus/smtlib-2024/non-incremental/non-incremental/QF_LIA/bofill-scheduling/SMT_real_LIA/ex9600_2400_100.smt2	uflra-online	unknown	0	UnknownReason { kind: Incomplete, detail: "too many theory atoms for the online combination boolean layer" }
QF_LIA	/nas3/data/axeyum/corpus/smtlib-2024/non-incremental/non-incremental/QF_LIA/bofill-scheduling/SMT_real_LIA/ex9600_2400_100.smt2	ufbv-online-cdclt	error	0	unsupported by backend: online UFBV combination admits only Bool and BitVec terms
QF_LIA	/nas3/data/axeyum/corpus/smtlib-2024/non-incremental/non-incremental/QF_LIA/bofill-scheduling/SMT_real_LIA/ex9600_2400_100.smt2	abv-online-cdclt	error	0	unsupported by backend: online AUFBV combination admits only Bool, BitVec, and Bool/BV-component array terms
QF_LIA	/nas3/data/axeyum/corpus/smtlib-2024/non-incremental/non-incremental/QF_LIA/bofill-scheduling/SMT_real_LIA/ex9600_2400_100.smt2	datatype-elim	sat	14736	
QF_LIA	/nas3/data/axeyum/corpus/smtlib-2024/non-incremental/non-incremental/QF_LIA/bofill-scheduling/SMT_real_LIA/ex9600_2400_100.smt2	datatype-native	sat	14688	
QF_LIA	/nas3/data/axeyum/corpus/smtlib-2024/non-incremental/non-incremental/QF_LIA/bofill-scheduling/SMT_real_LIA/ex9600_2400_100.smt2	euf-online	unknown	0	UnknownReason { kind: Other, detail: "boolean skeleton outside the online CDCL(T) encoder" }
QF_LIA	/nas3/data/axeyum/corpus/smtlib-2024/non-incremental/non-incremental/QF_LIA/bofill-scheduling/SMT_real_LIA/ex9600_2400_100.smt2	lia-online-cdclt	unknown	24005	UnknownReason { kind: Timeout, detail: "timeout in the online CDCL(T) LIA driver" }
QF_LIA	/nas3/data/axeyum/corpus/smtlib-2024/non-incremental/non-incremental/QF_LIA/bofill-scheduling/SMT_real_LIA/ex9600_2400_100.smt2	lra-online-cdclt	unknown	0	UnknownReason { kind: Incomplete, detail: "no linear-real atoms for the online CDCL(T) LRA path" }
QF_LIA	/nas3/data/axeyum/corpus/smtlib-2024/non-incremental/non-incremental/QF_LIA/bofill-scheduling/SMT_real_LIA/ex9600_2400_100.smt2	abv-lazy-row	error	0	unsupported by backend: term #7 uses unsupported pure-Rust BV operator IntSub
QF_LIA	/nas3/data/axeyum/corpus/smtlib-2024/non-incremental/non-incremental/QF_LIA/bofill-scheduling/SMT_real_LIA/ex9600_2400_100.smt2	array-elim	error	0	unsupported by backend: term #7 uses unsupported pure-Rust BV operator IntSub
QF_LIA	/nas3/data/axeyum/corpus/smtlib-2024/non-incremental/non-incremental/QF_LIA/bofill-scheduling/SMT_real_LIA/ex9600_2400_100.smt2	aufbv	error	0	unsupported by backend: term #7 uses unsupported pure-Rust BV operator IntSub
QF_LIA	/nas3/data/axeyum/corpus/smtlib-2024/non-incremental/non-incremental/QF_LIA/convert/convert-jpg2gif-query-1423.smt2	lia-dpll	unknown	24104	UnknownReason { kind: Timeout, detail: "linear-arithmetic sat-model reconstruction declined in the integer theory: lia simplex: wall-clock deadline passed while collecting integer constraints" }
QF_LIA	/nas3/data/axeyum/corpus/smtlib-2024/non-incremental/non-incremental/QF_LIA/convert/convert-jpg2gif-query-1423.smt2	lra-dpll	unknown	2	UnknownReason { kind: Incomplete, detail: "integer constant 2147483648 does not fit the bounded width 32; widen the bound" }
QF_LIA	/nas3/data/axeyum/corpus/smtlib-2024/non-incremental/non-incremental/QF_LIA/convert/convert-jpg2gif-query-1423.smt2	nra	unknown	4	UnknownReason { kind: Incomplete, detail: "integer constant 2147483648 does not fit the bounded width 32; widen the bound" }
QF_LIA	/nas3/data/axeyum/corpus/smtlib-2024/non-incremental/non-incremental/QF_LIA/convert/convert-jpg2gif-query-1423.smt2	uf-arithmetic	unknown	24091	UnknownReason { kind: Timeout, detail: "preprocessed dispatch timeout after reduced solve" }
QF_LIA	/nas3/data/axeyum/corpus/smtlib-2024/non-incremental/non-incremental/QF_LIA/convert/convert-jpg2gif-query-1423.smt2	uf-arith-lazy	unknown	24050	UnknownReason { kind: Timeout, detail: "linear-arithmetic sat-model reconstruction declined in the integer theory: lia simplex: wall-clock deadline passed while collecting integer constraints" }
QF_LIA	/nas3/data/axeyum/corpus/smtlib-2024/non-incremental/non-incremental/QF_LIA/convert/convert-jpg2gif-query-1423.smt2	uflia-online	unknown	0	UnknownReason { kind: Incomplete, detail: "too many theory atoms for the online combination boolean layer: 2626 > 512" }
QF_LIA	/nas3/data/axeyum/corpus/smtlib-2024/non-incremental/non-incremental/QF_LIA/convert/convert-jpg2gif-query-1423.smt2	uflra-online	unknown	0	UnknownReason { kind: Incomplete, detail: "too many theory atoms for the online combination boolean layer" }
QF_LIA	/nas3/data/axeyum/corpus/smtlib-2024/non-incremental/non-incremental/QF_LIA/convert/convert-jpg2gif-query-1423.smt2	ufbv-online-cdclt	error	0	unsupported by backend: online UFBV combination admits only Bool and BitVec terms
QF_LIA	/nas3/data/axeyum/corpus/smtlib-2024/non-incremental/non-incremental/QF_LIA/convert/convert-jpg2gif-query-1423.smt2	abv-online-cdclt	error	0	unsupported by backend: online AUFBV combination admits only Bool, BitVec, and Bool/BV-component array terms
QF_LIA	/nas3/data/axeyum/corpus/smtlib-2024/non-incremental/non-incremental/QF_LIA/convert/convert-jpg2gif-query-1423.smt2	datatype-elim	unknown	24058	UnknownReason { kind: Timeout, detail: "preprocessed dispatch timeout after reduced solve" }
QF_LIA	/nas3/data/axeyum/corpus/smtlib-2024/non-incremental/non-incremental/QF_LIA/convert/convert-jpg2gif-query-1423.smt2	datatype-native	unknown	24048	UnknownReason { kind: Timeout, detail: "preprocessed dispatch timeout after reduced solve" }
QF_LIA	/nas3/data/axeyum/corpus/smtlib-2024/non-incremental/non-incremental/QF_LIA/convert/convert-jpg2gif-query-1423.smt2	euf-online	unknown	0	UnknownReason { kind: Other, detail: "boolean skeleton outside the online CDCL(T) encoder" }
QF_LIA	/nas3/data/axeyum/corpus/smtlib-2024/non-incremental/non-incremental/QF_LIA/convert/convert-jpg2gif-query-1423.smt2	lia-online-cdclt	unknown	24004	UnknownReason { kind: Incomplete, detail: "online CDCL(T) LIA model did not replay (arithmetic outside the incremental engine)" }
QF_LIA	/nas3/data/axeyum/corpus/smtlib-2024/non-incremental/non-incremental/QF_LIA/convert/convert-jpg2gif-query-1423.smt2	lra-online-cdclt	unknown	0	UnknownReason { kind: Incomplete, detail: "no linear-real atoms for the online CDCL(T) LRA path" }
QF_LIA	/nas3/data/axeyum/corpus/smtlib-2024/non-incremental/non-incremental/QF_LIA/convert/convert-jpg2gif-query-1423.smt2	abv-lazy-row	error	0	unsupported by backend: term #168 uses unsupported pure-Rust BV operator IntLe
QF_LIA	/nas3/data/axeyum/corpus/smtlib-2024/non-incremental/non-incremental/QF_LIA/convert/convert-jpg2gif-query-1423.smt2	array-elim	error	0	unsupported by backend: term #168 uses unsupported pure-Rust BV operator IntLe
QF_LIA	/nas3/data/axeyum/corpus/smtlib-2024/non-incremental/non-incremental/QF_LIA/convert/convert-jpg2gif-query-1423.smt2	aufbv	error	0	unsupported by backend: term #168 uses unsupported pure-Rust BV operator IntLe
QF_LIA	/nas3/data/axeyum/corpus/smtlib-2024/non-incremental/non-incremental/QF_LIA/mathsat/FISCHER10-13-fair.smt2	lia-dpll	unknown	24161	UnknownReason { kind: Timeout, detail: "linear-arithmetic sat-model reconstruction declined in the integer theory: lia simplex: wall-clock deadline passed while collecting integer constraints" }
QF_LIA	/nas3/data/axeyum/corpus/smtlib-2024/non-incremental/non-incremental/QF_LIA/mathsat/FISCHER10-13-fair.smt2	lra-dpll	unknown	24039	UnknownReason { kind: Timeout, detail: "combined-theory timeout after scalar backend" }
QF_LIA	/nas3/data/axeyum/corpus/smtlib-2024/non-incremental/non-incremental/QF_LIA/mathsat/FISCHER10-13-fair.smt2	nra	unknown	24288	UnknownReason { kind: Timeout, detail: "combined-theory timeout after scalar backend" }
QF_LIA	/nas3/data/axeyum/corpus/smtlib-2024/non-incremental/non-incremental/QF_LIA/mathsat/FISCHER10-13-fair.smt2	uf-arithmetic	unknown	24547	UnknownReason { kind: Timeout, detail: "preprocessed dispatch timeout after reduced solve" }
QF_LIA	/nas3/data/axeyum/corpus/smtlib-2024/non-incremental/non-incremental/QF_LIA/mathsat/FISCHER10-13-fair.smt2	uf-arith-lazy	unknown	24090	UnknownReason { kind: Timeout, detail: "linear-arithmetic sat-model reconstruction declined in the integer theory: lia simplex: wall-clock deadline passed while collecting integer constraints" }
QF_LIA	/nas3/data/axeyum/corpus/smtlib-2024/non-incremental/non-incremental/QF_LIA/mathsat/FISCHER10-13-fair.smt2	uflia-online	unknown	2	UnknownReason { kind: Incomplete, detail: "too many theory atoms for the online combination boolean layer: 986 > 512" }
QF_LIA	/nas3/data/axeyum/corpus/smtlib-2024/non-incremental/non-incremental/QF_LIA/mathsat/FISCHER10-13-fair.smt2	uflra-online	unknown	2	UnknownReason { kind: Incomplete, detail: "too many theory atoms for the online combination boolean layer" }
QF_LIA	/nas3/data/axeyum/corpus/smtlib-2024/non-incremental/non-incremental/QF_LIA/mathsat/FISCHER10-13-fair.smt2	ufbv-online-cdclt	unknown	0	UnknownReason { kind: NodeBudget, detail: "online UFBV input has 30885 DAG nodes, exceeding the admission cap of 16384" }
QF_LIA	/nas3/data/axeyum/corpus/smtlib-2024/non-incremental/non-incremental/QF_LIA/mathsat/FISCHER10-13-fair.smt2	abv-online-cdclt	unknown	0	UnknownReason { kind: NodeBudget, detail: "online UFBV input has 30885 DAG nodes, exceeding the admission cap of 16384" }
QF_LIA	/nas3/data/axeyum/corpus/smtlib-2024/non-incremental/non-incremental/QF_LIA/mathsat/FISCHER10-13-fair.smt2	datatype-elim	unknown	24706	UnknownReason { kind: Timeout, detail: "preprocessed dispatch timeout after reduced solve" }
QF_LIA	/nas3/data/axeyum/corpus/smtlib-2024/non-incremental/non-incremental/QF_LIA/mathsat/FISCHER10-13-fair.smt2	datatype-native	unknown	24666	UnknownReason { kind: Timeout, detail: "preprocessed dispatch timeout after reduced solve" }
QF_LIA	/nas3/data/axeyum/corpus/smtlib-2024/non-incremental/non-incremental/QF_LIA/mathsat/FISCHER10-13-fair.smt2	euf-online	unknown	3	UnknownReason { kind: Other, detail: "boolean skeleton outside the online CDCL(T) encoder" }
QF_LIA	/nas3/data/axeyum/corpus/smtlib-2024/non-incremental/non-incremental/QF_LIA/mathsat/FISCHER10-13-fair.smt2	lia-online-cdclt	unknown	24022	UnknownReason { kind: Timeout, detail: "timeout in the online CDCL(T) LIA driver" }
QF_LIA	/nas3/data/axeyum/corpus/smtlib-2024/non-incremental/non-incremental/QF_LIA/mathsat/FISCHER10-13-fair.smt2	lra-online-cdclt	unknown	1	UnknownReason { kind: Incomplete, detail: "no linear-real atoms for the online CDCL(T) LRA path" }
QF_LIA	/nas3/data/axeyum/corpus/smtlib-2024/non-incremental/non-incremental/QF_LIA/mathsat/FISCHER10-13-fair.smt2	abv-lazy-row	error	3	unsupported by backend: term #1123 uses unsupported pure-Rust BV operator IntGt
QF_LIA	/nas3/data/axeyum/corpus/smtlib-2024/non-incremental/non-incremental/QF_LIA/mathsat/FISCHER10-13-fair.smt2	array-elim	error	1	unsupported by backend: term #1123 uses unsupported pure-Rust BV operator IntGt
QF_LIA	/nas3/data/axeyum/corpus/smtlib-2024/non-incremental/non-incremental/QF_LIA/mathsat/FISCHER10-13-fair.smt2	aufbv	error	3	unsupported by backend: term #1123 uses unsupported pure-Rust BV operator IntGt
QF_LIA	/nas3/data/axeyum/corpus/smtlib-2024/non-incremental/non-incremental/QF_LIA/nec-smt/med/checkpass_pwd/prp-0-19.smt2	lia-dpll	error	0	unsupported by backend: lazy arithmetic: unsupported arithmetic atom: QF_LIA: non-linear or non-integer subterm in a constraint
QF_LIA	/nas3/data/axeyum/corpus/smtlib-2024/non-incremental/non-incremental/QF_LIA/nec-smt/med/checkpass_pwd/prp-0-19.smt2	lra-dpll	sat	40	
QF_LIA	/nas3/data/axeyum/corpus/smtlib-2024/non-incremental/non-incremental/QF_LIA/nec-smt/med/checkpass_pwd/prp-0-19.smt2	nra	sat	41	
QF_LIA	/nas3/data/axeyum/corpus/smtlib-2024/non-incremental/non-incremental/QF_LIA/nec-smt/med/checkpass_pwd/prp-0-19.smt2	uf-arithmetic	unknown	24037	UnknownReason { kind: Timeout, detail: "preprocessed dispatch timeout after reduced solve" }
QF_LIA	/nas3/data/axeyum/corpus/smtlib-2024/non-incremental/non-incremental/QF_LIA/nec-smt/med/checkpass_pwd/prp-0-19.smt2	uf-arith-lazy	unknown	24033	UnknownReason { kind: Timeout, detail: "preprocessed dispatch timeout after reduced solve" }
QF_LIA	/nas3/data/axeyum/corpus/smtlib-2024/non-incremental/non-incremental/QF_LIA/nec-smt/med/checkpass_pwd/prp-0-19.smt2	uflia-online	killed	24000	outer wall timeout
QF_LIA	/nas3/data/axeyum/corpus/smtlib-2024/non-incremental/non-incremental/QF_LIA/nec-smt/med/checkpass_pwd/prp-0-19.smt2	uflra-online	unknown	15147	UnknownReason { kind: Incomplete, detail: "atom outside QF_UFLRA for the online combination path" }
QF_LIA	/nas3/data/axeyum/corpus/smtlib-2024/non-incremental/non-incremental/QF_LIA/nec-smt/med/checkpass_pwd/prp-0-19.smt2	ufbv-online-cdclt	error	0	unsupported by backend: online UFBV combination admits only Bool and BitVec terms
QF_LIA	/nas3/data/axeyum/corpus/smtlib-2024/non-incremental/non-incremental/QF_LIA/nec-smt/med/checkpass_pwd/prp-0-19.smt2	abv-online-cdclt	error	0	unsupported by backend: online AUFBV combination admits only Bool, BitVec, and Bool/BV-component array terms
QF_LIA	/nas3/data/axeyum/corpus/smtlib-2024/non-incremental/non-incremental/QF_LIA/nec-smt/med/checkpass_pwd/prp-0-19.smt2	datatype-elim	unknown	24046	UnknownReason { kind: Timeout, detail: "preprocessed dispatch timeout after reduced solve" }
QF_LIA	/nas3/data/axeyum/corpus/smtlib-2024/non-incremental/non-incremental/QF_LIA/nec-smt/med/checkpass_pwd/prp-0-19.smt2	datatype-native	unknown	24048	UnknownReason { kind: Timeout, detail: "preprocessed dispatch timeout after reduced solve" }
QF_LIA	/nas3/data/axeyum/corpus/smtlib-2024/non-incremental/non-incremental/QF_LIA/nec-smt/med/checkpass_pwd/prp-0-19.smt2	euf-online	unknown	0	UnknownReason { kind: Other, detail: "online CDCL(T) e-graph model did not replay (base-sort semantics outside congruence)" }
QF_LIA	/nas3/data/axeyum/corpus/smtlib-2024/non-incremental/non-incremental/QF_LIA/nec-smt/med/checkpass_pwd/prp-0-19.smt2	lia-online-cdclt	unknown	0	UnknownReason { kind: Incomplete, detail: "online CDCL(T) LIA model did not replay (arithmetic outside the incremental engine)" }
QF_LIA	/nas3/data/axeyum/corpus/smtlib-2024/non-incremental/non-incremental/QF_LIA/nec-smt/med/checkpass_pwd/prp-0-19.smt2	lra-online-cdclt	unknown	0	UnknownReason { kind: Incomplete, detail: "no linear-real atoms for the online CDCL(T) LRA path" }
QF_LIA	/nas3/data/axeyum/corpus/smtlib-2024/non-incremental/non-incremental/QF_LIA/nec-smt/med/checkpass_pwd/prp-0-19.smt2	abv-lazy-row	error	0	unsupported by backend: term #65 uses unsupported pure-Rust BV operator IntLe
QF_LIA	/nas3/data/axeyum/corpus/smtlib-2024/non-incremental/non-incremental/QF_LIA/nec-smt/med/checkpass_pwd/prp-0-19.smt2	array-elim	error	0	unsupported by backend: term #65 uses unsupported pure-Rust BV operator IntLe
QF_LIA	/nas3/data/axeyum/corpus/smtlib-2024/non-incremental/non-incremental/QF_LIA/nec-smt/med/checkpass_pwd/prp-0-19.smt2	aufbv	error	0	unsupported by backend: term #65 uses unsupported pure-Rust BV operator IntLe
QF_LIA	/nas3/data/axeyum/corpus/smtlib-2024/non-incremental/non-incremental/QF_LIA/nec-smt/med/checkpass_pwd/prp-8-22.smt2	lia-dpll	error	0	unsupported by backend: lazy arithmetic: unsupported arithmetic atom: QF_LIA: non-linear or non-integer subterm in a constraint
QF_LIA	/nas3/data/axeyum/corpus/smtlib-2024/non-incremental/non-incremental/QF_LIA/nec-smt/med/checkpass_pwd/prp-8-22.smt2	lra-dpll	sat	63	
QF_LIA	/nas3/data/axeyum/corpus/smtlib-2024/non-incremental/non-incremental/QF_LIA/nec-smt/med/checkpass_pwd/prp-8-22.smt2	nra	sat	65	
QF_LIA	/nas3/data/axeyum/corpus/smtlib-2024/non-incremental/non-incremental/QF_LIA/nec-smt/med/checkpass_pwd/prp-8-22.smt2	uf-arithmetic	killed	24000	outer wall timeout
QF_LIA	/nas3/data/axeyum/corpus/smtlib-2024/non-incremental/non-incremental/QF_LIA/nec-smt/med/checkpass_pwd/prp-8-22.smt2	uf-arith-lazy	killed	24000	outer wall timeout
QF_LIA	/nas3/data/axeyum/corpus/smtlib-2024/non-incremental/non-incremental/QF_LIA/nec-smt/med/checkpass_pwd/prp-8-22.smt2	uflia-online	killed	24000	outer wall timeout
QF_LIA	/nas3/data/axeyum/corpus/smtlib-2024/non-incremental/non-incremental/QF_LIA/nec-smt/med/checkpass_pwd/prp-8-22.smt2	uflra-online	killed	24000	outer wall timeout
QF_LIA	/nas3/data/axeyum/corpus/smtlib-2024/non-incremental/non-incremental/QF_LIA/nec-smt/med/checkpass_pwd/prp-8-22.smt2	ufbv-online-cdclt	error	0	unsupported by backend: online UFBV combination admits only Bool and BitVec terms
QF_LIA	/nas3/data/axeyum/corpus/smtlib-2024/non-incremental/non-incremental/QF_LIA/nec-smt/med/checkpass_pwd/prp-8-22.smt2	abv-online-cdclt	error	0	unsupported by backend: online AUFBV combination admits only Bool, BitVec, and Bool/BV-component array terms
QF_LIA	/nas3/data/axeyum/corpus/smtlib-2024/non-incremental/non-incremental/QF_LIA/nec-smt/med/checkpass_pwd/prp-8-22.smt2	datatype-elim	killed	24000	outer wall timeout
QF_LIA	/nas3/data/axeyum/corpus/smtlib-2024/non-incremental/non-incremental/QF_LIA/nec-smt/med/checkpass_pwd/prp-8-22.smt2	datatype-native	killed	24000	outer wall timeout
QF_LIA	/nas3/data/axeyum/corpus/smtlib-2024/non-incremental/non-incremental/QF_LIA/nec-smt/med/checkpass_pwd/prp-8-22.smt2	euf-online	unknown	1	UnknownReason { kind: Other, detail: "online CDCL(T) e-graph model did not replay (base-sort semantics outside congruence)" }
QF_LIA	/nas3/data/axeyum/corpus/smtlib-2024/non-incremental/non-incremental/QF_LIA/nec-smt/med/checkpass_pwd/prp-8-22.smt2	lia-online-cdclt	unknown	0	UnknownReason { kind: Incomplete, detail: "online CDCL(T) LIA model did not replay (arithmetic outside the incremental engine)" }
QF_LIA	/nas3/data/axeyum/corpus/smtlib-2024/non-incremental/non-incremental/QF_LIA/nec-smt/med/checkpass_pwd/prp-8-22.smt2	lra-online-cdclt	unknown	0	UnknownReason { kind: Incomplete, detail: "no linear-real atoms for the online CDCL(T) LRA path" }
QF_LIA	/nas3/data/axeyum/corpus/smtlib-2024/non-incremental/non-incremental/QF_LIA/nec-smt/med/checkpass_pwd/prp-8-22.smt2	abv-lazy-row	error	0	unsupported by backend: term #71 uses unsupported pure-Rust BV operator IntLe
QF_LIA	/nas3/data/axeyum/corpus/smtlib-2024/non-incremental/non-incremental/QF_LIA/nec-smt/med/checkpass_pwd/prp-8-22.smt2	array-elim	error	0	unsupported by backend: term #71 uses unsupported pure-Rust BV operator IntLe
QF_LIA	/nas3/data/axeyum/corpus/smtlib-2024/non-incremental/non-incremental/QF_LIA/nec-smt/med/checkpass_pwd/prp-8-22.smt2	aufbv	error	0	unsupported by backend: term #71 uses unsupported pure-Rust BV operator IntLe
QF_LIA	/nas3/data/axeyum/corpus/smtlib-2024/non-incremental/non-incremental/QF_LIA/nec-smt/small/print_file/prp-0-47.smt2	lia-dpll	error	0	unsupported by backend: lazy arithmetic: unsupported arithmetic atom: QF_LIA: non-linear or non-integer subterm in a constraint
QF_LIA	/nas3/data/axeyum/corpus/smtlib-2024/non-incremental/non-incremental/QF_LIA/nec-smt/small/print_file/prp-0-47.smt2	lra-dpll	sat	20	
QF_LIA	/nas3/data/axeyum/corpus/smtlib-2024/non-incremental/non-incremental/QF_LIA/nec-smt/small/print_file/prp-0-47.smt2	nra	sat	20	
QF_LIA	/nas3/data/axeyum/corpus/smtlib-2024/non-incremental/non-incremental/QF_LIA/nec-smt/small/print_file/prp-0-47.smt2	uf-arithmetic	killed	24000	outer wall timeout
QF_LIA	/nas3/data/axeyum/corpus/smtlib-2024/non-incremental/non-incremental/QF_LIA/nec-smt/small/print_file/prp-0-47.smt2	uf-arith-lazy	killed	24000	outer wall timeout
QF_LIA	/nas3/data/axeyum/corpus/smtlib-2024/non-incremental/non-incremental/QF_LIA/nec-smt/small/print_file/prp-0-47.smt2	uflia-online	killed	24000	outer wall timeout
QF_LIA	/nas3/data/axeyum/corpus/smtlib-2024/non-incremental/non-incremental/QF_LIA/nec-smt/small/print_file/prp-0-47.smt2	uflra-online	unknown	0	UnknownReason { kind: Incomplete, detail: "atom outside QF_UFLRA for the online combination path" }
QF_LIA	/nas3/data/axeyum/corpus/smtlib-2024/non-incremental/non-incremental/QF_LIA/nec-smt/small/print_file/prp-0-47.smt2	ufbv-online-cdclt	error	0	unsupported by backend: online UFBV combination admits only Bool and BitVec terms
QF_LIA	/nas3/data/axeyum/corpus/smtlib-2024/non-incremental/non-incremental/QF_LIA/nec-smt/small/print_file/prp-0-47.smt2	abv-online-cdclt	error	0	unsupported by backend: online AUFBV combination admits only Bool, BitVec, and Bool/BV-component array terms
QF_LIA	/nas3/data/axeyum/corpus/smtlib-2024/non-incremental/non-incremental/QF_LIA/nec-smt/small/print_file/prp-0-47.smt2	datatype-elim	killed	24000	outer wall timeout
QF_LIA	/nas3/data/axeyum/corpus/smtlib-2024/non-incremental/non-incremental/QF_LIA/nec-smt/small/print_file/prp-0-47.smt2	datatype-native	killed	24000	outer wall timeout
QF_LIA	/nas3/data/axeyum/corpus/smtlib-2024/non-incremental/non-incremental/QF_LIA/nec-smt/small/print_file/prp-0-47.smt2	euf-online	unknown	0	UnknownReason { kind: Other, detail: "online CDCL(T) e-graph model did not replay (base-sort semantics outside congruence)" }
QF_LIA	/nas3/data/axeyum/corpus/smtlib-2024/non-incremental/non-incremental/QF_LIA/nec-smt/small/print_file/prp-0-47.smt2	lia-online-cdclt	unknown	0	UnknownReason { kind: Incomplete, detail: "online CDCL(T) LIA model did not replay (arithmetic outside the incremental engine)" }
QF_LIA	/nas3/data/axeyum/corpus/smtlib-2024/non-incremental/non-incremental/QF_LIA/nec-smt/small/print_file/prp-0-47.smt2	lra-online-cdclt	unknown	0	UnknownReason { kind: Incomplete, detail: "no linear-real atoms for the online CDCL(T) LRA path" }
QF_LIA	/nas3/data/axeyum/corpus/smtlib-2024/non-incremental/non-incremental/QF_LIA/nec-smt/small/print_file/prp-0-47.smt2	abv-lazy-row	error	0	unsupported by backend: term #2 uses unsupported pure-Rust BV operator IntLe
QF_LIA	/nas3/data/axeyum/corpus/smtlib-2024/non-incremental/non-incremental/QF_LIA/nec-smt/small/print_file/prp-0-47.smt2	array-elim	error	0	unsupported by backend: term #2 uses unsupported pure-Rust BV operator IntLe
QF_LIA	/nas3/data/axeyum/corpus/smtlib-2024/non-incremental/non-incremental/QF_LIA/nec-smt/small/print_file/prp-0-47.smt2	aufbv	error	0	unsupported by backend: term #2 uses unsupported pure-Rust BV operator IntLe
QF_LIA	/nas3/data/axeyum/corpus/smtlib-2024/non-incremental/non-incremental/QF_LIA/rings/ring_2exp8_4vars_1ite_unsat.smt2	lia-dpll	error	0	unsupported by backend: lazy arithmetic: unsupported arithmetic atom: QF_LIA: non-linear or non-integer subterm in a constraint
QF_LIA	/nas3/data/axeyum/corpus/smtlib-2024/non-incremental/non-incremental/QF_LIA/rings/ring_2exp8_4vars_1ite_unsat.smt2	lra-dpll	unknown	9	UnknownReason { kind: Incomplete, detail: "no model within the bounded integer width 32; widen the bound" }
QF_LIA	/nas3/data/axeyum/corpus/smtlib-2024/non-incremental/non-incremental/QF_LIA/rings/ring_2exp8_4vars_1ite_unsat.smt2	nra	unknown	9	UnknownReason { kind: Incomplete, detail: "no model within the bounded integer width 32; widen the bound" }
QF_LIA	/nas3/data/axeyum/corpus/smtlib-2024/non-incremental/non-incremental/QF_LIA/rings/ring_2exp8_4vars_1ite_unsat.smt2	uf-arithmetic	unknown	24137	UnknownReason { kind: Timeout, detail: "preprocessed dispatch timeout after reduced solve" }
QF_LIA	/nas3/data/axeyum/corpus/smtlib-2024/non-incremental/non-incremental/QF_LIA/rings/ring_2exp8_4vars_1ite_unsat.smt2	uf-arith-lazy	unknown	24142	UnknownReason { kind: Timeout, detail: "preprocessed dispatch timeout after reduced solve" }
QF_LIA	/nas3/data/axeyum/corpus/smtlib-2024/non-incremental/non-incremental/QF_LIA/rings/ring_2exp8_4vars_1ite_unsat.smt2	uflia-online	unknown	0	UnknownReason { kind: Incomplete, detail: "boolean skeleton outside the online combination encoder: unsupported Boolean op IntGt with 2 args" }
QF_LIA	/nas3/data/axeyum/corpus/smtlib-2024/non-incremental/non-incremental/QF_LIA/rings/ring_2exp8_4vars_1ite_unsat.smt2	uflra-online	unknown	0	UnknownReason { kind: Incomplete, detail: "boolean skeleton outside the online combination encoder" }
QF_LIA	/nas3/data/axeyum/corpus/smtlib-2024/non-incremental/non-incremental/QF_LIA/rings/ring_2exp8_4vars_1ite_unsat.smt2	ufbv-online-cdclt	error	0	unsupported by backend: online UFBV combination admits only Bool and BitVec terms
QF_LIA	/nas3/data/axeyum/corpus/smtlib-2024/non-incremental/non-incremental/QF_LIA/rings/ring_2exp8_4vars_1ite_unsat.smt2	abv-online-cdclt	error	0	unsupported by backend: online AUFBV combination admits only Bool, BitVec, and Bool/BV-component array terms
QF_LIA	/nas3/data/axeyum/corpus/smtlib-2024/non-incremental/non-incremental/QF_LIA/rings/ring_2exp8_4vars_1ite_unsat.smt2	datatype-elim	unknown	24131	UnknownReason { kind: Timeout, detail: "preprocessed dispatch timeout after reduced solve" }
QF_LIA	/nas3/data/axeyum/corpus/smtlib-2024/non-incremental/non-incremental/QF_LIA/rings/ring_2exp8_4vars_1ite_unsat.smt2	datatype-native	unknown	24021	UnknownReason { kind: Timeout, detail: "preprocessed dispatch timeout after reduced solve" }
QF_LIA	/nas3/data/axeyum/corpus/smtlib-2024/non-incremental/non-incremental/QF_LIA/rings/ring_2exp8_4vars_1ite_unsat.smt2	euf-online	unknown	0	UnknownReason { kind: Other, detail: "boolean skeleton outside the online CDCL(T) encoder" }
QF_LIA	/nas3/data/axeyum/corpus/smtlib-2024/non-incremental/non-incremental/QF_LIA/rings/ring_2exp8_4vars_1ite_unsat.smt2	lia-online-cdclt	unknown	0	UnknownReason { kind: Incomplete, detail: "boolean skeleton outside the online CDCL(T) LIA encoder" }
QF_LIA	/nas3/data/axeyum/corpus/smtlib-2024/non-incremental/non-incremental/QF_LIA/rings/ring_2exp8_4vars_1ite_unsat.smt2	lra-online-cdclt	unknown	0	UnknownReason { kind: Incomplete, detail: "no linear-real atoms for the online CDCL(T) LRA path" }
QF_LIA	/nas3/data/axeyum/corpus/smtlib-2024/non-incremental/non-incremental/QF_LIA/rings/ring_2exp8_4vars_1ite_unsat.smt2	abv-lazy-row	error	0	unsupported by backend: term #83 uses unsupported pure-Rust BV operator IntSub
QF_LIA	/nas3/data/axeyum/corpus/smtlib-2024/non-incremental/non-incremental/QF_LIA/rings/ring_2exp8_4vars_1ite_unsat.smt2	array-elim	error	0	unsupported by backend: term #83 uses unsupported pure-Rust BV operator IntSub
QF_LIA	/nas3/data/axeyum/corpus/smtlib-2024/non-incremental/non-incremental/QF_LIA/rings/ring_2exp8_4vars_1ite_unsat.smt2	aufbv	error	0	unsupported by backend: term #83 uses unsupported pure-Rust BV operator IntSub
# division=QF_LIA files=27 routes=17 budget_ms=24000 cores=12-15
