division	file	route	verdict	wall_ms	detail
QF_NIA_b	/nas3/data/axeyum/corpus/smtlib-2024/non-incremental/non-incremental/QF_NIA/20170427-VeryMax/ITS/From_T2__hqr.c.i.hqr.pl.t2.nor.t2.rlgfixed.t2_fixed__terminationS_45_0.smt2	lia-dpll	error	1	unsupported by backend: lazy arithmetic: unsupported arithmetic atom: QF_LIA: nonlinear integer multiplication
QF_NIA_b	/nas3/data/axeyum/corpus/smtlib-2024/non-incremental/non-incremental/QF_NIA/20170427-VeryMax/ITS/From_T2__hqr.c.i.hqr.pl.t2.nor.t2.rlgfixed.t2_fixed__terminationS_45_0.smt2	lra-dpll	unknown	15	UnknownReason { kind: EncodingBudget, detail: "estimated 317289744 CNF clauses before lowering exceeds budget 64000000 (oversized encoding refused gracefully)" }
QF_NIA_b	/nas3/data/axeyum/corpus/smtlib-2024/non-incremental/non-incremental/QF_NIA/20170427-VeryMax/ITS/From_T2__hqr.c.i.hqr.pl.t2.nor.t2.rlgfixed.t2_fixed__terminationS_45_0.smt2	nra	unknown	16	UnknownReason { kind: EncodingBudget, detail: "estimated 317289744 CNF clauses before lowering exceeds budget 64000000 (oversized encoding refused gracefully)" }
QF_NIA_b	/nas3/data/axeyum/corpus/smtlib-2024/non-incremental/non-incremental/QF_NIA/20170427-VeryMax/ITS/From_T2__hqr.c.i.hqr.pl.t2.nor.t2.rlgfixed.t2_fixed__terminationS_45_0.smt2	uf-arithmetic	unknown	26967	UnknownReason { kind: Timeout, detail: "preprocessed dispatch timeout after reduced solve" }
QF_NIA_b	/nas3/data/axeyum/corpus/smtlib-2024/non-incremental/non-incremental/QF_NIA/20170427-VeryMax/ITS/From_T2__hqr.c.i.hqr.pl.t2.nor.t2.rlgfixed.t2_fixed__terminationS_45_0.smt2	uf-arith-lazy	unknown	27099	UnknownReason { kind: Timeout, detail: "preprocessed dispatch timeout after reduced solve" }
QF_NIA_b	/nas3/data/axeyum/corpus/smtlib-2024/non-incremental/non-incremental/QF_NIA/20170427-VeryMax/ITS/From_T2__hqr.c.i.hqr.pl.t2.nor.t2.rlgfixed.t2_fixed__terminationS_45_0.smt2	uflia-online	unknown	0	UnknownReason { kind: Incomplete, detail: "too many theory atoms for the online combination boolean layer: 2204 > 512" }
QF_NIA_b	/nas3/data/axeyum/corpus/smtlib-2024/non-incremental/non-incremental/QF_NIA/20170427-VeryMax/ITS/From_T2__hqr.c.i.hqr.pl.t2.nor.t2.rlgfixed.t2_fixed__terminationS_45_0.smt2	uflra-online	unknown	0	UnknownReason { kind: Incomplete, detail: "too many theory atoms for the online combination boolean layer" }
QF_NIA_b	/nas3/data/axeyum/corpus/smtlib-2024/non-incremental/non-incremental/QF_NIA/20170427-VeryMax/ITS/From_T2__hqr.c.i.hqr.pl.t2.nor.t2.rlgfixed.t2_fixed__terminationS_45_0.smt2	ufbv-online-cdclt	error	0	unsupported by backend: online UFBV combination admits only Bool and BitVec terms
QF_NIA_b	/nas3/data/axeyum/corpus/smtlib-2024/non-incremental/non-incremental/QF_NIA/20170427-VeryMax/ITS/From_T2__hqr.c.i.hqr.pl.t2.nor.t2.rlgfixed.t2_fixed__terminationS_45_0.smt2	abv-online-cdclt	error	0	unsupported by backend: online AUFBV combination admits only Bool, BitVec, and Bool/BV-component array terms
QF_NIA_b	/nas3/data/axeyum/corpus/smtlib-2024/non-incremental/non-incremental/QF_NIA/20170427-VeryMax/ITS/From_T2__hqr.c.i.hqr.pl.t2.nor.t2.rlgfixed.t2_fixed__terminationS_45_0.smt2	datatype-elim	unknown	26239	UnknownReason { kind: Timeout, detail: "preprocessed dispatch timeout after reduced solve" }
QF_NIA_b	/nas3/data/axeyum/corpus/smtlib-2024/non-incremental/non-incremental/QF_NIA/20170427-VeryMax/ITS/From_T2__hqr.c.i.hqr.pl.t2.nor.t2.rlgfixed.t2_fixed__terminationS_45_0.smt2	datatype-native	unknown	26311	UnknownReason { kind: Timeout, detail: "preprocessed dispatch timeout after reduced solve" }
QF_NIA_b	/nas3/data/axeyum/corpus/smtlib-2024/non-incremental/non-incremental/QF_NIA/20170427-VeryMax/ITS/From_T2__hqr.c.i.hqr.pl.t2.nor.t2.rlgfixed.t2_fixed__terminationS_45_0.smt2	euf-online	unknown	0	UnknownReason { kind: Other, detail: "boolean skeleton outside the online CDCL(T) encoder" }
QF_NIA_b	/nas3/data/axeyum/corpus/smtlib-2024/non-incremental/non-incremental/QF_NIA/20170427-VeryMax/ITS/From_T2__hqr.c.i.hqr.pl.t2.nor.t2.rlgfixed.t2_fixed__terminationS_45_0.smt2	lia-online-cdclt	unknown	24002	UnknownReason { kind: Timeout, detail: "timeout in the online CDCL(T) LIA driver" }
QF_NIA_b	/nas3/data/axeyum/corpus/smtlib-2024/non-incremental/non-incremental/QF_NIA/20170427-VeryMax/ITS/From_T2__hqr.c.i.hqr.pl.t2.nor.t2.rlgfixed.t2_fixed__terminationS_45_0.smt2	lra-online-cdclt	unknown	0	UnknownReason { kind: Incomplete, detail: "no linear-real atoms for the online CDCL(T) LRA path" }
QF_NIA_b	/nas3/data/axeyum/corpus/smtlib-2024/non-incremental/non-incremental/QF_NIA/20170427-VeryMax/ITS/From_T2__hqr.c.i.hqr.pl.t2.nor.t2.rlgfixed.t2_fixed__terminationS_45_0.smt2	abv-lazy-row	error	1	unsupported by backend: term #3 uses unsupported pure-Rust BV operator IntLe
QF_NIA_b	/nas3/data/axeyum/corpus/smtlib-2024/non-incremental/non-incremental/QF_NIA/20170427-VeryMax/ITS/From_T2__hqr.c.i.hqr.pl.t2.nor.t2.rlgfixed.t2_fixed__terminationS_45_0.smt2	array-elim	error	0	unsupported by backend: term #3 uses unsupported pure-Rust BV operator IntLe
QF_NIA_b	/nas3/data/axeyum/corpus/smtlib-2024/non-incremental/non-incremental/QF_NIA/20170427-VeryMax/ITS/From_T2__hqr.c.i.hqr.pl.t2.nor.t2.rlgfixed.t2_fixed__terminationS_45_0.smt2	aufbv	error	1	unsupported by backend: term #3 uses unsupported pure-Rust BV operator IntLe
QF_NIA_b	/nas3/data/axeyum/corpus/smtlib-2024/non-incremental/non-incremental/QF_NIA/20170427-VeryMax/ITS/From_T2__hqr.t2_fixed__terminationS_36_0.smt2	lia-dpll	error	2	unsupported by backend: lazy arithmetic: unsupported arithmetic atom: QF_LIA: nonlinear integer multiplication
QF_NIA_b	/nas3/data/axeyum/corpus/smtlib-2024/non-incremental/non-incremental/QF_NIA/20170427-VeryMax/ITS/From_T2__hqr.t2_fixed__terminationS_36_0.smt2	lra-dpll	unknown	12	UnknownReason { kind: EncodingBudget, detail: "estimated 316790682 CNF clauses before lowering exceeds budget 64000000 (oversized encoding refused gracefully)" }
QF_NIA_b	/nas3/data/axeyum/corpus/smtlib-2024/non-incremental/non-incremental/QF_NIA/20170427-VeryMax/ITS/From_T2__hqr.t2_fixed__terminationS_36_0.smt2	nra	unknown	16	UnknownReason { kind: EncodingBudget, detail: "estimated 316790682 CNF clauses before lowering exceeds budget 64000000 (oversized encoding refused gracefully)" }
QF_NIA_b	/nas3/data/axeyum/corpus/smtlib-2024/non-incremental/non-incremental/QF_NIA/20170427-VeryMax/ITS/From_T2__hqr.t2_fixed__terminationS_36_0.smt2	uf-arithmetic	unknown	24007	UnknownReason { kind: Timeout, detail: "preprocessed dispatch timeout after reduced solve" }
QF_NIA_b	/nas3/data/axeyum/corpus/smtlib-2024/non-incremental/non-incremental/QF_NIA/20170427-VeryMax/ITS/From_T2__hqr.t2_fixed__terminationS_36_0.smt2	uf-arith-lazy	unknown	24214	UnknownReason { kind: Timeout, detail: "preprocessed dispatch timeout after reduced solve" }
QF_NIA_b	/nas3/data/axeyum/corpus/smtlib-2024/non-incremental/non-incremental/QF_NIA/20170427-VeryMax/ITS/From_T2__hqr.t2_fixed__terminationS_36_0.smt2	uflia-online	unknown	0	UnknownReason { kind: Incomplete, detail: "too many theory atoms for the online combination boolean layer: 2340 > 512" }
QF_NIA_b	/nas3/data/axeyum/corpus/smtlib-2024/non-incremental/non-incremental/QF_NIA/20170427-VeryMax/ITS/From_T2__hqr.t2_fixed__terminationS_36_0.smt2	uflra-online	unknown	0	UnknownReason { kind: Incomplete, detail: "too many theory atoms for the online combination boolean layer" }
QF_NIA_b	/nas3/data/axeyum/corpus/smtlib-2024/non-incremental/non-incremental/QF_NIA/20170427-VeryMax/ITS/From_T2__hqr.t2_fixed__terminationS_36_0.smt2	ufbv-online-cdclt	error	0	unsupported by backend: online UFBV combination admits only Bool and BitVec terms
QF_NIA_b	/nas3/data/axeyum/corpus/smtlib-2024/non-incremental/non-incremental/QF_NIA/20170427-VeryMax/ITS/From_T2__hqr.t2_fixed__terminationS_36_0.smt2	abv-online-cdclt	error	0	unsupported by backend: online AUFBV combination admits only Bool, BitVec, and Bool/BV-component array terms
QF_NIA_b	/nas3/data/axeyum/corpus/smtlib-2024/non-incremental/non-incremental/QF_NIA/20170427-VeryMax/ITS/From_T2__hqr.t2_fixed__terminationS_36_0.smt2	datatype-elim	unknown	24014	UnknownReason { kind: Timeout, detail: "preprocessed dispatch timeout after reduced solve" }
QF_NIA_b	/nas3/data/axeyum/corpus/smtlib-2024/non-incremental/non-incremental/QF_NIA/20170427-VeryMax/ITS/From_T2__hqr.t2_fixed__terminationS_36_0.smt2	datatype-native	unknown	24727	UnknownReason { kind: Timeout, detail: "preprocessed dispatch timeout after reduced solve" }
QF_NIA_b	/nas3/data/axeyum/corpus/smtlib-2024/non-incremental/non-incremental/QF_NIA/20170427-VeryMax/ITS/From_T2__hqr.t2_fixed__terminationS_36_0.smt2	euf-online	unknown	0	UnknownReason { kind: Other, detail: "boolean skeleton outside the online CDCL(T) encoder" }
QF_NIA_b	/nas3/data/axeyum/corpus/smtlib-2024/non-incremental/non-incremental/QF_NIA/20170427-VeryMax/ITS/From_T2__hqr.t2_fixed__terminationS_36_0.smt2	lia-online-cdclt	unknown	24003	UnknownReason { kind: Timeout, detail: "timeout in the online CDCL(T) LIA driver" }
QF_NIA_b	/nas3/data/axeyum/corpus/smtlib-2024/non-incremental/non-incremental/QF_NIA/20170427-VeryMax/ITS/From_T2__hqr.t2_fixed__terminationS_36_0.smt2	lra-online-cdclt	unknown	0	UnknownReason { kind: Incomplete, detail: "no linear-real atoms for the online CDCL(T) LRA path" }
QF_NIA_b	/nas3/data/axeyum/corpus/smtlib-2024/non-incremental/non-incremental/QF_NIA/20170427-VeryMax/ITS/From_T2__hqr.t2_fixed__terminationS_36_0.smt2	abv-lazy-row	error	1	unsupported by backend: term #3 uses unsupported pure-Rust BV operator IntLe
QF_NIA_b	/nas3/data/axeyum/corpus/smtlib-2024/non-incremental/non-incremental/QF_NIA/20170427-VeryMax/ITS/From_T2__hqr.t2_fixed__terminationS_36_0.smt2	array-elim	error	0	unsupported by backend: term #3 uses unsupported pure-Rust BV operator IntLe
QF_NIA_b	/nas3/data/axeyum/corpus/smtlib-2024/non-incremental/non-incremental/QF_NIA/20170427-VeryMax/ITS/From_T2__hqr.t2_fixed__terminationS_36_0.smt2	aufbv	error	1	unsupported by backend: term #3 uses unsupported pure-Rust BV operator IntLe
QF_NIA_b	/nas3/data/axeyum/corpus/smtlib-2024/non-incremental/non-incremental/QF_NIA/20170427-VeryMax/ITS/From_T2__n-21.t2__p3959_terminationG_0.smt2	lia-dpll	error	0	unsupported by backend: lazy arithmetic: unsupported arithmetic atom: QF_LIA: nonlinear integer multiplication
QF_NIA_b	/nas3/data/axeyum/corpus/smtlib-2024/non-incremental/non-incremental/QF_NIA/20170427-VeryMax/ITS/From_T2__n-21.t2__p3959_terminationG_0.smt2	lra-dpll	unknown	4760	UnknownReason { kind: Incomplete, detail: "bounded integer model overflowed at width 32 (assertion #935 is false over exact semantics); widen the bound" }
QF_NIA_b	/nas3/data/axeyum/corpus/smtlib-2024/non-incremental/non-incremental/QF_NIA/20170427-VeryMax/ITS/From_T2__n-21.t2__p3959_terminationG_0.smt2	nra	unknown	4748	UnknownReason { kind: Incomplete, detail: "bounded integer model overflowed at width 32 (assertion #935 is false over exact semantics); widen the bound" }
QF_NIA_b	/nas3/data/axeyum/corpus/smtlib-2024/non-incremental/non-incremental/QF_NIA/20170427-VeryMax/ITS/From_T2__n-21.t2__p3959_terminationG_0.smt2	uf-arithmetic	unsat	8545	
QF_NIA_b	/nas3/data/axeyum/corpus/smtlib-2024/non-incremental/non-incremental/QF_NIA/20170427-VeryMax/ITS/From_T2__n-21.t2__p3959_terminationG_0.smt2	uf-arith-lazy	unsat	8537	
QF_NIA_b	/nas3/data/axeyum/corpus/smtlib-2024/non-incremental/non-incremental/QF_NIA/20170427-VeryMax/ITS/From_T2__n-21.t2__p3959_terminationG_0.smt2	uflia-online	unknown	0	UnknownReason { kind: Incomplete, detail: "boolean skeleton outside the online combination encoder: unsupported Boolean op IntGt with 2 args" }
QF_NIA_b	/nas3/data/axeyum/corpus/smtlib-2024/non-incremental/non-incremental/QF_NIA/20170427-VeryMax/ITS/From_T2__n-21.t2__p3959_terminationG_0.smt2	uflra-online	unknown	0	UnknownReason { kind: Incomplete, detail: "boolean skeleton outside the online combination encoder" }
QF_NIA_b	/nas3/data/axeyum/corpus/smtlib-2024/non-incremental/non-incremental/QF_NIA/20170427-VeryMax/ITS/From_T2__n-21.t2__p3959_terminationG_0.smt2	ufbv-online-cdclt	error	0	unsupported by backend: online UFBV combination admits only Bool and BitVec terms
QF_NIA_b	/nas3/data/axeyum/corpus/smtlib-2024/non-incremental/non-incremental/QF_NIA/20170427-VeryMax/ITS/From_T2__n-21.t2__p3959_terminationG_0.smt2	abv-online-cdclt	error	0	unsupported by backend: online AUFBV combination admits only Bool, BitVec, and Bool/BV-component array terms
QF_NIA_b	/nas3/data/axeyum/corpus/smtlib-2024/non-incremental/non-incremental/QF_NIA/20170427-VeryMax/ITS/From_T2__n-21.t2__p3959_terminationG_0.smt2	datatype-elim	unsat	8538	
QF_NIA_b	/nas3/data/axeyum/corpus/smtlib-2024/non-incremental/non-incremental/QF_NIA/20170427-VeryMax/ITS/From_T2__n-21.t2__p3959_terminationG_0.smt2	datatype-native	unsat	8529	
QF_NIA_b	/nas3/data/axeyum/corpus/smtlib-2024/non-incremental/non-incremental/QF_NIA/20170427-VeryMax/ITS/From_T2__n-21.t2__p3959_terminationG_0.smt2	euf-online	unknown	0	UnknownReason { kind: Other, detail: "boolean skeleton outside the online CDCL(T) encoder" }
QF_NIA_b	/nas3/data/axeyum/corpus/smtlib-2024/non-incremental/non-incremental/QF_NIA/20170427-VeryMax/ITS/From_T2__n-21.t2__p3959_terminationG_0.smt2	lia-online-cdclt	unknown	146	UnknownReason { kind: Incomplete, detail: "online CDCL(T) LIA model did not replay (arithmetic outside the incremental engine)" }
QF_NIA_b	/nas3/data/axeyum/corpus/smtlib-2024/non-incremental/non-incremental/QF_NIA/20170427-VeryMax/ITS/From_T2__n-21.t2__p3959_terminationG_0.smt2	lra-online-cdclt	unknown	0	UnknownReason { kind: Incomplete, detail: "no linear-real atoms for the online CDCL(T) LRA path" }
QF_NIA_b	/nas3/data/axeyum/corpus/smtlib-2024/non-incremental/non-incremental/QF_NIA/20170427-VeryMax/ITS/From_T2__n-21.t2__p3959_terminationG_0.smt2	abv-lazy-row	error	0	unsupported by backend: term #3 uses unsupported pure-Rust BV operator IntLe
QF_NIA_b	/nas3/data/axeyum/corpus/smtlib-2024/non-incremental/non-incremental/QF_NIA/20170427-VeryMax/ITS/From_T2__n-21.t2__p3959_terminationG_0.smt2	array-elim	error	0	unsupported by backend: term #3 uses unsupported pure-Rust BV operator IntLe
QF_NIA_b	/nas3/data/axeyum/corpus/smtlib-2024/non-incremental/non-incremental/QF_NIA/20170427-VeryMax/ITS/From_T2__n-21.t2__p3959_terminationG_0.smt2	aufbv	error	0	unsupported by backend: term #3 uses unsupported pure-Rust BV operator IntLe
QF_NIA_b	/nas3/data/axeyum/corpus/smtlib-2024/non-incremental/non-incremental/QF_NIA/20170427-VeryMax/ITS/From_T2__n-7.t2_fixed__p4922_terminationG_0.smt2	lia-dpll	error	0	unsupported by backend: lazy arithmetic: unsupported arithmetic atom: QF_LIA: nonlinear integer multiplication
QF_NIA_b	/nas3/data/axeyum/corpus/smtlib-2024/non-incremental/non-incremental/QF_NIA/20170427-VeryMax/ITS/From_T2__n-7.t2_fixed__p4922_terminationG_0.smt2	lra-dpll	unknown	6383	UnknownReason { kind: Incomplete, detail: "bounded integer model overflowed at width 32 (assertion #602 is false over exact semantics); widen the bound" }
QF_NIA_b	/nas3/data/axeyum/corpus/smtlib-2024/non-incremental/non-incremental/QF_NIA/20170427-VeryMax/ITS/From_T2__n-7.t2_fixed__p4922_terminationG_0.smt2	nra	unknown	6451	UnknownReason { kind: Incomplete, detail: "bounded integer model overflowed at width 32 (assertion #602 is false over exact semantics); widen the bound" }
QF_NIA_b	/nas3/data/axeyum/corpus/smtlib-2024/non-incremental/non-incremental/QF_NIA/20170427-VeryMax/ITS/From_T2__n-7.t2_fixed__p4922_terminationG_0.smt2	uf-arithmetic	unsat	6448	
QF_NIA_b	/nas3/data/axeyum/corpus/smtlib-2024/non-incremental/non-incremental/QF_NIA/20170427-VeryMax/ITS/From_T2__n-7.t2_fixed__p4922_terminationG_0.smt2	uf-arith-lazy	unsat	6415	
QF_NIA_b	/nas3/data/axeyum/corpus/smtlib-2024/non-incremental/non-incremental/QF_NIA/20170427-VeryMax/ITS/From_T2__n-7.t2_fixed__p4922_terminationG_0.smt2	uflia-online	unknown	0	UnknownReason { kind: Incomplete, detail: "boolean skeleton outside the online combination encoder: unsupported Boolean op IntGt with 2 args" }
QF_NIA_b	/nas3/data/axeyum/corpus/smtlib-2024/non-incremental/non-incremental/QF_NIA/20170427-VeryMax/ITS/From_T2__n-7.t2_fixed__p4922_terminationG_0.smt2	uflra-online	unknown	0	UnknownReason { kind: Incomplete, detail: "boolean skeleton outside the online combination encoder" }
QF_NIA_b	/nas3/data/axeyum/corpus/smtlib-2024/non-incremental/non-incremental/QF_NIA/20170427-VeryMax/ITS/From_T2__n-7.t2_fixed__p4922_terminationG_0.smt2	ufbv-online-cdclt	error	0	unsupported by backend: online UFBV combination admits only Bool and BitVec terms
QF_NIA_b	/nas3/data/axeyum/corpus/smtlib-2024/non-incremental/non-incremental/QF_NIA/20170427-VeryMax/ITS/From_T2__n-7.t2_fixed__p4922_terminationG_0.smt2	abv-online-cdclt	error	0	unsupported by backend: online AUFBV combination admits only Bool, BitVec, and Bool/BV-component array terms
QF_NIA_b	/nas3/data/axeyum/corpus/smtlib-2024/non-incremental/non-incremental/QF_NIA/20170427-VeryMax/ITS/From_T2__n-7.t2_fixed__p4922_terminationG_0.smt2	datatype-elim	unsat	6332	
QF_NIA_b	/nas3/data/axeyum/corpus/smtlib-2024/non-incremental/non-incremental/QF_NIA/20170427-VeryMax/ITS/From_T2__n-7.t2_fixed__p4922_terminationG_0.smt2	datatype-native	unsat	6480	
QF_NIA_b	/nas3/data/axeyum/corpus/smtlib-2024/non-incremental/non-incremental/QF_NIA/20170427-VeryMax/ITS/From_T2__n-7.t2_fixed__p4922_terminationG_0.smt2	euf-online	unknown	0	UnknownReason { kind: Other, detail: "boolean skeleton outside the online CDCL(T) encoder" }
QF_NIA_b	/nas3/data/axeyum/corpus/smtlib-2024/non-incremental/non-incremental/QF_NIA/20170427-VeryMax/ITS/From_T2__n-7.t2_fixed__p4922_terminationG_0.smt2	lia-online-cdclt	unknown	45	UnknownReason { kind: Incomplete, detail: "online CDCL(T) LIA model did not replay (arithmetic outside the incremental engine)" }
QF_NIA_b	/nas3/data/axeyum/corpus/smtlib-2024/non-incremental/non-incremental/QF_NIA/20170427-VeryMax/ITS/From_T2__n-7.t2_fixed__p4922_terminationG_0.smt2	lra-online-cdclt	unknown	0	UnknownReason { kind: Incomplete, detail: "no linear-real atoms for the online CDCL(T) LRA path" }
QF_NIA_b	/nas3/data/axeyum/corpus/smtlib-2024/non-incremental/non-incremental/QF_NIA/20170427-VeryMax/ITS/From_T2__n-7.t2_fixed__p4922_terminationG_0.smt2	abv-lazy-row	error	0	unsupported by backend: term #3 uses unsupported pure-Rust BV operator IntLe
QF_NIA_b	/nas3/data/axeyum/corpus/smtlib-2024/non-incremental/non-incremental/QF_NIA/20170427-VeryMax/ITS/From_T2__n-7.t2_fixed__p4922_terminationG_0.smt2	array-elim	error	0	unsupported by backend: term #3 uses unsupported pure-Rust BV operator IntLe
QF_NIA_b	/nas3/data/axeyum/corpus/smtlib-2024/non-incremental/non-incremental/QF_NIA/20170427-VeryMax/ITS/From_T2__n-7.t2_fixed__p4922_terminationG_0.smt2	aufbv	error	0	unsupported by backend: term #3 uses unsupported pure-Rust BV operator IntLe
QF_NIA_b	/nas3/data/axeyum/corpus/smtlib-2024/non-incremental/non-incremental/QF_NIA/20170427-VeryMax/ITS/From_T2__p-43-terminate.t2__term_unfeasibility_1_0.smt2	lia-dpll	error	0	unsupported by backend: lazy arithmetic: unsupported arithmetic atom: QF_LIA: nonlinear integer multiplication
QF_NIA_b	/nas3/data/axeyum/corpus/smtlib-2024/non-incremental/non-incremental/QF_NIA/20170427-VeryMax/ITS/From_T2__p-43-terminate.t2__term_unfeasibility_1_0.smt2	lra-dpll	unknown	2	UnknownReason { kind: EncodingBudget, detail: "estimated 66688974 CNF clauses before lowering exceeds budget 64000000 (oversized encoding refused gracefully)" }
QF_NIA_b	/nas3/data/axeyum/corpus/smtlib-2024/non-incremental/non-incremental/QF_NIA/20170427-VeryMax/ITS/From_T2__p-43-terminate.t2__term_unfeasibility_1_0.smt2	nra	unknown	4	UnknownReason { kind: EncodingBudget, detail: "estimated 66688974 CNF clauses before lowering exceeds budget 64000000 (oversized encoding refused gracefully)" }
QF_NIA_b	/nas3/data/axeyum/corpus/smtlib-2024/non-incremental/non-incremental/QF_NIA/20170427-VeryMax/ITS/From_T2__p-43-terminate.t2__term_unfeasibility_1_0.smt2	uf-arithmetic	unknown	26372	UnknownReason { kind: Timeout, detail: "preprocessed dispatch timeout after reduced solve" }
QF_NIA_b	/nas3/data/axeyum/corpus/smtlib-2024/non-incremental/non-incremental/QF_NIA/20170427-VeryMax/ITS/From_T2__p-43-terminate.t2__term_unfeasibility_1_0.smt2	uf-arith-lazy	unknown	25829	UnknownReason { kind: Timeout, detail: "preprocessed dispatch timeout after reduced solve" }
QF_NIA_b	/nas3/data/axeyum/corpus/smtlib-2024/non-incremental/non-incremental/QF_NIA/20170427-VeryMax/ITS/From_T2__p-43-terminate.t2__term_unfeasibility_1_0.smt2	uflia-online	unknown	0	UnknownReason { kind: Incomplete, detail: "boolean skeleton outside the online combination encoder: unsupported Boolean op IntGt with 2 args" }
QF_NIA_b	/nas3/data/axeyum/corpus/smtlib-2024/non-incremental/non-incremental/QF_NIA/20170427-VeryMax/ITS/From_T2__p-43-terminate.t2__term_unfeasibility_1_0.smt2	uflra-online	unknown	0	UnknownReason { kind: Incomplete, detail: "too many theory atoms for the online combination boolean layer" }
QF_NIA_b	/nas3/data/axeyum/corpus/smtlib-2024/non-incremental/non-incremental/QF_NIA/20170427-VeryMax/ITS/From_T2__p-43-terminate.t2__term_unfeasibility_1_0.smt2	ufbv-online-cdclt	error	0	unsupported by backend: online UFBV combination admits only Bool and BitVec terms
QF_NIA_b	/nas3/data/axeyum/corpus/smtlib-2024/non-incremental/non-incremental/QF_NIA/20170427-VeryMax/ITS/From_T2__p-43-terminate.t2__term_unfeasibility_1_0.smt2	abv-online-cdclt	error	0	unsupported by backend: online AUFBV combination admits only Bool, BitVec, and Bool/BV-component array terms
QF_NIA_b	/nas3/data/axeyum/corpus/smtlib-2024/non-incremental/non-incremental/QF_NIA/20170427-VeryMax/ITS/From_T2__p-43-terminate.t2__term_unfeasibility_1_0.smt2	datatype-elim	unknown	26088	UnknownReason { kind: Timeout, detail: "preprocessed dispatch timeout after reduced solve" }
QF_NIA_b	/nas3/data/axeyum/corpus/smtlib-2024/non-incremental/non-incremental/QF_NIA/20170427-VeryMax/ITS/From_T2__p-43-terminate.t2__term_unfeasibility_1_0.smt2	datatype-native	unknown	25397	UnknownReason { kind: Timeout, detail: "preprocessed dispatch timeout after reduced solve" }
QF_NIA_b	/nas3/data/axeyum/corpus/smtlib-2024/non-incremental/non-incremental/QF_NIA/20170427-VeryMax/ITS/From_T2__p-43-terminate.t2__term_unfeasibility_1_0.smt2	euf-online	unknown	0	UnknownReason { kind: Other, detail: "boolean skeleton outside the online CDCL(T) encoder" }
QF_NIA_b	/nas3/data/axeyum/corpus/smtlib-2024/non-incremental/non-incremental/QF_NIA/20170427-VeryMax/ITS/From_T2__p-43-terminate.t2__term_unfeasibility_1_0.smt2	lia-online-cdclt	unknown	10135	UnknownReason { kind: Incomplete, detail: "online CDCL(T) LIA model did not replay (arithmetic outside the incremental engine)" }
QF_NIA_b	/nas3/data/axeyum/corpus/smtlib-2024/non-incremental/non-incremental/QF_NIA/20170427-VeryMax/ITS/From_T2__p-43-terminate.t2__term_unfeasibility_1_0.smt2	lra-online-cdclt	unknown	0	UnknownReason { kind: Incomplete, detail: "no linear-real atoms for the online CDCL(T) LRA path" }
QF_NIA_b	/nas3/data/axeyum/corpus/smtlib-2024/non-incremental/non-incremental/QF_NIA/20170427-VeryMax/ITS/From_T2__p-43-terminate.t2__term_unfeasibility_1_0.smt2	abv-lazy-row	error	0	unsupported by backend: term #3 uses unsupported pure-Rust BV operator IntLe
QF_NIA_b	/nas3/data/axeyum/corpus/smtlib-2024/non-incremental/non-incremental/QF_NIA/20170427-VeryMax/ITS/From_T2__p-43-terminate.t2__term_unfeasibility_1_0.smt2	array-elim	error	0	unsupported by backend: term #3 uses unsupported pure-Rust BV operator IntLe
QF_NIA_b	/nas3/data/axeyum/corpus/smtlib-2024/non-incremental/non-incremental/QF_NIA/20170427-VeryMax/ITS/From_T2__p-43-terminate.t2__term_unfeasibility_1_0.smt2	aufbv	error	0	unsupported by backend: term #3 uses unsupported pure-Rust BV operator IntLe
QF_NIA_b	/nas3/data/axeyum/corpus/smtlib-2024/non-incremental/non-incremental/QF_NIA/20170427-VeryMax/ITS/From_T2__queens.t2__term_unfeasibility_1_0.smt2	lia-dpll	error	0	unsupported by backend: lazy arithmetic: unsupported arithmetic atom: QF_LIA: nonlinear integer multiplication
QF_NIA_b	/nas3/data/axeyum/corpus/smtlib-2024/non-incremental/non-incremental/QF_NIA/20170427-VeryMax/ITS/From_T2__queens.t2__term_unfeasibility_1_0.smt2	lra-dpll	unknown	3	UnknownReason { kind: EncodingBudget, detail: "estimated 78637953 CNF clauses before lowering exceeds budget 64000000 (oversized encoding refused gracefully)" }
QF_NIA_b	/nas3/data/axeyum/corpus/smtlib-2024/non-incremental/non-incremental/QF_NIA/20170427-VeryMax/ITS/From_T2__queens.t2__term_unfeasibility_1_0.smt2	nra	unknown	4	UnknownReason { kind: EncodingBudget, detail: "estimated 78637953 CNF clauses before lowering exceeds budget 64000000 (oversized encoding refused gracefully)" }
QF_NIA_b	/nas3/data/axeyum/corpus/smtlib-2024/non-incremental/non-incremental/QF_NIA/20170427-VeryMax/ITS/From_T2__queens.t2__term_unfeasibility_1_0.smt2	uf-arithmetic	unknown	24002	UnknownReason { kind: Timeout, detail: "preprocessed dispatch timeout after reduced solve" }
QF_NIA_b	/nas3/data/axeyum/corpus/smtlib-2024/non-incremental/non-incremental/QF_NIA/20170427-VeryMax/ITS/From_T2__queens.t2__term_unfeasibility_1_0.smt2	uf-arith-lazy	unknown	24407	UnknownReason { kind: Timeout, detail: "preprocessed dispatch timeout after reduced solve" }
QF_NIA_b	/nas3/data/axeyum/corpus/smtlib-2024/non-incremental/non-incremental/QF_NIA/20170427-VeryMax/ITS/From_T2__queens.t2__term_unfeasibility_1_0.smt2	uflia-online	unknown	0	UnknownReason { kind: Incomplete, detail: "too many theory atoms for the online combination boolean layer: 565 > 512" }
QF_NIA_b	/nas3/data/axeyum/corpus/smtlib-2024/non-incremental/non-incremental/QF_NIA/20170427-VeryMax/ITS/From_T2__queens.t2__term_unfeasibility_1_0.smt2	uflra-online	unknown	0	UnknownReason { kind: Incomplete, detail: "too many theory atoms for the online combination boolean layer" }
QF_NIA_b	/nas3/data/axeyum/corpus/smtlib-2024/non-incremental/non-incremental/QF_NIA/20170427-VeryMax/ITS/From_T2__queens.t2__term_unfeasibility_1_0.smt2	ufbv-online-cdclt	error	0	unsupported by backend: online UFBV combination admits only Bool and BitVec terms
QF_NIA_b	/nas3/data/axeyum/corpus/smtlib-2024/non-incremental/non-incremental/QF_NIA/20170427-VeryMax/ITS/From_T2__queens.t2__term_unfeasibility_1_0.smt2	abv-online-cdclt	error	0	unsupported by backend: online AUFBV combination admits only Bool, BitVec, and Bool/BV-component array terms
QF_NIA_b	/nas3/data/axeyum/corpus/smtlib-2024/non-incremental/non-incremental/QF_NIA/20170427-VeryMax/ITS/From_T2__queens.t2__term_unfeasibility_1_0.smt2	datatype-elim	unknown	24493	UnknownReason { kind: Timeout, detail: "preprocessed dispatch timeout after reduced solve" }
QF_NIA_b	/nas3/data/axeyum/corpus/smtlib-2024/non-incremental/non-incremental/QF_NIA/20170427-VeryMax/ITS/From_T2__queens.t2__term_unfeasibility_1_0.smt2	datatype-native	unknown	25357	UnknownReason { kind: Timeout, detail: "preprocessed dispatch timeout after reduced solve" }
QF_NIA_b	/nas3/data/axeyum/corpus/smtlib-2024/non-incremental/non-incremental/QF_NIA/20170427-VeryMax/ITS/From_T2__queens.t2__term_unfeasibility_1_0.smt2	euf-online	unknown	0	UnknownReason { kind: Other, detail: "boolean skeleton outside the online CDCL(T) encoder" }
QF_NIA_b	/nas3/data/axeyum/corpus/smtlib-2024/non-incremental/non-incremental/QF_NIA/20170427-VeryMax/ITS/From_T2__queens.t2__term_unfeasibility_1_0.smt2	lia-online-cdclt	unknown	24000	UnknownReason { kind: Incomplete, detail: "online CDCL(T) LIA model did not replay (arithmetic outside the incremental engine)" }
QF_NIA_b	/nas3/data/axeyum/corpus/smtlib-2024/non-incremental/non-incremental/QF_NIA/20170427-VeryMax/ITS/From_T2__queens.t2__term_unfeasibility_1_0.smt2	lra-online-cdclt	unknown	0	UnknownReason { kind: Incomplete, detail: "no linear-real atoms for the online CDCL(T) LRA path" }
QF_NIA_b	/nas3/data/axeyum/corpus/smtlib-2024/non-incremental/non-incremental/QF_NIA/20170427-VeryMax/ITS/From_T2__queens.t2__term_unfeasibility_1_0.smt2	abv-lazy-row	error	0	unsupported by backend: term #3 uses unsupported pure-Rust BV operator IntLe
QF_NIA_b	/nas3/data/axeyum/corpus/smtlib-2024/non-incremental/non-incremental/QF_NIA/20170427-VeryMax/ITS/From_T2__queens.t2__term_unfeasibility_1_0.smt2	array-elim	error	0	unsupported by backend: term #3 uses unsupported pure-Rust BV operator IntLe
QF_NIA_b	/nas3/data/axeyum/corpus/smtlib-2024/non-incremental/non-incremental/QF_NIA/20170427-VeryMax/ITS/From_T2__queens.t2__term_unfeasibility_1_0.smt2	aufbv	error	0	unsupported by backend: term #3 uses unsupported pure-Rust BV operator IntLe
QF_NIA_b	/nas3/data/axeyum/corpus/smtlib-2024/non-incremental/non-incremental/QF_NIA/20170427-VeryMax/ITS/From_T2__s1-striped.t2__p14253_safety_0.smt2	lia-dpll	error	1	unsupported by backend: lazy arithmetic: unsupported arithmetic atom: QF_LIA: nonlinear integer multiplication
QF_NIA_b	/nas3/data/axeyum/corpus/smtlib-2024/non-incremental/non-incremental/QF_NIA/20170427-VeryMax/ITS/From_T2__s1-striped.t2__p14253_safety_0.smt2	lra-dpll	unknown	8	UnknownReason { kind: EncodingBudget, detail: "estimated 206515974 CNF clauses before lowering exceeds budget 64000000 (oversized encoding refused gracefully)" }
QF_NIA_b	/nas3/data/axeyum/corpus/smtlib-2024/non-incremental/non-incremental/QF_NIA/20170427-VeryMax/ITS/From_T2__s1-striped.t2__p14253_safety_0.smt2	nra	unknown	9	UnknownReason { kind: EncodingBudget, detail: "estimated 206515974 CNF clauses before lowering exceeds budget 64000000 (oversized encoding refused gracefully)" }
QF_NIA_b	/nas3/data/axeyum/corpus/smtlib-2024/non-incremental/non-incremental/QF_NIA/20170427-VeryMax/ITS/From_T2__s1-striped.t2__p14253_safety_0.smt2	uf-arithmetic	sat	12574	
QF_NIA_b	/nas3/data/axeyum/corpus/smtlib-2024/non-incremental/non-incremental/QF_NIA/20170427-VeryMax/ITS/From_T2__s1-striped.t2__p14253_safety_0.smt2	uf-arith-lazy	sat	12659	
QF_NIA_b	/nas3/data/axeyum/corpus/smtlib-2024/non-incremental/non-incremental/QF_NIA/20170427-VeryMax/ITS/From_T2__s1-striped.t2__p14253_safety_0.smt2	uflia-online	unknown	0	UnknownReason { kind: Incomplete, detail: "too many theory atoms for the online combination boolean layer: 983 > 512" }
QF_NIA_b	/nas3/data/axeyum/corpus/smtlib-2024/non-incremental/non-incremental/QF_NIA/20170427-VeryMax/ITS/From_T2__s1-striped.t2__p14253_safety_0.smt2	uflra-online	unknown	0	UnknownReason { kind: Incomplete, detail: "too many theory atoms for the online combination boolean layer" }
QF_NIA_b	/nas3/data/axeyum/corpus/smtlib-2024/non-incremental/non-incremental/QF_NIA/20170427-VeryMax/ITS/From_T2__s1-striped.t2__p14253_safety_0.smt2	ufbv-online-cdclt	error	0	unsupported by backend: online UFBV combination admits only Bool and BitVec terms
QF_NIA_b	/nas3/data/axeyum/corpus/smtlib-2024/non-incremental/non-incremental/QF_NIA/20170427-VeryMax/ITS/From_T2__s1-striped.t2__p14253_safety_0.smt2	abv-online-cdclt	error	0	unsupported by backend: online AUFBV combination admits only Bool, BitVec, and Bool/BV-component array terms
QF_NIA_b	/nas3/data/axeyum/corpus/smtlib-2024/non-incremental/non-incremental/QF_NIA/20170427-VeryMax/ITS/From_T2__s1-striped.t2__p14253_safety_0.smt2	datatype-elim	sat	12558	
QF_NIA_b	/nas3/data/axeyum/corpus/smtlib-2024/non-incremental/non-incremental/QF_NIA/20170427-VeryMax/ITS/From_T2__s1-striped.t2__p14253_safety_0.smt2	datatype-native	sat	12582	
QF_NIA_b	/nas3/data/axeyum/corpus/smtlib-2024/non-incremental/non-incremental/QF_NIA/20170427-VeryMax/ITS/From_T2__s1-striped.t2__p14253_safety_0.smt2	euf-online	unknown	0	UnknownReason { kind: Other, detail: "boolean skeleton outside the online CDCL(T) encoder" }
QF_NIA_b	/nas3/data/axeyum/corpus/smtlib-2024/non-incremental/non-incremental/QF_NIA/20170427-VeryMax/ITS/From_T2__s1-striped.t2__p14253_safety_0.smt2	lia-online-cdclt	unknown	24001	UnknownReason { kind: Timeout, detail: "timeout in the online CDCL(T) LIA driver" }
QF_NIA_b	/nas3/data/axeyum/corpus/smtlib-2024/non-incremental/non-incremental/QF_NIA/20170427-VeryMax/ITS/From_T2__s1-striped.t2__p14253_safety_0.smt2	lra-online-cdclt	unknown	0	UnknownReason { kind: Incomplete, detail: "no linear-real atoms for the online CDCL(T) LRA path" }
QF_NIA_b	/nas3/data/axeyum/corpus/smtlib-2024/non-incremental/non-incremental/QF_NIA/20170427-VeryMax/ITS/From_T2__s1-striped.t2__p14253_safety_0.smt2	abv-lazy-row	error	0	unsupported by backend: term #3 uses unsupported pure-Rust BV operator IntLe
QF_NIA_b	/nas3/data/axeyum/corpus/smtlib-2024/non-incremental/non-incremental/QF_NIA/20170427-VeryMax/ITS/From_T2__s1-striped.t2__p14253_safety_0.smt2	array-elim	error	0	unsupported by backend: term #3 uses unsupported pure-Rust BV operator IntLe
QF_NIA_b	/nas3/data/axeyum/corpus/smtlib-2024/non-incremental/non-incremental/QF_NIA/20170427-VeryMax/ITS/From_T2__s1-striped.t2__p14253_safety_0.smt2	aufbv	error	0	unsupported by backend: term #3 uses unsupported pure-Rust BV operator IntLe
QF_NIA_b	/nas3/data/axeyum/corpus/smtlib-2024/non-incremental/non-incremental/QF_NIA/20170427-VeryMax/ITS/From_T2__s1-striped.t2_fixed__p11698_safety_0.smt2	lia-dpll	error	0	unsupported by backend: lazy arithmetic: unsupported arithmetic atom: QF_LIA: nonlinear integer multiplication
QF_NIA_b	/nas3/data/axeyum/corpus/smtlib-2024/non-incremental/non-incremental/QF_NIA/20170427-VeryMax/ITS/From_T2__s1-striped.t2_fixed__p11698_safety_0.smt2	lra-dpll	unknown	1385	UnknownReason { kind: Incomplete, detail: "bounded integer model overflowed at width 32 (assertion #246 is false over exact semantics); widen the bound" }
QF_NIA_b	/nas3/data/axeyum/corpus/smtlib-2024/non-incremental/non-incremental/QF_NIA/20170427-VeryMax/ITS/From_T2__s1-striped.t2_fixed__p11698_safety_0.smt2	nra	unknown	1402	UnknownReason { kind: Incomplete, detail: "bounded integer model overflowed at width 32 (assertion #246 is false over exact semantics); widen the bound" }
QF_NIA_b	/nas3/data/axeyum/corpus/smtlib-2024/non-incremental/non-incremental/QF_NIA/20170427-VeryMax/ITS/From_T2__s1-striped.t2_fixed__p11698_safety_0.smt2	uf-arithmetic	unknown	18934	UnknownReason { kind: Incomplete, detail: "bounded integer model overflowed at width 32 (assertion #439 is false over exact semantics); widen the bound" }
QF_NIA_b	/nas3/data/axeyum/corpus/smtlib-2024/non-incremental/non-incremental/QF_NIA/20170427-VeryMax/ITS/From_T2__s1-striped.t2_fixed__p11698_safety_0.smt2	uf-arith-lazy	unknown	19416	UnknownReason { kind: Incomplete, detail: "bounded integer model overflowed at width 32 (assertion #491 is false over exact semantics); widen the bound" }
QF_NIA_b	/nas3/data/axeyum/corpus/smtlib-2024/non-incremental/non-incremental/QF_NIA/20170427-VeryMax/ITS/From_T2__s1-striped.t2_fixed__p11698_safety_0.smt2	uflia-online	unknown	0	UnknownReason { kind: Incomplete, detail: "boolean skeleton outside the online combination encoder: unsupported Boolean op IntLe with 2 args" }
QF_NIA_b	/nas3/data/axeyum/corpus/smtlib-2024/non-incremental/non-incremental/QF_NIA/20170427-VeryMax/ITS/From_T2__s1-striped.t2_fixed__p11698_safety_0.smt2	uflra-online	unknown	0	UnknownReason { kind: Incomplete, detail: "boolean skeleton outside the online combination encoder" }
QF_NIA_b	/nas3/data/axeyum/corpus/smtlib-2024/non-incremental/non-incremental/QF_NIA/20170427-VeryMax/ITS/From_T2__s1-striped.t2_fixed__p11698_safety_0.smt2	ufbv-online-cdclt	error	0	unsupported by backend: online UFBV combination admits only Bool and BitVec terms
QF_NIA_b	/nas3/data/axeyum/corpus/smtlib-2024/non-incremental/non-incremental/QF_NIA/20170427-VeryMax/ITS/From_T2__s1-striped.t2_fixed__p11698_safety_0.smt2	abv-online-cdclt	error	0	unsupported by backend: online AUFBV combination admits only Bool, BitVec, and Bool/BV-component array terms
QF_NIA_b	/nas3/data/axeyum/corpus/smtlib-2024/non-incremental/non-incremental/QF_NIA/20170427-VeryMax/ITS/From_T2__s1-striped.t2_fixed__p11698_safety_0.smt2	datatype-elim	unknown	18946	UnknownReason { kind: Incomplete, detail: "bounded integer model overflowed at width 32 (assertion #439 is false over exact semantics); widen the bound" }
QF_NIA_b	/nas3/data/axeyum/corpus/smtlib-2024/non-incremental/non-incremental/QF_NIA/20170427-VeryMax/ITS/From_T2__s1-striped.t2_fixed__p11698_safety_0.smt2	datatype-native	unknown	19152	UnknownReason { kind: Incomplete, detail: "bounded integer model overflowed at width 32 (assertion #439 is false over exact semantics); widen the bound" }
QF_NIA_b	/nas3/data/axeyum/corpus/smtlib-2024/non-incremental/non-incremental/QF_NIA/20170427-VeryMax/ITS/From_T2__s1-striped.t2_fixed__p11698_safety_0.smt2	euf-online	unknown	0	UnknownReason { kind: Other, detail: "boolean skeleton outside the online CDCL(T) encoder" }
QF_NIA_b	/nas3/data/axeyum/corpus/smtlib-2024/non-incremental/non-incremental/QF_NIA/20170427-VeryMax/ITS/From_T2__s1-striped.t2_fixed__p11698_safety_0.smt2	lia-online-cdclt	unknown	7	UnknownReason { kind: Incomplete, detail: "online CDCL(T) LIA model did not replay (arithmetic outside the incremental engine)" }
QF_NIA_b	/nas3/data/axeyum/corpus/smtlib-2024/non-incremental/non-incremental/QF_NIA/20170427-VeryMax/ITS/From_T2__s1-striped.t2_fixed__p11698_safety_0.smt2	lra-online-cdclt	unknown	0	UnknownReason { kind: Incomplete, detail: "no linear-real atoms for the online CDCL(T) LRA path" }
QF_NIA_b	/nas3/data/axeyum/corpus/smtlib-2024/non-incremental/non-incremental/QF_NIA/20170427-VeryMax/ITS/From_T2__s1-striped.t2_fixed__p11698_safety_0.smt2	abv-lazy-row	error	0	unsupported by backend: term #3 uses unsupported pure-Rust BV operator IntLe
QF_NIA_b	/nas3/data/axeyum/corpus/smtlib-2024/non-incremental/non-incremental/QF_NIA/20170427-VeryMax/ITS/From_T2__s1-striped.t2_fixed__p11698_safety_0.smt2	array-elim	error	0	unsupported by backend: term #3 uses unsupported pure-Rust BV operator IntLe
QF_NIA_b	/nas3/data/axeyum/corpus/smtlib-2024/non-incremental/non-incremental/QF_NIA/20170427-VeryMax/ITS/From_T2__s1-striped.t2_fixed__p11698_safety_0.smt2	aufbv	error	0	unsupported by backend: term #3 uses unsupported pure-Rust BV operator IntLe
QF_NIA_b	/nas3/data/axeyum/corpus/smtlib-2024/non-incremental/non-incremental/QF_NIA/20170427-VeryMax/ITS/From_T2__s1.t2__p18409_safety_0.smt2	lia-dpll	error	0	unsupported by backend: lazy arithmetic: unsupported arithmetic atom: QF_LIA: nonlinear integer multiplication
QF_NIA_b	/nas3/data/axeyum/corpus/smtlib-2024/non-incremental/non-incremental/QF_NIA/20170427-VeryMax/ITS/From_T2__s1.t2__p18409_safety_0.smt2	lra-dpll	unknown	750	UnknownReason { kind: Incomplete, detail: "bounded integer model overflowed at width 32 (assertion #119 is false over exact semantics); widen the bound" }
QF_NIA_b	/nas3/data/axeyum/corpus/smtlib-2024/non-incremental/non-incremental/QF_NIA/20170427-VeryMax/ITS/From_T2__s1.t2__p18409_safety_0.smt2	nra	unknown	795	UnknownReason { kind: Incomplete, detail: "bounded integer model overflowed at width 32 (assertion #119 is false over exact semantics); widen the bound" }
QF_NIA_b	/nas3/data/axeyum/corpus/smtlib-2024/non-incremental/non-incremental/QF_NIA/20170427-VeryMax/ITS/From_T2__s1.t2__p18409_safety_0.smt2	uf-arithmetic	unknown	19400	UnknownReason { kind: Incomplete, detail: "bounded integer model overflowed at width 32 (assertion #508 is false over exact semantics); widen the bound" }
QF_NIA_b	/nas3/data/axeyum/corpus/smtlib-2024/non-incremental/non-incremental/QF_NIA/20170427-VeryMax/ITS/From_T2__s1.t2__p18409_safety_0.smt2	uf-arith-lazy	unknown	19120	UnknownReason { kind: Incomplete, detail: "bounded integer model overflowed at width 32 (assertion #569 is false over exact semantics); widen the bound" }
QF_NIA_b	/nas3/data/axeyum/corpus/smtlib-2024/non-incremental/non-incremental/QF_NIA/20170427-VeryMax/ITS/From_T2__s1.t2__p18409_safety_0.smt2	uflia-online	unknown	0	UnknownReason { kind: Incomplete, detail: "boolean skeleton outside the online combination encoder: unsupported Boolean op IntLe with 2 args" }
QF_NIA_b	/nas3/data/axeyum/corpus/smtlib-2024/non-incremental/non-incremental/QF_NIA/20170427-VeryMax/ITS/From_T2__s1.t2__p18409_safety_0.smt2	uflra-online	unknown	0	UnknownReason { kind: Incomplete, detail: "boolean skeleton outside the online combination encoder" }
QF_NIA_b	/nas3/data/axeyum/corpus/smtlib-2024/non-incremental/non-incremental/QF_NIA/20170427-VeryMax/ITS/From_T2__s1.t2__p18409_safety_0.smt2	ufbv-online-cdclt	error	0	unsupported by backend: online UFBV combination admits only Bool and BitVec terms
QF_NIA_b	/nas3/data/axeyum/corpus/smtlib-2024/non-incremental/non-incremental/QF_NIA/20170427-VeryMax/ITS/From_T2__s1.t2__p18409_safety_0.smt2	abv-online-cdclt	error	0	unsupported by backend: online AUFBV combination admits only Bool, BitVec, and Bool/BV-component array terms
QF_NIA_b	/nas3/data/axeyum/corpus/smtlib-2024/non-incremental/non-incremental/QF_NIA/20170427-VeryMax/ITS/From_T2__s1.t2__p18409_safety_0.smt2	datatype-elim	unknown	19203	UnknownReason { kind: Incomplete, detail: "bounded integer model overflowed at width 32 (assertion #508 is false over exact semantics); widen the bound" }
QF_NIA_b	/nas3/data/axeyum/corpus/smtlib-2024/non-incremental/non-incremental/QF_NIA/20170427-VeryMax/ITS/From_T2__s1.t2__p18409_safety_0.smt2	datatype-native	unknown	19165	UnknownReason { kind: Incomplete, detail: "bounded integer model overflowed at width 32 (assertion #508 is false over exact semantics); widen the bound" }
QF_NIA_b	/nas3/data/axeyum/corpus/smtlib-2024/non-incremental/non-incremental/QF_NIA/20170427-VeryMax/ITS/From_T2__s1.t2__p18409_safety_0.smt2	euf-online	unknown	0	UnknownReason { kind: Other, detail: "boolean skeleton outside the online CDCL(T) encoder" }
QF_NIA_b	/nas3/data/axeyum/corpus/smtlib-2024/non-incremental/non-incremental/QF_NIA/20170427-VeryMax/ITS/From_T2__s1.t2__p18409_safety_0.smt2	lia-online-cdclt	unknown	9	UnknownReason { kind: Incomplete, detail: "online CDCL(T) LIA model did not replay (arithmetic outside the incremental engine)" }
QF_NIA_b	/nas3/data/axeyum/corpus/smtlib-2024/non-incremental/non-incremental/QF_NIA/20170427-VeryMax/ITS/From_T2__s1.t2__p18409_safety_0.smt2	lra-online-cdclt	unknown	0	UnknownReason { kind: Incomplete, detail: "no linear-real atoms for the online CDCL(T) LRA path" }
QF_NIA_b	/nas3/data/axeyum/corpus/smtlib-2024/non-incremental/non-incremental/QF_NIA/20170427-VeryMax/ITS/From_T2__s1.t2__p18409_safety_0.smt2	abv-lazy-row	error	0	unsupported by backend: term #3 uses unsupported pure-Rust BV operator IntLe
QF_NIA_b	/nas3/data/axeyum/corpus/smtlib-2024/non-incremental/non-incremental/QF_NIA/20170427-VeryMax/ITS/From_T2__s1.t2__p18409_safety_0.smt2	array-elim	error	0	unsupported by backend: term #3 uses unsupported pure-Rust BV operator IntLe
QF_NIA_b	/nas3/data/axeyum/corpus/smtlib-2024/non-incremental/non-incremental/QF_NIA/20170427-VeryMax/ITS/From_T2__s1.t2__p18409_safety_0.smt2	aufbv	error	0	unsupported by backend: term #3 uses unsupported pure-Rust BV operator IntLe
QF_NIA_b	/nas3/data/axeyum/corpus/smtlib-2024/non-incremental/non-incremental/QF_NIA/20170427-VeryMax/ITS/From_T2__s1.t2__p20015_safety_0.smt2	lia-dpll	error	1	unsupported by backend: lazy arithmetic: unsupported arithmetic atom: QF_LIA: nonlinear integer multiplication
QF_NIA_b	/nas3/data/axeyum/corpus/smtlib-2024/non-incremental/non-incremental/QF_NIA/20170427-VeryMax/ITS/From_T2__s1.t2__p20015_safety_0.smt2	lra-dpll	unknown	7	UnknownReason { kind: EncodingBudget, detail: "estimated 218469333 CNF clauses before lowering exceeds budget 64000000 (oversized encoding refused gracefully)" }
QF_NIA_b	/nas3/data/axeyum/corpus/smtlib-2024/non-incremental/non-incremental/QF_NIA/20170427-VeryMax/ITS/From_T2__s1.t2__p20015_safety_0.smt2	nra	unknown	9	UnknownReason { kind: EncodingBudget, detail: "estimated 218469333 CNF clauses before lowering exceeds budget 64000000 (oversized encoding refused gracefully)" }
QF_NIA_b	/nas3/data/axeyum/corpus/smtlib-2024/non-incremental/non-incremental/QF_NIA/20170427-VeryMax/ITS/From_T2__s1.t2__p20015_safety_0.smt2	uf-arithmetic	unknown	24257	UnknownReason { kind: Timeout, detail: "preprocessed dispatch timeout after reduced solve" }
QF_NIA_b	/nas3/data/axeyum/corpus/smtlib-2024/non-incremental/non-incremental/QF_NIA/20170427-VeryMax/ITS/From_T2__s1.t2__p20015_safety_0.smt2	uf-arith-lazy	unknown	24526	UnknownReason { kind: Timeout, detail: "preprocessed dispatch timeout after reduced solve" }
QF_NIA_b	/nas3/data/axeyum/corpus/smtlib-2024/non-incremental/non-incremental/QF_NIA/20170427-VeryMax/ITS/From_T2__s1.t2__p20015_safety_0.smt2	uflia-online	unknown	0	UnknownReason { kind: Incomplete, detail: "too many theory atoms for the online combination boolean layer: 1014 > 512" }
QF_NIA_b	/nas3/data/axeyum/corpus/smtlib-2024/non-incremental/non-incremental/QF_NIA/20170427-VeryMax/ITS/From_T2__s1.t2__p20015_safety_0.smt2	uflra-online	unknown	0	UnknownReason { kind: Incomplete, detail: "too many theory atoms for the online combination boolean layer" }
QF_NIA_b	/nas3/data/axeyum/corpus/smtlib-2024/non-incremental/non-incremental/QF_NIA/20170427-VeryMax/ITS/From_T2__s1.t2__p20015_safety_0.smt2	ufbv-online-cdclt	error	0	unsupported by backend: online UFBV combination admits only Bool and BitVec terms
QF_NIA_b	/nas3/data/axeyum/corpus/smtlib-2024/non-incremental/non-incremental/QF_NIA/20170427-VeryMax/ITS/From_T2__s1.t2__p20015_safety_0.smt2	abv-online-cdclt	error	0	unsupported by backend: online AUFBV combination admits only Bool, BitVec, and Bool/BV-component array terms
QF_NIA_b	/nas3/data/axeyum/corpus/smtlib-2024/non-incremental/non-incremental/QF_NIA/20170427-VeryMax/ITS/From_T2__s1.t2__p20015_safety_0.smt2	datatype-elim	unknown	24403	UnknownReason { kind: Timeout, detail: "preprocessed dispatch timeout after reduced solve" }
QF_NIA_b	/nas3/data/axeyum/corpus/smtlib-2024/non-incremental/non-incremental/QF_NIA/20170427-VeryMax/ITS/From_T2__s1.t2__p20015_safety_0.smt2	datatype-native	unknown	24708	UnknownReason { kind: Timeout, detail: "preprocessed dispatch timeout after reduced solve" }
QF_NIA_b	/nas3/data/axeyum/corpus/smtlib-2024/non-incremental/non-incremental/QF_NIA/20170427-VeryMax/ITS/From_T2__s1.t2__p20015_safety_0.smt2	euf-online	unknown	0	UnknownReason { kind: Other, detail: "boolean skeleton outside the online CDCL(T) encoder" }
QF_NIA_b	/nas3/data/axeyum/corpus/smtlib-2024/non-incremental/non-incremental/QF_NIA/20170427-VeryMax/ITS/From_T2__s1.t2__p20015_safety_0.smt2	lia-online-cdclt	unknown	24001	UnknownReason { kind: Timeout, detail: "timeout in the online CDCL(T) LIA driver" }
QF_NIA_b	/nas3/data/axeyum/corpus/smtlib-2024/non-incremental/non-incremental/QF_NIA/20170427-VeryMax/ITS/From_T2__s1.t2__p20015_safety_0.smt2	lra-online-cdclt	unknown	0	UnknownReason { kind: Incomplete, detail: "no linear-real atoms for the online CDCL(T) LRA path" }
QF_NIA_b	/nas3/data/axeyum/corpus/smtlib-2024/non-incremental/non-incremental/QF_NIA/20170427-VeryMax/ITS/From_T2__s1.t2__p20015_safety_0.smt2	abv-lazy-row	error	0	unsupported by backend: term #3 uses unsupported pure-Rust BV operator IntLe
QF_NIA_b	/nas3/data/axeyum/corpus/smtlib-2024/non-incremental/non-incremental/QF_NIA/20170427-VeryMax/ITS/From_T2__s1.t2__p20015_safety_0.smt2	array-elim	error	0	unsupported by backend: term #3 uses unsupported pure-Rust BV operator IntLe
QF_NIA_b	/nas3/data/axeyum/corpus/smtlib-2024/non-incremental/non-incremental/QF_NIA/20170427-VeryMax/ITS/From_T2__s1.t2__p20015_safety_0.smt2	aufbv	error	1	unsupported by backend: term #3 uses unsupported pure-Rust BV operator IntLe
QF_NIA_b	/nas3/data/axeyum/corpus/smtlib-2024/non-incremental/non-incremental/QF_NIA/20170427-VeryMax/ITS/From_T2__streamserver.bug.t2__terminationS_1_0.smt2	lia-dpll	error	0	unsupported by backend: lazy arithmetic: unsupported arithmetic atom: QF_LIA: nonlinear integer multiplication
QF_NIA_b	/nas3/data/axeyum/corpus/smtlib-2024/non-incremental/non-incremental/QF_NIA/20170427-VeryMax/ITS/From_T2__streamserver.bug.t2__terminationS_1_0.smt2	lra-dpll	unknown	4	UnknownReason { kind: EncodingBudget, detail: "estimated 121920144 CNF clauses before lowering exceeds budget 64000000 (oversized encoding refused gracefully)" }
QF_NIA_b	/nas3/data/axeyum/corpus/smtlib-2024/non-incremental/non-incremental/QF_NIA/20170427-VeryMax/ITS/From_T2__streamserver.bug.t2__terminationS_1_0.smt2	nra	unknown	6	UnknownReason { kind: EncodingBudget, detail: "estimated 121920144 CNF clauses before lowering exceeds budget 64000000 (oversized encoding refused gracefully)" }
QF_NIA_b	/nas3/data/axeyum/corpus/smtlib-2024/non-incremental/non-incremental/QF_NIA/20170427-VeryMax/ITS/From_T2__streamserver.bug.t2__terminationS_1_0.smt2	uf-arithmetic	unknown	25633	UnknownReason { kind: Timeout, detail: "preprocessed dispatch timeout after reduced solve" }
QF_NIA_b	/nas3/data/axeyum/corpus/smtlib-2024/non-incremental/non-incremental/QF_NIA/20170427-VeryMax/ITS/From_T2__streamserver.bug.t2__terminationS_1_0.smt2	uf-arith-lazy	unknown	26301	UnknownReason { kind: Timeout, detail: "preprocessed dispatch timeout after reduced solve" }
QF_NIA_b	/nas3/data/axeyum/corpus/smtlib-2024/non-incremental/non-incremental/QF_NIA/20170427-VeryMax/ITS/From_T2__streamserver.bug.t2__terminationS_1_0.smt2	uflia-online	unknown	0	UnknownReason { kind: Incomplete, detail: "too many theory atoms for the online combination boolean layer: 1018 > 512" }
QF_NIA_b	/nas3/data/axeyum/corpus/smtlib-2024/non-incremental/non-incremental/QF_NIA/20170427-VeryMax/ITS/From_T2__streamserver.bug.t2__terminationS_1_0.smt2	uflra-online	unknown	0	UnknownReason { kind: Incomplete, detail: "too many theory atoms for the online combination boolean layer" }
QF_NIA_b	/nas3/data/axeyum/corpus/smtlib-2024/non-incremental/non-incremental/QF_NIA/20170427-VeryMax/ITS/From_T2__streamserver.bug.t2__terminationS_1_0.smt2	ufbv-online-cdclt	error	0	unsupported by backend: online UFBV combination admits only Bool and BitVec terms
QF_NIA_b	/nas3/data/axeyum/corpus/smtlib-2024/non-incremental/non-incremental/QF_NIA/20170427-VeryMax/ITS/From_T2__streamserver.bug.t2__terminationS_1_0.smt2	abv-online-cdclt	error	0	unsupported by backend: online AUFBV combination admits only Bool, BitVec, and Bool/BV-component array terms
QF_NIA_b	/nas3/data/axeyum/corpus/smtlib-2024/non-incremental/non-incremental/QF_NIA/20170427-VeryMax/ITS/From_T2__streamserver.bug.t2__terminationS_1_0.smt2	datatype-elim	unknown	25622	UnknownReason { kind: Timeout, detail: "preprocessed dispatch timeout after reduced solve" }
QF_NIA_b	/nas3/data/axeyum/corpus/smtlib-2024/non-incremental/non-incremental/QF_NIA/20170427-VeryMax/ITS/From_T2__streamserver.bug.t2__terminationS_1_0.smt2	datatype-native	unknown	25523	UnknownReason { kind: Timeout, detail: "preprocessed dispatch timeout after reduced solve" }
QF_NIA_b	/nas3/data/axeyum/corpus/smtlib-2024/non-incremental/non-incremental/QF_NIA/20170427-VeryMax/ITS/From_T2__streamserver.bug.t2__terminationS_1_0.smt2	euf-online	unknown	0	UnknownReason { kind: Other, detail: "boolean skeleton outside the online CDCL(T) encoder" }
QF_NIA_b	/nas3/data/axeyum/corpus/smtlib-2024/non-incremental/non-incremental/QF_NIA/20170427-VeryMax/ITS/From_T2__streamserver.bug.t2__terminationS_1_0.smt2	lia-online-cdclt	unknown	24001	UnknownReason { kind: Incomplete, detail: "online CDCL(T) LIA model did not replay (arithmetic outside the incremental engine)" }
QF_NIA_b	/nas3/data/axeyum/corpus/smtlib-2024/non-incremental/non-incremental/QF_NIA/20170427-VeryMax/ITS/From_T2__streamserver.bug.t2__terminationS_1_0.smt2	lra-online-cdclt	unknown	0	UnknownReason { kind: Incomplete, detail: "no linear-real atoms for the online CDCL(T) LRA path" }
QF_NIA_b	/nas3/data/axeyum/corpus/smtlib-2024/non-incremental/non-incremental/QF_NIA/20170427-VeryMax/ITS/From_T2__streamserver.bug.t2__terminationS_1_0.smt2	abv-lazy-row	error	0	unsupported by backend: term #3 uses unsupported pure-Rust BV operator IntLe
QF_NIA_b	/nas3/data/axeyum/corpus/smtlib-2024/non-incremental/non-incremental/QF_NIA/20170427-VeryMax/ITS/From_T2__streamserver.bug.t2__terminationS_1_0.smt2	array-elim	error	0	unsupported by backend: term #3 uses unsupported pure-Rust BV operator IntLe
QF_NIA_b	/nas3/data/axeyum/corpus/smtlib-2024/non-incremental/non-incremental/QF_NIA/20170427-VeryMax/ITS/From_T2__streamserver.bug.t2__terminationS_1_0.smt2	aufbv	error	0	unsupported by backend: term #3 uses unsupported pure-Rust BV operator IntLe
QF_NIA_b	/nas3/data/axeyum/corpus/smtlib-2024/non-incremental/non-incremental/QF_NIA/20170427-VeryMax/ITS/From_T2__ud.t2__term_unfeasibility_1_0.smt2	lia-dpll	error	0	unsupported by backend: lazy arithmetic: unsupported arithmetic atom: QF_LIA: nonlinear integer multiplication
QF_NIA_b	/nas3/data/axeyum/corpus/smtlib-2024/non-incremental/non-incremental/QF_NIA/20170427-VeryMax/ITS/From_T2__ud.t2__term_unfeasibility_1_0.smt2	lra-dpll	unknown	2418	UnknownReason { kind: Incomplete, detail: "bounded integer model overflowed at width 32 (assertion #743 is false over exact semantics); widen the bound" }
QF_NIA_b	/nas3/data/axeyum/corpus/smtlib-2024/non-incremental/non-incremental/QF_NIA/20170427-VeryMax/ITS/From_T2__ud.t2__term_unfeasibility_1_0.smt2	nra	unknown	2339	UnknownReason { kind: Incomplete, detail: "bounded integer model overflowed at width 32 (assertion #743 is false over exact semantics); widen the bound" }
QF_NIA_b	/nas3/data/axeyum/corpus/smtlib-2024/non-incremental/non-incremental/QF_NIA/20170427-VeryMax/ITS/From_T2__ud.t2__term_unfeasibility_1_0.smt2	uf-arithmetic	unknown	16249	UnknownReason { kind: Incomplete, detail: "bounded integer model overflowed at width 32 (assertion #1137 is false over exact semantics); widen the bound" }
QF_NIA_b	/nas3/data/axeyum/corpus/smtlib-2024/non-incremental/non-incremental/QF_NIA/20170427-VeryMax/ITS/From_T2__ud.t2__term_unfeasibility_1_0.smt2	uf-arith-lazy	unknown	16085	UnknownReason { kind: Incomplete, detail: "bounded integer model overflowed at width 32 (assertion #1191 is false over exact semantics); widen the bound" }
QF_NIA_b	/nas3/data/axeyum/corpus/smtlib-2024/non-incremental/non-incremental/QF_NIA/20170427-VeryMax/ITS/From_T2__ud.t2__term_unfeasibility_1_0.smt2	uflia-online	unknown	0	UnknownReason { kind: Incomplete, detail: "boolean skeleton outside the online combination encoder: unsupported Boolean op IntGt with 2 args" }
QF_NIA_b	/nas3/data/axeyum/corpus/smtlib-2024/non-incremental/non-incremental/QF_NIA/20170427-VeryMax/ITS/From_T2__ud.t2__term_unfeasibility_1_0.smt2	uflra-online	unknown	0	UnknownReason { kind: Incomplete, detail: "too many theory atoms for the online combination boolean layer" }
QF_NIA_b	/nas3/data/axeyum/corpus/smtlib-2024/non-incremental/non-incremental/QF_NIA/20170427-VeryMax/ITS/From_T2__ud.t2__term_unfeasibility_1_0.smt2	ufbv-online-cdclt	error	0	unsupported by backend: online UFBV combination admits only Bool and BitVec terms
QF_NIA_b	/nas3/data/axeyum/corpus/smtlib-2024/non-incremental/non-incremental/QF_NIA/20170427-VeryMax/ITS/From_T2__ud.t2__term_unfeasibility_1_0.smt2	abv-online-cdclt	error	0	unsupported by backend: online AUFBV combination admits only Bool, BitVec, and Bool/BV-component array terms
QF_NIA_b	/nas3/data/axeyum/corpus/smtlib-2024/non-incremental/non-incremental/QF_NIA/20170427-VeryMax/ITS/From_T2__ud.t2__term_unfeasibility_1_0.smt2	datatype-elim	unknown	16163	UnknownReason { kind: Incomplete, detail: "bounded integer model overflowed at width 32 (assertion #1137 is false over exact semantics); widen the bound" }
QF_NIA_b	/nas3/data/axeyum/corpus/smtlib-2024/non-incremental/non-incremental/QF_NIA/20170427-VeryMax/ITS/From_T2__ud.t2__term_unfeasibility_1_0.smt2	datatype-native	unknown	16264	UnknownReason { kind: Incomplete, detail: "bounded integer model overflowed at width 32 (assertion #1137 is false over exact semantics); widen the bound" }
QF_NIA_b	/nas3/data/axeyum/corpus/smtlib-2024/non-incremental/non-incremental/QF_NIA/20170427-VeryMax/ITS/From_T2__ud.t2__term_unfeasibility_1_0.smt2	euf-online	unknown	0	UnknownReason { kind: Other, detail: "boolean skeleton outside the online CDCL(T) encoder" }
QF_NIA_b	/nas3/data/axeyum/corpus/smtlib-2024/non-incremental/non-incremental/QF_NIA/20170427-VeryMax/ITS/From_T2__ud.t2__term_unfeasibility_1_0.smt2	lia-online-cdclt	unknown	593	UnknownReason { kind: Incomplete, detail: "online CDCL(T) LIA model did not replay (arithmetic outside the incremental engine)" }
QF_NIA_b	/nas3/data/axeyum/corpus/smtlib-2024/non-incremental/non-incremental/QF_NIA/20170427-VeryMax/ITS/From_T2__ud.t2__term_unfeasibility_1_0.smt2	lra-online-cdclt	unknown	0	UnknownReason { kind: Incomplete, detail: "no linear-real atoms for the online CDCL(T) LRA path" }
QF_NIA_b	/nas3/data/axeyum/corpus/smtlib-2024/non-incremental/non-incremental/QF_NIA/20170427-VeryMax/ITS/From_T2__ud.t2__term_unfeasibility_1_0.smt2	abv-lazy-row	error	0	unsupported by backend: term #3 uses unsupported pure-Rust BV operator IntLe
QF_NIA_b	/nas3/data/axeyum/corpus/smtlib-2024/non-incremental/non-incremental/QF_NIA/20170427-VeryMax/ITS/From_T2__ud.t2__term_unfeasibility_1_0.smt2	array-elim	error	0	unsupported by backend: term #3 uses unsupported pure-Rust BV operator IntLe
QF_NIA_b	/nas3/data/axeyum/corpus/smtlib-2024/non-incremental/non-incremental/QF_NIA/20170427-VeryMax/ITS/From_T2__ud.t2__term_unfeasibility_1_0.smt2	aufbv	error	0	unsupported by backend: term #3 uses unsupported pure-Rust BV operator IntLe
QF_NIA_b	/nas3/data/axeyum/corpus/smtlib-2024/non-incremental/non-incremental/QF_NIA/20170427-VeryMax/ITS/From_T2__zlib-adler32.c.t2__p25902_terminationG_0.smt2	lia-dpll	error	0	unsupported by backend: lazy arithmetic: unsupported arithmetic atom: QF_LIA: nonlinear integer multiplication
QF_NIA_b	/nas3/data/axeyum/corpus/smtlib-2024/non-incremental/non-incremental/QF_NIA/20170427-VeryMax/ITS/From_T2__zlib-adler32.c.t2__p25902_terminationG_0.smt2	lra-dpll	unknown	4	UnknownReason { kind: EncodingBudget, detail: "estimated 140753559 CNF clauses before lowering exceeds budget 64000000 (oversized encoding refused gracefully)" }
QF_NIA_b	/nas3/data/axeyum/corpus/smtlib-2024/non-incremental/non-incremental/QF_NIA/20170427-VeryMax/ITS/From_T2__zlib-adler32.c.t2__p25902_terminationG_0.smt2	nra	unknown	6	UnknownReason { kind: EncodingBudget, detail: "estimated 140753559 CNF clauses before lowering exceeds budget 64000000 (oversized encoding refused gracefully)" }
QF_NIA_b	/nas3/data/axeyum/corpus/smtlib-2024/non-incremental/non-incremental/QF_NIA/20170427-VeryMax/ITS/From_T2__zlib-adler32.c.t2__p25902_terminationG_0.smt2	uf-arithmetic	unknown	24840	UnknownReason { kind: Timeout, detail: "preprocessed dispatch timeout after reduced solve" }
QF_NIA_b	/nas3/data/axeyum/corpus/smtlib-2024/non-incremental/non-incremental/QF_NIA/20170427-VeryMax/ITS/From_T2__zlib-adler32.c.t2__p25902_terminationG_0.smt2	uf-arith-lazy	unknown	24269	UnknownReason { kind: Timeout, detail: "preprocessed dispatch timeout after reduced solve" }
QF_NIA_b	/nas3/data/axeyum/corpus/smtlib-2024/non-incremental/non-incremental/QF_NIA/20170427-VeryMax/ITS/From_T2__zlib-adler32.c.t2__p25902_terminationG_0.smt2	uflia-online	unknown	0	UnknownReason { kind: Incomplete, detail: "too many theory atoms for the online combination boolean layer: 611 > 512" }
QF_NIA_b	/nas3/data/axeyum/corpus/smtlib-2024/non-incremental/non-incremental/QF_NIA/20170427-VeryMax/ITS/From_T2__zlib-adler32.c.t2__p25902_terminationG_0.smt2	uflra-online	unknown	0	UnknownReason { kind: Incomplete, detail: "too many theory atoms for the online combination boolean layer" }
QF_NIA_b	/nas3/data/axeyum/corpus/smtlib-2024/non-incremental/non-incremental/QF_NIA/20170427-VeryMax/ITS/From_T2__zlib-adler32.c.t2__p25902_terminationG_0.smt2	ufbv-online-cdclt	error	0	unsupported by backend: online UFBV combination admits only Bool and BitVec terms
QF_NIA_b	/nas3/data/axeyum/corpus/smtlib-2024/non-incremental/non-incremental/QF_NIA/20170427-VeryMax/ITS/From_T2__zlib-adler32.c.t2__p25902_terminationG_0.smt2	abv-online-cdclt	error	0	unsupported by backend: online AUFBV combination admits only Bool, BitVec, and Bool/BV-component array terms
QF_NIA_b	/nas3/data/axeyum/corpus/smtlib-2024/non-incremental/non-incremental/QF_NIA/20170427-VeryMax/ITS/From_T2__zlib-adler32.c.t2__p25902_terminationG_0.smt2	datatype-elim	unknown	24338	UnknownReason { kind: Timeout, detail: "preprocessed dispatch timeout after reduced solve" }
QF_NIA_b	/nas3/data/axeyum/corpus/smtlib-2024/non-incremental/non-incremental/QF_NIA/20170427-VeryMax/ITS/From_T2__zlib-adler32.c.t2__p25902_terminationG_0.smt2	datatype-native	unknown	24850	UnknownReason { kind: Timeout, detail: "preprocessed dispatch timeout after reduced solve" }
QF_NIA_b	/nas3/data/axeyum/corpus/smtlib-2024/non-incremental/non-incremental/QF_NIA/20170427-VeryMax/ITS/From_T2__zlib-adler32.c.t2__p25902_terminationG_0.smt2	euf-online	unknown	0	UnknownReason { kind: Other, detail: "boolean skeleton outside the online CDCL(T) encoder" }
QF_NIA_b	/nas3/data/axeyum/corpus/smtlib-2024/non-incremental/non-incremental/QF_NIA/20170427-VeryMax/ITS/From_T2__zlib-adler32.c.t2__p25902_terminationG_0.smt2	lia-online-cdclt	unknown	24000	UnknownReason { kind: Incomplete, detail: "online CDCL(T) LIA model did not replay (arithmetic outside the incremental engine)" }
QF_NIA_b	/nas3/data/axeyum/corpus/smtlib-2024/non-incremental/non-incremental/QF_NIA/20170427-VeryMax/ITS/From_T2__zlib-adler32.c.t2__p25902_terminationG_0.smt2	lra-online-cdclt	unknown	0	UnknownReason { kind: Incomplete, detail: "no linear-real atoms for the online CDCL(T) LRA path" }
QF_NIA_b	/nas3/data/axeyum/corpus/smtlib-2024/non-incremental/non-incremental/QF_NIA/20170427-VeryMax/ITS/From_T2__zlib-adler32.c.t2__p25902_terminationG_0.smt2	abv-lazy-row	error	0	unsupported by backend: term #3 uses unsupported pure-Rust BV operator IntLe
QF_NIA_b	/nas3/data/axeyum/corpus/smtlib-2024/non-incremental/non-incremental/QF_NIA/20170427-VeryMax/ITS/From_T2__zlib-adler32.c.t2__p25902_terminationG_0.smt2	array-elim	error	0	unsupported by backend: term #3 uses unsupported pure-Rust BV operator IntLe
QF_NIA_b	/nas3/data/axeyum/corpus/smtlib-2024/non-incremental/non-incremental/QF_NIA/20170427-VeryMax/ITS/From_T2__zlib-adler32.c.t2__p25902_terminationG_0.smt2	aufbv	error	0	unsupported by backend: term #3 uses unsupported pure-Rust BV operator IntLe
QF_NIA_b	/nas3/data/axeyum/corpus/smtlib-2024/non-incremental/non-incremental/QF_NIA/20170427-VeryMax/SAT14/1051.smt2	lia-dpll	error	0	unsupported by backend: lazy arithmetic: unsupported arithmetic atom: QF_LIA: nonlinear integer multiplication
QF_NIA_b	/nas3/data/axeyum/corpus/smtlib-2024/non-incremental/non-incremental/QF_NIA/20170427-VeryMax/SAT14/1051.smt2	lra-dpll	unknown	7	UnknownReason { kind: EncodingBudget, detail: "estimated 209670051 CNF clauses before lowering exceeds budget 64000000 (oversized encoding refused gracefully)" }
QF_NIA_b	/nas3/data/axeyum/corpus/smtlib-2024/non-incremental/non-incremental/QF_NIA/20170427-VeryMax/SAT14/1051.smt2	nra	unknown	11	UnknownReason { kind: EncodingBudget, detail: "estimated 209670051 CNF clauses before lowering exceeds budget 64000000 (oversized encoding refused gracefully)" }
QF_NIA_b	/nas3/data/axeyum/corpus/smtlib-2024/non-incremental/non-incremental/QF_NIA/20170427-VeryMax/SAT14/1051.smt2	uf-arithmetic	unknown	17982	UnknownReason { kind: EncodingBudget, detail: "estimated 209669991 CNF clauses before lowering exceeds budget 64000000 (oversized encoding refused gracefully)" }
QF_NIA_b	/nas3/data/axeyum/corpus/smtlib-2024/non-incremental/non-incremental/QF_NIA/20170427-VeryMax/SAT14/1051.smt2	uf-arith-lazy	unknown	17901	UnknownReason { kind: EncodingBudget, detail: "estimated 209669991 CNF clauses before lowering exceeds budget 64000000 (oversized encoding refused gracefully)" }
QF_NIA_b	/nas3/data/axeyum/corpus/smtlib-2024/non-incremental/non-incremental/QF_NIA/20170427-VeryMax/SAT14/1051.smt2	uflia-online	unknown	0	UnknownReason { kind: Incomplete, detail: "too many theory atoms for the online combination boolean layer: 896 > 512" }
QF_NIA_b	/nas3/data/axeyum/corpus/smtlib-2024/non-incremental/non-incremental/QF_NIA/20170427-VeryMax/SAT14/1051.smt2	uflra-online	unknown	0	UnknownReason { kind: Incomplete, detail: "too many theory atoms for the online combination boolean layer" }
QF_NIA_b	/nas3/data/axeyum/corpus/smtlib-2024/non-incremental/non-incremental/QF_NIA/20170427-VeryMax/SAT14/1051.smt2	ufbv-online-cdclt	error	0	unsupported by backend: online UFBV combination admits only Bool and BitVec terms
QF_NIA_b	/nas3/data/axeyum/corpus/smtlib-2024/non-incremental/non-incremental/QF_NIA/20170427-VeryMax/SAT14/1051.smt2	abv-online-cdclt	error	0	unsupported by backend: online AUFBV combination admits only Bool, BitVec, and Bool/BV-component array terms
QF_NIA_b	/nas3/data/axeyum/corpus/smtlib-2024/non-incremental/non-incremental/QF_NIA/20170427-VeryMax/SAT14/1051.smt2	datatype-elim	unknown	17993	UnknownReason { kind: EncodingBudget, detail: "estimated 209669991 CNF clauses before lowering exceeds budget 64000000 (oversized encoding refused gracefully)" }
QF_NIA_b	/nas3/data/axeyum/corpus/smtlib-2024/non-incremental/non-incremental/QF_NIA/20170427-VeryMax/SAT14/1051.smt2	datatype-native	unknown	18001	UnknownReason { kind: EncodingBudget, detail: "estimated 209669991 CNF clauses before lowering exceeds budget 64000000 (oversized encoding refused gracefully)" }
QF_NIA_b	/nas3/data/axeyum/corpus/smtlib-2024/non-incremental/non-incremental/QF_NIA/20170427-VeryMax/SAT14/1051.smt2	euf-online	unknown	0	UnknownReason { kind: Other, detail: "boolean skeleton outside the online CDCL(T) encoder" }
QF_NIA_b	/nas3/data/axeyum/corpus/smtlib-2024/non-incremental/non-incremental/QF_NIA/20170427-VeryMax/SAT14/1051.smt2	lia-online-cdclt	unknown	0	UnknownReason { kind: Incomplete, detail: "boolean skeleton outside the online CDCL(T) LIA encoder" }
QF_NIA_b	/nas3/data/axeyum/corpus/smtlib-2024/non-incremental/non-incremental/QF_NIA/20170427-VeryMax/SAT14/1051.smt2	lra-online-cdclt	unknown	0	UnknownReason { kind: Incomplete, detail: "no linear-real atoms for the online CDCL(T) LRA path" }
QF_NIA_b	/nas3/data/axeyum/corpus/smtlib-2024/non-incremental/non-incremental/QF_NIA/20170427-VeryMax/SAT14/1051.smt2	abv-lazy-row	error	0	unsupported by backend: term #3 uses unsupported pure-Rust BV operator IntGe
QF_NIA_b	/nas3/data/axeyum/corpus/smtlib-2024/non-incremental/non-incremental/QF_NIA/20170427-VeryMax/SAT14/1051.smt2	array-elim	error	0	unsupported by backend: term #3 uses unsupported pure-Rust BV operator IntGe
QF_NIA_b	/nas3/data/axeyum/corpus/smtlib-2024/non-incremental/non-incremental/QF_NIA/20170427-VeryMax/SAT14/1051.smt2	aufbv	error	0	unsupported by backend: term #3 uses unsupported pure-Rust BV operator IntGe
QF_NIA_b	/nas3/data/axeyum/corpus/smtlib-2024/non-incremental/non-incremental/QF_NIA/20170427-VeryMax/SAT14/1509.smt2	lia-dpll	error	1	unsupported by backend: lazy arithmetic: unsupported arithmetic atom: QF_LIA: nonlinear integer multiplication
QF_NIA_b	/nas3/data/axeyum/corpus/smtlib-2024/non-incremental/non-incremental/QF_NIA/20170427-VeryMax/SAT14/1509.smt2	lra-dpll	unknown	6	UnknownReason { kind: EncodingBudget, detail: "estimated 171663978 CNF clauses before lowering exceeds budget 64000000 (oversized encoding refused gracefully)" }
QF_NIA_b	/nas3/data/axeyum/corpus/smtlib-2024/non-incremental/non-incremental/QF_NIA/20170427-VeryMax/SAT14/1509.smt2	nra	unknown	11	UnknownReason { kind: EncodingBudget, detail: "estimated 171663978 CNF clauses before lowering exceeds budget 64000000 (oversized encoding refused gracefully)" }
QF_NIA_b	/nas3/data/axeyum/corpus/smtlib-2024/non-incremental/non-incremental/QF_NIA/20170427-VeryMax/SAT14/1509.smt2	uf-arithmetic	unknown	17846	UnknownReason { kind: EncodingBudget, detail: "estimated 171663927 CNF clauses before lowering exceeds budget 64000000 (oversized encoding refused gracefully)" }
QF_NIA_b	/nas3/data/axeyum/corpus/smtlib-2024/non-incremental/non-incremental/QF_NIA/20170427-VeryMax/SAT14/1509.smt2	uf-arith-lazy	unknown	17856	UnknownReason { kind: EncodingBudget, detail: "estimated 171663927 CNF clauses before lowering exceeds budget 64000000 (oversized encoding refused gracefully)" }
QF_NIA_b	/nas3/data/axeyum/corpus/smtlib-2024/non-incremental/non-incremental/QF_NIA/20170427-VeryMax/SAT14/1509.smt2	uflia-online	unknown	0	UnknownReason { kind: Incomplete, detail: "too many theory atoms for the online combination boolean layer: 809 > 512" }
QF_NIA_b	/nas3/data/axeyum/corpus/smtlib-2024/non-incremental/non-incremental/QF_NIA/20170427-VeryMax/SAT14/1509.smt2	uflra-online	unknown	0	UnknownReason { kind: Incomplete, detail: "too many theory atoms for the online combination boolean layer" }
QF_NIA_b	/nas3/data/axeyum/corpus/smtlib-2024/non-incremental/non-incremental/QF_NIA/20170427-VeryMax/SAT14/1509.smt2	ufbv-online-cdclt	error	0	unsupported by backend: online UFBV combination admits only Bool and BitVec terms
QF_NIA_b	/nas3/data/axeyum/corpus/smtlib-2024/non-incremental/non-incremental/QF_NIA/20170427-VeryMax/SAT14/1509.smt2	abv-online-cdclt	error	0	unsupported by backend: online AUFBV combination admits only Bool, BitVec, and Bool/BV-component array terms
QF_NIA_b	/nas3/data/axeyum/corpus/smtlib-2024/non-incremental/non-incremental/QF_NIA/20170427-VeryMax/SAT14/1509.smt2	datatype-elim	unknown	17901	UnknownReason { kind: EncodingBudget, detail: "estimated 171663927 CNF clauses before lowering exceeds budget 64000000 (oversized encoding refused gracefully)" }
QF_NIA_b	/nas3/data/axeyum/corpus/smtlib-2024/non-incremental/non-incremental/QF_NIA/20170427-VeryMax/SAT14/1509.smt2	datatype-native	unknown	17791	UnknownReason { kind: EncodingBudget, detail: "estimated 171663927 CNF clauses before lowering exceeds budget 64000000 (oversized encoding refused gracefully)" }
QF_NIA_b	/nas3/data/axeyum/corpus/smtlib-2024/non-incremental/non-incremental/QF_NIA/20170427-VeryMax/SAT14/1509.smt2	euf-online	unknown	0	UnknownReason { kind: Other, detail: "boolean skeleton outside the online CDCL(T) encoder" }
QF_NIA_b	/nas3/data/axeyum/corpus/smtlib-2024/non-incremental/non-incremental/QF_NIA/20170427-VeryMax/SAT14/1509.smt2	lia-online-cdclt	unknown	0	UnknownReason { kind: Incomplete, detail: "boolean skeleton outside the online CDCL(T) LIA encoder" }
QF_NIA_b	/nas3/data/axeyum/corpus/smtlib-2024/non-incremental/non-incremental/QF_NIA/20170427-VeryMax/SAT14/1509.smt2	lra-online-cdclt	unknown	0	UnknownReason { kind: Incomplete, detail: "no linear-real atoms for the online CDCL(T) LRA path" }
QF_NIA_b	/nas3/data/axeyum/corpus/smtlib-2024/non-incremental/non-incremental/QF_NIA/20170427-VeryMax/SAT14/1509.smt2	abv-lazy-row	error	0	unsupported by backend: term #3 uses unsupported pure-Rust BV operator IntGe
QF_NIA_b	/nas3/data/axeyum/corpus/smtlib-2024/non-incremental/non-incremental/QF_NIA/20170427-VeryMax/SAT14/1509.smt2	array-elim	error	0	unsupported by backend: term #3 uses unsupported pure-Rust BV operator IntGe
QF_NIA_b	/nas3/data/axeyum/corpus/smtlib-2024/non-incremental/non-incremental/QF_NIA/20170427-VeryMax/SAT14/1509.smt2	aufbv	error	0	unsupported by backend: term #3 uses unsupported pure-Rust BV operator IntGe
QF_NIA_b	/nas3/data/axeyum/corpus/smtlib-2024/non-incremental/non-incremental/QF_NIA/20170427-VeryMax/SAT14/1738.smt2	lia-dpll	error	0	unsupported by backend: lazy arithmetic: unsupported arithmetic atom: QF_LIA: nonlinear integer multiplication
QF_NIA_b	/nas3/data/axeyum/corpus/smtlib-2024/non-incremental/non-incremental/QF_NIA/20170427-VeryMax/SAT14/1738.smt2	lra-dpll	unknown	25197	UnknownReason { kind: Timeout, detail: "combined-theory timeout after scalar backend" }
QF_NIA_b	/nas3/data/axeyum/corpus/smtlib-2024/non-incremental/non-incremental/QF_NIA/20170427-VeryMax/SAT14/1738.smt2	nra	unknown	24936	UnknownReason { kind: Timeout, detail: "combined-theory timeout after scalar backend" }
QF_NIA_b	/nas3/data/axeyum/corpus/smtlib-2024/non-incremental/non-incremental/QF_NIA/20170427-VeryMax/SAT14/1738.smt2	uf-arithmetic	unknown	24560	UnknownReason { kind: Timeout, detail: "preprocessed dispatch timeout after reduced solve" }
QF_NIA_b	/nas3/data/axeyum/corpus/smtlib-2024/non-incremental/non-incremental/QF_NIA/20170427-VeryMax/SAT14/1738.smt2	uf-arith-lazy	unknown	24251	UnknownReason { kind: Timeout, detail: "preprocessed dispatch timeout after reduced solve" }
QF_NIA_b	/nas3/data/axeyum/corpus/smtlib-2024/non-incremental/non-incremental/QF_NIA/20170427-VeryMax/SAT14/1738.smt2	uflia-online	unknown	0	UnknownReason { kind: Incomplete, detail: "boolean skeleton outside the online combination encoder: unsupported Boolean op IntGt with 2 args" }
QF_NIA_b	/nas3/data/axeyum/corpus/smtlib-2024/non-incremental/non-incremental/QF_NIA/20170427-VeryMax/SAT14/1738.smt2	uflra-online	unknown	0	UnknownReason { kind: Incomplete, detail: "boolean skeleton outside the online combination encoder" }
QF_NIA_b	/nas3/data/axeyum/corpus/smtlib-2024/non-incremental/non-incremental/QF_NIA/20170427-VeryMax/SAT14/1738.smt2	ufbv-online-cdclt	error	0	unsupported by backend: online UFBV combination admits only Bool and BitVec terms
QF_NIA_b	/nas3/data/axeyum/corpus/smtlib-2024/non-incremental/non-incremental/QF_NIA/20170427-VeryMax/SAT14/1738.smt2	abv-online-cdclt	error	0	unsupported by backend: online AUFBV combination admits only Bool, BitVec, and Bool/BV-component array terms
QF_NIA_b	/nas3/data/axeyum/corpus/smtlib-2024/non-incremental/non-incremental/QF_NIA/20170427-VeryMax/SAT14/1738.smt2	datatype-elim	unknown	24728	UnknownReason { kind: Timeout, detail: "preprocessed dispatch timeout after reduced solve" }
QF_NIA_b	/nas3/data/axeyum/corpus/smtlib-2024/non-incremental/non-incremental/QF_NIA/20170427-VeryMax/SAT14/1738.smt2	datatype-native	unknown	24687	UnknownReason { kind: Timeout, detail: "preprocessed dispatch timeout after reduced solve" }
QF_NIA_b	/nas3/data/axeyum/corpus/smtlib-2024/non-incremental/non-incremental/QF_NIA/20170427-VeryMax/SAT14/1738.smt2	euf-online	unknown	0	UnknownReason { kind: Other, detail: "boolean skeleton outside the online CDCL(T) encoder" }
QF_NIA_b	/nas3/data/axeyum/corpus/smtlib-2024/non-incremental/non-incremental/QF_NIA/20170427-VeryMax/SAT14/1738.smt2	lia-online-cdclt	unknown	0	UnknownReason { kind: Incomplete, detail: "boolean skeleton outside the online CDCL(T) LIA encoder" }
QF_NIA_b	/nas3/data/axeyum/corpus/smtlib-2024/non-incremental/non-incremental/QF_NIA/20170427-VeryMax/SAT14/1738.smt2	lra-online-cdclt	unknown	0	UnknownReason { kind: Incomplete, detail: "no linear-real atoms for the online CDCL(T) LRA path" }
QF_NIA_b	/nas3/data/axeyum/corpus/smtlib-2024/non-incremental/non-incremental/QF_NIA/20170427-VeryMax/SAT14/1738.smt2	abv-lazy-row	error	0	unsupported by backend: term #3 uses unsupported pure-Rust BV operator IntGe
QF_NIA_b	/nas3/data/axeyum/corpus/smtlib-2024/non-incremental/non-incremental/QF_NIA/20170427-VeryMax/SAT14/1738.smt2	array-elim	error	0	unsupported by backend: term #3 uses unsupported pure-Rust BV operator IntGe
QF_NIA_b	/nas3/data/axeyum/corpus/smtlib-2024/non-incremental/non-incremental/QF_NIA/20170427-VeryMax/SAT14/1738.smt2	aufbv	error	0	unsupported by backend: term #3 uses unsupported pure-Rust BV operator IntGe
QF_NIA_b	/nas3/data/axeyum/corpus/smtlib-2024/non-incremental/non-incremental/QF_NIA/20170427-VeryMax/SAT14/227.smt2	lia-dpll	error	0	unsupported by backend: lazy arithmetic: unsupported arithmetic atom: QF_LIA: nonlinear integer multiplication
QF_NIA_b	/nas3/data/axeyum/corpus/smtlib-2024/non-incremental/non-incremental/QF_NIA/20170427-VeryMax/SAT14/227.smt2	lra-dpll	unknown	24894	UnknownReason { kind: Timeout, detail: "combined-theory timeout after scalar backend" }
QF_NIA_b	/nas3/data/axeyum/corpus/smtlib-2024/non-incremental/non-incremental/QF_NIA/20170427-VeryMax/SAT14/227.smt2	nra	unknown	24472	UnknownReason { kind: Timeout, detail: "combined-theory timeout after scalar backend" }
QF_NIA_b	/nas3/data/axeyum/corpus/smtlib-2024/non-incremental/non-incremental/QF_NIA/20170427-VeryMax/SAT14/227.smt2	uf-arithmetic	unknown	24230	UnknownReason { kind: Timeout, detail: "preprocessed dispatch timeout after reduced solve" }
QF_NIA_b	/nas3/data/axeyum/corpus/smtlib-2024/non-incremental/non-incremental/QF_NIA/20170427-VeryMax/SAT14/227.smt2	uf-arith-lazy	unknown	24311	UnknownReason { kind: Timeout, detail: "preprocessed dispatch timeout after reduced solve" }
QF_NIA_b	/nas3/data/axeyum/corpus/smtlib-2024/non-incremental/non-incremental/QF_NIA/20170427-VeryMax/SAT14/227.smt2	uflia-online	unknown	0	UnknownReason { kind: Incomplete, detail: "boolean skeleton outside the online combination encoder: unsupported Boolean op IntGt with 2 args" }
QF_NIA_b	/nas3/data/axeyum/corpus/smtlib-2024/non-incremental/non-incremental/QF_NIA/20170427-VeryMax/SAT14/227.smt2	uflra-online	unknown	0	UnknownReason { kind: Incomplete, detail: "boolean skeleton outside the online combination encoder" }
QF_NIA_b	/nas3/data/axeyum/corpus/smtlib-2024/non-incremental/non-incremental/QF_NIA/20170427-VeryMax/SAT14/227.smt2	ufbv-online-cdclt	error	0	unsupported by backend: online UFBV combination admits only Bool and BitVec terms
QF_NIA_b	/nas3/data/axeyum/corpus/smtlib-2024/non-incremental/non-incremental/QF_NIA/20170427-VeryMax/SAT14/227.smt2	abv-online-cdclt	error	0	unsupported by backend: online AUFBV combination admits only Bool, BitVec, and Bool/BV-component array terms
QF_NIA_b	/nas3/data/axeyum/corpus/smtlib-2024/non-incremental/non-incremental/QF_NIA/20170427-VeryMax/SAT14/227.smt2	datatype-elim	unknown	24630	UnknownReason { kind: Timeout, detail: "preprocessed dispatch timeout after reduced solve" }
QF_NIA_b	/nas3/data/axeyum/corpus/smtlib-2024/non-incremental/non-incremental/QF_NIA/20170427-VeryMax/SAT14/227.smt2	datatype-native	unknown	24274	UnknownReason { kind: Timeout, detail: "preprocessed dispatch timeout after reduced solve" }
QF_NIA_b	/nas3/data/axeyum/corpus/smtlib-2024/non-incremental/non-incremental/QF_NIA/20170427-VeryMax/SAT14/227.smt2	euf-online	unknown	0	UnknownReason { kind: Other, detail: "boolean skeleton outside the online CDCL(T) encoder" }
QF_NIA_b	/nas3/data/axeyum/corpus/smtlib-2024/non-incremental/non-incremental/QF_NIA/20170427-VeryMax/SAT14/227.smt2	lia-online-cdclt	unknown	0	UnknownReason { kind: Incomplete, detail: "boolean skeleton outside the online CDCL(T) LIA encoder" }
QF_NIA_b	/nas3/data/axeyum/corpus/smtlib-2024/non-incremental/non-incremental/QF_NIA/20170427-VeryMax/SAT14/227.smt2	lra-online-cdclt	unknown	0	UnknownReason { kind: Incomplete, detail: "no linear-real atoms for the online CDCL(T) LRA path" }
QF_NIA_b	/nas3/data/axeyum/corpus/smtlib-2024/non-incremental/non-incremental/QF_NIA/20170427-VeryMax/SAT14/227.smt2	abv-lazy-row	error	0	unsupported by backend: term #3 uses unsupported pure-Rust BV operator IntGe
QF_NIA_b	/nas3/data/axeyum/corpus/smtlib-2024/non-incremental/non-incremental/QF_NIA/20170427-VeryMax/SAT14/227.smt2	array-elim	error	0	unsupported by backend: term #3 uses unsupported pure-Rust BV operator IntGe
QF_NIA_b	/nas3/data/axeyum/corpus/smtlib-2024/non-incremental/non-incremental/QF_NIA/20170427-VeryMax/SAT14/227.smt2	aufbv	error	0	unsupported by backend: term #3 uses unsupported pure-Rust BV operator IntGe
QF_NIA_b	/nas3/data/axeyum/corpus/smtlib-2024/non-incremental/non-incremental/QF_NIA/20170427-VeryMax/SAT14/341.smt2	lia-dpll	error	0	unsupported by backend: lazy arithmetic: unsupported arithmetic atom: QF_LIA: nonlinear integer multiplication
QF_NIA_b	/nas3/data/axeyum/corpus/smtlib-2024/non-incremental/non-incremental/QF_NIA/20170427-VeryMax/SAT14/341.smt2	lra-dpll	unknown	24910	UnknownReason { kind: Timeout, detail: "combined-theory timeout after scalar backend" }
QF_NIA_b	/nas3/data/axeyum/corpus/smtlib-2024/non-incremental/non-incremental/QF_NIA/20170427-VeryMax/SAT14/341.smt2	nra	unknown	24395	UnknownReason { kind: Timeout, detail: "combined-theory timeout after scalar backend" }
QF_NIA_b	/nas3/data/axeyum/corpus/smtlib-2024/non-incremental/non-incremental/QF_NIA/20170427-VeryMax/SAT14/341.smt2	uf-arithmetic	unknown	24257	UnknownReason { kind: Timeout, detail: "preprocessed dispatch timeout after reduced solve" }
QF_NIA_b	/nas3/data/axeyum/corpus/smtlib-2024/non-incremental/non-incremental/QF_NIA/20170427-VeryMax/SAT14/341.smt2	uf-arith-lazy	unknown	24277	UnknownReason { kind: Timeout, detail: "preprocessed dispatch timeout after reduced solve" }
QF_NIA_b	/nas3/data/axeyum/corpus/smtlib-2024/non-incremental/non-incremental/QF_NIA/20170427-VeryMax/SAT14/341.smt2	uflia-online	unknown	0	UnknownReason { kind: Incomplete, detail: "boolean skeleton outside the online combination encoder: unsupported Boolean op IntGt with 2 args" }
QF_NIA_b	/nas3/data/axeyum/corpus/smtlib-2024/non-incremental/non-incremental/QF_NIA/20170427-VeryMax/SAT14/341.smt2	uflra-online	unknown	0	UnknownReason { kind: Incomplete, detail: "boolean skeleton outside the online combination encoder" }
QF_NIA_b	/nas3/data/axeyum/corpus/smtlib-2024/non-incremental/non-incremental/QF_NIA/20170427-VeryMax/SAT14/341.smt2	ufbv-online-cdclt	error	0	unsupported by backend: online UFBV combination admits only Bool and BitVec terms
QF_NIA_b	/nas3/data/axeyum/corpus/smtlib-2024/non-incremental/non-incremental/QF_NIA/20170427-VeryMax/SAT14/341.smt2	abv-online-cdclt	error	0	unsupported by backend: online AUFBV combination admits only Bool, BitVec, and Bool/BV-component array terms
QF_NIA_b	/nas3/data/axeyum/corpus/smtlib-2024/non-incremental/non-incremental/QF_NIA/20170427-VeryMax/SAT14/341.smt2	datatype-elim	unknown	24676	UnknownReason { kind: Timeout, detail: "preprocessed dispatch timeout after reduced solve" }
QF_NIA_b	/nas3/data/axeyum/corpus/smtlib-2024/non-incremental/non-incremental/QF_NIA/20170427-VeryMax/SAT14/341.smt2	datatype-native	unknown	24345	UnknownReason { kind: Timeout, detail: "preprocessed dispatch timeout after reduced solve" }
QF_NIA_b	/nas3/data/axeyum/corpus/smtlib-2024/non-incremental/non-incremental/QF_NIA/20170427-VeryMax/SAT14/341.smt2	euf-online	unknown	0	UnknownReason { kind: Other, detail: "boolean skeleton outside the online CDCL(T) encoder" }
QF_NIA_b	/nas3/data/axeyum/corpus/smtlib-2024/non-incremental/non-incremental/QF_NIA/20170427-VeryMax/SAT14/341.smt2	lia-online-cdclt	unknown	0	UnknownReason { kind: Incomplete, detail: "boolean skeleton outside the online CDCL(T) LIA encoder" }
QF_NIA_b	/nas3/data/axeyum/corpus/smtlib-2024/non-incremental/non-incremental/QF_NIA/20170427-VeryMax/SAT14/341.smt2	lra-online-cdclt	unknown	0	UnknownReason { kind: Incomplete, detail: "no linear-real atoms for the online CDCL(T) LRA path" }
QF_NIA_b	/nas3/data/axeyum/corpus/smtlib-2024/non-incremental/non-incremental/QF_NIA/20170427-VeryMax/SAT14/341.smt2	abv-lazy-row	error	0	unsupported by backend: term #3 uses unsupported pure-Rust BV operator IntGe
QF_NIA_b	/nas3/data/axeyum/corpus/smtlib-2024/non-incremental/non-incremental/QF_NIA/20170427-VeryMax/SAT14/341.smt2	array-elim	error	0	unsupported by backend: term #3 uses unsupported pure-Rust BV operator IntGe
QF_NIA_b	/nas3/data/axeyum/corpus/smtlib-2024/non-incremental/non-incremental/QF_NIA/20170427-VeryMax/SAT14/341.smt2	aufbv	error	0	unsupported by backend: term #3 uses unsupported pure-Rust BV operator IntGe
QF_NIA_b	/nas3/data/axeyum/corpus/smtlib-2024/non-incremental/non-incremental/QF_NIA/20170427-VeryMax/SAT14/456.smt2	lia-dpll	error	0	unsupported by backend: lazy arithmetic: unsupported arithmetic atom: QF_LIA: nonlinear integer multiplication
QF_NIA_b	/nas3/data/axeyum/corpus/smtlib-2024/non-incremental/non-incremental/QF_NIA/20170427-VeryMax/SAT14/456.smt2	lra-dpll	unknown	7	UnknownReason { kind: EncodingBudget, detail: "estimated 168414345 CNF clauses before lowering exceeds budget 64000000 (oversized encoding refused gracefully)" }
QF_NIA_b	/nas3/data/axeyum/corpus/smtlib-2024/non-incremental/non-incremental/QF_NIA/20170427-VeryMax/SAT14/456.smt2	nra	unknown	8	UnknownReason { kind: EncodingBudget, detail: "estimated 168414345 CNF clauses before lowering exceeds budget 64000000 (oversized encoding refused gracefully)" }
QF_NIA_b	/nas3/data/axeyum/corpus/smtlib-2024/non-incremental/non-incremental/QF_NIA/20170427-VeryMax/SAT14/456.smt2	uf-arithmetic	unknown	16664	UnknownReason { kind: EncodingBudget, detail: "estimated 168414324 CNF clauses before lowering exceeds budget 64000000 (oversized encoding refused gracefully)" }
QF_NIA_b	/nas3/data/axeyum/corpus/smtlib-2024/non-incremental/non-incremental/QF_NIA/20170427-VeryMax/SAT14/456.smt2	uf-arith-lazy	unknown	16725	UnknownReason { kind: EncodingBudget, detail: "estimated 168414324 CNF clauses before lowering exceeds budget 64000000 (oversized encoding refused gracefully)" }
QF_NIA_b	/nas3/data/axeyum/corpus/smtlib-2024/non-incremental/non-incremental/QF_NIA/20170427-VeryMax/SAT14/456.smt2	uflia-online	unknown	0	UnknownReason { kind: Incomplete, detail: "too many theory atoms for the online combination boolean layer: 875 > 512" }
QF_NIA_b	/nas3/data/axeyum/corpus/smtlib-2024/non-incremental/non-incremental/QF_NIA/20170427-VeryMax/SAT14/456.smt2	uflra-online	unknown	0	UnknownReason { kind: Incomplete, detail: "boolean skeleton outside the online combination encoder" }
QF_NIA_b	/nas3/data/axeyum/corpus/smtlib-2024/non-incremental/non-incremental/QF_NIA/20170427-VeryMax/SAT14/456.smt2	ufbv-online-cdclt	error	0	unsupported by backend: online UFBV combination admits only Bool and BitVec terms
QF_NIA_b	/nas3/data/axeyum/corpus/smtlib-2024/non-incremental/non-incremental/QF_NIA/20170427-VeryMax/SAT14/456.smt2	abv-online-cdclt	error	0	unsupported by backend: online AUFBV combination admits only Bool, BitVec, and Bool/BV-component array terms
QF_NIA_b	/nas3/data/axeyum/corpus/smtlib-2024/non-incremental/non-incremental/QF_NIA/20170427-VeryMax/SAT14/456.smt2	datatype-elim	unknown	16705	UnknownReason { kind: EncodingBudget, detail: "estimated 168414324 CNF clauses before lowering exceeds budget 64000000 (oversized encoding refused gracefully)" }
QF_NIA_b	/nas3/data/axeyum/corpus/smtlib-2024/non-incremental/non-incremental/QF_NIA/20170427-VeryMax/SAT14/456.smt2	datatype-native	unknown	16687	UnknownReason { kind: EncodingBudget, detail: "estimated 168414324 CNF clauses before lowering exceeds budget 64000000 (oversized encoding refused gracefully)" }
QF_NIA_b	/nas3/data/axeyum/corpus/smtlib-2024/non-incremental/non-incremental/QF_NIA/20170427-VeryMax/SAT14/456.smt2	euf-online	unknown	0	UnknownReason { kind: Other, detail: "boolean skeleton outside the online CDCL(T) encoder" }
QF_NIA_b	/nas3/data/axeyum/corpus/smtlib-2024/non-incremental/non-incremental/QF_NIA/20170427-VeryMax/SAT14/456.smt2	lia-online-cdclt	unknown	0	UnknownReason { kind: Incomplete, detail: "boolean skeleton outside the online CDCL(T) LIA encoder" }
QF_NIA_b	/nas3/data/axeyum/corpus/smtlib-2024/non-incremental/non-incremental/QF_NIA/20170427-VeryMax/SAT14/456.smt2	lra-online-cdclt	unknown	0	UnknownReason { kind: Incomplete, detail: "no linear-real atoms for the online CDCL(T) LRA path" }
QF_NIA_b	/nas3/data/axeyum/corpus/smtlib-2024/non-incremental/non-incremental/QF_NIA/20170427-VeryMax/SAT14/456.smt2	abv-lazy-row	error	0	unsupported by backend: term #3 uses unsupported pure-Rust BV operator IntGe
QF_NIA_b	/nas3/data/axeyum/corpus/smtlib-2024/non-incremental/non-incremental/QF_NIA/20170427-VeryMax/SAT14/456.smt2	array-elim	error	0	unsupported by backend: term #3 uses unsupported pure-Rust BV operator IntGe
QF_NIA_b	/nas3/data/axeyum/corpus/smtlib-2024/non-incremental/non-incremental/QF_NIA/20170427-VeryMax/SAT14/456.smt2	aufbv	error	0	unsupported by backend: term #3 uses unsupported pure-Rust BV operator IntGe
QF_NIA_b	/nas3/data/axeyum/corpus/smtlib-2024/non-incremental/non-incremental/QF_NIA/20170427-VeryMax/SAT14/571.smt2	lia-dpll	error	2	unsupported by backend: lazy arithmetic: unsupported arithmetic atom: QF_LIA: nonlinear integer multiplication
QF_NIA_b	/nas3/data/axeyum/corpus/smtlib-2024/non-incremental/non-incremental/QF_NIA/20170427-VeryMax/SAT14/571.smt2	lra-dpll	unknown	25	UnknownReason { kind: EncodingBudget, detail: "estimated 492777216 CNF clauses before lowering exceeds budget 64000000 (oversized encoding refused gracefully)" }
QF_NIA_b	/nas3/data/axeyum/corpus/smtlib-2024/non-incremental/non-incremental/QF_NIA/20170427-VeryMax/SAT14/571.smt2	nra	unknown	31	UnknownReason { kind: EncodingBudget, detail: "estimated 492777216 CNF clauses before lowering exceeds budget 64000000 (oversized encoding refused gracefully)" }
QF_NIA_b	/nas3/data/axeyum/corpus/smtlib-2024/non-incremental/non-incremental/QF_NIA/20170427-VeryMax/SAT14/571.smt2	uf-arithmetic	unknown	24806	UnknownReason { kind: Timeout, detail: "preprocessed dispatch timeout after reduced solve" }
QF_NIA_b	/nas3/data/axeyum/corpus/smtlib-2024/non-incremental/non-incremental/QF_NIA/20170427-VeryMax/SAT14/571.smt2	uf-arith-lazy	unknown	24387	UnknownReason { kind: Timeout, detail: "preprocessed dispatch timeout after reduced solve" }
QF_NIA_b	/nas3/data/axeyum/corpus/smtlib-2024/non-incremental/non-incremental/QF_NIA/20170427-VeryMax/SAT14/571.smt2	uflia-online	unknown	0	UnknownReason { kind: Incomplete, detail: "too many theory atoms for the online combination boolean layer: 2852 > 512" }
QF_NIA_b	/nas3/data/axeyum/corpus/smtlib-2024/non-incremental/non-incremental/QF_NIA/20170427-VeryMax/SAT14/571.smt2	uflra-online	unknown	0	UnknownReason { kind: Incomplete, detail: "too many theory atoms for the online combination boolean layer" }
QF_NIA_b	/nas3/data/axeyum/corpus/smtlib-2024/non-incremental/non-incremental/QF_NIA/20170427-VeryMax/SAT14/571.smt2	ufbv-online-cdclt	error	0	unsupported by backend: online UFBV combination admits only Bool and BitVec terms
QF_NIA_b	/nas3/data/axeyum/corpus/smtlib-2024/non-incremental/non-incremental/QF_NIA/20170427-VeryMax/SAT14/571.smt2	abv-online-cdclt	error	0	unsupported by backend: online AUFBV combination admits only Bool, BitVec, and Bool/BV-component array terms
QF_NIA_b	/nas3/data/axeyum/corpus/smtlib-2024/non-incremental/non-incremental/QF_NIA/20170427-VeryMax/SAT14/571.smt2	datatype-elim	unknown	24965	UnknownReason { kind: Timeout, detail: "preprocessed dispatch timeout after reduced solve" }
QF_NIA_b	/nas3/data/axeyum/corpus/smtlib-2024/non-incremental/non-incremental/QF_NIA/20170427-VeryMax/SAT14/571.smt2	datatype-native	unknown	25651	UnknownReason { kind: Timeout, detail: "preprocessed dispatch timeout after reduced solve" }
QF_NIA_b	/nas3/data/axeyum/corpus/smtlib-2024/non-incremental/non-incremental/QF_NIA/20170427-VeryMax/SAT14/571.smt2	euf-online	unknown	1	UnknownReason { kind: Other, detail: "boolean skeleton outside the online CDCL(T) encoder" }
QF_NIA_b	/nas3/data/axeyum/corpus/smtlib-2024/non-incremental/non-incremental/QF_NIA/20170427-VeryMax/SAT14/571.smt2	lia-online-cdclt	unknown	0	UnknownReason { kind: Incomplete, detail: "boolean skeleton outside the online CDCL(T) LIA encoder" }
QF_NIA_b	/nas3/data/axeyum/corpus/smtlib-2024/non-incremental/non-incremental/QF_NIA/20170427-VeryMax/SAT14/571.smt2	lra-online-cdclt	unknown	0	UnknownReason { kind: Incomplete, detail: "no linear-real atoms for the online CDCL(T) LRA path" }
QF_NIA_b	/nas3/data/axeyum/corpus/smtlib-2024/non-incremental/non-incremental/QF_NIA/20170427-VeryMax/SAT14/571.smt2	abv-lazy-row	error	2	unsupported by backend: term #3 uses unsupported pure-Rust BV operator IntGe
QF_NIA_b	/nas3/data/axeyum/corpus/smtlib-2024/non-incremental/non-incremental/QF_NIA/20170427-VeryMax/SAT14/571.smt2	array-elim	error	0	unsupported by backend: term #3 uses unsupported pure-Rust BV operator IntGe
QF_NIA_b	/nas3/data/axeyum/corpus/smtlib-2024/non-incremental/non-incremental/QF_NIA/20170427-VeryMax/SAT14/571.smt2	aufbv	error	1	unsupported by backend: term #3 uses unsupported pure-Rust BV operator IntGe
QF_NIA_b	/nas3/data/axeyum/corpus/smtlib-2024/non-incremental/non-incremental/QF_NIA/20170427-VeryMax/SAT14/687.smt2	lia-dpll	error	1	unsupported by backend: lazy arithmetic: unsupported arithmetic atom: QF_LIA: nonlinear integer multiplication
QF_NIA_b	/nas3/data/axeyum/corpus/smtlib-2024/non-incremental/non-incremental/QF_NIA/20170427-VeryMax/SAT14/687.smt2	lra-dpll	unknown	7	UnknownReason { kind: EncodingBudget, detail: "estimated 201184383 CNF clauses before lowering exceeds budget 64000000 (oversized encoding refused gracefully)" }
QF_NIA_b	/nas3/data/axeyum/corpus/smtlib-2024/non-incremental/non-incremental/QF_NIA/20170427-VeryMax/SAT14/687.smt2	nra	unknown	10	UnknownReason { kind: EncodingBudget, detail: "estimated 201184383 CNF clauses before lowering exceeds budget 64000000 (oversized encoding refused gracefully)" }
QF_NIA_b	/nas3/data/axeyum/corpus/smtlib-2024/non-incremental/non-incremental/QF_NIA/20170427-VeryMax/SAT14/687.smt2	uf-arithmetic	unknown	16992	UnknownReason { kind: EncodingBudget, detail: "estimated 201184362 CNF clauses before lowering exceeds budget 64000000 (oversized encoding refused gracefully)" }
QF_NIA_b	/nas3/data/axeyum/corpus/smtlib-2024/non-incremental/non-incremental/QF_NIA/20170427-VeryMax/SAT14/687.smt2	uf-arith-lazy	unknown	17017	UnknownReason { kind: EncodingBudget, detail: "estimated 201184362 CNF clauses before lowering exceeds budget 64000000 (oversized encoding refused gracefully)" }
QF_NIA_b	/nas3/data/axeyum/corpus/smtlib-2024/non-incremental/non-incremental/QF_NIA/20170427-VeryMax/SAT14/687.smt2	uflia-online	unknown	0	UnknownReason { kind: Incomplete, detail: "too many theory atoms for the online combination boolean layer: 943 > 512" }
QF_NIA_b	/nas3/data/axeyum/corpus/smtlib-2024/non-incremental/non-incremental/QF_NIA/20170427-VeryMax/SAT14/687.smt2	uflra-online	unknown	0	UnknownReason { kind: Incomplete, detail: "boolean skeleton outside the online combination encoder" }
QF_NIA_b	/nas3/data/axeyum/corpus/smtlib-2024/non-incremental/non-incremental/QF_NIA/20170427-VeryMax/SAT14/687.smt2	ufbv-online-cdclt	error	0	unsupported by backend: online UFBV combination admits only Bool and BitVec terms
QF_NIA_b	/nas3/data/axeyum/corpus/smtlib-2024/non-incremental/non-incremental/QF_NIA/20170427-VeryMax/SAT14/687.smt2	abv-online-cdclt	error	0	unsupported by backend: online AUFBV combination admits only Bool, BitVec, and Bool/BV-component array terms
QF_NIA_b	/nas3/data/axeyum/corpus/smtlib-2024/non-incremental/non-incremental/QF_NIA/20170427-VeryMax/SAT14/687.smt2	datatype-elim	unknown	17008	UnknownReason { kind: EncodingBudget, detail: "estimated 201184362 CNF clauses before lowering exceeds budget 64000000 (oversized encoding refused gracefully)" }
QF_NIA_b	/nas3/data/axeyum/corpus/smtlib-2024/non-incremental/non-incremental/QF_NIA/20170427-VeryMax/SAT14/687.smt2	datatype-native	unknown	17021	UnknownReason { kind: EncodingBudget, detail: "estimated 201184362 CNF clauses before lowering exceeds budget 64000000 (oversized encoding refused gracefully)" }
QF_NIA_b	/nas3/data/axeyum/corpus/smtlib-2024/non-incremental/non-incremental/QF_NIA/20170427-VeryMax/SAT14/687.smt2	euf-online	unknown	0	UnknownReason { kind: Other, detail: "boolean skeleton outside the online CDCL(T) encoder" }
QF_NIA_b	/nas3/data/axeyum/corpus/smtlib-2024/non-incremental/non-incremental/QF_NIA/20170427-VeryMax/SAT14/687.smt2	lia-online-cdclt	unknown	0	UnknownReason { kind: Incomplete, detail: "boolean skeleton outside the online CDCL(T) LIA encoder" }
QF_NIA_b	/nas3/data/axeyum/corpus/smtlib-2024/non-incremental/non-incremental/QF_NIA/20170427-VeryMax/SAT14/687.smt2	lra-online-cdclt	unknown	0	UnknownReason { kind: Incomplete, detail: "no linear-real atoms for the online CDCL(T) LRA path" }
QF_NIA_b	/nas3/data/axeyum/corpus/smtlib-2024/non-incremental/non-incremental/QF_NIA/20170427-VeryMax/SAT14/687.smt2	abv-lazy-row	error	0	unsupported by backend: term #3 uses unsupported pure-Rust BV operator IntGe
QF_NIA_b	/nas3/data/axeyum/corpus/smtlib-2024/non-incremental/non-incremental/QF_NIA/20170427-VeryMax/SAT14/687.smt2	array-elim	error	0	unsupported by backend: term #3 uses unsupported pure-Rust BV operator IntGe
QF_NIA_b	/nas3/data/axeyum/corpus/smtlib-2024/non-incremental/non-incremental/QF_NIA/20170427-VeryMax/SAT14/687.smt2	aufbv	error	0	unsupported by backend: term #3 uses unsupported pure-Rust BV operator IntGe
QF_NIA_b	/nas3/data/axeyum/corpus/smtlib-2024/non-incremental/non-incremental/QF_NIA/20170427-VeryMax/SAT14/803.smt2	lia-dpll	error	0	unsupported by backend: lazy arithmetic: unsupported arithmetic atom: QF_LIA: nonlinear integer multiplication
QF_NIA_b	/nas3/data/axeyum/corpus/smtlib-2024/non-incremental/non-incremental/QF_NIA/20170427-VeryMax/SAT14/803.smt2	lra-dpll	unknown	7	UnknownReason { kind: EncodingBudget, detail: "estimated 164395065 CNF clauses before lowering exceeds budget 64000000 (oversized encoding refused gracefully)" }
QF_NIA_b	/nas3/data/axeyum/corpus/smtlib-2024/non-incremental/non-incremental/QF_NIA/20170427-VeryMax/SAT14/803.smt2	nra	unknown	8	UnknownReason { kind: EncodingBudget, detail: "estimated 164395065 CNF clauses before lowering exceeds budget 64000000 (oversized encoding refused gracefully)" }
QF_NIA_b	/nas3/data/axeyum/corpus/smtlib-2024/non-incremental/non-incremental/QF_NIA/20170427-VeryMax/SAT14/803.smt2	uf-arithmetic	unknown	16436	UnknownReason { kind: EncodingBudget, detail: "estimated 164395047 CNF clauses before lowering exceeds budget 64000000 (oversized encoding refused gracefully)" }
QF_NIA_b	/nas3/data/axeyum/corpus/smtlib-2024/non-incremental/non-incremental/QF_NIA/20170427-VeryMax/SAT14/803.smt2	uf-arith-lazy	unknown	16499	UnknownReason { kind: EncodingBudget, detail: "estimated 164395047 CNF clauses before lowering exceeds budget 64000000 (oversized encoding refused gracefully)" }
QF_NIA_b	/nas3/data/axeyum/corpus/smtlib-2024/non-incremental/non-incremental/QF_NIA/20170427-VeryMax/SAT14/803.smt2	uflia-online	unknown	0	UnknownReason { kind: Incomplete, detail: "too many theory atoms for the online combination boolean layer: 707 > 512" }
QF_NIA_b	/nas3/data/axeyum/corpus/smtlib-2024/non-incremental/non-incremental/QF_NIA/20170427-VeryMax/SAT14/803.smt2	uflra-online	unknown	0	UnknownReason { kind: Incomplete, detail: "boolean skeleton outside the online combination encoder" }
QF_NIA_b	/nas3/data/axeyum/corpus/smtlib-2024/non-incremental/non-incremental/QF_NIA/20170427-VeryMax/SAT14/803.smt2	ufbv-online-cdclt	error	0	unsupported by backend: online UFBV combination admits only Bool and BitVec terms
QF_NIA_b	/nas3/data/axeyum/corpus/smtlib-2024/non-incremental/non-incremental/QF_NIA/20170427-VeryMax/SAT14/803.smt2	abv-online-cdclt	error	0	unsupported by backend: online AUFBV combination admits only Bool, BitVec, and Bool/BV-component array terms
QF_NIA_b	/nas3/data/axeyum/corpus/smtlib-2024/non-incremental/non-incremental/QF_NIA/20170427-VeryMax/SAT14/803.smt2	datatype-elim	unknown	16419	UnknownReason { kind: EncodingBudget, detail: "estimated 164395047 CNF clauses before lowering exceeds budget 64000000 (oversized encoding refused gracefully)" }
QF_NIA_b	/nas3/data/axeyum/corpus/smtlib-2024/non-incremental/non-incremental/QF_NIA/20170427-VeryMax/SAT14/803.smt2	datatype-native	unknown	16552	UnknownReason { kind: EncodingBudget, detail: "estimated 164395047 CNF clauses before lowering exceeds budget 64000000 (oversized encoding refused gracefully)" }
QF_NIA_b	/nas3/data/axeyum/corpus/smtlib-2024/non-incremental/non-incremental/QF_NIA/20170427-VeryMax/SAT14/803.smt2	euf-online	unknown	0	UnknownReason { kind: Other, detail: "boolean skeleton outside the online CDCL(T) encoder" }
QF_NIA_b	/nas3/data/axeyum/corpus/smtlib-2024/non-incremental/non-incremental/QF_NIA/20170427-VeryMax/SAT14/803.smt2	lia-online-cdclt	unknown	0	UnknownReason { kind: Incomplete, detail: "boolean skeleton outside the online CDCL(T) LIA encoder" }
QF_NIA_b	/nas3/data/axeyum/corpus/smtlib-2024/non-incremental/non-incremental/QF_NIA/20170427-VeryMax/SAT14/803.smt2	lra-online-cdclt	unknown	0	UnknownReason { kind: Incomplete, detail: "no linear-real atoms for the online CDCL(T) LRA path" }
QF_NIA_b	/nas3/data/axeyum/corpus/smtlib-2024/non-incremental/non-incremental/QF_NIA/20170427-VeryMax/SAT14/803.smt2	abv-lazy-row	error	0	unsupported by backend: term #3 uses unsupported pure-Rust BV operator IntGe
QF_NIA_b	/nas3/data/axeyum/corpus/smtlib-2024/non-incremental/non-incremental/QF_NIA/20170427-VeryMax/SAT14/803.smt2	array-elim	error	0	unsupported by backend: term #3 uses unsupported pure-Rust BV operator IntGe
QF_NIA_b	/nas3/data/axeyum/corpus/smtlib-2024/non-incremental/non-incremental/QF_NIA/20170427-VeryMax/SAT14/803.smt2	aufbv	error	0	unsupported by backend: term #3 uses unsupported pure-Rust BV operator IntGe
QF_NIA_b	/nas3/data/axeyum/corpus/smtlib-2024/non-incremental/non-incremental/QF_NIA/20210219-Dartagnan/ReachSafety-Loops/array_3-1-O0.smt2	lia-dpll	parse-error	0	resource limit during ingest: `distinct` with 16525 arguments requires 136529550 pairwise expansions; deterministic limit is 65536
QF_NIA_b	/nas3/data/axeyum/corpus/smtlib-2024/non-incremental/non-incremental/QF_NIA/20210219-Dartagnan/ReachSafety-Loops/array_3-1-O0.smt2	lra-dpll	parse-error	0	resource limit during ingest: `distinct` with 16525 arguments requires 136529550 pairwise expansions; deterministic limit is 65536
QF_NIA_b	/nas3/data/axeyum/corpus/smtlib-2024/non-incremental/non-incremental/QF_NIA/20210219-Dartagnan/ReachSafety-Loops/array_3-1-O0.smt2	nra	parse-error	0	resource limit during ingest: `distinct` with 16525 arguments requires 136529550 pairwise expansions; deterministic limit is 65536
QF_NIA_b	/nas3/data/axeyum/corpus/smtlib-2024/non-incremental/non-incremental/QF_NIA/20210219-Dartagnan/ReachSafety-Loops/array_3-1-O0.smt2	uf-arithmetic	parse-error	0	resource limit during ingest: `distinct` with 16525 arguments requires 136529550 pairwise expansions; deterministic limit is 65536
QF_NIA_b	/nas3/data/axeyum/corpus/smtlib-2024/non-incremental/non-incremental/QF_NIA/20210219-Dartagnan/ReachSafety-Loops/array_3-1-O0.smt2	uf-arith-lazy	parse-error	0	resource limit during ingest: `distinct` with 16525 arguments requires 136529550 pairwise expansions; deterministic limit is 65536
QF_NIA_b	/nas3/data/axeyum/corpus/smtlib-2024/non-incremental/non-incremental/QF_NIA/20210219-Dartagnan/ReachSafety-Loops/array_3-1-O0.smt2	uflia-online	parse-error	0	resource limit during ingest: `distinct` with 16525 arguments requires 136529550 pairwise expansions; deterministic limit is 65536
QF_NIA_b	/nas3/data/axeyum/corpus/smtlib-2024/non-incremental/non-incremental/QF_NIA/20210219-Dartagnan/ReachSafety-Loops/array_3-1-O0.smt2	uflra-online	parse-error	0	resource limit during ingest: `distinct` with 16525 arguments requires 136529550 pairwise expansions; deterministic limit is 65536
QF_NIA_b	/nas3/data/axeyum/corpus/smtlib-2024/non-incremental/non-incremental/QF_NIA/20210219-Dartagnan/ReachSafety-Loops/array_3-1-O0.smt2	ufbv-online-cdclt	parse-error	0	resource limit during ingest: `distinct` with 16525 arguments requires 136529550 pairwise expansions; deterministic limit is 65536
QF_NIA_b	/nas3/data/axeyum/corpus/smtlib-2024/non-incremental/non-incremental/QF_NIA/20210219-Dartagnan/ReachSafety-Loops/array_3-1-O0.smt2	abv-online-cdclt	parse-error	0	resource limit during ingest: `distinct` with 16525 arguments requires 136529550 pairwise expansions; deterministic limit is 65536
QF_NIA_b	/nas3/data/axeyum/corpus/smtlib-2024/non-incremental/non-incremental/QF_NIA/20210219-Dartagnan/ReachSafety-Loops/array_3-1-O0.smt2	datatype-elim	parse-error	0	resource limit during ingest: `distinct` with 16525 arguments requires 136529550 pairwise expansions; deterministic limit is 65536
QF_NIA_b	/nas3/data/axeyum/corpus/smtlib-2024/non-incremental/non-incremental/QF_NIA/20210219-Dartagnan/ReachSafety-Loops/array_3-1-O0.smt2	datatype-native	parse-error	0	resource limit during ingest: `distinct` with 16525 arguments requires 136529550 pairwise expansions; deterministic limit is 65536
QF_NIA_b	/nas3/data/axeyum/corpus/smtlib-2024/non-incremental/non-incremental/QF_NIA/20210219-Dartagnan/ReachSafety-Loops/array_3-1-O0.smt2	euf-online	parse-error	0	resource limit during ingest: `distinct` with 16525 arguments requires 136529550 pairwise expansions; deterministic limit is 65536
QF_NIA_b	/nas3/data/axeyum/corpus/smtlib-2024/non-incremental/non-incremental/QF_NIA/20210219-Dartagnan/ReachSafety-Loops/array_3-1-O0.smt2	lia-online-cdclt	parse-error	0	resource limit during ingest: `distinct` with 16525 arguments requires 136529550 pairwise expansions; deterministic limit is 65536
QF_NIA_b	/nas3/data/axeyum/corpus/smtlib-2024/non-incremental/non-incremental/QF_NIA/20210219-Dartagnan/ReachSafety-Loops/array_3-1-O0.smt2	lra-online-cdclt	parse-error	0	resource limit during ingest: `distinct` with 16525 arguments requires 136529550 pairwise expansions; deterministic limit is 65536
QF_NIA_b	/nas3/data/axeyum/corpus/smtlib-2024/non-incremental/non-incremental/QF_NIA/20210219-Dartagnan/ReachSafety-Loops/array_3-1-O0.smt2	abv-lazy-row	parse-error	0	resource limit during ingest: `distinct` with 16525 arguments requires 136529550 pairwise expansions; deterministic limit is 65536
QF_NIA_b	/nas3/data/axeyum/corpus/smtlib-2024/non-incremental/non-incremental/QF_NIA/20210219-Dartagnan/ReachSafety-Loops/array_3-1-O0.smt2	array-elim	parse-error	0	resource limit during ingest: `distinct` with 16525 arguments requires 136529550 pairwise expansions; deterministic limit is 65536
QF_NIA_b	/nas3/data/axeyum/corpus/smtlib-2024/non-incremental/non-incremental/QF_NIA/20210219-Dartagnan/ReachSafety-Loops/array_3-1-O0.smt2	aufbv	parse-error	0	resource limit during ingest: `distinct` with 16525 arguments requires 136529550 pairwise expansions; deterministic limit is 65536
QF_NIA_b	/nas3/data/axeyum/corpus/smtlib-2024/non-incremental/non-incremental/QF_NIA/20210219-Dartagnan/ReachSafety-Loops/geo1-u_valuebound2-O0.smt2	lia-dpll	error	29	unsupported by backend: lazy arithmetic: unsupported arithmetic atom: QF_LIA: non-linear or non-integer subterm in a constraint
QF_NIA_b	/nas3/data/axeyum/corpus/smtlib-2024/non-incremental/non-incremental/QF_NIA/20210219-Dartagnan/ReachSafety-Loops/geo1-u_valuebound2-O0.smt2	lra-dpll	unknown	15	UnknownReason { kind: Incomplete, detail: "integer constant 4294967295 does not fit the bounded width 32; widen the bound" }
QF_NIA_b	/nas3/data/axeyum/corpus/smtlib-2024/non-incremental/non-incremental/QF_NIA/20210219-Dartagnan/ReachSafety-Loops/geo1-u_valuebound2-O0.smt2	nra	unknown	18	UnknownReason { kind: Incomplete, detail: "integer constant 4294967295 does not fit the bounded width 32; widen the bound" }
QF_NIA_b	/nas3/data/axeyum/corpus/smtlib-2024/non-incremental/non-incremental/QF_NIA/20210219-Dartagnan/ReachSafety-Loops/geo1-u_valuebound2-O0.smt2	uf-arithmetic	unknown	11418	UnknownReason { kind: Incomplete, detail: "integer constant 4294967295 does not fit the bounded width 32; widen the bound" }
QF_NIA_b	/nas3/data/axeyum/corpus/smtlib-2024/non-incremental/non-incremental/QF_NIA/20210219-Dartagnan/ReachSafety-Loops/geo1-u_valuebound2-O0.smt2	uf-arith-lazy	unknown	11292	UnknownReason { kind: Incomplete, detail: "integer constant 4294967295 does not fit the bounded width 32; widen the bound" }
QF_NIA_b	/nas3/data/axeyum/corpus/smtlib-2024/non-incremental/non-incremental/QF_NIA/20210219-Dartagnan/ReachSafety-Loops/geo1-u_valuebound2-O0.smt2	uflia-online	unknown	1	UnknownReason { kind: Incomplete, detail: "too many theory atoms for the online combination boolean layer: 5915 > 512" }
QF_NIA_b	/nas3/data/axeyum/corpus/smtlib-2024/non-incremental/non-incremental/QF_NIA/20210219-Dartagnan/ReachSafety-Loops/geo1-u_valuebound2-O0.smt2	uflra-online	unknown	1	UnknownReason { kind: Incomplete, detail: "too many theory atoms for the online combination boolean layer" }
QF_NIA_b	/nas3/data/axeyum/corpus/smtlib-2024/non-incremental/non-incremental/QF_NIA/20210219-Dartagnan/ReachSafety-Loops/geo1-u_valuebound2-O0.smt2	ufbv-online-cdclt	unknown	0	UnknownReason { kind: NodeBudget, detail: "online UFBV input has 22047 DAG nodes, exceeding the admission cap of 16384" }
QF_NIA_b	/nas3/data/axeyum/corpus/smtlib-2024/non-incremental/non-incremental/QF_NIA/20210219-Dartagnan/ReachSafety-Loops/geo1-u_valuebound2-O0.smt2	abv-online-cdclt	unknown	1	UnknownReason { kind: NodeBudget, detail: "online UFBV input has 22047 DAG nodes, exceeding the admission cap of 16384" }
QF_NIA_b	/nas3/data/axeyum/corpus/smtlib-2024/non-incremental/non-incremental/QF_NIA/20210219-Dartagnan/ReachSafety-Loops/geo1-u_valuebound2-O0.smt2	datatype-elim	unknown	11439	UnknownReason { kind: Incomplete, detail: "integer constant 4294967295 does not fit the bounded width 32; widen the bound" }
QF_NIA_b	/nas3/data/axeyum/corpus/smtlib-2024/non-incremental/non-incremental/QF_NIA/20210219-Dartagnan/ReachSafety-Loops/geo1-u_valuebound2-O0.smt2	datatype-native	unknown	11841	UnknownReason { kind: Incomplete, detail: "integer constant 4294967295 does not fit the bounded width 32; widen the bound" }
QF_NIA_b	/nas3/data/axeyum/corpus/smtlib-2024/non-incremental/non-incremental/QF_NIA/20210219-Dartagnan/ReachSafety-Loops/geo1-u_valuebound2-O0.smt2	euf-online	unknown	1	UnknownReason { kind: Other, detail: "boolean skeleton outside the online CDCL(T) encoder" }
QF_NIA_b	/nas3/data/axeyum/corpus/smtlib-2024/non-incremental/non-incremental/QF_NIA/20210219-Dartagnan/ReachSafety-Loops/geo1-u_valuebound2-O0.smt2	lia-online-cdclt	unknown	2	UnknownReason { kind: Incomplete, detail: "boolean skeleton outside the online CDCL(T) LIA encoder" }
QF_NIA_b	/nas3/data/axeyum/corpus/smtlib-2024/non-incremental/non-incremental/QF_NIA/20210219-Dartagnan/ReachSafety-Loops/geo1-u_valuebound2-O0.smt2	lra-online-cdclt	unknown	1	UnknownReason { kind: Incomplete, detail: "no linear-real atoms for the online CDCL(T) LRA path" }
QF_NIA_b	/nas3/data/axeyum/corpus/smtlib-2024/non-incremental/non-incremental/QF_NIA/20210219-Dartagnan/ReachSafety-Loops/geo1-u_valuebound2-O0.smt2	abv-lazy-row	error	2	unsupported by backend: term #16984 uses unsupported pure-Rust BV operator IntAdd
QF_NIA_b	/nas3/data/axeyum/corpus/smtlib-2024/non-incremental/non-incremental/QF_NIA/20210219-Dartagnan/ReachSafety-Loops/geo1-u_valuebound2-O0.smt2	array-elim	error	1	unsupported by backend: term #16984 uses unsupported pure-Rust BV operator IntAdd
QF_NIA_b	/nas3/data/axeyum/corpus/smtlib-2024/non-incremental/non-incremental/QF_NIA/20210219-Dartagnan/ReachSafety-Loops/geo1-u_valuebound2-O0.smt2	aufbv	error	2	unsupported by backend: term #16984 uses unsupported pure-Rust BV operator IntAdd
QF_NIA_b	/nas3/data/axeyum/corpus/smtlib-2024/non-incremental/non-incremental/QF_NIA/20210219-Dartagnan/ReachSafety-Loops/ps2-ll_unwindbound50-O0.smt2	lia-dpll	error	71	unsupported by backend: lazy arithmetic: unsupported arithmetic atom: QF_LIA: non-linear or non-integer subterm in a constraint
QF_NIA_b	/nas3/data/axeyum/corpus/smtlib-2024/non-incremental/non-incremental/QF_NIA/20210219-Dartagnan/ReachSafety-Loops/ps2-ll_unwindbound50-O0.smt2	lra-dpll	unknown	2003	UnknownReason { kind: Incomplete, detail: "no model within the bounded integer width 32; widen the bound" }
QF_NIA_b	/nas3/data/axeyum/corpus/smtlib-2024/non-incremental/non-incremental/QF_NIA/20210219-Dartagnan/ReachSafety-Loops/ps2-ll_unwindbound50-O0.smt2	nra	unknown	1867	UnknownReason { kind: Incomplete, detail: "no model within the bounded integer width 32; widen the bound" }
QF_NIA_b	/nas3/data/axeyum/corpus/smtlib-2024/non-incremental/non-incremental/QF_NIA/20210219-Dartagnan/ReachSafety-Loops/ps2-ll_unwindbound50-O0.smt2	uf-arithmetic	unknown	17350	UnknownReason { kind: Incomplete, detail: "no model within the bounded integer width 32; widen the bound" }
QF_NIA_b	/nas3/data/axeyum/corpus/smtlib-2024/non-incremental/non-incremental/QF_NIA/20210219-Dartagnan/ReachSafety-Loops/ps2-ll_unwindbound50-O0.smt2	uf-arith-lazy	unknown	17665	UnknownReason { kind: Incomplete, detail: "no model within the bounded integer width 32; widen the bound" }
QF_NIA_b	/nas3/data/axeyum/corpus/smtlib-2024/non-incremental/non-incremental/QF_NIA/20210219-Dartagnan/ReachSafety-Loops/ps2-ll_unwindbound50-O0.smt2	uflia-online	unknown	3	UnknownReason { kind: Incomplete, detail: "too many theory atoms for the online combination boolean layer: 13180 > 512" }
QF_NIA_b	/nas3/data/axeyum/corpus/smtlib-2024/non-incremental/non-incremental/QF_NIA/20210219-Dartagnan/ReachSafety-Loops/ps2-ll_unwindbound50-O0.smt2	uflra-online	unknown	2	UnknownReason { kind: Incomplete, detail: "too many theory atoms for the online combination boolean layer" }
QF_NIA_b	/nas3/data/axeyum/corpus/smtlib-2024/non-incremental/non-incremental/QF_NIA/20210219-Dartagnan/ReachSafety-Loops/ps2-ll_unwindbound50-O0.smt2	ufbv-online-cdclt	unknown	2	UnknownReason { kind: NodeBudget, detail: "online UFBV input has 42302 DAG nodes, exceeding the admission cap of 16384" }
QF_NIA_b	/nas3/data/axeyum/corpus/smtlib-2024/non-incremental/non-incremental/QF_NIA/20210219-Dartagnan/ReachSafety-Loops/ps2-ll_unwindbound50-O0.smt2	abv-online-cdclt	unknown	3	UnknownReason { kind: NodeBudget, detail: "online UFBV input has 42302 DAG nodes, exceeding the admission cap of 16384" }
QF_NIA_b	/nas3/data/axeyum/corpus/smtlib-2024/non-incremental/non-incremental/QF_NIA/20210219-Dartagnan/ReachSafety-Loops/ps2-ll_unwindbound50-O0.smt2	datatype-elim	unknown	18104	UnknownReason { kind: Incomplete, detail: "no model within the bounded integer width 32; widen the bound" }
QF_NIA_b	/nas3/data/axeyum/corpus/smtlib-2024/non-incremental/non-incremental/QF_NIA/20210219-Dartagnan/ReachSafety-Loops/ps2-ll_unwindbound50-O0.smt2	datatype-native	unknown	17842	UnknownReason { kind: Incomplete, detail: "no model within the bounded integer width 32; widen the bound" }
QF_NIA_b	/nas3/data/axeyum/corpus/smtlib-2024/non-incremental/non-incremental/QF_NIA/20210219-Dartagnan/ReachSafety-Loops/ps2-ll_unwindbound50-O0.smt2	euf-online	unknown	2	UnknownReason { kind: Other, detail: "boolean skeleton outside the online CDCL(T) encoder" }
QF_NIA_b	/nas3/data/axeyum/corpus/smtlib-2024/non-incremental/non-incremental/QF_NIA/20210219-Dartagnan/ReachSafety-Loops/ps2-ll_unwindbound50-O0.smt2	lia-online-cdclt	unknown	14	UnknownReason { kind: Incomplete, detail: "boolean skeleton outside the online CDCL(T) LIA encoder" }
QF_NIA_b	/nas3/data/axeyum/corpus/smtlib-2024/non-incremental/non-incremental/QF_NIA/20210219-Dartagnan/ReachSafety-Loops/ps2-ll_unwindbound50-O0.smt2	lra-online-cdclt	unknown	1	UnknownReason { kind: Incomplete, detail: "no linear-real atoms for the online CDCL(T) LRA path" }
QF_NIA_b	/nas3/data/axeyum/corpus/smtlib-2024/non-incremental/non-incremental/QF_NIA/20210219-Dartagnan/ReachSafety-Loops/ps2-ll_unwindbound50-O0.smt2	abv-lazy-row	error	4	unsupported by backend: term #38354 uses unsupported pure-Rust BV operator IntAdd
QF_NIA_b	/nas3/data/axeyum/corpus/smtlib-2024/non-incremental/non-incremental/QF_NIA/20210219-Dartagnan/ReachSafety-Loops/ps2-ll_unwindbound50-O0.smt2	array-elim	error	3	unsupported by backend: term #38354 uses unsupported pure-Rust BV operator IntAdd
QF_NIA_b	/nas3/data/axeyum/corpus/smtlib-2024/non-incremental/non-incremental/QF_NIA/20210219-Dartagnan/ReachSafety-Loops/ps2-ll_unwindbound50-O0.smt2	aufbv	error	4	unsupported by backend: term #38354 uses unsupported pure-Rust BV operator IntAdd
QF_NIA_b	/nas3/data/axeyum/corpus/smtlib-2024/non-incremental/non-incremental/QF_NIA/AProVE/aproveSMT4687047739446499948.smt2	lia-dpll	error	0	unsupported by backend: lazy arithmetic: unsupported arithmetic atom: QF_LIA: nonlinear integer multiplication
QF_NIA_b	/nas3/data/axeyum/corpus/smtlib-2024/non-incremental/non-incremental/QF_NIA/AProVE/aproveSMT4687047739446499948.smt2	lra-dpll	unknown	1189	UnknownReason { kind: Incomplete, detail: "bounded integer model overflowed at width 32 (assertion #276 is false over exact semantics); widen the bound" }
QF_NIA_b	/nas3/data/axeyum/corpus/smtlib-2024/non-incremental/non-incremental/QF_NIA/AProVE/aproveSMT4687047739446499948.smt2	nra	unknown	1161	UnknownReason { kind: Incomplete, detail: "bounded integer model overflowed at width 32 (assertion #276 is false over exact semantics); widen the bound" }
QF_NIA_b	/nas3/data/axeyum/corpus/smtlib-2024/non-incremental/non-incremental/QF_NIA/AProVE/aproveSMT4687047739446499948.smt2	uf-arithmetic	unknown	12180	UnknownReason { kind: Incomplete, detail: "bounded integer model overflowed at width 32 (assertion #620 is false over exact semantics); widen the bound" }
QF_NIA_b	/nas3/data/axeyum/corpus/smtlib-2024/non-incremental/non-incremental/QF_NIA/AProVE/aproveSMT4687047739446499948.smt2	uf-arith-lazy	unknown	12251	UnknownReason { kind: Incomplete, detail: "bounded integer model overflowed at width 32 (assertion #624 is false over exact semantics); widen the bound" }
QF_NIA_b	/nas3/data/axeyum/corpus/smtlib-2024/non-incremental/non-incremental/QF_NIA/AProVE/aproveSMT4687047739446499948.smt2	uflia-online	unknown	0	UnknownReason { kind: Incomplete, detail: "boolean skeleton outside the online combination encoder: unsupported Boolean op IntGe with 2 args" }
QF_NIA_b	/nas3/data/axeyum/corpus/smtlib-2024/non-incremental/non-incremental/QF_NIA/AProVE/aproveSMT4687047739446499948.smt2	uflra-online	unknown	0	UnknownReason { kind: Incomplete, detail: "boolean skeleton outside the online combination encoder" }
QF_NIA_b	/nas3/data/axeyum/corpus/smtlib-2024/non-incremental/non-incremental/QF_NIA/AProVE/aproveSMT4687047739446499948.smt2	ufbv-online-cdclt	error	0	unsupported by backend: online UFBV combination admits only Bool and BitVec terms
QF_NIA_b	/nas3/data/axeyum/corpus/smtlib-2024/non-incremental/non-incremental/QF_NIA/AProVE/aproveSMT4687047739446499948.smt2	abv-online-cdclt	error	0	unsupported by backend: online AUFBV combination admits only Bool, BitVec, and Bool/BV-component array terms
QF_NIA_b	/nas3/data/axeyum/corpus/smtlib-2024/non-incremental/non-incremental/QF_NIA/AProVE/aproveSMT4687047739446499948.smt2	datatype-elim	unknown	11878	UnknownReason { kind: Incomplete, detail: "bounded integer model overflowed at width 32 (assertion #620 is false over exact semantics); widen the bound" }
QF_NIA_b	/nas3/data/axeyum/corpus/smtlib-2024/non-incremental/non-incremental/QF_NIA/AProVE/aproveSMT4687047739446499948.smt2	datatype-native	unknown	12041	UnknownReason { kind: Incomplete, detail: "bounded integer model overflowed at width 32 (assertion #620 is false over exact semantics); widen the bound" }
QF_NIA_b	/nas3/data/axeyum/corpus/smtlib-2024/non-incremental/non-incremental/QF_NIA/AProVE/aproveSMT4687047739446499948.smt2	euf-online	unknown	0	UnknownReason { kind: Other, detail: "boolean skeleton outside the online CDCL(T) encoder" }
QF_NIA_b	/nas3/data/axeyum/corpus/smtlib-2024/non-incremental/non-incremental/QF_NIA/AProVE/aproveSMT4687047739446499948.smt2	lia-online-cdclt	unknown	1	UnknownReason { kind: Incomplete, detail: "online CDCL(T) LIA model did not replay (arithmetic outside the incremental engine)" }
QF_NIA_b	/nas3/data/axeyum/corpus/smtlib-2024/non-incremental/non-incremental/QF_NIA/AProVE/aproveSMT4687047739446499948.smt2	lra-online-cdclt	unknown	0	UnknownReason { kind: Incomplete, detail: "no linear-real atoms for the online CDCL(T) LRA path" }
QF_NIA_b	/nas3/data/axeyum/corpus/smtlib-2024/non-incremental/non-incremental/QF_NIA/AProVE/aproveSMT4687047739446499948.smt2	abv-lazy-row	error	0	unsupported by backend: term #6 uses unsupported pure-Rust BV operator IntGe
QF_NIA_b	/nas3/data/axeyum/corpus/smtlib-2024/non-incremental/non-incremental/QF_NIA/AProVE/aproveSMT4687047739446499948.smt2	array-elim	error	0	unsupported by backend: term #6 uses unsupported pure-Rust BV operator IntGe
QF_NIA_b	/nas3/data/axeyum/corpus/smtlib-2024/non-incremental/non-incremental/QF_NIA/AProVE/aproveSMT4687047739446499948.smt2	aufbv	error	0	unsupported by backend: term #6 uses unsupported pure-Rust BV operator IntGe
QF_NIA_b	/nas3/data/axeyum/corpus/smtlib-2024/non-incremental/non-incremental/QF_NIA/AProVE/aproveSMT5048239408100334127.smt2	lia-dpll	error	0	unsupported by backend: lazy arithmetic: unsupported arithmetic atom: QF_LIA: nonlinear integer multiplication
QF_NIA_b	/nas3/data/axeyum/corpus/smtlib-2024/non-incremental/non-incremental/QF_NIA/AProVE/aproveSMT5048239408100334127.smt2	lra-dpll	unknown	3034	UnknownReason { kind: Incomplete, detail: "bounded integer model overflowed at width 32 (assertion #418 is false over exact semantics); widen the bound" }
QF_NIA_b	/nas3/data/axeyum/corpus/smtlib-2024/non-incremental/non-incremental/QF_NIA/AProVE/aproveSMT5048239408100334127.smt2	nra	unknown	3032	UnknownReason { kind: Incomplete, detail: "bounded integer model overflowed at width 32 (assertion #418 is false over exact semantics); widen the bound" }
QF_NIA_b	/nas3/data/axeyum/corpus/smtlib-2024/non-incremental/non-incremental/QF_NIA/AProVE/aproveSMT5048239408100334127.smt2	uf-arithmetic	unknown	17591	UnknownReason { kind: Incomplete, detail: "bounded integer model overflowed at width 32 (assertion #797 is false over exact semantics); widen the bound" }
QF_NIA_b	/nas3/data/axeyum/corpus/smtlib-2024/non-incremental/non-incremental/QF_NIA/AProVE/aproveSMT5048239408100334127.smt2	uf-arith-lazy	unknown	16982	UnknownReason { kind: Incomplete, detail: "bounded integer model overflowed at width 32 (assertion #801 is false over exact semantics); widen the bound" }
QF_NIA_b	/nas3/data/axeyum/corpus/smtlib-2024/non-incremental/non-incremental/QF_NIA/AProVE/aproveSMT5048239408100334127.smt2	uflia-online	unknown	0	UnknownReason { kind: Incomplete, detail: "boolean skeleton outside the online combination encoder: unsupported Boolean op IntGe with 2 args" }
QF_NIA_b	/nas3/data/axeyum/corpus/smtlib-2024/non-incremental/non-incremental/QF_NIA/AProVE/aproveSMT5048239408100334127.smt2	uflra-online	unknown	0	UnknownReason { kind: Incomplete, detail: "boolean skeleton outside the online combination encoder" }
QF_NIA_b	/nas3/data/axeyum/corpus/smtlib-2024/non-incremental/non-incremental/QF_NIA/AProVE/aproveSMT5048239408100334127.smt2	ufbv-online-cdclt	error	0	unsupported by backend: online UFBV combination admits only Bool and BitVec terms
QF_NIA_b	/nas3/data/axeyum/corpus/smtlib-2024/non-incremental/non-incremental/QF_NIA/AProVE/aproveSMT5048239408100334127.smt2	abv-online-cdclt	error	0	unsupported by backend: online AUFBV combination admits only Bool, BitVec, and Bool/BV-component array terms
QF_NIA_b	/nas3/data/axeyum/corpus/smtlib-2024/non-incremental/non-incremental/QF_NIA/AProVE/aproveSMT5048239408100334127.smt2	datatype-elim	unknown	17165	UnknownReason { kind: Incomplete, detail: "bounded integer model overflowed at width 32 (assertion #797 is false over exact semantics); widen the bound" }
QF_NIA_b	/nas3/data/axeyum/corpus/smtlib-2024/non-incremental/non-incremental/QF_NIA/AProVE/aproveSMT5048239408100334127.smt2	datatype-native	unknown	17742	UnknownReason { kind: Incomplete, detail: "bounded integer model overflowed at width 32 (assertion #797 is false over exact semantics); widen the bound" }
QF_NIA_b	/nas3/data/axeyum/corpus/smtlib-2024/non-incremental/non-incremental/QF_NIA/AProVE/aproveSMT5048239408100334127.smt2	euf-online	unknown	0	UnknownReason { kind: Other, detail: "boolean skeleton outside the online CDCL(T) encoder" }
QF_NIA_b	/nas3/data/axeyum/corpus/smtlib-2024/non-incremental/non-incremental/QF_NIA/AProVE/aproveSMT5048239408100334127.smt2	lia-online-cdclt	unknown	1	UnknownReason { kind: Incomplete, detail: "online CDCL(T) LIA model did not replay (arithmetic outside the incremental engine)" }
QF_NIA_b	/nas3/data/axeyum/corpus/smtlib-2024/non-incremental/non-incremental/QF_NIA/AProVE/aproveSMT5048239408100334127.smt2	lra-online-cdclt	unknown	0	UnknownReason { kind: Incomplete, detail: "no linear-real atoms for the online CDCL(T) LRA path" }
QF_NIA_b	/nas3/data/axeyum/corpus/smtlib-2024/non-incremental/non-incremental/QF_NIA/AProVE/aproveSMT5048239408100334127.smt2	abv-lazy-row	error	0	unsupported by backend: term #6 uses unsupported pure-Rust BV operator IntGe
QF_NIA_b	/nas3/data/axeyum/corpus/smtlib-2024/non-incremental/non-incremental/QF_NIA/AProVE/aproveSMT5048239408100334127.smt2	array-elim	error	0	unsupported by backend: term #6 uses unsupported pure-Rust BV operator IntGe
QF_NIA_b	/nas3/data/axeyum/corpus/smtlib-2024/non-incremental/non-incremental/QF_NIA/AProVE/aproveSMT5048239408100334127.smt2	aufbv	error	0	unsupported by backend: term #6 uses unsupported pure-Rust BV operator IntGe
QF_NIA_b	/nas3/data/axeyum/corpus/smtlib-2024/non-incremental/non-incremental/QF_NIA/AProVE/aproveSMT6461796824751951221.smt2	lia-dpll	error	0	unsupported by backend: lazy arithmetic: unsupported arithmetic atom: QF_LIA: nonlinear integer multiplication
QF_NIA_b	/nas3/data/axeyum/corpus/smtlib-2024/non-incremental/non-incremental/QF_NIA/AProVE/aproveSMT6461796824751951221.smt2	lra-dpll	unknown	26765	UnknownReason { kind: Timeout, detail: "combined-theory timeout after scalar backend" }
QF_NIA_b	/nas3/data/axeyum/corpus/smtlib-2024/non-incremental/non-incremental/QF_NIA/AProVE/aproveSMT6461796824751951221.smt2	nra	unknown	27736	UnknownReason { kind: Timeout, detail: "combined-theory timeout after scalar backend" }
QF_NIA_b	/nas3/data/axeyum/corpus/smtlib-2024/non-incremental/non-incremental/QF_NIA/AProVE/aproveSMT6461796824751951221.smt2	uf-arithmetic	unknown	24141	UnknownReason { kind: Timeout, detail: "preprocessed dispatch timeout after reduced solve" }
QF_NIA_b	/nas3/data/axeyum/corpus/smtlib-2024/non-incremental/non-incremental/QF_NIA/AProVE/aproveSMT6461796824751951221.smt2	uf-arith-lazy	unknown	24220	UnknownReason { kind: Timeout, detail: "preprocessed dispatch timeout after reduced solve" }
QF_NIA_b	/nas3/data/axeyum/corpus/smtlib-2024/non-incremental/non-incremental/QF_NIA/AProVE/aproveSMT6461796824751951221.smt2	uflia-online	unknown	0	UnknownReason { kind: Incomplete, detail: "boolean skeleton outside the online combination encoder: unsupported Boolean op IntGe with 2 args" }
QF_NIA_b	/nas3/data/axeyum/corpus/smtlib-2024/non-incremental/non-incremental/QF_NIA/AProVE/aproveSMT6461796824751951221.smt2	uflra-online	unknown	0	UnknownReason { kind: Incomplete, detail: "boolean skeleton outside the online combination encoder" }
QF_NIA_b	/nas3/data/axeyum/corpus/smtlib-2024/non-incremental/non-incremental/QF_NIA/AProVE/aproveSMT6461796824751951221.smt2	ufbv-online-cdclt	error	0	unsupported by backend: online UFBV combination admits only Bool and BitVec terms
QF_NIA_b	/nas3/data/axeyum/corpus/smtlib-2024/non-incremental/non-incremental/QF_NIA/AProVE/aproveSMT6461796824751951221.smt2	abv-online-cdclt	error	0	unsupported by backend: online AUFBV combination admits only Bool, BitVec, and Bool/BV-component array terms
QF_NIA_b	/nas3/data/axeyum/corpus/smtlib-2024/non-incremental/non-incremental/QF_NIA/AProVE/aproveSMT6461796824751951221.smt2	datatype-elim	unknown	24256	UnknownReason { kind: Timeout, detail: "preprocessed dispatch timeout after reduced solve" }
QF_NIA_b	/nas3/data/axeyum/corpus/smtlib-2024/non-incremental/non-incremental/QF_NIA/AProVE/aproveSMT6461796824751951221.smt2	datatype-native	unknown	24261	UnknownReason { kind: Timeout, detail: "preprocessed dispatch timeout after reduced solve" }
QF_NIA_b	/nas3/data/axeyum/corpus/smtlib-2024/non-incremental/non-incremental/QF_NIA/AProVE/aproveSMT6461796824751951221.smt2	euf-online	unknown	0	UnknownReason { kind: Other, detail: "boolean skeleton outside the online CDCL(T) encoder" }
QF_NIA_b	/nas3/data/axeyum/corpus/smtlib-2024/non-incremental/non-incremental/QF_NIA/AProVE/aproveSMT6461796824751951221.smt2	lia-online-cdclt	unknown	17	UnknownReason { kind: Incomplete, detail: "online CDCL(T) LIA model did not replay (arithmetic outside the incremental engine)" }
QF_NIA_b	/nas3/data/axeyum/corpus/smtlib-2024/non-incremental/non-incremental/QF_NIA/AProVE/aproveSMT6461796824751951221.smt2	lra-online-cdclt	unknown	0	UnknownReason { kind: Incomplete, detail: "no linear-real atoms for the online CDCL(T) LRA path" }
QF_NIA_b	/nas3/data/axeyum/corpus/smtlib-2024/non-incremental/non-incremental/QF_NIA/AProVE/aproveSMT6461796824751951221.smt2	abv-lazy-row	error	0	unsupported by backend: term #6 uses unsupported pure-Rust BV operator IntGe
QF_NIA_b	/nas3/data/axeyum/corpus/smtlib-2024/non-incremental/non-incremental/QF_NIA/AProVE/aproveSMT6461796824751951221.smt2	array-elim	error	0	unsupported by backend: term #6 uses unsupported pure-Rust BV operator IntGe
QF_NIA_b	/nas3/data/axeyum/corpus/smtlib-2024/non-incremental/non-incremental/QF_NIA/AProVE/aproveSMT6461796824751951221.smt2	aufbv	error	0	unsupported by backend: term #6 uses unsupported pure-Rust BV operator IntGe
QF_NIA_b	/nas3/data/axeyum/corpus/smtlib-2024/non-incremental/non-incremental/QF_NIA/AProVE/aproveSMT7795667227375240089.smt2	lia-dpll	error	0	unsupported by backend: lazy arithmetic: unsupported arithmetic atom: QF_LIA: nonlinear integer multiplication
QF_NIA_b	/nas3/data/axeyum/corpus/smtlib-2024/non-incremental/non-incremental/QF_NIA/AProVE/aproveSMT7795667227375240089.smt2	lra-dpll	unknown	6002	UnknownReason { kind: Incomplete, detail: "bounded integer model overflowed at width 32 (assertion #175 is false over exact semantics); widen the bound" }
QF_NIA_b	/nas3/data/axeyum/corpus/smtlib-2024/non-incremental/non-incremental/QF_NIA/AProVE/aproveSMT7795667227375240089.smt2	nra	unknown	5916	UnknownReason { kind: Incomplete, detail: "bounded integer model overflowed at width 32 (assertion #175 is false over exact semantics); widen the bound" }
QF_NIA_b	/nas3/data/axeyum/corpus/smtlib-2024/non-incremental/non-incremental/QF_NIA/AProVE/aproveSMT7795667227375240089.smt2	uf-arithmetic	unknown	12599	UnknownReason { kind: Incomplete, detail: "bounded integer model overflowed at width 32 (assertion #323 is false over exact semantics); widen the bound" }
QF_NIA_b	/nas3/data/axeyum/corpus/smtlib-2024/non-incremental/non-incremental/QF_NIA/AProVE/aproveSMT7795667227375240089.smt2	uf-arith-lazy	unknown	12376	UnknownReason { kind: Incomplete, detail: "bounded integer model overflowed at width 32 (assertion #327 is false over exact semantics); widen the bound" }
QF_NIA_b	/nas3/data/axeyum/corpus/smtlib-2024/non-incremental/non-incremental/QF_NIA/AProVE/aproveSMT7795667227375240089.smt2	uflia-online	unknown	0	UnknownReason { kind: Incomplete, detail: "boolean skeleton outside the online combination encoder: unsupported Boolean op IntGe with 2 args" }
QF_NIA_b	/nas3/data/axeyum/corpus/smtlib-2024/non-incremental/non-incremental/QF_NIA/AProVE/aproveSMT7795667227375240089.smt2	uflra-online	unknown	0	UnknownReason { kind: Incomplete, detail: "boolean skeleton outside the online combination encoder" }
QF_NIA_b	/nas3/data/axeyum/corpus/smtlib-2024/non-incremental/non-incremental/QF_NIA/AProVE/aproveSMT7795667227375240089.smt2	ufbv-online-cdclt	error	0	unsupported by backend: online UFBV combination admits only Bool and BitVec terms
QF_NIA_b	/nas3/data/axeyum/corpus/smtlib-2024/non-incremental/non-incremental/QF_NIA/AProVE/aproveSMT7795667227375240089.smt2	abv-online-cdclt	error	0	unsupported by backend: online AUFBV combination admits only Bool, BitVec, and Bool/BV-component array terms
QF_NIA_b	/nas3/data/axeyum/corpus/smtlib-2024/non-incremental/non-incremental/QF_NIA/AProVE/aproveSMT7795667227375240089.smt2	datatype-elim	unknown	12097	UnknownReason { kind: Incomplete, detail: "bounded integer model overflowed at width 32 (assertion #323 is false over exact semantics); widen the bound" }
QF_NIA_b	/nas3/data/axeyum/corpus/smtlib-2024/non-incremental/non-incremental/QF_NIA/AProVE/aproveSMT7795667227375240089.smt2	datatype-native	unknown	12152	UnknownReason { kind: Incomplete, detail: "bounded integer model overflowed at width 32 (assertion #323 is false over exact semantics); widen the bound" }
QF_NIA_b	/nas3/data/axeyum/corpus/smtlib-2024/non-incremental/non-incremental/QF_NIA/AProVE/aproveSMT7795667227375240089.smt2	euf-online	unknown	0	UnknownReason { kind: Other, detail: "boolean skeleton outside the online CDCL(T) encoder" }
QF_NIA_b	/nas3/data/axeyum/corpus/smtlib-2024/non-incremental/non-incremental/QF_NIA/AProVE/aproveSMT7795667227375240089.smt2	lia-online-cdclt	unknown	0	UnknownReason { kind: Incomplete, detail: "online CDCL(T) LIA model did not replay (arithmetic outside the incremental engine)" }
QF_NIA_b	/nas3/data/axeyum/corpus/smtlib-2024/non-incremental/non-incremental/QF_NIA/AProVE/aproveSMT7795667227375240089.smt2	lra-online-cdclt	unknown	0	UnknownReason { kind: Incomplete, detail: "no linear-real atoms for the online CDCL(T) LRA path" }
QF_NIA_b	/nas3/data/axeyum/corpus/smtlib-2024/non-incremental/non-incremental/QF_NIA/AProVE/aproveSMT7795667227375240089.smt2	abv-lazy-row	error	0	unsupported by backend: term #6 uses unsupported pure-Rust BV operator IntGe
QF_NIA_b	/nas3/data/axeyum/corpus/smtlib-2024/non-incremental/non-incremental/QF_NIA/AProVE/aproveSMT7795667227375240089.smt2	array-elim	error	0	unsupported by backend: term #6 uses unsupported pure-Rust BV operator IntGe
QF_NIA_b	/nas3/data/axeyum/corpus/smtlib-2024/non-incremental/non-incremental/QF_NIA/AProVE/aproveSMT7795667227375240089.smt2	aufbv	error	0	unsupported by backend: term #6 uses unsupported pure-Rust BV operator IntGe
QF_NIA_b	/nas3/data/axeyum/corpus/smtlib-2024/non-incremental/non-incremental/QF_NIA/UltimateLassoRanker/LarrazOliverasRodriguez-CarbonellRubio-2013FMCAD-Fig1-alloca_unknown-termination.c.i_Iteration6_Lasso+nonterminationTemplate.smt2	lia-dpll	error	33	unsupported by backend: lazy arithmetic: unsupported arithmetic atom: QF_LIA: nonlinear integer multiplication
QF_NIA_b	/nas3/data/axeyum/corpus/smtlib-2024/non-incremental/non-incremental/QF_NIA/UltimateLassoRanker/LarrazOliverasRodriguez-CarbonellRubio-2013FMCAD-Fig1-alloca_unknown-termination.c.i_Iteration6_Lasso+nonterminationTemplate.smt2	lra-dpll	unknown	24198	UnknownReason { kind: Timeout, detail: "combined-theory timeout after scalar backend" }
QF_NIA_b	/nas3/data/axeyum/corpus/smtlib-2024/non-incremental/non-incremental/QF_NIA/UltimateLassoRanker/LarrazOliverasRodriguez-CarbonellRubio-2013FMCAD-Fig1-alloca_unknown-termination.c.i_Iteration6_Lasso+nonterminationTemplate.smt2	nra	unknown	24154	UnknownReason { kind: Timeout, detail: "combined-theory timeout after scalar backend" }
QF_NIA_b	/nas3/data/axeyum/corpus/smtlib-2024/non-incremental/non-incremental/QF_NIA/UltimateLassoRanker/LarrazOliverasRodriguez-CarbonellRubio-2013FMCAD-Fig1-alloca_unknown-termination.c.i_Iteration6_Lasso+nonterminationTemplate.smt2	uf-arithmetic	unknown	24079	UnknownReason { kind: Timeout, detail: "preprocessed dispatch timeout after reduced solve" }
QF_NIA_b	/nas3/data/axeyum/corpus/smtlib-2024/non-incremental/non-incremental/QF_NIA/UltimateLassoRanker/LarrazOliverasRodriguez-CarbonellRubio-2013FMCAD-Fig1-alloca_unknown-termination.c.i_Iteration6_Lasso+nonterminationTemplate.smt2	uf-arith-lazy	unknown	24121	UnknownReason { kind: Timeout, detail: "preprocessed dispatch timeout after reduced solve" }
QF_NIA_b	/nas3/data/axeyum/corpus/smtlib-2024/non-incremental/non-incremental/QF_NIA/UltimateLassoRanker/LarrazOliverasRodriguez-CarbonellRubio-2013FMCAD-Fig1-alloca_unknown-termination.c.i_Iteration6_Lasso+nonterminationTemplate.smt2	uflia-online	unknown	1	UnknownReason { kind: Incomplete, detail: "boolean skeleton outside the online combination encoder: unsupported Boolean op IntGe with 2 args" }
QF_NIA_b	/nas3/data/axeyum/corpus/smtlib-2024/non-incremental/non-incremental/QF_NIA/UltimateLassoRanker/LarrazOliverasRodriguez-CarbonellRubio-2013FMCAD-Fig1-alloca_unknown-termination.c.i_Iteration6_Lasso+nonterminationTemplate.smt2	uflra-online	unknown	0	UnknownReason { kind: Incomplete, detail: "too many theory atoms for the online combination boolean layer" }
QF_NIA_b	/nas3/data/axeyum/corpus/smtlib-2024/non-incremental/non-incremental/QF_NIA/UltimateLassoRanker/LarrazOliverasRodriguez-CarbonellRubio-2013FMCAD-Fig1-alloca_unknown-termination.c.i_Iteration6_Lasso+nonterminationTemplate.smt2	ufbv-online-cdclt	error	0	unsupported by backend: online UFBV combination admits only Bool and BitVec terms
QF_NIA_b	/nas3/data/axeyum/corpus/smtlib-2024/non-incremental/non-incremental/QF_NIA/UltimateLassoRanker/LarrazOliverasRodriguez-CarbonellRubio-2013FMCAD-Fig1-alloca_unknown-termination.c.i_Iteration6_Lasso+nonterminationTemplate.smt2	abv-online-cdclt	error	0	unsupported by backend: online AUFBV combination admits only Bool, BitVec, and Bool/BV-component array terms
QF_NIA_b	/nas3/data/axeyum/corpus/smtlib-2024/non-incremental/non-incremental/QF_NIA/UltimateLassoRanker/LarrazOliverasRodriguez-CarbonellRubio-2013FMCAD-Fig1-alloca_unknown-termination.c.i_Iteration6_Lasso+nonterminationTemplate.smt2	datatype-elim	unknown	24061	UnknownReason { kind: Timeout, detail: "preprocessed dispatch timeout after reduced solve" }
QF_NIA_b	/nas3/data/axeyum/corpus/smtlib-2024/non-incremental/non-incremental/QF_NIA/UltimateLassoRanker/LarrazOliverasRodriguez-CarbonellRubio-2013FMCAD-Fig1-alloca_unknown-termination.c.i_Iteration6_Lasso+nonterminationTemplate.smt2	datatype-native	unknown	24074	UnknownReason { kind: Timeout, detail: "preprocessed dispatch timeout after reduced solve" }
QF_NIA_b	/nas3/data/axeyum/corpus/smtlib-2024/non-incremental/non-incremental/QF_NIA/UltimateLassoRanker/LarrazOliverasRodriguez-CarbonellRubio-2013FMCAD-Fig1-alloca_unknown-termination.c.i_Iteration6_Lasso+nonterminationTemplate.smt2	euf-online	unknown	0	UnknownReason { kind: Other, detail: "boolean skeleton outside the online CDCL(T) encoder" }
QF_NIA_b	/nas3/data/axeyum/corpus/smtlib-2024/non-incremental/non-incremental/QF_NIA/UltimateLassoRanker/LarrazOliverasRodriguez-CarbonellRubio-2013FMCAD-Fig1-alloca_unknown-termination.c.i_Iteration6_Lasso+nonterminationTemplate.smt2	lia-online-cdclt	unknown	5740	UnknownReason { kind: Incomplete, detail: "online CDCL(T) LIA model did not replay (arithmetic outside the incremental engine)" }
QF_NIA_b	/nas3/data/axeyum/corpus/smtlib-2024/non-incremental/non-incremental/QF_NIA/UltimateLassoRanker/LarrazOliverasRodriguez-CarbonellRubio-2013FMCAD-Fig1-alloca_unknown-termination.c.i_Iteration6_Lasso+nonterminationTemplate.smt2	lra-online-cdclt	unknown	0	UnknownReason { kind: Incomplete, detail: "no linear-real atoms for the online CDCL(T) LRA path" }
QF_NIA_b	/nas3/data/axeyum/corpus/smtlib-2024/non-incremental/non-incremental/QF_NIA/UltimateLassoRanker/LarrazOliverasRodriguez-CarbonellRubio-2013FMCAD-Fig1-alloca_unknown-termination.c.i_Iteration6_Lasso+nonterminationTemplate.smt2	abv-lazy-row	error	0	unsupported by backend: term #257 uses unsupported pure-Rust BV operator IntGe
QF_NIA_b	/nas3/data/axeyum/corpus/smtlib-2024/non-incremental/non-incremental/QF_NIA/UltimateLassoRanker/LarrazOliverasRodriguez-CarbonellRubio-2013FMCAD-Fig1-alloca_unknown-termination.c.i_Iteration6_Lasso+nonterminationTemplate.smt2	array-elim	error	0	unsupported by backend: term #257 uses unsupported pure-Rust BV operator IntGe
QF_NIA_b	/nas3/data/axeyum/corpus/smtlib-2024/non-incremental/non-incremental/QF_NIA/UltimateLassoRanker/LarrazOliverasRodriguez-CarbonellRubio-2013FMCAD-Fig1-alloca_unknown-termination.c.i_Iteration6_Lasso+nonterminationTemplate.smt2	aufbv	error	0	unsupported by backend: term #257 uses unsupported pure-Rust BV operator IntGe
# division=QF_NIA_b files=30 routes=17 budget_ms=24000 cores=8-11
