division	file	route	verdict	wall_ms	detail
UF	/nas3/data/axeyum/corpus/smtlib-2024/non-incremental/non-incremental/UF/20170428-Barrett/cdt-cade2015/nada/afp/bindag/x2015_09_10_16_53_56_537_1094926.smt_in.smt2	lia-dpll	error	0	unsupported by backend: lazy arithmetic: assertion is not Boolean structure over linear-arithmetic atoms
UF	/nas3/data/axeyum/corpus/smtlib-2024/non-incremental/non-incremental/UF/20170428-Barrett/cdt-cade2015/nada/afp/bindag/x2015_09_10_16_53_56_537_1094926.smt_in.smt2	lra-dpll	unknown	0	UnknownReason { kind: ResourceLimit, detail: "combined theories: eager Ackermann elimination would emit 62176 congruence constraints, exceeding the deterministic admission bound of 64 (the O(k²) expansion and its downstream solve run unbounded; this needs a lazy/CEGAR route)" }
UF	/nas3/data/axeyum/corpus/smtlib-2024/non-incremental/non-incremental/UF/20170428-Barrett/cdt-cade2015/nada/afp/bindag/x2015_09_10_16_53_56_537_1094926.smt_in.smt2	nra	unknown	1	UnknownReason { kind: ResourceLimit, detail: "combined theories: eager Ackermann elimination would emit 62176 congruence constraints, exceeding the deterministic admission bound of 64 (the O(k²) expansion and its downstream solve run unbounded; this needs a lazy/CEGAR route)" }
UF	/nas3/data/axeyum/corpus/smtlib-2024/non-incremental/non-incremental/UF/20170428-Barrett/cdt-cade2015/nada/afp/bindag/x2015_09_10_16_53_56_537_1094926.smt_in.smt2	uf-arithmetic	unknown	7	UnknownReason { kind: Incomplete, detail: "lazy function-consistency CEGAR inconclusive (applications=1496, function_groups=44, potential_pairs=62176, solve_rounds=1, elapsed_ms=4, sat_candidates=0, first_candidate_ms=none, last_candidate_ms=none, pair_checks=0, equal_arg_pairs=0, violated_pairs=0, preseeded_lemmas=0, sibling_lemmas=0, lemmas_added=0, last_new_lemmas=0): uninterpreted-sort term not bit-blastable by the pure-BV backend (no Ackermann route engaged): unsupported by backend: term #4921 uses unsupported pure-Rust BV operator Forall(SymbolId(12))" }
UF	/nas3/data/axeyum/corpus/smtlib-2024/non-incremental/non-incremental/UF/20170428-Barrett/cdt-cade2015/nada/afp/bindag/x2015_09_10_16_53_56_537_1094926.smt_in.smt2	uf-arith-lazy	unknown	6	UnknownReason { kind: Incomplete, detail: "lazy function-consistency CEGAR inconclusive (applications=1496, function_groups=44, potential_pairs=62176, solve_rounds=1, elapsed_ms=4, sat_candidates=0, first_candidate_ms=none, last_candidate_ms=none, pair_checks=0, equal_arg_pairs=0, violated_pairs=0, preseeded_lemmas=0, sibling_lemmas=0, lemmas_added=0, last_new_lemmas=0): uninterpreted-sort term not bit-blastable by the pure-BV backend (no Ackermann route engaged): unsupported by backend: term #4921 uses unsupported pure-Rust BV operator Forall(SymbolId(12))" }
UF	/nas3/data/axeyum/corpus/smtlib-2024/non-incremental/non-incremental/UF/20170428-Barrett/cdt-cade2015/nada/afp/bindag/x2015_09_10_16_53_56_537_1094926.smt_in.smt2	uflia-online	unknown	1	UnknownReason { kind: Incomplete, detail: "boolean skeleton outside the online combination encoder: unsupported Boolean op Forall(SymbolId(12)) with 1 args" }
UF	/nas3/data/axeyum/corpus/smtlib-2024/non-incremental/non-incremental/UF/20170428-Barrett/cdt-cade2015/nada/afp/bindag/x2015_09_10_16_53_56_537_1094926.smt_in.smt2	uflra-online	unknown	0	UnknownReason { kind: Incomplete, detail: "too many theory atoms for the online combination boolean layer" }
UF	/nas3/data/axeyum/corpus/smtlib-2024/non-incremental/non-incremental/UF/20170428-Barrett/cdt-cade2015/nada/afp/bindag/x2015_09_10_16_53_56_537_1094926.smt_in.smt2	ufbv-online-cdclt	error	0	unsupported by backend: online UFBV combination admits only Bool and BitVec terms
UF	/nas3/data/axeyum/corpus/smtlib-2024/non-incremental/non-incremental/UF/20170428-Barrett/cdt-cade2015/nada/afp/bindag/x2015_09_10_16_53_56_537_1094926.smt_in.smt2	abv-online-cdclt	error	0	unsupported by backend: online AUFBV combination admits only Bool, BitVec, and Bool/BV-component array terms
UF	/nas3/data/axeyum/corpus/smtlib-2024/non-incremental/non-incremental/UF/20170428-Barrett/cdt-cade2015/nada/afp/bindag/x2015_09_10_16_53_56_537_1094926.smt_in.smt2	datatype-elim	unknown	15321	UnknownReason { kind: Incomplete, detail: "query has quantifiers instantiation does not reach (nested, existential, or non-top-level)" }
UF	/nas3/data/axeyum/corpus/smtlib-2024/non-incremental/non-incremental/UF/20170428-Barrett/cdt-cade2015/nada/afp/bindag/x2015_09_10_16_53_56_537_1094926.smt_in.smt2	datatype-native	unknown	15358	UnknownReason { kind: Incomplete, detail: "query has quantifiers instantiation does not reach (nested, existential, or non-top-level)" }
UF	/nas3/data/axeyum/corpus/smtlib-2024/non-incremental/non-incremental/UF/20170428-Barrett/cdt-cade2015/nada/afp/bindag/x2015_09_10_16_53_56_537_1094926.smt_in.smt2	euf-online	unknown	0	UnknownReason { kind: Other, detail: "boolean skeleton outside the online CDCL(T) encoder" }
UF	/nas3/data/axeyum/corpus/smtlib-2024/non-incremental/non-incremental/UF/20170428-Barrett/cdt-cade2015/nada/afp/bindag/x2015_09_10_16_53_56_537_1094926.smt_in.smt2	lia-online-cdclt	unknown	0	UnknownReason { kind: Incomplete, detail: "no linear-integer atoms for the online CDCL(T) LIA path" }
UF	/nas3/data/axeyum/corpus/smtlib-2024/non-incremental/non-incremental/UF/20170428-Barrett/cdt-cade2015/nada/afp/bindag/x2015_09_10_16_53_56_537_1094926.smt_in.smt2	lra-online-cdclt	unknown	0	UnknownReason { kind: Incomplete, detail: "no linear-real atoms for the online CDCL(T) LRA path" }
UF	/nas3/data/axeyum/corpus/smtlib-2024/non-incremental/non-incremental/UF/20170428-Barrett/cdt-cade2015/nada/afp/bindag/x2015_09_10_16_53_56_537_1094926.smt_in.smt2	abv-lazy-row	error	0	unsupported by backend: term #7 uses unsupported pure-Rust BV operator Forall(SymbolId(12))
UF	/nas3/data/axeyum/corpus/smtlib-2024/non-incremental/non-incremental/UF/20170428-Barrett/cdt-cade2015/nada/afp/bindag/x2015_09_10_16_53_56_537_1094926.smt_in.smt2	array-elim	error	0	unsupported by backend: term #7 uses unsupported pure-Rust BV operator Forall(SymbolId(12))
UF	/nas3/data/axeyum/corpus/smtlib-2024/non-incremental/non-incremental/UF/20170428-Barrett/cdt-cade2015/nada/afp/bindag/x2015_09_10_16_53_56_537_1094926.smt_in.smt2	aufbv	error	99	unsupported by backend: term #4921 uses unsupported pure-Rust BV operator Forall(SymbolId(12))
UF	/nas3/data/axeyum/corpus/smtlib-2024/non-incremental/non-incremental/UF/20170428-Barrett/cdt-cade2015/nada/afp/coinductive_list/x2015_09_10_16_57_47_544_1522663.smt_in.smt2	lia-dpll	error	0	unsupported by backend: lazy arithmetic: assertion is not Boolean structure over linear-arithmetic atoms
UF	/nas3/data/axeyum/corpus/smtlib-2024/non-incremental/non-incremental/UF/20170428-Barrett/cdt-cade2015/nada/afp/coinductive_list/x2015_09_10_16_57_47_544_1522663.smt_in.smt2	lra-dpll	unknown	0	UnknownReason { kind: ResourceLimit, detail: "combined theories: eager Ackermann elimination would emit 51511 congruence constraints, exceeding the deterministic admission bound of 64 (the O(k²) expansion and its downstream solve run unbounded; this needs a lazy/CEGAR route)" }
UF	/nas3/data/axeyum/corpus/smtlib-2024/non-incremental/non-incremental/UF/20170428-Barrett/cdt-cade2015/nada/afp/coinductive_list/x2015_09_10_16_57_47_544_1522663.smt_in.smt2	nra	unknown	1	UnknownReason { kind: ResourceLimit, detail: "combined theories: eager Ackermann elimination would emit 51511 congruence constraints, exceeding the deterministic admission bound of 64 (the O(k²) expansion and its downstream solve run unbounded; this needs a lazy/CEGAR route)" }
UF	/nas3/data/axeyum/corpus/smtlib-2024/non-incremental/non-incremental/UF/20170428-Barrett/cdt-cade2015/nada/afp/coinductive_list/x2015_09_10_16_57_47_544_1522663.smt_in.smt2	uf-arithmetic	unknown	6	UnknownReason { kind: Incomplete, detail: "lazy function-consistency CEGAR inconclusive (applications=1796, function_groups=209, potential_pairs=51511, solve_rounds=1, elapsed_ms=4, sat_candidates=0, first_candidate_ms=none, last_candidate_ms=none, pair_checks=0, equal_arg_pairs=0, violated_pairs=0, preseeded_lemmas=0, sibling_lemmas=0, lemmas_added=0, last_new_lemmas=0): uninterpreted-sort term not bit-blastable by the pure-BV backend (no Ackermann route engaged): unsupported by backend: term #4759 uses unsupported pure-Rust BV operator Forall(SymbolId(51))" }
UF	/nas3/data/axeyum/corpus/smtlib-2024/non-incremental/non-incremental/UF/20170428-Barrett/cdt-cade2015/nada/afp/coinductive_list/x2015_09_10_16_57_47_544_1522663.smt_in.smt2	uf-arith-lazy	unknown	6	UnknownReason { kind: Incomplete, detail: "lazy function-consistency CEGAR inconclusive (applications=1796, function_groups=209, potential_pairs=51511, solve_rounds=1, elapsed_ms=4, sat_candidates=0, first_candidate_ms=none, last_candidate_ms=none, pair_checks=0, equal_arg_pairs=0, violated_pairs=0, preseeded_lemmas=0, sibling_lemmas=0, lemmas_added=0, last_new_lemmas=0): uninterpreted-sort term not bit-blastable by the pure-BV backend (no Ackermann route engaged): unsupported by backend: term #4759 uses unsupported pure-Rust BV operator Forall(SymbolId(51))" }
UF	/nas3/data/axeyum/corpus/smtlib-2024/non-incremental/non-incremental/UF/20170428-Barrett/cdt-cade2015/nada/afp/coinductive_list/x2015_09_10_16_57_47_544_1522663.smt_in.smt2	uflia-online	unknown	2	UnknownReason { kind: Incomplete, detail: "boolean skeleton outside the online combination encoder: unsupported Boolean op Forall(SymbolId(51)) with 1 args" }
UF	/nas3/data/axeyum/corpus/smtlib-2024/non-incremental/non-incremental/UF/20170428-Barrett/cdt-cade2015/nada/afp/coinductive_list/x2015_09_10_16_57_47_544_1522663.smt_in.smt2	uflra-online	unknown	0	UnknownReason { kind: Incomplete, detail: "too many theory atoms for the online combination boolean layer" }
UF	/nas3/data/axeyum/corpus/smtlib-2024/non-incremental/non-incremental/UF/20170428-Barrett/cdt-cade2015/nada/afp/coinductive_list/x2015_09_10_16_57_47_544_1522663.smt_in.smt2	ufbv-online-cdclt	error	0	unsupported by backend: online UFBV combination admits only Bool and BitVec terms
UF	/nas3/data/axeyum/corpus/smtlib-2024/non-incremental/non-incremental/UF/20170428-Barrett/cdt-cade2015/nada/afp/coinductive_list/x2015_09_10_16_57_47_544_1522663.smt_in.smt2	abv-online-cdclt	error	0	unsupported by backend: online AUFBV combination admits only Bool, BitVec, and Bool/BV-component array terms
UF	/nas3/data/axeyum/corpus/smtlib-2024/non-incremental/non-incremental/UF/20170428-Barrett/cdt-cade2015/nada/afp/coinductive_list/x2015_09_10_16_57_47_544_1522663.smt_in.smt2	datatype-elim	unknown	28294	UnknownReason { kind: Incomplete, detail: "query has quantifiers instantiation does not reach (nested, existential, or non-top-level)" }
UF	/nas3/data/axeyum/corpus/smtlib-2024/non-incremental/non-incremental/UF/20170428-Barrett/cdt-cade2015/nada/afp/coinductive_list/x2015_09_10_16_57_47_544_1522663.smt_in.smt2	datatype-native	unknown	28316	UnknownReason { kind: Incomplete, detail: "query has quantifiers instantiation does not reach (nested, existential, or non-top-level)" }
UF	/nas3/data/axeyum/corpus/smtlib-2024/non-incremental/non-incremental/UF/20170428-Barrett/cdt-cade2015/nada/afp/coinductive_list/x2015_09_10_16_57_47_544_1522663.smt_in.smt2	euf-online	unknown	0	UnknownReason { kind: Other, detail: "boolean skeleton outside the online CDCL(T) encoder" }
UF	/nas3/data/axeyum/corpus/smtlib-2024/non-incremental/non-incremental/UF/20170428-Barrett/cdt-cade2015/nada/afp/coinductive_list/x2015_09_10_16_57_47_544_1522663.smt_in.smt2	lia-online-cdclt	unknown	0	UnknownReason { kind: Incomplete, detail: "no linear-integer atoms for the online CDCL(T) LIA path" }
UF	/nas3/data/axeyum/corpus/smtlib-2024/non-incremental/non-incremental/UF/20170428-Barrett/cdt-cade2015/nada/afp/coinductive_list/x2015_09_10_16_57_47_544_1522663.smt_in.smt2	lra-online-cdclt	unknown	0	UnknownReason { kind: Incomplete, detail: "no linear-real atoms for the online CDCL(T) LRA path" }
UF	/nas3/data/axeyum/corpus/smtlib-2024/non-incremental/non-incremental/UF/20170428-Barrett/cdt-cade2015/nada/afp/coinductive_list/x2015_09_10_16_57_47_544_1522663.smt_in.smt2	abv-lazy-row	error	0	unsupported by backend: term #5 uses unsupported pure-Rust BV operator Forall(SymbolId(51))
UF	/nas3/data/axeyum/corpus/smtlib-2024/non-incremental/non-incremental/UF/20170428-Barrett/cdt-cade2015/nada/afp/coinductive_list/x2015_09_10_16_57_47_544_1522663.smt_in.smt2	array-elim	error	0	unsupported by backend: term #5 uses unsupported pure-Rust BV operator Forall(SymbolId(51))
UF	/nas3/data/axeyum/corpus/smtlib-2024/non-incremental/non-incremental/UF/20170428-Barrett/cdt-cade2015/nada/afp/coinductive_list/x2015_09_10_16_57_47_544_1522663.smt_in.smt2	aufbv	error	61	unsupported by backend: term #4759 uses unsupported pure-Rust BV operator Forall(SymbolId(51))
UF	/nas3/data/axeyum/corpus/smtlib-2024/non-incremental/non-incremental/UF/20170428-Barrett/cdt-cade2015/nada/afp/coinductive_list/x2015_09_10_17_00_37_157_1687977.smt_in.smt2	lia-dpll	error	0	unsupported by backend: lazy arithmetic: assertion is not Boolean structure over linear-arithmetic atoms
UF	/nas3/data/axeyum/corpus/smtlib-2024/non-incremental/non-incremental/UF/20170428-Barrett/cdt-cade2015/nada/afp/coinductive_list/x2015_09_10_17_00_37_157_1687977.smt_in.smt2	lra-dpll	unknown	1	UnknownReason { kind: ResourceLimit, detail: "combined theories: eager Ackermann elimination would emit 251551 congruence constraints, exceeding the deterministic admission bound of 64 (the O(k²) expansion and its downstream solve run unbounded; this needs a lazy/CEGAR route)" }
UF	/nas3/data/axeyum/corpus/smtlib-2024/non-incremental/non-incremental/UF/20170428-Barrett/cdt-cade2015/nada/afp/coinductive_list/x2015_09_10_17_00_37_157_1687977.smt_in.smt2	nra	unknown	1	UnknownReason { kind: ResourceLimit, detail: "combined theories: eager Ackermann elimination would emit 251551 congruence constraints, exceeding the deterministic admission bound of 64 (the O(k²) expansion and its downstream solve run unbounded; this needs a lazy/CEGAR route)" }
UF	/nas3/data/axeyum/corpus/smtlib-2024/non-incremental/non-incremental/UF/20170428-Barrett/cdt-cade2015/nada/afp/coinductive_list/x2015_09_10_17_00_37_157_1687977.smt_in.smt2	uf-arithmetic	unknown	16	UnknownReason { kind: Incomplete, detail: "lazy function-consistency CEGAR inconclusive (applications=2169, function_groups=24, potential_pairs=251551, solve_rounds=1, elapsed_ms=13, sat_candidates=0, first_candidate_ms=none, last_candidate_ms=none, pair_checks=0, equal_arg_pairs=0, violated_pairs=0, preseeded_lemmas=0, sibling_lemmas=0, lemmas_added=0, last_new_lemmas=0): uninterpreted-sort term not bit-blastable by the pure-BV backend (no Ackermann route engaged): unsupported by backend: term #5089 uses unsupported pure-Rust BV operator Forall(SymbolId(5))" }
UF	/nas3/data/axeyum/corpus/smtlib-2024/non-incremental/non-incremental/UF/20170428-Barrett/cdt-cade2015/nada/afp/coinductive_list/x2015_09_10_17_00_37_157_1687977.smt_in.smt2	uf-arith-lazy	unknown	11	UnknownReason { kind: Incomplete, detail: "lazy function-consistency CEGAR inconclusive (applications=2169, function_groups=24, potential_pairs=251551, solve_rounds=1, elapsed_ms=9, sat_candidates=0, first_candidate_ms=none, last_candidate_ms=none, pair_checks=0, equal_arg_pairs=0, violated_pairs=0, preseeded_lemmas=0, sibling_lemmas=0, lemmas_added=0, last_new_lemmas=0): uninterpreted-sort term not bit-blastable by the pure-BV backend (no Ackermann route engaged): unsupported by backend: term #5089 uses unsupported pure-Rust BV operator Forall(SymbolId(5))" }
UF	/nas3/data/axeyum/corpus/smtlib-2024/non-incremental/non-incremental/UF/20170428-Barrett/cdt-cade2015/nada/afp/coinductive_list/x2015_09_10_17_00_37_157_1687977.smt_in.smt2	uflia-online	unknown	1	UnknownReason { kind: Incomplete, detail: "boolean skeleton outside the online combination encoder: unsupported Boolean op Forall(SymbolId(5)) with 1 args" }
UF	/nas3/data/axeyum/corpus/smtlib-2024/non-incremental/non-incremental/UF/20170428-Barrett/cdt-cade2015/nada/afp/coinductive_list/x2015_09_10_17_00_37_157_1687977.smt_in.smt2	uflra-online	unknown	0	UnknownReason { kind: Incomplete, detail: "too many theory atoms for the online combination boolean layer" }
UF	/nas3/data/axeyum/corpus/smtlib-2024/non-incremental/non-incremental/UF/20170428-Barrett/cdt-cade2015/nada/afp/coinductive_list/x2015_09_10_17_00_37_157_1687977.smt_in.smt2	ufbv-online-cdclt	error	0	unsupported by backend: online UFBV combination admits only Bool and BitVec terms
UF	/nas3/data/axeyum/corpus/smtlib-2024/non-incremental/non-incremental/UF/20170428-Barrett/cdt-cade2015/nada/afp/coinductive_list/x2015_09_10_17_00_37_157_1687977.smt_in.smt2	abv-online-cdclt	error	0	unsupported by backend: online AUFBV combination admits only Bool, BitVec, and Bool/BV-component array terms
UF	/nas3/data/axeyum/corpus/smtlib-2024/non-incremental/non-incremental/UF/20170428-Barrett/cdt-cade2015/nada/afp/coinductive_list/x2015_09_10_17_00_37_157_1687977.smt_in.smt2	datatype-elim	unknown	7115	UnknownReason { kind: Incomplete, detail: "query has quantifiers instantiation does not reach (nested, existential, or non-top-level)" }
UF	/nas3/data/axeyum/corpus/smtlib-2024/non-incremental/non-incremental/UF/20170428-Barrett/cdt-cade2015/nada/afp/coinductive_list/x2015_09_10_17_00_37_157_1687977.smt_in.smt2	datatype-native	unknown	7188	UnknownReason { kind: Incomplete, detail: "query has quantifiers instantiation does not reach (nested, existential, or non-top-level)" }
UF	/nas3/data/axeyum/corpus/smtlib-2024/non-incremental/non-incremental/UF/20170428-Barrett/cdt-cade2015/nada/afp/coinductive_list/x2015_09_10_17_00_37_157_1687977.smt_in.smt2	euf-online	unknown	0	UnknownReason { kind: Other, detail: "boolean skeleton outside the online CDCL(T) encoder" }
UF	/nas3/data/axeyum/corpus/smtlib-2024/non-incremental/non-incremental/UF/20170428-Barrett/cdt-cade2015/nada/afp/coinductive_list/x2015_09_10_17_00_37_157_1687977.smt_in.smt2	lia-online-cdclt	unknown	0	UnknownReason { kind: Incomplete, detail: "no linear-integer atoms for the online CDCL(T) LIA path" }
UF	/nas3/data/axeyum/corpus/smtlib-2024/non-incremental/non-incremental/UF/20170428-Barrett/cdt-cade2015/nada/afp/coinductive_list/x2015_09_10_17_00_37_157_1687977.smt_in.smt2	lra-online-cdclt	unknown	0	UnknownReason { kind: Incomplete, detail: "no linear-real atoms for the online CDCL(T) LRA path" }
UF	/nas3/data/axeyum/corpus/smtlib-2024/non-incremental/non-incremental/UF/20170428-Barrett/cdt-cade2015/nada/afp/coinductive_list/x2015_09_10_17_00_37_157_1687977.smt_in.smt2	abv-lazy-row	error	0	unsupported by backend: term #4 uses unsupported pure-Rust BV operator Apply(FuncId(10))
UF	/nas3/data/axeyum/corpus/smtlib-2024/non-incremental/non-incremental/UF/20170428-Barrett/cdt-cade2015/nada/afp/coinductive_list/x2015_09_10_17_00_37_157_1687977.smt_in.smt2	array-elim	error	0	unsupported by backend: term #4 uses unsupported pure-Rust BV operator Apply(FuncId(10))
UF	/nas3/data/axeyum/corpus/smtlib-2024/non-incremental/non-incremental/UF/20170428-Barrett/cdt-cade2015/nada/afp/coinductive_list/x2015_09_10_17_00_37_157_1687977.smt_in.smt2	aufbv	error	399	unsupported by backend: term #5089 uses unsupported pure-Rust BV operator Forall(SymbolId(5))
UF	/nas3/data/axeyum/corpus/smtlib-2024/non-incremental/non-incremental/UF/20170428-Barrett/cdt-cade2015/nada/afp/coinductive_list/x2015_09_10_17_04_05_259_1960786.smt_in.smt2	lia-dpll	error	0	unsupported by backend: lazy arithmetic: assertion is not Boolean structure over linear-arithmetic atoms
UF	/nas3/data/axeyum/corpus/smtlib-2024/non-incremental/non-incremental/UF/20170428-Barrett/cdt-cade2015/nada/afp/coinductive_list/x2015_09_10_17_04_05_259_1960786.smt_in.smt2	lra-dpll	unknown	0	UnknownReason { kind: ResourceLimit, detail: "combined theories: eager Ackermann elimination would emit 86673 congruence constraints, exceeding the deterministic admission bound of 64 (the O(k²) expansion and its downstream solve run unbounded; this needs a lazy/CEGAR route)" }
UF	/nas3/data/axeyum/corpus/smtlib-2024/non-incremental/non-incremental/UF/20170428-Barrett/cdt-cade2015/nada/afp/coinductive_list/x2015_09_10_17_04_05_259_1960786.smt_in.smt2	nra	unknown	1	UnknownReason { kind: ResourceLimit, detail: "combined theories: eager Ackermann elimination would emit 86673 congruence constraints, exceeding the deterministic admission bound of 64 (the O(k²) expansion and its downstream solve run unbounded; this needs a lazy/CEGAR route)" }
UF	/nas3/data/axeyum/corpus/smtlib-2024/non-incremental/non-incremental/UF/20170428-Barrett/cdt-cade2015/nada/afp/coinductive_list/x2015_09_10_17_04_05_259_1960786.smt_in.smt2	uf-arithmetic	unknown	7	UnknownReason { kind: Incomplete, detail: "lazy function-consistency CEGAR inconclusive (applications=1553, function_groups=56, potential_pairs=86673, solve_rounds=1, elapsed_ms=4, sat_candidates=0, first_candidate_ms=none, last_candidate_ms=none, pair_checks=0, equal_arg_pairs=0, violated_pairs=0, preseeded_lemmas=0, sibling_lemmas=0, lemmas_added=0, last_new_lemmas=0): uninterpreted-sort term not bit-blastable by the pure-BV backend (no Ackermann route engaged): unsupported by backend: term #4362 uses unsupported pure-Rust BV operator Forall(SymbolId(8))" }
UF	/nas3/data/axeyum/corpus/smtlib-2024/non-incremental/non-incremental/UF/20170428-Barrett/cdt-cade2015/nada/afp/coinductive_list/x2015_09_10_17_04_05_259_1960786.smt_in.smt2	uf-arith-lazy	unknown	6	UnknownReason { kind: Incomplete, detail: "lazy function-consistency CEGAR inconclusive (applications=1553, function_groups=56, potential_pairs=86673, solve_rounds=1, elapsed_ms=4, sat_candidates=0, first_candidate_ms=none, last_candidate_ms=none, pair_checks=0, equal_arg_pairs=0, violated_pairs=0, preseeded_lemmas=0, sibling_lemmas=0, lemmas_added=0, last_new_lemmas=0): uninterpreted-sort term not bit-blastable by the pure-BV backend (no Ackermann route engaged): unsupported by backend: term #4362 uses unsupported pure-Rust BV operator Forall(SymbolId(8))" }
UF	/nas3/data/axeyum/corpus/smtlib-2024/non-incremental/non-incremental/UF/20170428-Barrett/cdt-cade2015/nada/afp/coinductive_list/x2015_09_10_17_04_05_259_1960786.smt_in.smt2	uflia-online	unknown	2	UnknownReason { kind: Incomplete, detail: "boolean skeleton outside the online combination encoder: unsupported Boolean op Forall(SymbolId(8)) with 1 args" }
UF	/nas3/data/axeyum/corpus/smtlib-2024/non-incremental/non-incremental/UF/20170428-Barrett/cdt-cade2015/nada/afp/coinductive_list/x2015_09_10_17_04_05_259_1960786.smt_in.smt2	uflra-online	unknown	0	UnknownReason { kind: Incomplete, detail: "too many theory atoms for the online combination boolean layer" }
UF	/nas3/data/axeyum/corpus/smtlib-2024/non-incremental/non-incremental/UF/20170428-Barrett/cdt-cade2015/nada/afp/coinductive_list/x2015_09_10_17_04_05_259_1960786.smt_in.smt2	ufbv-online-cdclt	error	0	unsupported by backend: online UFBV combination admits only Bool and BitVec terms
UF	/nas3/data/axeyum/corpus/smtlib-2024/non-incremental/non-incremental/UF/20170428-Barrett/cdt-cade2015/nada/afp/coinductive_list/x2015_09_10_17_04_05_259_1960786.smt_in.smt2	abv-online-cdclt	error	0	unsupported by backend: online AUFBV combination admits only Bool, BitVec, and Bool/BV-component array terms
UF	/nas3/data/axeyum/corpus/smtlib-2024/non-incremental/non-incremental/UF/20170428-Barrett/cdt-cade2015/nada/afp/coinductive_list/x2015_09_10_17_04_05_259_1960786.smt_in.smt2	datatype-elim	unknown	6198	UnknownReason { kind: Incomplete, detail: "query has quantifiers instantiation does not reach (nested, existential, or non-top-level)" }
UF	/nas3/data/axeyum/corpus/smtlib-2024/non-incremental/non-incremental/UF/20170428-Barrett/cdt-cade2015/nada/afp/coinductive_list/x2015_09_10_17_04_05_259_1960786.smt_in.smt2	datatype-native	unknown	6125	UnknownReason { kind: Incomplete, detail: "query has quantifiers instantiation does not reach (nested, existential, or non-top-level)" }
UF	/nas3/data/axeyum/corpus/smtlib-2024/non-incremental/non-incremental/UF/20170428-Barrett/cdt-cade2015/nada/afp/coinductive_list/x2015_09_10_17_04_05_259_1960786.smt_in.smt2	euf-online	unknown	0	UnknownReason { kind: Other, detail: "boolean skeleton outside the online CDCL(T) encoder" }
UF	/nas3/data/axeyum/corpus/smtlib-2024/non-incremental/non-incremental/UF/20170428-Barrett/cdt-cade2015/nada/afp/coinductive_list/x2015_09_10_17_04_05_259_1960786.smt_in.smt2	lia-online-cdclt	unknown	0	UnknownReason { kind: Incomplete, detail: "no linear-integer atoms for the online CDCL(T) LIA path" }
UF	/nas3/data/axeyum/corpus/smtlib-2024/non-incremental/non-incremental/UF/20170428-Barrett/cdt-cade2015/nada/afp/coinductive_list/x2015_09_10_17_04_05_259_1960786.smt_in.smt2	lra-online-cdclt	unknown	0	UnknownReason { kind: Incomplete, detail: "no linear-real atoms for the online CDCL(T) LRA path" }
UF	/nas3/data/axeyum/corpus/smtlib-2024/non-incremental/non-incremental/UF/20170428-Barrett/cdt-cade2015/nada/afp/coinductive_list/x2015_09_10_17_04_05_259_1960786.smt_in.smt2	abv-lazy-row	error	0	unsupported by backend: term #7 uses unsupported pure-Rust BV operator Forall(SymbolId(8))
UF	/nas3/data/axeyum/corpus/smtlib-2024/non-incremental/non-incremental/UF/20170428-Barrett/cdt-cade2015/nada/afp/coinductive_list/x2015_09_10_17_04_05_259_1960786.smt_in.smt2	array-elim	error	0	unsupported by backend: term #7 uses unsupported pure-Rust BV operator Forall(SymbolId(8))
UF	/nas3/data/axeyum/corpus/smtlib-2024/non-incremental/non-incremental/UF/20170428-Barrett/cdt-cade2015/nada/afp/coinductive_list/x2015_09_10_17_04_05_259_1960786.smt_in.smt2	aufbv	error	161	unsupported by backend: term #4362 uses unsupported pure-Rust BV operator Forall(SymbolId(8))
UF	/nas3/data/axeyum/corpus/smtlib-2024/non-incremental/non-incremental/UF/20170428-Barrett/cdt-cade2015/nada/afp/coinductive_list/x2015_09_10_17_09_42_195_2416479.smt_in.smt2	lia-dpll	error	0	unsupported by backend: lazy arithmetic: assertion is not Boolean structure over linear-arithmetic atoms
UF	/nas3/data/axeyum/corpus/smtlib-2024/non-incremental/non-incremental/UF/20170428-Barrett/cdt-cade2015/nada/afp/coinductive_list/x2015_09_10_17_09_42_195_2416479.smt_in.smt2	lra-dpll	unknown	1	UnknownReason { kind: ResourceLimit, detail: "combined theories: eager Ackermann elimination would emit 44537 congruence constraints, exceeding the deterministic admission bound of 64 (the O(k²) expansion and its downstream solve run unbounded; this needs a lazy/CEGAR route)" }
UF	/nas3/data/axeyum/corpus/smtlib-2024/non-incremental/non-incremental/UF/20170428-Barrett/cdt-cade2015/nada/afp/coinductive_list/x2015_09_10_17_09_42_195_2416479.smt_in.smt2	nra	unknown	3	UnknownReason { kind: ResourceLimit, detail: "combined theories: eager Ackermann elimination would emit 44537 congruence constraints, exceeding the deterministic admission bound of 64 (the O(k²) expansion and its downstream solve run unbounded; this needs a lazy/CEGAR route)" }
UF	/nas3/data/axeyum/corpus/smtlib-2024/non-incremental/non-incremental/UF/20170428-Barrett/cdt-cade2015/nada/afp/coinductive_list/x2015_09_10_17_09_42_195_2416479.smt_in.smt2	uf-arithmetic	unknown	12	UnknownReason { kind: Incomplete, detail: "lazy function-consistency CEGAR inconclusive (applications=1930, function_groups=173, potential_pairs=44537, solve_rounds=1, elapsed_ms=7, sat_candidates=0, first_candidate_ms=none, last_candidate_ms=none, pair_checks=0, equal_arg_pairs=0, violated_pairs=0, preseeded_lemmas=0, sibling_lemmas=0, lemmas_added=0, last_new_lemmas=0): uninterpreted-sort term not bit-blastable by the pure-BV backend (no Ackermann route engaged): unsupported by backend: term #5840 uses unsupported pure-Rust BV operator Forall(SymbolId(16))" }
UF	/nas3/data/axeyum/corpus/smtlib-2024/non-incremental/non-incremental/UF/20170428-Barrett/cdt-cade2015/nada/afp/coinductive_list/x2015_09_10_17_09_42_195_2416479.smt_in.smt2	uf-arith-lazy	unknown	7	UnknownReason { kind: Incomplete, detail: "lazy function-consistency CEGAR inconclusive (applications=1930, function_groups=173, potential_pairs=44537, solve_rounds=1, elapsed_ms=5, sat_candidates=0, first_candidate_ms=none, last_candidate_ms=none, pair_checks=0, equal_arg_pairs=0, violated_pairs=0, preseeded_lemmas=0, sibling_lemmas=0, lemmas_added=0, last_new_lemmas=0): uninterpreted-sort term not bit-blastable by the pure-BV backend (no Ackermann route engaged): unsupported by backend: term #5840 uses unsupported pure-Rust BV operator Forall(SymbolId(16))" }
UF	/nas3/data/axeyum/corpus/smtlib-2024/non-incremental/non-incremental/UF/20170428-Barrett/cdt-cade2015/nada/afp/coinductive_list/x2015_09_10_17_09_42_195_2416479.smt_in.smt2	uflia-online	unknown	2	UnknownReason { kind: Incomplete, detail: "boolean skeleton outside the online combination encoder: unsupported Boolean op Forall(SymbolId(16)) with 1 args" }
UF	/nas3/data/axeyum/corpus/smtlib-2024/non-incremental/non-incremental/UF/20170428-Barrett/cdt-cade2015/nada/afp/coinductive_list/x2015_09_10_17_09_42_195_2416479.smt_in.smt2	uflra-online	unknown	0	UnknownReason { kind: Incomplete, detail: "too many theory atoms for the online combination boolean layer" }
UF	/nas3/data/axeyum/corpus/smtlib-2024/non-incremental/non-incremental/UF/20170428-Barrett/cdt-cade2015/nada/afp/coinductive_list/x2015_09_10_17_09_42_195_2416479.smt_in.smt2	ufbv-online-cdclt	error	0	unsupported by backend: online UFBV combination admits only Bool and BitVec terms
UF	/nas3/data/axeyum/corpus/smtlib-2024/non-incremental/non-incremental/UF/20170428-Barrett/cdt-cade2015/nada/afp/coinductive_list/x2015_09_10_17_09_42_195_2416479.smt_in.smt2	abv-online-cdclt	error	0	unsupported by backend: online AUFBV combination admits only Bool, BitVec, and Bool/BV-component array terms
UF	/nas3/data/axeyum/corpus/smtlib-2024/non-incremental/non-incremental/UF/20170428-Barrett/cdt-cade2015/nada/afp/coinductive_list/x2015_09_10_17_09_42_195_2416479.smt_in.smt2	datatype-elim	unknown	21284	UnknownReason { kind: Incomplete, detail: "query has quantifiers instantiation does not reach (nested, existential, or non-top-level)" }
UF	/nas3/data/axeyum/corpus/smtlib-2024/non-incremental/non-incremental/UF/20170428-Barrett/cdt-cade2015/nada/afp/coinductive_list/x2015_09_10_17_09_42_195_2416479.smt_in.smt2	datatype-native	unknown	21483	UnknownReason { kind: Incomplete, detail: "query has quantifiers instantiation does not reach (nested, existential, or non-top-level)" }
UF	/nas3/data/axeyum/corpus/smtlib-2024/non-incremental/non-incremental/UF/20170428-Barrett/cdt-cade2015/nada/afp/coinductive_list/x2015_09_10_17_09_42_195_2416479.smt_in.smt2	euf-online	unknown	0	UnknownReason { kind: Other, detail: "boolean skeleton outside the online CDCL(T) encoder" }
UF	/nas3/data/axeyum/corpus/smtlib-2024/non-incremental/non-incremental/UF/20170428-Barrett/cdt-cade2015/nada/afp/coinductive_list/x2015_09_10_17_09_42_195_2416479.smt_in.smt2	lia-online-cdclt	unknown	0	UnknownReason { kind: Incomplete, detail: "no linear-integer atoms for the online CDCL(T) LIA path" }
UF	/nas3/data/axeyum/corpus/smtlib-2024/non-incremental/non-incremental/UF/20170428-Barrett/cdt-cade2015/nada/afp/coinductive_list/x2015_09_10_17_09_42_195_2416479.smt_in.smt2	lra-online-cdclt	unknown	0	UnknownReason { kind: Incomplete, detail: "no linear-real atoms for the online CDCL(T) LRA path" }
UF	/nas3/data/axeyum/corpus/smtlib-2024/non-incremental/non-incremental/UF/20170428-Barrett/cdt-cade2015/nada/afp/coinductive_list/x2015_09_10_17_09_42_195_2416479.smt_in.smt2	abv-lazy-row	error	0	unsupported by backend: term #7 uses unsupported pure-Rust BV operator Forall(SymbolId(16))
UF	/nas3/data/axeyum/corpus/smtlib-2024/non-incremental/non-incremental/UF/20170428-Barrett/cdt-cade2015/nada/afp/coinductive_list/x2015_09_10_17_09_42_195_2416479.smt_in.smt2	array-elim	error	0	unsupported by backend: term #7 uses unsupported pure-Rust BV operator Forall(SymbolId(16))
UF	/nas3/data/axeyum/corpus/smtlib-2024/non-incremental/non-incremental/UF/20170428-Barrett/cdt-cade2015/nada/afp/coinductive_list/x2015_09_10_17_09_42_195_2416479.smt_in.smt2	aufbv	error	81	unsupported by backend: term #5840 uses unsupported pure-Rust BV operator Forall(SymbolId(16))
UF	/nas3/data/axeyum/corpus/smtlib-2024/non-incremental/non-incremental/UF/20170428-Barrett/cdt-cade2015/nada/afp/coinductive_list/x2015_09_10_17_10_47_003_2500061.smt_in.smt2	lia-dpll	error	0	unsupported by backend: lazy arithmetic: assertion is not Boolean structure over linear-arithmetic atoms
UF	/nas3/data/axeyum/corpus/smtlib-2024/non-incremental/non-incremental/UF/20170428-Barrett/cdt-cade2015/nada/afp/coinductive_list/x2015_09_10_17_10_47_003_2500061.smt_in.smt2	lra-dpll	unknown	0	UnknownReason { kind: ResourceLimit, detail: "combined theories: eager Ackermann elimination would emit 164903 congruence constraints, exceeding the deterministic admission bound of 64 (the O(k²) expansion and its downstream solve run unbounded; this needs a lazy/CEGAR route)" }
UF	/nas3/data/axeyum/corpus/smtlib-2024/non-incremental/non-incremental/UF/20170428-Barrett/cdt-cade2015/nada/afp/coinductive_list/x2015_09_10_17_10_47_003_2500061.smt_in.smt2	nra	unknown	1	UnknownReason { kind: ResourceLimit, detail: "combined theories: eager Ackermann elimination would emit 164903 congruence constraints, exceeding the deterministic admission bound of 64 (the O(k²) expansion and its downstream solve run unbounded; this needs a lazy/CEGAR route)" }
UF	/nas3/data/axeyum/corpus/smtlib-2024/non-incremental/non-incremental/UF/20170428-Barrett/cdt-cade2015/nada/afp/coinductive_list/x2015_09_10_17_10_47_003_2500061.smt_in.smt2	uf-arithmetic	unknown	12	UnknownReason { kind: Incomplete, detail: "lazy function-consistency CEGAR inconclusive (applications=1885, function_groups=37, potential_pairs=164903, solve_rounds=1, elapsed_ms=10, sat_candidates=0, first_candidate_ms=none, last_candidate_ms=none, pair_checks=0, equal_arg_pairs=0, violated_pairs=0, preseeded_lemmas=0, sibling_lemmas=0, lemmas_added=0, last_new_lemmas=0): uninterpreted-sort term not bit-blastable by the pure-BV backend (no Ackermann route engaged): unsupported by backend: term #5090 uses unsupported pure-Rust BV operator Forall(SymbolId(10))" }
UF	/nas3/data/axeyum/corpus/smtlib-2024/non-incremental/non-incremental/UF/20170428-Barrett/cdt-cade2015/nada/afp/coinductive_list/x2015_09_10_17_10_47_003_2500061.smt_in.smt2	uf-arith-lazy	unknown	22	UnknownReason { kind: Incomplete, detail: "lazy function-consistency CEGAR inconclusive (applications=1885, function_groups=37, potential_pairs=164903, solve_rounds=1, elapsed_ms=19, sat_candidates=0, first_candidate_ms=none, last_candidate_ms=none, pair_checks=0, equal_arg_pairs=0, violated_pairs=0, preseeded_lemmas=0, sibling_lemmas=0, lemmas_added=0, last_new_lemmas=0): uninterpreted-sort term not bit-blastable by the pure-BV backend (no Ackermann route engaged): unsupported by backend: term #5090 uses unsupported pure-Rust BV operator Forall(SymbolId(10))" }
UF	/nas3/data/axeyum/corpus/smtlib-2024/non-incremental/non-incremental/UF/20170428-Barrett/cdt-cade2015/nada/afp/coinductive_list/x2015_09_10_17_10_47_003_2500061.smt_in.smt2	uflia-online	unknown	1	UnknownReason { kind: Incomplete, detail: "boolean skeleton outside the online combination encoder: unsupported Boolean op Forall(SymbolId(10)) with 1 args" }
UF	/nas3/data/axeyum/corpus/smtlib-2024/non-incremental/non-incremental/UF/20170428-Barrett/cdt-cade2015/nada/afp/coinductive_list/x2015_09_10_17_10_47_003_2500061.smt_in.smt2	uflra-online	unknown	0	UnknownReason { kind: Incomplete, detail: "too many theory atoms for the online combination boolean layer" }
UF	/nas3/data/axeyum/corpus/smtlib-2024/non-incremental/non-incremental/UF/20170428-Barrett/cdt-cade2015/nada/afp/coinductive_list/x2015_09_10_17_10_47_003_2500061.smt_in.smt2	ufbv-online-cdclt	error	0	unsupported by backend: online UFBV combination admits only Bool and BitVec terms
UF	/nas3/data/axeyum/corpus/smtlib-2024/non-incremental/non-incremental/UF/20170428-Barrett/cdt-cade2015/nada/afp/coinductive_list/x2015_09_10_17_10_47_003_2500061.smt_in.smt2	abv-online-cdclt	error	0	unsupported by backend: online AUFBV combination admits only Bool, BitVec, and Bool/BV-component array terms
UF	/nas3/data/axeyum/corpus/smtlib-2024/non-incremental/non-incremental/UF/20170428-Barrett/cdt-cade2015/nada/afp/coinductive_list/x2015_09_10_17_10_47_003_2500061.smt_in.smt2	datatype-elim	unknown	11099	UnknownReason { kind: Incomplete, detail: "query has quantifiers instantiation does not reach (nested, existential, or non-top-level)" }
UF	/nas3/data/axeyum/corpus/smtlib-2024/non-incremental/non-incremental/UF/20170428-Barrett/cdt-cade2015/nada/afp/coinductive_list/x2015_09_10_17_10_47_003_2500061.smt_in.smt2	datatype-native	unknown	11258	UnknownReason { kind: Incomplete, detail: "query has quantifiers instantiation does not reach (nested, existential, or non-top-level)" }
UF	/nas3/data/axeyum/corpus/smtlib-2024/non-incremental/non-incremental/UF/20170428-Barrett/cdt-cade2015/nada/afp/coinductive_list/x2015_09_10_17_10_47_003_2500061.smt_in.smt2	euf-online	unknown	0	UnknownReason { kind: Other, detail: "boolean skeleton outside the online CDCL(T) encoder" }
UF	/nas3/data/axeyum/corpus/smtlib-2024/non-incremental/non-incremental/UF/20170428-Barrett/cdt-cade2015/nada/afp/coinductive_list/x2015_09_10_17_10_47_003_2500061.smt_in.smt2	lia-online-cdclt	unknown	0	UnknownReason { kind: Incomplete, detail: "no linear-integer atoms for the online CDCL(T) LIA path" }
UF	/nas3/data/axeyum/corpus/smtlib-2024/non-incremental/non-incremental/UF/20170428-Barrett/cdt-cade2015/nada/afp/coinductive_list/x2015_09_10_17_10_47_003_2500061.smt_in.smt2	lra-online-cdclt	unknown	0	UnknownReason { kind: Incomplete, detail: "no linear-real atoms for the online CDCL(T) LRA path" }
UF	/nas3/data/axeyum/corpus/smtlib-2024/non-incremental/non-incremental/UF/20170428-Barrett/cdt-cade2015/nada/afp/coinductive_list/x2015_09_10_17_10_47_003_2500061.smt_in.smt2	abv-lazy-row	error	0	unsupported by backend: term #13 uses unsupported pure-Rust BV operator Forall(SymbolId(10))
UF	/nas3/data/axeyum/corpus/smtlib-2024/non-incremental/non-incremental/UF/20170428-Barrett/cdt-cade2015/nada/afp/coinductive_list/x2015_09_10_17_10_47_003_2500061.smt_in.smt2	array-elim	error	0	unsupported by backend: term #13 uses unsupported pure-Rust BV operator Forall(SymbolId(10))
UF	/nas3/data/axeyum/corpus/smtlib-2024/non-incremental/non-incremental/UF/20170428-Barrett/cdt-cade2015/nada/afp/coinductive_list/x2015_09_10_17_10_47_003_2500061.smt_in.smt2	aufbv	error	231	unsupported by backend: term #5090 uses unsupported pure-Rust BV operator Forall(SymbolId(10))
UF	/nas3/data/axeyum/corpus/smtlib-2024/non-incremental/non-incremental/UF/20170428-Barrett/cdt-cade2015/nada/afp/coinductive_list/x2015_09_10_17_20_02_499_2906170.smt_in.smt2	lia-dpll	error	0	unsupported by backend: lazy arithmetic: assertion is not Boolean structure over linear-arithmetic atoms
UF	/nas3/data/axeyum/corpus/smtlib-2024/non-incremental/non-incremental/UF/20170428-Barrett/cdt-cade2015/nada/afp/coinductive_list/x2015_09_10_17_20_02_499_2906170.smt_in.smt2	lra-dpll	unknown	1	UnknownReason { kind: ResourceLimit, detail: "combined theories: eager Ackermann elimination would emit 33821 congruence constraints, exceeding the deterministic admission bound of 64 (the O(k²) expansion and its downstream solve run unbounded; this needs a lazy/CEGAR route)" }
UF	/nas3/data/axeyum/corpus/smtlib-2024/non-incremental/non-incremental/UF/20170428-Barrett/cdt-cade2015/nada/afp/coinductive_list/x2015_09_10_17_20_02_499_2906170.smt_in.smt2	nra	unknown	2	UnknownReason { kind: ResourceLimit, detail: "combined theories: eager Ackermann elimination would emit 33821 congruence constraints, exceeding the deterministic admission bound of 64 (the O(k²) expansion and its downstream solve run unbounded; this needs a lazy/CEGAR route)" }
UF	/nas3/data/axeyum/corpus/smtlib-2024/non-incremental/non-incremental/UF/20170428-Barrett/cdt-cade2015/nada/afp/coinductive_list/x2015_09_10_17_20_02_499_2906170.smt_in.smt2	uf-arithmetic	unknown	7	UnknownReason { kind: Incomplete, detail: "lazy function-consistency CEGAR inconclusive (applications=2888, function_groups=532, potential_pairs=33821, solve_rounds=1, elapsed_ms=3, sat_candidates=0, first_candidate_ms=none, last_candidate_ms=none, pair_checks=0, equal_arg_pairs=0, violated_pairs=0, preseeded_lemmas=0, sibling_lemmas=0, lemmas_added=0, last_new_lemmas=0): uninterpreted-sort term not bit-blastable by the pure-BV backend (no Ackermann route engaged): unsupported by backend: term #6460 uses unsupported pure-Rust BV operator Forall(SymbolId(124))" }
UF	/nas3/data/axeyum/corpus/smtlib-2024/non-incremental/non-incremental/UF/20170428-Barrett/cdt-cade2015/nada/afp/coinductive_list/x2015_09_10_17_20_02_499_2906170.smt_in.smt2	uf-arith-lazy	unknown	10	UnknownReason { kind: Incomplete, detail: "lazy function-consistency CEGAR inconclusive (applications=2888, function_groups=532, potential_pairs=33821, solve_rounds=1, elapsed_ms=5, sat_candidates=0, first_candidate_ms=none, last_candidate_ms=none, pair_checks=0, equal_arg_pairs=0, violated_pairs=0, preseeded_lemmas=0, sibling_lemmas=0, lemmas_added=0, last_new_lemmas=0): uninterpreted-sort term not bit-blastable by the pure-BV backend (no Ackermann route engaged): unsupported by backend: term #6460 uses unsupported pure-Rust BV operator Forall(SymbolId(124))" }
UF	/nas3/data/axeyum/corpus/smtlib-2024/non-incremental/non-incremental/UF/20170428-Barrett/cdt-cade2015/nada/afp/coinductive_list/x2015_09_10_17_20_02_499_2906170.smt_in.smt2	uflia-online	unknown	2	UnknownReason { kind: Incomplete, detail: "boolean skeleton outside the online combination encoder: unsupported Boolean op Forall(SymbolId(124)) with 1 args" }
UF	/nas3/data/axeyum/corpus/smtlib-2024/non-incremental/non-incremental/UF/20170428-Barrett/cdt-cade2015/nada/afp/coinductive_list/x2015_09_10_17_20_02_499_2906170.smt_in.smt2	uflra-online	unknown	0	UnknownReason { kind: Incomplete, detail: "too many theory atoms for the online combination boolean layer" }
UF	/nas3/data/axeyum/corpus/smtlib-2024/non-incremental/non-incremental/UF/20170428-Barrett/cdt-cade2015/nada/afp/coinductive_list/x2015_09_10_17_20_02_499_2906170.smt_in.smt2	ufbv-online-cdclt	error	0	unsupported by backend: online UFBV combination admits only Bool and BitVec terms
UF	/nas3/data/axeyum/corpus/smtlib-2024/non-incremental/non-incremental/UF/20170428-Barrett/cdt-cade2015/nada/afp/coinductive_list/x2015_09_10_17_20_02_499_2906170.smt_in.smt2	abv-online-cdclt	error	0	unsupported by backend: online AUFBV combination admits only Bool, BitVec, and Bool/BV-component array terms
UF	/nas3/data/axeyum/corpus/smtlib-2024/non-incremental/non-incremental/UF/20170428-Barrett/cdt-cade2015/nada/afp/coinductive_list/x2015_09_10_17_20_02_499_2906170.smt_in.smt2	datatype-elim	unknown	25791	UnknownReason { kind: Incomplete, detail: "query has quantifiers instantiation does not reach (nested, existential, or non-top-level)" }
UF	/nas3/data/axeyum/corpus/smtlib-2024/non-incremental/non-incremental/UF/20170428-Barrett/cdt-cade2015/nada/afp/coinductive_list/x2015_09_10_17_20_02_499_2906170.smt_in.smt2	datatype-native	unknown	25626	UnknownReason { kind: Incomplete, detail: "query has quantifiers instantiation does not reach (nested, existential, or non-top-level)" }
UF	/nas3/data/axeyum/corpus/smtlib-2024/non-incremental/non-incremental/UF/20170428-Barrett/cdt-cade2015/nada/afp/coinductive_list/x2015_09_10_17_20_02_499_2906170.smt_in.smt2	euf-online	unknown	0	UnknownReason { kind: Other, detail: "boolean skeleton outside the online CDCL(T) encoder" }
UF	/nas3/data/axeyum/corpus/smtlib-2024/non-incremental/non-incremental/UF/20170428-Barrett/cdt-cade2015/nada/afp/coinductive_list/x2015_09_10_17_20_02_499_2906170.smt_in.smt2	lia-online-cdclt	unknown	0	UnknownReason { kind: Incomplete, detail: "no linear-integer atoms for the online CDCL(T) LIA path" }
UF	/nas3/data/axeyum/corpus/smtlib-2024/non-incremental/non-incremental/UF/20170428-Barrett/cdt-cade2015/nada/afp/coinductive_list/x2015_09_10_17_20_02_499_2906170.smt_in.smt2	lra-online-cdclt	unknown	0	UnknownReason { kind: Incomplete, detail: "no linear-real atoms for the online CDCL(T) LRA path" }
UF	/nas3/data/axeyum/corpus/smtlib-2024/non-incremental/non-incremental/UF/20170428-Barrett/cdt-cade2015/nada/afp/coinductive_list/x2015_09_10_17_20_02_499_2906170.smt_in.smt2	abv-lazy-row	error	0	unsupported by backend: term #8 uses unsupported pure-Rust BV operator Forall(SymbolId(124))
UF	/nas3/data/axeyum/corpus/smtlib-2024/non-incremental/non-incremental/UF/20170428-Barrett/cdt-cade2015/nada/afp/coinductive_list/x2015_09_10_17_20_02_499_2906170.smt_in.smt2	array-elim	error	0	unsupported by backend: term #8 uses unsupported pure-Rust BV operator Forall(SymbolId(124))
UF	/nas3/data/axeyum/corpus/smtlib-2024/non-incremental/non-incremental/UF/20170428-Barrett/cdt-cade2015/nada/afp/coinductive_list/x2015_09_10_17_20_02_499_2906170.smt_in.smt2	aufbv	error	49	unsupported by backend: term #6460 uses unsupported pure-Rust BV operator Forall(SymbolId(124))
UF	/nas3/data/axeyum/corpus/smtlib-2024/non-incremental/non-incremental/UF/20170428-Barrett/cdt-cade2015/nada/afp/coinductive_stream/x2015_09_10_17_25_01_009_1227491.smt_in.smt2	lia-dpll	error	0	unsupported by backend: lazy arithmetic: assertion is not Boolean structure over linear-arithmetic atoms
UF	/nas3/data/axeyum/corpus/smtlib-2024/non-incremental/non-incremental/UF/20170428-Barrett/cdt-cade2015/nada/afp/coinductive_stream/x2015_09_10_17_25_01_009_1227491.smt_in.smt2	lra-dpll	unknown	0	UnknownReason { kind: ResourceLimit, detail: "combined theories: eager Ackermann elimination would emit 202154 congruence constraints, exceeding the deterministic admission bound of 64 (the O(k²) expansion and its downstream solve run unbounded; this needs a lazy/CEGAR route)" }
UF	/nas3/data/axeyum/corpus/smtlib-2024/non-incremental/non-incremental/UF/20170428-Barrett/cdt-cade2015/nada/afp/coinductive_stream/x2015_09_10_17_25_01_009_1227491.smt_in.smt2	nra	unknown	2	UnknownReason { kind: ResourceLimit, detail: "combined theories: eager Ackermann elimination would emit 202154 congruence constraints, exceeding the deterministic admission bound of 64 (the O(k²) expansion and its downstream solve run unbounded; this needs a lazy/CEGAR route)" }
UF	/nas3/data/axeyum/corpus/smtlib-2024/non-incremental/non-incremental/UF/20170428-Barrett/cdt-cade2015/nada/afp/coinductive_stream/x2015_09_10_17_25_01_009_1227491.smt_in.smt2	uf-arithmetic	unknown	17	UnknownReason { kind: Incomplete, detail: "lazy function-consistency CEGAR inconclusive (applications=2261, function_groups=86, potential_pairs=202154, solve_rounds=1, elapsed_ms=13, sat_candidates=0, first_candidate_ms=none, last_candidate_ms=none, pair_checks=0, equal_arg_pairs=0, violated_pairs=0, preseeded_lemmas=0, sibling_lemmas=0, lemmas_added=0, last_new_lemmas=0): uninterpreted-sort term not bit-blastable by the pure-BV backend (no Ackermann route engaged): unsupported by backend: term #5750 uses unsupported pure-Rust BV operator Forall(SymbolId(7))" }
UF	/nas3/data/axeyum/corpus/smtlib-2024/non-incremental/non-incremental/UF/20170428-Barrett/cdt-cade2015/nada/afp/coinductive_stream/x2015_09_10_17_25_01_009_1227491.smt_in.smt2	uf-arith-lazy	unknown	10	UnknownReason { kind: Incomplete, detail: "lazy function-consistency CEGAR inconclusive (applications=2261, function_groups=86, potential_pairs=202154, solve_rounds=1, elapsed_ms=8, sat_candidates=0, first_candidate_ms=none, last_candidate_ms=none, pair_checks=0, equal_arg_pairs=0, violated_pairs=0, preseeded_lemmas=0, sibling_lemmas=0, lemmas_added=0, last_new_lemmas=0): uninterpreted-sort term not bit-blastable by the pure-BV backend (no Ackermann route engaged): unsupported by backend: term #5750 uses unsupported pure-Rust BV operator Forall(SymbolId(7))" }
UF	/nas3/data/axeyum/corpus/smtlib-2024/non-incremental/non-incremental/UF/20170428-Barrett/cdt-cade2015/nada/afp/coinductive_stream/x2015_09_10_17_25_01_009_1227491.smt_in.smt2	uflia-online	unknown	1	UnknownReason { kind: Incomplete, detail: "boolean skeleton outside the online combination encoder: unsupported Boolean op Forall(SymbolId(7)) with 1 args" }
UF	/nas3/data/axeyum/corpus/smtlib-2024/non-incremental/non-incremental/UF/20170428-Barrett/cdt-cade2015/nada/afp/coinductive_stream/x2015_09_10_17_25_01_009_1227491.smt_in.smt2	uflra-online	unknown	0	UnknownReason { kind: Incomplete, detail: "too many theory atoms for the online combination boolean layer" }
UF	/nas3/data/axeyum/corpus/smtlib-2024/non-incremental/non-incremental/UF/20170428-Barrett/cdt-cade2015/nada/afp/coinductive_stream/x2015_09_10_17_25_01_009_1227491.smt_in.smt2	ufbv-online-cdclt	error	0	unsupported by backend: online UFBV combination admits only Bool and BitVec terms
UF	/nas3/data/axeyum/corpus/smtlib-2024/non-incremental/non-incremental/UF/20170428-Barrett/cdt-cade2015/nada/afp/coinductive_stream/x2015_09_10_17_25_01_009_1227491.smt_in.smt2	abv-online-cdclt	error	0	unsupported by backend: online AUFBV combination admits only Bool, BitVec, and Bool/BV-component array terms
UF	/nas3/data/axeyum/corpus/smtlib-2024/non-incremental/non-incremental/UF/20170428-Barrett/cdt-cade2015/nada/afp/coinductive_stream/x2015_09_10_17_25_01_009_1227491.smt_in.smt2	datatype-elim	unknown	20767	UnknownReason { kind: Incomplete, detail: "query has quantifiers instantiation does not reach (nested, existential, or non-top-level)" }
UF	/nas3/data/axeyum/corpus/smtlib-2024/non-incremental/non-incremental/UF/20170428-Barrett/cdt-cade2015/nada/afp/coinductive_stream/x2015_09_10_17_25_01_009_1227491.smt_in.smt2	datatype-native	unknown	16092	UnknownReason { kind: Incomplete, detail: "query has quantifiers instantiation does not reach (nested, existential, or non-top-level)" }
UF	/nas3/data/axeyum/corpus/smtlib-2024/non-incremental/non-incremental/UF/20170428-Barrett/cdt-cade2015/nada/afp/coinductive_stream/x2015_09_10_17_25_01_009_1227491.smt_in.smt2	euf-online	unknown	0	UnknownReason { kind: Other, detail: "boolean skeleton outside the online CDCL(T) encoder" }
UF	/nas3/data/axeyum/corpus/smtlib-2024/non-incremental/non-incremental/UF/20170428-Barrett/cdt-cade2015/nada/afp/coinductive_stream/x2015_09_10_17_25_01_009_1227491.smt_in.smt2	lia-online-cdclt	unknown	0	UnknownReason { kind: Incomplete, detail: "no linear-integer atoms for the online CDCL(T) LIA path" }
UF	/nas3/data/axeyum/corpus/smtlib-2024/non-incremental/non-incremental/UF/20170428-Barrett/cdt-cade2015/nada/afp/coinductive_stream/x2015_09_10_17_25_01_009_1227491.smt_in.smt2	lra-online-cdclt	unknown	0	UnknownReason { kind: Incomplete, detail: "no linear-real atoms for the online CDCL(T) LRA path" }
UF	/nas3/data/axeyum/corpus/smtlib-2024/non-incremental/non-incremental/UF/20170428-Barrett/cdt-cade2015/nada/afp/coinductive_stream/x2015_09_10_17_25_01_009_1227491.smt_in.smt2	abv-lazy-row	error	0	unsupported by backend: term #8 uses unsupported pure-Rust BV operator Forall(SymbolId(7))
UF	/nas3/data/axeyum/corpus/smtlib-2024/non-incremental/non-incremental/UF/20170428-Barrett/cdt-cade2015/nada/afp/coinductive_stream/x2015_09_10_17_25_01_009_1227491.smt_in.smt2	array-elim	error	0	unsupported by backend: term #8 uses unsupported pure-Rust BV operator Forall(SymbolId(7))
UF	/nas3/data/axeyum/corpus/smtlib-2024/non-incremental/non-incremental/UF/20170428-Barrett/cdt-cade2015/nada/afp/coinductive_stream/x2015_09_10_17_25_01_009_1227491.smt_in.smt2	aufbv	error	241	unsupported by backend: term #5750 uses unsupported pure-Rust BV operator Forall(SymbolId(7))
UF	/nas3/data/axeyum/corpus/smtlib-2024/non-incremental/non-incremental/UF/20170428-Barrett/cdt-cade2015/nada/afp/huffman/x2015_09_10_16_46_58_732_1021788.smt_in.smt2	lia-dpll	error	0	unsupported by backend: lazy arithmetic: assertion is not Boolean structure over linear-arithmetic atoms
UF	/nas3/data/axeyum/corpus/smtlib-2024/non-incremental/non-incremental/UF/20170428-Barrett/cdt-cade2015/nada/afp/huffman/x2015_09_10_16_46_58_732_1021788.smt_in.smt2	lra-dpll	unknown	0	UnknownReason { kind: ResourceLimit, detail: "combined theories: eager Ackermann elimination would emit 54447 congruence constraints, exceeding the deterministic admission bound of 64 (the O(k²) expansion and its downstream solve run unbounded; this needs a lazy/CEGAR route)" }
UF	/nas3/data/axeyum/corpus/smtlib-2024/non-incremental/non-incremental/UF/20170428-Barrett/cdt-cade2015/nada/afp/huffman/x2015_09_10_16_46_58_732_1021788.smt_in.smt2	nra	unknown	1	UnknownReason { kind: ResourceLimit, detail: "combined theories: eager Ackermann elimination would emit 54447 congruence constraints, exceeding the deterministic admission bound of 64 (the O(k²) expansion and its downstream solve run unbounded; this needs a lazy/CEGAR route)" }
UF	/nas3/data/axeyum/corpus/smtlib-2024/non-incremental/non-incremental/UF/20170428-Barrett/cdt-cade2015/nada/afp/huffman/x2015_09_10_16_46_58_732_1021788.smt_in.smt2	uf-arithmetic	unknown	3	UnknownReason { kind: Incomplete, detail: "lazy function-consistency CEGAR inconclusive (applications=1151, function_groups=47, potential_pairs=54447, solve_rounds=1, elapsed_ms=2, sat_candidates=0, first_candidate_ms=none, last_candidate_ms=none, pair_checks=0, equal_arg_pairs=0, violated_pairs=0, preseeded_lemmas=0, sibling_lemmas=0, lemmas_added=0, last_new_lemmas=0): uninterpreted-sort term not bit-blastable by the pure-BV backend (no Ackermann route engaged): unsupported by backend: term #2803 uses unsupported pure-Rust BV operator Forall(SymbolId(15))" }
UF	/nas3/data/axeyum/corpus/smtlib-2024/non-incremental/non-incremental/UF/20170428-Barrett/cdt-cade2015/nada/afp/huffman/x2015_09_10_16_46_58_732_1021788.smt_in.smt2	uf-arith-lazy	unknown	3	UnknownReason { kind: Incomplete, detail: "lazy function-consistency CEGAR inconclusive (applications=1151, function_groups=47, potential_pairs=54447, solve_rounds=1, elapsed_ms=2, sat_candidates=0, first_candidate_ms=none, last_candidate_ms=none, pair_checks=0, equal_arg_pairs=0, violated_pairs=0, preseeded_lemmas=0, sibling_lemmas=0, lemmas_added=0, last_new_lemmas=0): uninterpreted-sort term not bit-blastable by the pure-BV backend (no Ackermann route engaged): unsupported by backend: term #2803 uses unsupported pure-Rust BV operator Forall(SymbolId(15))" }
UF	/nas3/data/axeyum/corpus/smtlib-2024/non-incremental/non-incremental/UF/20170428-Barrett/cdt-cade2015/nada/afp/huffman/x2015_09_10_16_46_58_732_1021788.smt_in.smt2	uflia-online	unknown	1	UnknownReason { kind: Incomplete, detail: "boolean skeleton outside the online combination encoder: unsupported Boolean op Forall(SymbolId(15)) with 1 args" }
UF	/nas3/data/axeyum/corpus/smtlib-2024/non-incremental/non-incremental/UF/20170428-Barrett/cdt-cade2015/nada/afp/huffman/x2015_09_10_16_46_58_732_1021788.smt_in.smt2	uflra-online	unknown	0	UnknownReason { kind: Incomplete, detail: "too many theory atoms for the online combination boolean layer" }
UF	/nas3/data/axeyum/corpus/smtlib-2024/non-incremental/non-incremental/UF/20170428-Barrett/cdt-cade2015/nada/afp/huffman/x2015_09_10_16_46_58_732_1021788.smt_in.smt2	ufbv-online-cdclt	error	0	unsupported by backend: online UFBV combination admits only Bool and BitVec terms
UF	/nas3/data/axeyum/corpus/smtlib-2024/non-incremental/non-incremental/UF/20170428-Barrett/cdt-cade2015/nada/afp/huffman/x2015_09_10_16_46_58_732_1021788.smt_in.smt2	abv-online-cdclt	error	0	unsupported by backend: online AUFBV combination admits only Bool, BitVec, and Bool/BV-component array terms
UF	/nas3/data/axeyum/corpus/smtlib-2024/non-incremental/non-incremental/UF/20170428-Barrett/cdt-cade2015/nada/afp/huffman/x2015_09_10_16_46_58_732_1021788.smt_in.smt2	datatype-elim	unknown	10467	UnknownReason { kind: Incomplete, detail: "query has quantifiers instantiation does not reach (nested, existential, or non-top-level)" }
UF	/nas3/data/axeyum/corpus/smtlib-2024/non-incremental/non-incremental/UF/20170428-Barrett/cdt-cade2015/nada/afp/huffman/x2015_09_10_16_46_58_732_1021788.smt_in.smt2	datatype-native	unknown	10566	UnknownReason { kind: Incomplete, detail: "query has quantifiers instantiation does not reach (nested, existential, or non-top-level)" }
UF	/nas3/data/axeyum/corpus/smtlib-2024/non-incremental/non-incremental/UF/20170428-Barrett/cdt-cade2015/nada/afp/huffman/x2015_09_10_16_46_58_732_1021788.smt_in.smt2	euf-online	unknown	0	UnknownReason { kind: Other, detail: "boolean skeleton outside the online CDCL(T) encoder" }
UF	/nas3/data/axeyum/corpus/smtlib-2024/non-incremental/non-incremental/UF/20170428-Barrett/cdt-cade2015/nada/afp/huffman/x2015_09_10_16_46_58_732_1021788.smt_in.smt2	lia-online-cdclt	unknown	0	UnknownReason { kind: Incomplete, detail: "no linear-integer atoms for the online CDCL(T) LIA path" }
UF	/nas3/data/axeyum/corpus/smtlib-2024/non-incremental/non-incremental/UF/20170428-Barrett/cdt-cade2015/nada/afp/huffman/x2015_09_10_16_46_58_732_1021788.smt_in.smt2	lra-online-cdclt	unknown	0	UnknownReason { kind: Incomplete, detail: "no linear-real atoms for the online CDCL(T) LRA path" }
UF	/nas3/data/axeyum/corpus/smtlib-2024/non-incremental/non-incremental/UF/20170428-Barrett/cdt-cade2015/nada/afp/huffman/x2015_09_10_16_46_58_732_1021788.smt_in.smt2	abv-lazy-row	error	0	unsupported by backend: term #17 uses unsupported pure-Rust BV operator Forall(SymbolId(15))
UF	/nas3/data/axeyum/corpus/smtlib-2024/non-incremental/non-incremental/UF/20170428-Barrett/cdt-cade2015/nada/afp/huffman/x2015_09_10_16_46_58_732_1021788.smt_in.smt2	array-elim	error	0	unsupported by backend: term #17 uses unsupported pure-Rust BV operator Forall(SymbolId(15))
UF	/nas3/data/axeyum/corpus/smtlib-2024/non-incremental/non-incremental/UF/20170428-Barrett/cdt-cade2015/nada/afp/huffman/x2015_09_10_16_46_58_732_1021788.smt_in.smt2	aufbv	error	55	unsupported by backend: term #2803 uses unsupported pure-Rust BV operator Forall(SymbolId(15))
UF	/nas3/data/axeyum/corpus/smtlib-2024/non-incremental/non-incremental/UF/20170428-Barrett/cdt-cade2015/nada/distro/gram_lang/x2015_09_10_16_53_37_371_1432776.smt_in.smt2	lia-dpll	error	0	unsupported by backend: lazy arithmetic: assertion is not Boolean structure over linear-arithmetic atoms
UF	/nas3/data/axeyum/corpus/smtlib-2024/non-incremental/non-incremental/UF/20170428-Barrett/cdt-cade2015/nada/distro/gram_lang/x2015_09_10_16_53_37_371_1432776.smt_in.smt2	lra-dpll	unknown	1	UnknownReason { kind: ResourceLimit, detail: "combined theories: eager Ackermann elimination would emit 38980 congruence constraints, exceeding the deterministic admission bound of 64 (the O(k²) expansion and its downstream solve run unbounded; this needs a lazy/CEGAR route)" }
UF	/nas3/data/axeyum/corpus/smtlib-2024/non-incremental/non-incremental/UF/20170428-Barrett/cdt-cade2015/nada/distro/gram_lang/x2015_09_10_16_53_37_371_1432776.smt_in.smt2	nra	unknown	1	UnknownReason { kind: ResourceLimit, detail: "combined theories: eager Ackermann elimination would emit 38980 congruence constraints, exceeding the deterministic admission bound of 64 (the O(k²) expansion and its downstream solve run unbounded; this needs a lazy/CEGAR route)" }
UF	/nas3/data/axeyum/corpus/smtlib-2024/non-incremental/non-incremental/UF/20170428-Barrett/cdt-cade2015/nada/distro/gram_lang/x2015_09_10_16_53_37_371_1432776.smt_in.smt2	uf-arithmetic	unknown	5	UnknownReason { kind: Incomplete, detail: "lazy function-consistency CEGAR inconclusive (applications=1886, function_groups=153, potential_pairs=38980, solve_rounds=1, elapsed_ms=3, sat_candidates=0, first_candidate_ms=none, last_candidate_ms=none, pair_checks=0, equal_arg_pairs=0, violated_pairs=0, preseeded_lemmas=0, sibling_lemmas=0, lemmas_added=0, last_new_lemmas=0): uninterpreted-sort term not bit-blastable by the pure-BV backend (no Ackermann route engaged): unsupported by backend: term #4871 uses unsupported pure-Rust BV operator Forall(SymbolId(26))" }
UF	/nas3/data/axeyum/corpus/smtlib-2024/non-incremental/non-incremental/UF/20170428-Barrett/cdt-cade2015/nada/distro/gram_lang/x2015_09_10_16_53_37_371_1432776.smt_in.smt2	uf-arith-lazy	unknown	5	UnknownReason { kind: Incomplete, detail: "lazy function-consistency CEGAR inconclusive (applications=1886, function_groups=153, potential_pairs=38980, solve_rounds=1, elapsed_ms=3, sat_candidates=0, first_candidate_ms=none, last_candidate_ms=none, pair_checks=0, equal_arg_pairs=0, violated_pairs=0, preseeded_lemmas=0, sibling_lemmas=0, lemmas_added=0, last_new_lemmas=0): uninterpreted-sort term not bit-blastable by the pure-BV backend (no Ackermann route engaged): unsupported by backend: term #4871 uses unsupported pure-Rust BV operator Forall(SymbolId(26))" }
UF	/nas3/data/axeyum/corpus/smtlib-2024/non-incremental/non-incremental/UF/20170428-Barrett/cdt-cade2015/nada/distro/gram_lang/x2015_09_10_16_53_37_371_1432776.smt_in.smt2	uflia-online	unknown	3	UnknownReason { kind: Incomplete, detail: "boolean skeleton outside the online combination encoder: unsupported Boolean op Forall(SymbolId(26)) with 1 args" }
UF	/nas3/data/axeyum/corpus/smtlib-2024/non-incremental/non-incremental/UF/20170428-Barrett/cdt-cade2015/nada/distro/gram_lang/x2015_09_10_16_53_37_371_1432776.smt_in.smt2	uflra-online	unknown	0	UnknownReason { kind: Incomplete, detail: "too many theory atoms for the online combination boolean layer" }
UF	/nas3/data/axeyum/corpus/smtlib-2024/non-incremental/non-incremental/UF/20170428-Barrett/cdt-cade2015/nada/distro/gram_lang/x2015_09_10_16_53_37_371_1432776.smt_in.smt2	ufbv-online-cdclt	error	0	unsupported by backend: online UFBV combination admits only Bool and BitVec terms
UF	/nas3/data/axeyum/corpus/smtlib-2024/non-incremental/non-incremental/UF/20170428-Barrett/cdt-cade2015/nada/distro/gram_lang/x2015_09_10_16_53_37_371_1432776.smt_in.smt2	abv-online-cdclt	error	0	unsupported by backend: online AUFBV combination admits only Bool, BitVec, and Bool/BV-component array terms
UF	/nas3/data/axeyum/corpus/smtlib-2024/non-incremental/non-incremental/UF/20170428-Barrett/cdt-cade2015/nada/distro/gram_lang/x2015_09_10_16_53_37_371_1432776.smt_in.smt2	datatype-elim	unknown	20035	UnknownReason { kind: Incomplete, detail: "query has quantifiers instantiation does not reach (nested, existential, or non-top-level)" }
UF	/nas3/data/axeyum/corpus/smtlib-2024/non-incremental/non-incremental/UF/20170428-Barrett/cdt-cade2015/nada/distro/gram_lang/x2015_09_10_16_53_37_371_1432776.smt_in.smt2	datatype-native	unknown	26899	UnknownReason { kind: Incomplete, detail: "query has quantifiers instantiation does not reach (nested, existential, or non-top-level)" }
UF	/nas3/data/axeyum/corpus/smtlib-2024/non-incremental/non-incremental/UF/20170428-Barrett/cdt-cade2015/nada/distro/gram_lang/x2015_09_10_16_53_37_371_1432776.smt_in.smt2	euf-online	unknown	0	UnknownReason { kind: Other, detail: "boolean skeleton outside the online CDCL(T) encoder" }
UF	/nas3/data/axeyum/corpus/smtlib-2024/non-incremental/non-incremental/UF/20170428-Barrett/cdt-cade2015/nada/distro/gram_lang/x2015_09_10_16_53_37_371_1432776.smt_in.smt2	lia-online-cdclt	unknown	0	UnknownReason { kind: Incomplete, detail: "no linear-integer atoms for the online CDCL(T) LIA path" }
UF	/nas3/data/axeyum/corpus/smtlib-2024/non-incremental/non-incremental/UF/20170428-Barrett/cdt-cade2015/nada/distro/gram_lang/x2015_09_10_16_53_37_371_1432776.smt_in.smt2	lra-online-cdclt	unknown	0	UnknownReason { kind: Incomplete, detail: "no linear-real atoms for the online CDCL(T) LRA path" }
UF	/nas3/data/axeyum/corpus/smtlib-2024/non-incremental/non-incremental/UF/20170428-Barrett/cdt-cade2015/nada/distro/gram_lang/x2015_09_10_16_53_37_371_1432776.smt_in.smt2	abv-lazy-row	error	0	unsupported by backend: term #5 uses unsupported pure-Rust BV operator Forall(SymbolId(26))
UF	/nas3/data/axeyum/corpus/smtlib-2024/non-incremental/non-incremental/UF/20170428-Barrett/cdt-cade2015/nada/distro/gram_lang/x2015_09_10_16_53_37_371_1432776.smt_in.smt2	array-elim	error	0	unsupported by backend: term #5 uses unsupported pure-Rust BV operator Forall(SymbolId(26))
UF	/nas3/data/axeyum/corpus/smtlib-2024/non-incremental/non-incremental/UF/20170428-Barrett/cdt-cade2015/nada/distro/gram_lang/x2015_09_10_16_53_37_371_1432776.smt_in.smt2	aufbv	error	60	unsupported by backend: term #4871 uses unsupported pure-Rust BV operator Forall(SymbolId(26))
UF	/nas3/data/axeyum/corpus/smtlib-2024/non-incremental/non-incremental/UF/20170428-Barrett/cdt-cade2015/nada/distro/parallel/x2015_09_10_16_57_14_271_1048482.smt_in.smt2	lia-dpll	error	0	unsupported by backend: lazy arithmetic: assertion is not Boolean structure over linear-arithmetic atoms
UF	/nas3/data/axeyum/corpus/smtlib-2024/non-incremental/non-incremental/UF/20170428-Barrett/cdt-cade2015/nada/distro/parallel/x2015_09_10_16_57_14_271_1048482.smt_in.smt2	lra-dpll	unknown	0	UnknownReason { kind: ResourceLimit, detail: "combined theories: eager Ackermann elimination would emit 40958 congruence constraints, exceeding the deterministic admission bound of 64 (the O(k²) expansion and its downstream solve run unbounded; this needs a lazy/CEGAR route)" }
UF	/nas3/data/axeyum/corpus/smtlib-2024/non-incremental/non-incremental/UF/20170428-Barrett/cdt-cade2015/nada/distro/parallel/x2015_09_10_16_57_14_271_1048482.smt_in.smt2	nra	unknown	2	UnknownReason { kind: ResourceLimit, detail: "combined theories: eager Ackermann elimination would emit 40958 congruence constraints, exceeding the deterministic admission bound of 64 (the O(k²) expansion and its downstream solve run unbounded; this needs a lazy/CEGAR route)" }
UF	/nas3/data/axeyum/corpus/smtlib-2024/non-incremental/non-incremental/UF/20170428-Barrett/cdt-cade2015/nada/distro/parallel/x2015_09_10_16_57_14_271_1048482.smt_in.smt2	uf-arithmetic	unknown	5	UnknownReason { kind: Incomplete, detail: "lazy function-consistency CEGAR inconclusive (applications=1862, function_groups=265, potential_pairs=40958, solve_rounds=1, elapsed_ms=3, sat_candidates=0, first_candidate_ms=none, last_candidate_ms=none, pair_checks=0, equal_arg_pairs=0, violated_pairs=0, preseeded_lemmas=0, sibling_lemmas=0, lemmas_added=0, last_new_lemmas=0): uninterpreted-sort term not bit-blastable by the pure-BV backend (no Ackermann route engaged): unsupported by backend: term #5344 uses unsupported pure-Rust BV operator Forall(SymbolId(37))" }
UF	/nas3/data/axeyum/corpus/smtlib-2024/non-incremental/non-incremental/UF/20170428-Barrett/cdt-cade2015/nada/distro/parallel/x2015_09_10_16_57_14_271_1048482.smt_in.smt2	uf-arith-lazy	unknown	5	UnknownReason { kind: Incomplete, detail: "lazy function-consistency CEGAR inconclusive (applications=1862, function_groups=265, potential_pairs=40958, solve_rounds=1, elapsed_ms=3, sat_candidates=0, first_candidate_ms=none, last_candidate_ms=none, pair_checks=0, equal_arg_pairs=0, violated_pairs=0, preseeded_lemmas=0, sibling_lemmas=0, lemmas_added=0, last_new_lemmas=0): uninterpreted-sort term not bit-blastable by the pure-BV backend (no Ackermann route engaged): unsupported by backend: term #5344 uses unsupported pure-Rust BV operator Forall(SymbolId(37))" }
UF	/nas3/data/axeyum/corpus/smtlib-2024/non-incremental/non-incremental/UF/20170428-Barrett/cdt-cade2015/nada/distro/parallel/x2015_09_10_16_57_14_271_1048482.smt_in.smt2	uflia-online	unknown	1	UnknownReason { kind: Incomplete, detail: "boolean skeleton outside the online combination encoder: unsupported Boolean op Forall(SymbolId(37)) with 1 args" }
UF	/nas3/data/axeyum/corpus/smtlib-2024/non-incremental/non-incremental/UF/20170428-Barrett/cdt-cade2015/nada/distro/parallel/x2015_09_10_16_57_14_271_1048482.smt_in.smt2	uflra-online	unknown	0	UnknownReason { kind: Incomplete, detail: "too many theory atoms for the online combination boolean layer" }
UF	/nas3/data/axeyum/corpus/smtlib-2024/non-incremental/non-incremental/UF/20170428-Barrett/cdt-cade2015/nada/distro/parallel/x2015_09_10_16_57_14_271_1048482.smt_in.smt2	ufbv-online-cdclt	error	0	unsupported by backend: online UFBV combination admits only Bool and BitVec terms
UF	/nas3/data/axeyum/corpus/smtlib-2024/non-incremental/non-incremental/UF/20170428-Barrett/cdt-cade2015/nada/distro/parallel/x2015_09_10_16_57_14_271_1048482.smt_in.smt2	abv-online-cdclt	error	0	unsupported by backend: online AUFBV combination admits only Bool, BitVec, and Bool/BV-component array terms
UF	/nas3/data/axeyum/corpus/smtlib-2024/non-incremental/non-incremental/UF/20170428-Barrett/cdt-cade2015/nada/distro/parallel/x2015_09_10_16_57_14_271_1048482.smt_in.smt2	datatype-elim	unknown	26758	UnknownReason { kind: Incomplete, detail: "query has quantifiers instantiation does not reach (nested, existential, or non-top-level)" }
UF	/nas3/data/axeyum/corpus/smtlib-2024/non-incremental/non-incremental/UF/20170428-Barrett/cdt-cade2015/nada/distro/parallel/x2015_09_10_16_57_14_271_1048482.smt_in.smt2	datatype-native	unknown	26642	UnknownReason { kind: Incomplete, detail: "query has quantifiers instantiation does not reach (nested, existential, or non-top-level)" }
UF	/nas3/data/axeyum/corpus/smtlib-2024/non-incremental/non-incremental/UF/20170428-Barrett/cdt-cade2015/nada/distro/parallel/x2015_09_10_16_57_14_271_1048482.smt_in.smt2	euf-online	unknown	0	UnknownReason { kind: Other, detail: "boolean skeleton outside the online CDCL(T) encoder" }
UF	/nas3/data/axeyum/corpus/smtlib-2024/non-incremental/non-incremental/UF/20170428-Barrett/cdt-cade2015/nada/distro/parallel/x2015_09_10_16_57_14_271_1048482.smt_in.smt2	lia-online-cdclt	unknown	0	UnknownReason { kind: Incomplete, detail: "no linear-integer atoms for the online CDCL(T) LIA path" }
UF	/nas3/data/axeyum/corpus/smtlib-2024/non-incremental/non-incremental/UF/20170428-Barrett/cdt-cade2015/nada/distro/parallel/x2015_09_10_16_57_14_271_1048482.smt_in.smt2	lra-online-cdclt	unknown	0	UnknownReason { kind: Incomplete, detail: "no linear-real atoms for the online CDCL(T) LRA path" }
UF	/nas3/data/axeyum/corpus/smtlib-2024/non-incremental/non-incremental/UF/20170428-Barrett/cdt-cade2015/nada/distro/parallel/x2015_09_10_16_57_14_271_1048482.smt_in.smt2	abv-lazy-row	error	0	unsupported by backend: term #5 uses unsupported pure-Rust BV operator Forall(SymbolId(37))
UF	/nas3/data/axeyum/corpus/smtlib-2024/non-incremental/non-incremental/UF/20170428-Barrett/cdt-cade2015/nada/distro/parallel/x2015_09_10_16_57_14_271_1048482.smt_in.smt2	array-elim	error	0	unsupported by backend: term #5 uses unsupported pure-Rust BV operator Forall(SymbolId(37))
UF	/nas3/data/axeyum/corpus/smtlib-2024/non-incremental/non-incremental/UF/20170428-Barrett/cdt-cade2015/nada/distro/parallel/x2015_09_10_16_57_14_271_1048482.smt_in.smt2	aufbv	error	69	unsupported by backend: term #5344 uses unsupported pure-Rust BV operator Forall(SymbolId(37))
UF	/nas3/data/axeyum/corpus/smtlib-2024/non-incremental/non-incremental/UF/20170428-Barrett/cdt-cade2015/nada/distro/rbt_impl/x2015_09_10_16_49_54_437_992499.smt_in.smt2	lia-dpll	error	0	unsupported by backend: lazy arithmetic: assertion is not Boolean structure over linear-arithmetic atoms
UF	/nas3/data/axeyum/corpus/smtlib-2024/non-incremental/non-incremental/UF/20170428-Barrett/cdt-cade2015/nada/distro/rbt_impl/x2015_09_10_16_49_54_437_992499.smt_in.smt2	lra-dpll	unknown	0	UnknownReason { kind: ResourceLimit, detail: "combined theories: eager Ackermann elimination would emit 80408 congruence constraints, exceeding the deterministic admission bound of 64 (the O(k²) expansion and its downstream solve run unbounded; this needs a lazy/CEGAR route)" }
UF	/nas3/data/axeyum/corpus/smtlib-2024/non-incremental/non-incremental/UF/20170428-Barrett/cdt-cade2015/nada/distro/rbt_impl/x2015_09_10_16_49_54_437_992499.smt_in.smt2	nra	unknown	2	UnknownReason { kind: ResourceLimit, detail: "combined theories: eager Ackermann elimination would emit 80408 congruence constraints, exceeding the deterministic admission bound of 64 (the O(k²) expansion and its downstream solve run unbounded; this needs a lazy/CEGAR route)" }
UF	/nas3/data/axeyum/corpus/smtlib-2024/non-incremental/non-incremental/UF/20170428-Barrett/cdt-cade2015/nada/distro/rbt_impl/x2015_09_10_16_49_54_437_992499.smt_in.smt2	uf-arithmetic	unknown	8	UnknownReason { kind: Incomplete, detail: "lazy function-consistency CEGAR inconclusive (applications=1891, function_groups=94, potential_pairs=80408, solve_rounds=1, elapsed_ms=5, sat_candidates=0, first_candidate_ms=none, last_candidate_ms=none, pair_checks=0, equal_arg_pairs=0, violated_pairs=0, preseeded_lemmas=0, sibling_lemmas=0, lemmas_added=0, last_new_lemmas=0): uninterpreted-sort term not bit-blastable by the pure-BV backend (no Ackermann route engaged): unsupported by backend: term #5694 uses unsupported pure-Rust BV operator Forall(SymbolId(9))" }
UF	/nas3/data/axeyum/corpus/smtlib-2024/non-incremental/non-incremental/UF/20170428-Barrett/cdt-cade2015/nada/distro/rbt_impl/x2015_09_10_16_49_54_437_992499.smt_in.smt2	uf-arith-lazy	unknown	8	UnknownReason { kind: Incomplete, detail: "lazy function-consistency CEGAR inconclusive (applications=1891, function_groups=94, potential_pairs=80408, solve_rounds=1, elapsed_ms=5, sat_candidates=0, first_candidate_ms=none, last_candidate_ms=none, pair_checks=0, equal_arg_pairs=0, violated_pairs=0, preseeded_lemmas=0, sibling_lemmas=0, lemmas_added=0, last_new_lemmas=0): uninterpreted-sort term not bit-blastable by the pure-BV backend (no Ackermann route engaged): unsupported by backend: term #5694 uses unsupported pure-Rust BV operator Forall(SymbolId(9))" }
UF	/nas3/data/axeyum/corpus/smtlib-2024/non-incremental/non-incremental/UF/20170428-Barrett/cdt-cade2015/nada/distro/rbt_impl/x2015_09_10_16_49_54_437_992499.smt_in.smt2	uflia-online	unknown	2	UnknownReason { kind: Incomplete, detail: "boolean skeleton outside the online combination encoder: unsupported Boolean op Forall(SymbolId(9)) with 1 args" }
UF	/nas3/data/axeyum/corpus/smtlib-2024/non-incremental/non-incremental/UF/20170428-Barrett/cdt-cade2015/nada/distro/rbt_impl/x2015_09_10_16_49_54_437_992499.smt_in.smt2	uflra-online	unknown	0	UnknownReason { kind: Incomplete, detail: "too many theory atoms for the online combination boolean layer" }
UF	/nas3/data/axeyum/corpus/smtlib-2024/non-incremental/non-incremental/UF/20170428-Barrett/cdt-cade2015/nada/distro/rbt_impl/x2015_09_10_16_49_54_437_992499.smt_in.smt2	ufbv-online-cdclt	error	0	unsupported by backend: online UFBV combination admits only Bool and BitVec terms
UF	/nas3/data/axeyum/corpus/smtlib-2024/non-incremental/non-incremental/UF/20170428-Barrett/cdt-cade2015/nada/distro/rbt_impl/x2015_09_10_16_49_54_437_992499.smt_in.smt2	abv-online-cdclt	error	0	unsupported by backend: online AUFBV combination admits only Bool, BitVec, and Bool/BV-component array terms
UF	/nas3/data/axeyum/corpus/smtlib-2024/non-incremental/non-incremental/UF/20170428-Barrett/cdt-cade2015/nada/distro/rbt_impl/x2015_09_10_16_49_54_437_992499.smt_in.smt2	datatype-elim	unknown	6521	UnknownReason { kind: Incomplete, detail: "query has quantifiers instantiation does not reach (nested, existential, or non-top-level)" }
UF	/nas3/data/axeyum/corpus/smtlib-2024/non-incremental/non-incremental/UF/20170428-Barrett/cdt-cade2015/nada/distro/rbt_impl/x2015_09_10_16_49_54_437_992499.smt_in.smt2	datatype-native	unknown	6388	UnknownReason { kind: Incomplete, detail: "query has quantifiers instantiation does not reach (nested, existential, or non-top-level)" }
UF	/nas3/data/axeyum/corpus/smtlib-2024/non-incremental/non-incremental/UF/20170428-Barrett/cdt-cade2015/nada/distro/rbt_impl/x2015_09_10_16_49_54_437_992499.smt_in.smt2	euf-online	unknown	0	UnknownReason { kind: Other, detail: "boolean skeleton outside the online CDCL(T) encoder" }
UF	/nas3/data/axeyum/corpus/smtlib-2024/non-incremental/non-incremental/UF/20170428-Barrett/cdt-cade2015/nada/distro/rbt_impl/x2015_09_10_16_49_54_437_992499.smt_in.smt2	lia-online-cdclt	unknown	0	UnknownReason { kind: Incomplete, detail: "no linear-integer atoms for the online CDCL(T) LIA path" }
UF	/nas3/data/axeyum/corpus/smtlib-2024/non-incremental/non-incremental/UF/20170428-Barrett/cdt-cade2015/nada/distro/rbt_impl/x2015_09_10_16_49_54_437_992499.smt_in.smt2	lra-online-cdclt	unknown	0	UnknownReason { kind: Incomplete, detail: "no linear-real atoms for the online CDCL(T) LRA path" }
UF	/nas3/data/axeyum/corpus/smtlib-2024/non-incremental/non-incremental/UF/20170428-Barrett/cdt-cade2015/nada/distro/rbt_impl/x2015_09_10_16_49_54_437_992499.smt_in.smt2	abv-lazy-row	error	0	unsupported by backend: term #7 uses unsupported pure-Rust BV operator Forall(SymbolId(9))
UF	/nas3/data/axeyum/corpus/smtlib-2024/non-incremental/non-incremental/UF/20170428-Barrett/cdt-cade2015/nada/distro/rbt_impl/x2015_09_10_16_49_54_437_992499.smt_in.smt2	array-elim	error	0	unsupported by backend: term #7 uses unsupported pure-Rust BV operator Forall(SymbolId(9))
UF	/nas3/data/axeyum/corpus/smtlib-2024/non-incremental/non-incremental/UF/20170428-Barrett/cdt-cade2015/nada/distro/rbt_impl/x2015_09_10_16_49_54_437_992499.smt_in.smt2	aufbv	error	106	unsupported by backend: term #5694 uses unsupported pure-Rust BV operator Forall(SymbolId(9))
UF	/nas3/data/axeyum/corpus/smtlib-2024/non-incremental/non-incremental/UF/20170428-Barrett/cdt-cade2015/nada/gandl/stern_brocot_tree/x2015_09_10_16_51_44_982_1071529.smt_in.smt2	lia-dpll	error	0	unsupported by backend: lazy arithmetic: assertion is not Boolean structure over linear-arithmetic atoms
UF	/nas3/data/axeyum/corpus/smtlib-2024/non-incremental/non-incremental/UF/20170428-Barrett/cdt-cade2015/nada/gandl/stern_brocot_tree/x2015_09_10_16_51_44_982_1071529.smt_in.smt2	lra-dpll	unknown	0	UnknownReason { kind: ResourceLimit, detail: "combined theories: eager Ackermann elimination would emit 86875 congruence constraints, exceeding the deterministic admission bound of 64 (the O(k²) expansion and its downstream solve run unbounded; this needs a lazy/CEGAR route)" }
UF	/nas3/data/axeyum/corpus/smtlib-2024/non-incremental/non-incremental/UF/20170428-Barrett/cdt-cade2015/nada/gandl/stern_brocot_tree/x2015_09_10_16_51_44_982_1071529.smt_in.smt2	nra	unknown	1	UnknownReason { kind: ResourceLimit, detail: "combined theories: eager Ackermann elimination would emit 86875 congruence constraints, exceeding the deterministic admission bound of 64 (the O(k²) expansion and its downstream solve run unbounded; this needs a lazy/CEGAR route)" }
UF	/nas3/data/axeyum/corpus/smtlib-2024/non-incremental/non-incremental/UF/20170428-Barrett/cdt-cade2015/nada/gandl/stern_brocot_tree/x2015_09_10_16_51_44_982_1071529.smt_in.smt2	uf-arithmetic	unknown	7	UnknownReason { kind: Incomplete, detail: "lazy function-consistency CEGAR inconclusive (applications=1653, function_groups=94, potential_pairs=86875, solve_rounds=1, elapsed_ms=5, sat_candidates=0, first_candidate_ms=none, last_candidate_ms=none, pair_checks=0, equal_arg_pairs=0, violated_pairs=0, preseeded_lemmas=0, sibling_lemmas=0, lemmas_added=0, last_new_lemmas=0): uninterpreted-sort term not bit-blastable by the pure-BV backend (no Ackermann route engaged): unsupported by backend: term #4979 uses unsupported pure-Rust BV operator Forall(SymbolId(17))" }
UF	/nas3/data/axeyum/corpus/smtlib-2024/non-incremental/non-incremental/UF/20170428-Barrett/cdt-cade2015/nada/gandl/stern_brocot_tree/x2015_09_10_16_51_44_982_1071529.smt_in.smt2	uf-arith-lazy	unknown	9	UnknownReason { kind: Incomplete, detail: "lazy function-consistency CEGAR inconclusive (applications=1653, function_groups=94, potential_pairs=86875, solve_rounds=1, elapsed_ms=7, sat_candidates=0, first_candidate_ms=none, last_candidate_ms=none, pair_checks=0, equal_arg_pairs=0, violated_pairs=0, preseeded_lemmas=0, sibling_lemmas=0, lemmas_added=0, last_new_lemmas=0): uninterpreted-sort term not bit-blastable by the pure-BV backend (no Ackermann route engaged): unsupported by backend: term #4979 uses unsupported pure-Rust BV operator Forall(SymbolId(17))" }
UF	/nas3/data/axeyum/corpus/smtlib-2024/non-incremental/non-incremental/UF/20170428-Barrett/cdt-cade2015/nada/gandl/stern_brocot_tree/x2015_09_10_16_51_44_982_1071529.smt_in.smt2	uflia-online	unknown	2	UnknownReason { kind: Incomplete, detail: "boolean skeleton outside the online combination encoder: unsupported Boolean op Forall(SymbolId(17)) with 1 args" }
UF	/nas3/data/axeyum/corpus/smtlib-2024/non-incremental/non-incremental/UF/20170428-Barrett/cdt-cade2015/nada/gandl/stern_brocot_tree/x2015_09_10_16_51_44_982_1071529.smt_in.smt2	uflra-online	unknown	0	UnknownReason { kind: Incomplete, detail: "too many theory atoms for the online combination boolean layer" }
UF	/nas3/data/axeyum/corpus/smtlib-2024/non-incremental/non-incremental/UF/20170428-Barrett/cdt-cade2015/nada/gandl/stern_brocot_tree/x2015_09_10_16_51_44_982_1071529.smt_in.smt2	ufbv-online-cdclt	error	0	unsupported by backend: online UFBV combination admits only Bool and BitVec terms
UF	/nas3/data/axeyum/corpus/smtlib-2024/non-incremental/non-incremental/UF/20170428-Barrett/cdt-cade2015/nada/gandl/stern_brocot_tree/x2015_09_10_16_51_44_982_1071529.smt_in.smt2	abv-online-cdclt	error	0	unsupported by backend: online AUFBV combination admits only Bool, BitVec, and Bool/BV-component array terms
UF	/nas3/data/axeyum/corpus/smtlib-2024/non-incremental/non-incremental/UF/20170428-Barrett/cdt-cade2015/nada/gandl/stern_brocot_tree/x2015_09_10_16_51_44_982_1071529.smt_in.smt2	datatype-elim	unknown	17600	UnknownReason { kind: Incomplete, detail: "query has quantifiers instantiation does not reach (nested, existential, or non-top-level)" }
UF	/nas3/data/axeyum/corpus/smtlib-2024/non-incremental/non-incremental/UF/20170428-Barrett/cdt-cade2015/nada/gandl/stern_brocot_tree/x2015_09_10_16_51_44_982_1071529.smt_in.smt2	datatype-native	unknown	17721	UnknownReason { kind: Incomplete, detail: "query has quantifiers instantiation does not reach (nested, existential, or non-top-level)" }
UF	/nas3/data/axeyum/corpus/smtlib-2024/non-incremental/non-incremental/UF/20170428-Barrett/cdt-cade2015/nada/gandl/stern_brocot_tree/x2015_09_10_16_51_44_982_1071529.smt_in.smt2	euf-online	unknown	0	UnknownReason { kind: Other, detail: "boolean skeleton outside the online CDCL(T) encoder" }
UF	/nas3/data/axeyum/corpus/smtlib-2024/non-incremental/non-incremental/UF/20170428-Barrett/cdt-cade2015/nada/gandl/stern_brocot_tree/x2015_09_10_16_51_44_982_1071529.smt_in.smt2	lia-online-cdclt	unknown	0	UnknownReason { kind: Incomplete, detail: "no linear-integer atoms for the online CDCL(T) LIA path" }
UF	/nas3/data/axeyum/corpus/smtlib-2024/non-incremental/non-incremental/UF/20170428-Barrett/cdt-cade2015/nada/gandl/stern_brocot_tree/x2015_09_10_16_51_44_982_1071529.smt_in.smt2	lra-online-cdclt	unknown	0	UnknownReason { kind: Incomplete, detail: "no linear-real atoms for the online CDCL(T) LRA path" }
UF	/nas3/data/axeyum/corpus/smtlib-2024/non-incremental/non-incremental/UF/20170428-Barrett/cdt-cade2015/nada/gandl/stern_brocot_tree/x2015_09_10_16_51_44_982_1071529.smt_in.smt2	abv-lazy-row	error	0	unsupported by backend: term #7 uses unsupported pure-Rust BV operator Forall(SymbolId(17))
UF	/nas3/data/axeyum/corpus/smtlib-2024/non-incremental/non-incremental/UF/20170428-Barrett/cdt-cade2015/nada/gandl/stern_brocot_tree/x2015_09_10_16_51_44_982_1071529.smt_in.smt2	array-elim	error	0	unsupported by backend: term #7 uses unsupported pure-Rust BV operator Forall(SymbolId(17))
UF	/nas3/data/axeyum/corpus/smtlib-2024/non-incremental/non-incremental/UF/20170428-Barrett/cdt-cade2015/nada/gandl/stern_brocot_tree/x2015_09_10_16_51_44_982_1071529.smt_in.smt2	aufbv	error	147	unsupported by backend: term #4979 uses unsupported pure-Rust BV operator Forall(SymbolId(17))
UF	/nas3/data/axeyum/corpus/smtlib-2024/non-incremental/non-incremental/UF/grasshopper/instantiated/dl_remove_postcondition_of_dl_remove_50_4.smt2	lia-dpll	error	0	unsupported by backend: lazy arithmetic: assertion is not Boolean structure over linear-arithmetic atoms
UF	/nas3/data/axeyum/corpus/smtlib-2024/non-incremental/non-incremental/UF/grasshopper/instantiated/dl_remove_postcondition_of_dl_remove_50_4.smt2	lra-dpll	unknown	0	UnknownReason { kind: ResourceLimit, detail: "combined theories: eager Ackermann elimination would emit 16021 congruence constraints, exceeding the deterministic admission bound of 64 (the O(k²) expansion and its downstream solve run unbounded; this needs a lazy/CEGAR route)" }
UF	/nas3/data/axeyum/corpus/smtlib-2024/non-incremental/non-incremental/UF/grasshopper/instantiated/dl_remove_postcondition_of_dl_remove_50_4.smt2	nra	unknown	1	UnknownReason { kind: ResourceLimit, detail: "combined theories: eager Ackermann elimination would emit 16021 congruence constraints, exceeding the deterministic admission bound of 64 (the O(k²) expansion and its downstream solve run unbounded; this needs a lazy/CEGAR route)" }
UF	/nas3/data/axeyum/corpus/smtlib-2024/non-incremental/non-incremental/UF/grasshopper/instantiated/dl_remove_postcondition_of_dl_remove_50_4.smt2	uf-arithmetic	unknown	3	UnknownReason { kind: Incomplete, detail: "lazy function-consistency CEGAR inconclusive (applications=336, function_groups=12, potential_pairs=16021, solve_rounds=1, elapsed_ms=3, sat_candidates=0, first_candidate_ms=none, last_candidate_ms=none, pair_checks=0, equal_arg_pairs=0, violated_pairs=0, preseeded_lemmas=0, sibling_lemmas=0, lemmas_added=0, last_new_lemmas=0): uninterpreted-sort term not bit-blastable by the pure-BV backend (no Ackermann route engaged): unsupported by backend: term #1770 uses unsupported pure-Rust BV operator Forall(SymbolId(49))" }
UF	/nas3/data/axeyum/corpus/smtlib-2024/non-incremental/non-incremental/UF/grasshopper/instantiated/dl_remove_postcondition_of_dl_remove_50_4.smt2	uf-arith-lazy	unknown	3	UnknownReason { kind: Incomplete, detail: "lazy function-consistency CEGAR inconclusive (applications=336, function_groups=12, potential_pairs=16021, solve_rounds=1, elapsed_ms=3, sat_candidates=0, first_candidate_ms=none, last_candidate_ms=none, pair_checks=0, equal_arg_pairs=0, violated_pairs=0, preseeded_lemmas=0, sibling_lemmas=0, lemmas_added=0, last_new_lemmas=0): uninterpreted-sort term not bit-blastable by the pure-BV backend (no Ackermann route engaged): unsupported by backend: term #1770 uses unsupported pure-Rust BV operator Forall(SymbolId(49))" }
UF	/nas3/data/axeyum/corpus/smtlib-2024/non-incremental/non-incremental/UF/grasshopper/instantiated/dl_remove_postcondition_of_dl_remove_50_4.smt2	uflia-online	unknown	0	UnknownReason { kind: Incomplete, detail: "boolean skeleton outside the online combination encoder: unsupported Boolean op Forall(SymbolId(49)) with 1 args" }
UF	/nas3/data/axeyum/corpus/smtlib-2024/non-incremental/non-incremental/UF/grasshopper/instantiated/dl_remove_postcondition_of_dl_remove_50_4.smt2	uflra-online	unknown	0	UnknownReason { kind: Incomplete, detail: "too many theory atoms for the online combination boolean layer" }
UF	/nas3/data/axeyum/corpus/smtlib-2024/non-incremental/non-incremental/UF/grasshopper/instantiated/dl_remove_postcondition_of_dl_remove_50_4.smt2	ufbv-online-cdclt	error	0	unsupported by backend: online UFBV combination admits only Bool and BitVec terms
UF	/nas3/data/axeyum/corpus/smtlib-2024/non-incremental/non-incremental/UF/grasshopper/instantiated/dl_remove_postcondition_of_dl_remove_50_4.smt2	abv-online-cdclt	error	0	unsupported by backend: online AUFBV combination admits only Bool, BitVec, and Bool/BV-component array terms
UF	/nas3/data/axeyum/corpus/smtlib-2024/non-incremental/non-incremental/UF/grasshopper/instantiated/dl_remove_postcondition_of_dl_remove_50_4.smt2	datatype-elim	unknown	24051	UnknownReason { kind: ResourceLimit, detail: "quantified solve time budget exhausted after e-matching" }
UF	/nas3/data/axeyum/corpus/smtlib-2024/non-incremental/non-incremental/UF/grasshopper/instantiated/dl_remove_postcondition_of_dl_remove_50_4.smt2	datatype-native	unknown	24048	UnknownReason { kind: ResourceLimit, detail: "quantified solve time budget exhausted after e-matching" }
UF	/nas3/data/axeyum/corpus/smtlib-2024/non-incremental/non-incremental/UF/grasshopper/instantiated/dl_remove_postcondition_of_dl_remove_50_4.smt2	euf-online	unknown	0	UnknownReason { kind: Other, detail: "boolean skeleton outside the online CDCL(T) encoder" }
UF	/nas3/data/axeyum/corpus/smtlib-2024/non-incremental/non-incremental/UF/grasshopper/instantiated/dl_remove_postcondition_of_dl_remove_50_4.smt2	lia-online-cdclt	unknown	0	UnknownReason { kind: Incomplete, detail: "no linear-integer atoms for the online CDCL(T) LIA path" }
UF	/nas3/data/axeyum/corpus/smtlib-2024/non-incremental/non-incremental/UF/grasshopper/instantiated/dl_remove_postcondition_of_dl_remove_50_4.smt2	lra-online-cdclt	unknown	0	UnknownReason { kind: Incomplete, detail: "no linear-real atoms for the online CDCL(T) LRA path" }
UF	/nas3/data/axeyum/corpus/smtlib-2024/non-incremental/non-incremental/UF/grasshopper/instantiated/dl_remove_postcondition_of_dl_remove_50_4.smt2	abv-lazy-row	error	0	unsupported by backend: term #10 uses unsupported pure-Rust BV operator Forall(SymbolId(49))
UF	/nas3/data/axeyum/corpus/smtlib-2024/non-incremental/non-incremental/UF/grasshopper/instantiated/dl_remove_postcondition_of_dl_remove_50_4.smt2	array-elim	error	0	unsupported by backend: term #10 uses unsupported pure-Rust BV operator Forall(SymbolId(49))
UF	/nas3/data/axeyum/corpus/smtlib-2024/non-incremental/non-incremental/UF/grasshopper/instantiated/dl_remove_postcondition_of_dl_remove_50_4.smt2	aufbv	error	19	unsupported by backend: term #1770 uses unsupported pure-Rust BV operator Forall(SymbolId(49))
UF	/nas3/data/axeyum/corpus/smtlib-2024/non-incremental/non-incremental/UF/grasshopper/uninstantiated/dl_copy_invariant_19_2.smt2	lia-dpll	error	0	unsupported by backend: lazy arithmetic: assertion is not Boolean structure over linear-arithmetic atoms
UF	/nas3/data/axeyum/corpus/smtlib-2024/non-incremental/non-incremental/UF/grasshopper/uninstantiated/dl_copy_invariant_19_2.smt2	lra-dpll	unknown	0	UnknownReason { kind: ResourceLimit, detail: "combined theories: eager Ackermann elimination would emit 1754 congruence constraints, exceeding the deterministic admission bound of 64 (the O(k²) expansion and its downstream solve run unbounded; this needs a lazy/CEGAR route)" }
UF	/nas3/data/axeyum/corpus/smtlib-2024/non-incremental/non-incremental/UF/grasshopper/uninstantiated/dl_copy_invariant_19_2.smt2	nra	unknown	0	UnknownReason { kind: ResourceLimit, detail: "combined theories: eager Ackermann elimination would emit 1754 congruence constraints, exceeding the deterministic admission bound of 64 (the O(k²) expansion and its downstream solve run unbounded; this needs a lazy/CEGAR route)" }
UF	/nas3/data/axeyum/corpus/smtlib-2024/non-incremental/non-incremental/UF/grasshopper/uninstantiated/dl_copy_invariant_19_2.smt2	uf-arithmetic	error	2	unsupported by backend: term #595 uses unsupported pure-Rust BV operator Forall(SymbolId(30))
UF	/nas3/data/axeyum/corpus/smtlib-2024/non-incremental/non-incremental/UF/grasshopper/uninstantiated/dl_copy_invariant_19_2.smt2	uf-arith-lazy	error	1	unsupported by backend: term #595 uses unsupported pure-Rust BV operator Forall(SymbolId(30))
UF	/nas3/data/axeyum/corpus/smtlib-2024/non-incremental/non-incremental/UF/grasshopper/uninstantiated/dl_copy_invariant_19_2.smt2	uflia-online	unknown	0	UnknownReason { kind: Incomplete, detail: "boolean skeleton outside the online combination encoder: unsupported Boolean op Forall(SymbolId(27)) with 1 args" }
UF	/nas3/data/axeyum/corpus/smtlib-2024/non-incremental/non-incremental/UF/grasshopper/uninstantiated/dl_copy_invariant_19_2.smt2	uflra-online	unknown	0	UnknownReason { kind: Incomplete, detail: "too many theory atoms for the online combination boolean layer" }
UF	/nas3/data/axeyum/corpus/smtlib-2024/non-incremental/non-incremental/UF/grasshopper/uninstantiated/dl_copy_invariant_19_2.smt2	ufbv-online-cdclt	error	0	unsupported by backend: online UFBV combination admits only Bool and BitVec terms
UF	/nas3/data/axeyum/corpus/smtlib-2024/non-incremental/non-incremental/UF/grasshopper/uninstantiated/dl_copy_invariant_19_2.smt2	abv-online-cdclt	error	0	unsupported by backend: online AUFBV combination admits only Bool, BitVec, and Bool/BV-component array terms
UF	/nas3/data/axeyum/corpus/smtlib-2024/non-incremental/non-incremental/UF/grasshopper/uninstantiated/dl_copy_invariant_19_2.smt2	datatype-elim	unknown	24380	UnknownReason { kind: Incomplete, detail: "query has quantifiers instantiation does not reach (nested, existential, or non-top-level)" }
UF	/nas3/data/axeyum/corpus/smtlib-2024/non-incremental/non-incremental/UF/grasshopper/uninstantiated/dl_copy_invariant_19_2.smt2	datatype-native	unknown	24313	UnknownReason { kind: Incomplete, detail: "query has quantifiers instantiation does not reach (nested, existential, or non-top-level)" }
UF	/nas3/data/axeyum/corpus/smtlib-2024/non-incremental/non-incremental/UF/grasshopper/uninstantiated/dl_copy_invariant_19_2.smt2	euf-online	unknown	0	UnknownReason { kind: Other, detail: "boolean skeleton outside the online CDCL(T) encoder" }
UF	/nas3/data/axeyum/corpus/smtlib-2024/non-incremental/non-incremental/UF/grasshopper/uninstantiated/dl_copy_invariant_19_2.smt2	lia-online-cdclt	unknown	0	UnknownReason { kind: Incomplete, detail: "no linear-integer atoms for the online CDCL(T) LIA path" }
UF	/nas3/data/axeyum/corpus/smtlib-2024/non-incremental/non-incremental/UF/grasshopper/uninstantiated/dl_copy_invariant_19_2.smt2	lra-online-cdclt	unknown	0	UnknownReason { kind: Incomplete, detail: "no linear-real atoms for the online CDCL(T) LRA path" }
UF	/nas3/data/axeyum/corpus/smtlib-2024/non-incremental/non-incremental/UF/grasshopper/uninstantiated/dl_copy_invariant_19_2.smt2	abv-lazy-row	error	0	unsupported by backend: term #4 uses unsupported pure-Rust BV operator Forall(SymbolId(27))
UF	/nas3/data/axeyum/corpus/smtlib-2024/non-incremental/non-incremental/UF/grasshopper/uninstantiated/dl_copy_invariant_19_2.smt2	array-elim	error	0	unsupported by backend: term #4 uses unsupported pure-Rust BV operator Forall(SymbolId(27))
UF	/nas3/data/axeyum/corpus/smtlib-2024/non-incremental/non-incremental/UF/grasshopper/uninstantiated/dl_copy_invariant_19_2.smt2	aufbv	error	1	unsupported by backend: term #572 uses unsupported pure-Rust BV operator Forall(SymbolId(27))
UF	/nas3/data/axeyum/corpus/smtlib-2024/non-incremental/non-incremental/UF/grasshopper/uninstantiated/dl_remove_loop_invariant_35_5.smt2	lia-dpll	error	0	unsupported by backend: lazy arithmetic: assertion is not Boolean structure over linear-arithmetic atoms
UF	/nas3/data/axeyum/corpus/smtlib-2024/non-incremental/non-incremental/UF/grasshopper/uninstantiated/dl_remove_loop_invariant_35_5.smt2	lra-dpll	unknown	0	UnknownReason { kind: ResourceLimit, detail: "combined theories: eager Ackermann elimination would emit 1656 congruence constraints, exceeding the deterministic admission bound of 64 (the O(k²) expansion and its downstream solve run unbounded; this needs a lazy/CEGAR route)" }
UF	/nas3/data/axeyum/corpus/smtlib-2024/non-incremental/non-incremental/UF/grasshopper/uninstantiated/dl_remove_loop_invariant_35_5.smt2	nra	unknown	0	UnknownReason { kind: ResourceLimit, detail: "combined theories: eager Ackermann elimination would emit 1656 congruence constraints, exceeding the deterministic admission bound of 64 (the O(k²) expansion and its downstream solve run unbounded; this needs a lazy/CEGAR route)" }
UF	/nas3/data/axeyum/corpus/smtlib-2024/non-incremental/non-incremental/UF/grasshopper/uninstantiated/dl_remove_loop_invariant_35_5.smt2	uf-arithmetic	error	3	unsupported by backend: term #595 uses unsupported pure-Rust BV operator Forall(SymbolId(38))
UF	/nas3/data/axeyum/corpus/smtlib-2024/non-incremental/non-incremental/UF/grasshopper/uninstantiated/dl_remove_loop_invariant_35_5.smt2	uf-arith-lazy	error	2	unsupported by backend: term #595 uses unsupported pure-Rust BV operator Forall(SymbolId(38))
UF	/nas3/data/axeyum/corpus/smtlib-2024/non-incremental/non-incremental/UF/grasshopper/uninstantiated/dl_remove_loop_invariant_35_5.smt2	uflia-online	unknown	0	UnknownReason { kind: Incomplete, detail: "boolean skeleton outside the online combination encoder: unsupported Boolean op Forall(SymbolId(35)) with 1 args" }
UF	/nas3/data/axeyum/corpus/smtlib-2024/non-incremental/non-incremental/UF/grasshopper/uninstantiated/dl_remove_loop_invariant_35_5.smt2	uflra-online	unknown	0	UnknownReason { kind: Incomplete, detail: "too many theory atoms for the online combination boolean layer" }
UF	/nas3/data/axeyum/corpus/smtlib-2024/non-incremental/non-incremental/UF/grasshopper/uninstantiated/dl_remove_loop_invariant_35_5.smt2	ufbv-online-cdclt	error	0	unsupported by backend: online UFBV combination admits only Bool and BitVec terms
UF	/nas3/data/axeyum/corpus/smtlib-2024/non-incremental/non-incremental/UF/grasshopper/uninstantiated/dl_remove_loop_invariant_35_5.smt2	abv-online-cdclt	error	0	unsupported by backend: online AUFBV combination admits only Bool, BitVec, and Bool/BV-component array terms
UF	/nas3/data/axeyum/corpus/smtlib-2024/non-incremental/non-incremental/UF/grasshopper/uninstantiated/dl_remove_loop_invariant_35_5.smt2	datatype-elim	unknown	9194	UnknownReason { kind: Incomplete, detail: "query has quantifiers instantiation does not reach (nested, existential, or non-top-level)" }
UF	/nas3/data/axeyum/corpus/smtlib-2024/non-incremental/non-incremental/UF/grasshopper/uninstantiated/dl_remove_loop_invariant_35_5.smt2	datatype-native	unknown	8857	UnknownReason { kind: Incomplete, detail: "query has quantifiers instantiation does not reach (nested, existential, or non-top-level)" }
UF	/nas3/data/axeyum/corpus/smtlib-2024/non-incremental/non-incremental/UF/grasshopper/uninstantiated/dl_remove_loop_invariant_35_5.smt2	euf-online	unknown	0	UnknownReason { kind: Other, detail: "boolean skeleton outside the online CDCL(T) encoder" }
UF	/nas3/data/axeyum/corpus/smtlib-2024/non-incremental/non-incremental/UF/grasshopper/uninstantiated/dl_remove_loop_invariant_35_5.smt2	lia-online-cdclt	unknown	0	UnknownReason { kind: Incomplete, detail: "no linear-integer atoms for the online CDCL(T) LIA path" }
UF	/nas3/data/axeyum/corpus/smtlib-2024/non-incremental/non-incremental/UF/grasshopper/uninstantiated/dl_remove_loop_invariant_35_5.smt2	lra-online-cdclt	unknown	0	UnknownReason { kind: Incomplete, detail: "no linear-real atoms for the online CDCL(T) LRA path" }
UF	/nas3/data/axeyum/corpus/smtlib-2024/non-incremental/non-incremental/UF/grasshopper/uninstantiated/dl_remove_loop_invariant_35_5.smt2	abv-lazy-row	error	0	unsupported by backend: term #4 uses unsupported pure-Rust BV operator Forall(SymbolId(35))
UF	/nas3/data/axeyum/corpus/smtlib-2024/non-incremental/non-incremental/UF/grasshopper/uninstantiated/dl_remove_loop_invariant_35_5.smt2	array-elim	error	0	unsupported by backend: term #4 uses unsupported pure-Rust BV operator Forall(SymbolId(35))
UF	/nas3/data/axeyum/corpus/smtlib-2024/non-incremental/non-incremental/UF/grasshopper/uninstantiated/dl_remove_loop_invariant_35_5.smt2	aufbv	error	1	unsupported by backend: term #572 uses unsupported pure-Rust BV operator Forall(SymbolId(35))
UF	/nas3/data/axeyum/corpus/smtlib-2024/non-incremental/non-incremental/UF/sledgehammer/Arrow_Order/smtlib.663965.smt2	lia-dpll	error	2	unsupported by backend: lazy arithmetic: assertion is not Boolean structure over linear-arithmetic atoms
UF	/nas3/data/axeyum/corpus/smtlib-2024/non-incremental/non-incremental/UF/sledgehammer/Arrow_Order/smtlib.663965.smt2	lra-dpll	unknown	3	UnknownReason { kind: ResourceLimit, detail: "combined theories: eager Ackermann elimination would emit 67083 congruence constraints, exceeding the deterministic admission bound of 64 (the O(k²) expansion and its downstream solve run unbounded; this needs a lazy/CEGAR route)" }
UF	/nas3/data/axeyum/corpus/smtlib-2024/non-incremental/non-incremental/UF/sledgehammer/Arrow_Order/smtlib.663965.smt2	nra	unknown	5	UnknownReason { kind: ResourceLimit, detail: "combined theories: eager Ackermann elimination would emit 67083 congruence constraints, exceeding the deterministic admission bound of 64 (the O(k²) expansion and its downstream solve run unbounded; this needs a lazy/CEGAR route)" }
UF	/nas3/data/axeyum/corpus/smtlib-2024/non-incremental/non-incremental/UF/sledgehammer/Arrow_Order/smtlib.663965.smt2	uf-arithmetic	unknown	22	UnknownReason { kind: Incomplete, detail: "lazy function-consistency CEGAR inconclusive (applications=4931, function_groups=2353, potential_pairs=67083, solve_rounds=1, elapsed_ms=12, sat_candidates=0, first_candidate_ms=none, last_candidate_ms=none, pair_checks=0, equal_arg_pairs=0, violated_pairs=0, preseeded_lemmas=0, sibling_lemmas=0, lemmas_added=0, last_new_lemmas=0): uninterpreted-sort term not bit-blastable by the pure-BV backend (no Ackermann route engaged): unsupported by backend: term #13803 uses unsupported pure-Rust BV operator Forall(SymbolId(802))" }
UF	/nas3/data/axeyum/corpus/smtlib-2024/non-incremental/non-incremental/UF/sledgehammer/Arrow_Order/smtlib.663965.smt2	uf-arith-lazy	unknown	20	UnknownReason { kind: Incomplete, detail: "lazy function-consistency CEGAR inconclusive (applications=4931, function_groups=2353, potential_pairs=67083, solve_rounds=1, elapsed_ms=12, sat_candidates=0, first_candidate_ms=none, last_candidate_ms=none, pair_checks=0, equal_arg_pairs=0, violated_pairs=0, preseeded_lemmas=0, sibling_lemmas=0, lemmas_added=0, last_new_lemmas=0): uninterpreted-sort term not bit-blastable by the pure-BV backend (no Ackermann route engaged): unsupported by backend: term #13803 uses unsupported pure-Rust BV operator Forall(SymbolId(802))" }
UF	/nas3/data/axeyum/corpus/smtlib-2024/non-incremental/non-incremental/UF/sledgehammer/Arrow_Order/smtlib.663965.smt2	uflia-online	unknown	0	UnknownReason { kind: Incomplete, detail: "too many theory atoms for the online combination boolean layer: 1484 > 512" }
UF	/nas3/data/axeyum/corpus/smtlib-2024/non-incremental/non-incremental/UF/sledgehammer/Arrow_Order/smtlib.663965.smt2	uflra-online	unknown	0	UnknownReason { kind: Incomplete, detail: "too many theory atoms for the online combination boolean layer" }
UF	/nas3/data/axeyum/corpus/smtlib-2024/non-incremental/non-incremental/UF/sledgehammer/Arrow_Order/smtlib.663965.smt2	ufbv-online-cdclt	error	0	unsupported by backend: online UFBV combination admits only Bool and BitVec terms
UF	/nas3/data/axeyum/corpus/smtlib-2024/non-incremental/non-incremental/UF/sledgehammer/Arrow_Order/smtlib.663965.smt2	abv-online-cdclt	error	0	unsupported by backend: online AUFBV combination admits only Bool, BitVec, and Bool/BV-component array terms
UF	/nas3/data/axeyum/corpus/smtlib-2024/non-incremental/non-incremental/UF/sledgehammer/Arrow_Order/smtlib.663965.smt2	datatype-elim	aborted	24000	exit=-6
UF	/nas3/data/axeyum/corpus/smtlib-2024/non-incremental/non-incremental/UF/sledgehammer/Arrow_Order/smtlib.663965.smt2	datatype-native	aborted	24000	exit=-6
UF	/nas3/data/axeyum/corpus/smtlib-2024/non-incremental/non-incremental/UF/sledgehammer/Arrow_Order/smtlib.663965.smt2	euf-online	unknown	0	UnknownReason { kind: Other, detail: "boolean skeleton outside the online CDCL(T) encoder" }
UF	/nas3/data/axeyum/corpus/smtlib-2024/non-incremental/non-incremental/UF/sledgehammer/Arrow_Order/smtlib.663965.smt2	lia-online-cdclt	unknown	1	UnknownReason { kind: Incomplete, detail: "no linear-integer atoms for the online CDCL(T) LIA path" }
UF	/nas3/data/axeyum/corpus/smtlib-2024/non-incremental/non-incremental/UF/sledgehammer/Arrow_Order/smtlib.663965.smt2	lra-online-cdclt	unknown	1	UnknownReason { kind: Incomplete, detail: "no linear-real atoms for the online CDCL(T) LRA path" }
UF	/nas3/data/axeyum/corpus/smtlib-2024/non-incremental/non-incremental/UF/sledgehammer/Arrow_Order/smtlib.663965.smt2	abv-lazy-row	error	0	unsupported by backend: term #9 uses unsupported pure-Rust BV operator Forall(SymbolId(802))
UF	/nas3/data/axeyum/corpus/smtlib-2024/non-incremental/non-incremental/UF/sledgehammer/Arrow_Order/smtlib.663965.smt2	array-elim	error	0	unsupported by backend: term #9 uses unsupported pure-Rust BV operator Forall(SymbolId(802))
UF	/nas3/data/axeyum/corpus/smtlib-2024/non-incremental/non-incremental/UF/sledgehammer/Arrow_Order/smtlib.663965.smt2	aufbv	error	96	unsupported by backend: term #13803 uses unsupported pure-Rust BV operator Forall(SymbolId(802))
UF	/nas3/data/axeyum/corpus/smtlib-2024/non-incremental/non-incremental/UF/sledgehammer/Arrow_Order/uf.704291.smt2	lia-dpll	error	0	unsupported by backend: lazy arithmetic: assertion is not Boolean structure over linear-arithmetic atoms
UF	/nas3/data/axeyum/corpus/smtlib-2024/non-incremental/non-incremental/UF/sledgehammer/Arrow_Order/uf.704291.smt2	lra-dpll	unknown	1	UnknownReason { kind: ResourceLimit, detail: "combined theories: eager Ackermann elimination would emit 90367 congruence constraints, exceeding the deterministic admission bound of 64 (the O(k²) expansion and its downstream solve run unbounded; this needs a lazy/CEGAR route)" }
UF	/nas3/data/axeyum/corpus/smtlib-2024/non-incremental/non-incremental/UF/sledgehammer/Arrow_Order/uf.704291.smt2	nra	unknown	2	UnknownReason { kind: ResourceLimit, detail: "combined theories: eager Ackermann elimination would emit 90367 congruence constraints, exceeding the deterministic admission bound of 64 (the O(k²) expansion and its downstream solve run unbounded; this needs a lazy/CEGAR route)" }
UF	/nas3/data/axeyum/corpus/smtlib-2024/non-incremental/non-incremental/UF/sledgehammer/Arrow_Order/uf.704291.smt2	uf-arithmetic	unknown	10	UnknownReason { kind: Incomplete, detail: "lazy function-consistency CEGAR inconclusive (applications=2408, function_groups=235, potential_pairs=90367, solve_rounds=1, elapsed_ms=7, sat_candidates=0, first_candidate_ms=none, last_candidate_ms=none, pair_checks=0, equal_arg_pairs=0, violated_pairs=0, preseeded_lemmas=0, sibling_lemmas=0, lemmas_added=0, last_new_lemmas=0): uninterpreted-sort term not bit-blastable by the pure-BV backend (no Ackermann route engaged): unsupported by backend: term #7003 uses unsupported pure-Rust BV operator Forall(SymbolId(82))" }
UF	/nas3/data/axeyum/corpus/smtlib-2024/non-incremental/non-incremental/UF/sledgehammer/Arrow_Order/uf.704291.smt2	uf-arith-lazy	unknown	15	UnknownReason { kind: Incomplete, detail: "lazy function-consistency CEGAR inconclusive (applications=2408, function_groups=235, potential_pairs=90367, solve_rounds=1, elapsed_ms=12, sat_candidates=0, first_candidate_ms=none, last_candidate_ms=none, pair_checks=0, equal_arg_pairs=0, violated_pairs=0, preseeded_lemmas=0, sibling_lemmas=0, lemmas_added=0, last_new_lemmas=0): uninterpreted-sort term not bit-blastable by the pure-BV backend (no Ackermann route engaged): unsupported by backend: term #7003 uses unsupported pure-Rust BV operator Forall(SymbolId(82))" }
UF	/nas3/data/axeyum/corpus/smtlib-2024/non-incremental/non-incremental/UF/sledgehammer/Arrow_Order/uf.704291.smt2	uflia-online	unknown	0	UnknownReason { kind: Incomplete, detail: "too many theory atoms for the online combination boolean layer: 811 > 512" }
UF	/nas3/data/axeyum/corpus/smtlib-2024/non-incremental/non-incremental/UF/sledgehammer/Arrow_Order/uf.704291.smt2	uflra-online	unknown	0	UnknownReason { kind: Incomplete, detail: "too many theory atoms for the online combination boolean layer" }
UF	/nas3/data/axeyum/corpus/smtlib-2024/non-incremental/non-incremental/UF/sledgehammer/Arrow_Order/uf.704291.smt2	ufbv-online-cdclt	error	0	unsupported by backend: online UFBV combination admits only Bool and BitVec terms
UF	/nas3/data/axeyum/corpus/smtlib-2024/non-incremental/non-incremental/UF/sledgehammer/Arrow_Order/uf.704291.smt2	abv-online-cdclt	error	0	unsupported by backend: online AUFBV combination admits only Bool, BitVec, and Bool/BV-component array terms
UF	/nas3/data/axeyum/corpus/smtlib-2024/non-incremental/non-incremental/UF/sledgehammer/Arrow_Order/uf.704291.smt2	datatype-elim	unknown	25200	UnknownReason { kind: Incomplete, detail: "query has quantifiers instantiation does not reach (nested, existential, or non-top-level)" }
UF	/nas3/data/axeyum/corpus/smtlib-2024/non-incremental/non-incremental/UF/sledgehammer/Arrow_Order/uf.704291.smt2	datatype-native	unknown	25147	UnknownReason { kind: Incomplete, detail: "query has quantifiers instantiation does not reach (nested, existential, or non-top-level)" }
UF	/nas3/data/axeyum/corpus/smtlib-2024/non-incremental/non-incremental/UF/sledgehammer/Arrow_Order/uf.704291.smt2	euf-online	unknown	0	UnknownReason { kind: Other, detail: "boolean skeleton outside the online CDCL(T) encoder" }
UF	/nas3/data/axeyum/corpus/smtlib-2024/non-incremental/non-incremental/UF/sledgehammer/Arrow_Order/uf.704291.smt2	lia-online-cdclt	unknown	0	UnknownReason { kind: Incomplete, detail: "no linear-integer atoms for the online CDCL(T) LIA path" }
UF	/nas3/data/axeyum/corpus/smtlib-2024/non-incremental/non-incremental/UF/sledgehammer/Arrow_Order/uf.704291.smt2	lra-online-cdclt	unknown	0	UnknownReason { kind: Incomplete, detail: "no linear-real atoms for the online CDCL(T) LRA path" }
UF	/nas3/data/axeyum/corpus/smtlib-2024/non-incremental/non-incremental/UF/sledgehammer/Arrow_Order/uf.704291.smt2	abv-lazy-row	error	0	unsupported by backend: term #22 uses unsupported pure-Rust BV operator Forall(SymbolId(82))
UF	/nas3/data/axeyum/corpus/smtlib-2024/non-incremental/non-incremental/UF/sledgehammer/Arrow_Order/uf.704291.smt2	array-elim	error	0	unsupported by backend: term #22 uses unsupported pure-Rust BV operator Forall(SymbolId(82))
UF	/nas3/data/axeyum/corpus/smtlib-2024/non-incremental/non-incremental/UF/sledgehammer/Arrow_Order/uf.704291.smt2	aufbv	error	120	unsupported by backend: term #7003 uses unsupported pure-Rust BV operator Forall(SymbolId(82))
UF	/nas3/data/axeyum/corpus/smtlib-2024/non-incremental/non-incremental/UF/sledgehammer/Arrow_Order/uf.813308.smt2	lia-dpll	error	0	unsupported by backend: lazy arithmetic: assertion is not Boolean structure over linear-arithmetic atoms
UF	/nas3/data/axeyum/corpus/smtlib-2024/non-incremental/non-incremental/UF/sledgehammer/Arrow_Order/uf.813308.smt2	lra-dpll	unknown	1	UnknownReason { kind: ResourceLimit, detail: "combined theories: eager Ackermann elimination would emit 118859 congruence constraints, exceeding the deterministic admission bound of 64 (the O(k²) expansion and its downstream solve run unbounded; this needs a lazy/CEGAR route)" }
UF	/nas3/data/axeyum/corpus/smtlib-2024/non-incremental/non-incremental/UF/sledgehammer/Arrow_Order/uf.813308.smt2	nra	unknown	2	UnknownReason { kind: ResourceLimit, detail: "combined theories: eager Ackermann elimination would emit 118859 congruence constraints, exceeding the deterministic admission bound of 64 (the O(k²) expansion and its downstream solve run unbounded; this needs a lazy/CEGAR route)" }
UF	/nas3/data/axeyum/corpus/smtlib-2024/non-incremental/non-incremental/UF/sledgehammer/Arrow_Order/uf.813308.smt2	uf-arithmetic	unknown	10	UnknownReason { kind: Incomplete, detail: "lazy function-consistency CEGAR inconclusive (applications=2226, function_groups=69, potential_pairs=118859, solve_rounds=1, elapsed_ms=8, sat_candidates=0, first_candidate_ms=none, last_candidate_ms=none, pair_checks=0, equal_arg_pairs=0, violated_pairs=0, preseeded_lemmas=0, sibling_lemmas=0, lemmas_added=0, last_new_lemmas=0): uninterpreted-sort term not bit-blastable by the pure-BV backend (no Ackermann route engaged): unsupported by backend: term #6411 uses unsupported pure-Rust BV operator Forall(SymbolId(94))" }
UF	/nas3/data/axeyum/corpus/smtlib-2024/non-incremental/non-incremental/UF/sledgehammer/Arrow_Order/uf.813308.smt2	uf-arith-lazy	unknown	10	UnknownReason { kind: Incomplete, detail: "lazy function-consistency CEGAR inconclusive (applications=2226, function_groups=69, potential_pairs=118859, solve_rounds=1, elapsed_ms=8, sat_candidates=0, first_candidate_ms=none, last_candidate_ms=none, pair_checks=0, equal_arg_pairs=0, violated_pairs=0, preseeded_lemmas=0, sibling_lemmas=0, lemmas_added=0, last_new_lemmas=0): uninterpreted-sort term not bit-blastable by the pure-BV backend (no Ackermann route engaged): unsupported by backend: term #6411 uses unsupported pure-Rust BV operator Forall(SymbolId(94))" }
UF	/nas3/data/axeyum/corpus/smtlib-2024/non-incremental/non-incremental/UF/sledgehammer/Arrow_Order/uf.813308.smt2	uflia-online	unknown	0	UnknownReason { kind: Incomplete, detail: "too many theory atoms for the online combination boolean layer: 988 > 512" }
UF	/nas3/data/axeyum/corpus/smtlib-2024/non-incremental/non-incremental/UF/sledgehammer/Arrow_Order/uf.813308.smt2	uflra-online	unknown	0	UnknownReason { kind: Incomplete, detail: "too many theory atoms for the online combination boolean layer" }
UF	/nas3/data/axeyum/corpus/smtlib-2024/non-incremental/non-incremental/UF/sledgehammer/Arrow_Order/uf.813308.smt2	ufbv-online-cdclt	error	0	unsupported by backend: online UFBV combination admits only Bool and BitVec terms
UF	/nas3/data/axeyum/corpus/smtlib-2024/non-incremental/non-incremental/UF/sledgehammer/Arrow_Order/uf.813308.smt2	abv-online-cdclt	error	0	unsupported by backend: online AUFBV combination admits only Bool, BitVec, and Bool/BV-component array terms
UF	/nas3/data/axeyum/corpus/smtlib-2024/non-incremental/non-incremental/UF/sledgehammer/Arrow_Order/uf.813308.smt2	datatype-elim	unknown	26171	UnknownReason { kind: Incomplete, detail: "query has quantifiers instantiation does not reach (nested, existential, or non-top-level)" }
UF	/nas3/data/axeyum/corpus/smtlib-2024/non-incremental/non-incremental/UF/sledgehammer/Arrow_Order/uf.813308.smt2	datatype-native	unknown	25415	UnknownReason { kind: Incomplete, detail: "query has quantifiers instantiation does not reach (nested, existential, or non-top-level)" }
UF	/nas3/data/axeyum/corpus/smtlib-2024/non-incremental/non-incremental/UF/sledgehammer/Arrow_Order/uf.813308.smt2	euf-online	unknown	0	UnknownReason { kind: Other, detail: "boolean skeleton outside the online CDCL(T) encoder" }
UF	/nas3/data/axeyum/corpus/smtlib-2024/non-incremental/non-incremental/UF/sledgehammer/Arrow_Order/uf.813308.smt2	lia-online-cdclt	unknown	0	UnknownReason { kind: Incomplete, detail: "no linear-integer atoms for the online CDCL(T) LIA path" }
UF	/nas3/data/axeyum/corpus/smtlib-2024/non-incremental/non-incremental/UF/sledgehammer/Arrow_Order/uf.813308.smt2	lra-online-cdclt	unknown	0	UnknownReason { kind: Incomplete, detail: "no linear-real atoms for the online CDCL(T) LRA path" }
UF	/nas3/data/axeyum/corpus/smtlib-2024/non-incremental/non-incremental/UF/sledgehammer/Arrow_Order/uf.813308.smt2	abv-lazy-row	error	0	unsupported by backend: term #20 uses unsupported pure-Rust BV operator Forall(SymbolId(94))
UF	/nas3/data/axeyum/corpus/smtlib-2024/non-incremental/non-incremental/UF/sledgehammer/Arrow_Order/uf.813308.smt2	array-elim	error	0	unsupported by backend: term #20 uses unsupported pure-Rust BV operator Forall(SymbolId(94))
UF	/nas3/data/axeyum/corpus/smtlib-2024/non-incremental/non-incremental/UF/sledgehammer/Arrow_Order/uf.813308.smt2	aufbv	error	198	unsupported by backend: term #6411 uses unsupported pure-Rust BV operator Forall(SymbolId(94))
UF	/nas3/data/axeyum/corpus/smtlib-2024/non-incremental/non-incremental/UF/sledgehammer/Arrow_Order/uf.850780.smt2	lia-dpll	error	1	unsupported by backend: lazy arithmetic: assertion is not Boolean structure over linear-arithmetic atoms
UF	/nas3/data/axeyum/corpus/smtlib-2024/non-incremental/non-incremental/UF/sledgehammer/Arrow_Order/uf.850780.smt2	lra-dpll	unknown	2	UnknownReason { kind: ResourceLimit, detail: "combined theories: eager Ackermann elimination would emit 107668 congruence constraints, exceeding the deterministic admission bound of 64 (the O(k²) expansion and its downstream solve run unbounded; this needs a lazy/CEGAR route)" }
UF	/nas3/data/axeyum/corpus/smtlib-2024/non-incremental/non-incremental/UF/sledgehammer/Arrow_Order/uf.850780.smt2	nra	unknown	5	UnknownReason { kind: ResourceLimit, detail: "combined theories: eager Ackermann elimination would emit 107668 congruence constraints, exceeding the deterministic admission bound of 64 (the O(k²) expansion and its downstream solve run unbounded; this needs a lazy/CEGAR route)" }
UF	/nas3/data/axeyum/corpus/smtlib-2024/non-incremental/non-incremental/UF/sledgehammer/Arrow_Order/uf.850780.smt2	uf-arithmetic	unknown	12	UnknownReason { kind: Incomplete, detail: "lazy function-consistency CEGAR inconclusive (applications=2938, function_groups=266, potential_pairs=107668, solve_rounds=1, elapsed_ms=8, sat_candidates=0, first_candidate_ms=none, last_candidate_ms=none, pair_checks=0, equal_arg_pairs=0, violated_pairs=0, preseeded_lemmas=0, sibling_lemmas=0, lemmas_added=0, last_new_lemmas=0): uninterpreted-sort term not bit-blastable by the pure-BV backend (no Ackermann route engaged): unsupported by backend: term #7976 uses unsupported pure-Rust BV operator Forall(SymbolId(189))" }
UF	/nas3/data/axeyum/corpus/smtlib-2024/non-incremental/non-incremental/UF/sledgehammer/Arrow_Order/uf.850780.smt2	uf-arith-lazy	unknown	12	UnknownReason { kind: Incomplete, detail: "lazy function-consistency CEGAR inconclusive (applications=2938, function_groups=266, potential_pairs=107668, solve_rounds=1, elapsed_ms=9, sat_candidates=0, first_candidate_ms=none, last_candidate_ms=none, pair_checks=0, equal_arg_pairs=0, violated_pairs=0, preseeded_lemmas=0, sibling_lemmas=0, lemmas_added=0, last_new_lemmas=0): uninterpreted-sort term not bit-blastable by the pure-BV backend (no Ackermann route engaged): unsupported by backend: term #7976 uses unsupported pure-Rust BV operator Forall(SymbolId(189))" }
UF	/nas3/data/axeyum/corpus/smtlib-2024/non-incremental/non-incremental/UF/sledgehammer/Arrow_Order/uf.850780.smt2	uflia-online	unknown	0	UnknownReason { kind: Incomplete, detail: "too many theory atoms for the online combination boolean layer: 1077 > 512" }
UF	/nas3/data/axeyum/corpus/smtlib-2024/non-incremental/non-incremental/UF/sledgehammer/Arrow_Order/uf.850780.smt2	uflra-online	unknown	0	UnknownReason { kind: Incomplete, detail: "too many theory atoms for the online combination boolean layer" }
UF	/nas3/data/axeyum/corpus/smtlib-2024/non-incremental/non-incremental/UF/sledgehammer/Arrow_Order/uf.850780.smt2	ufbv-online-cdclt	error	0	unsupported by backend: online UFBV combination admits only Bool and BitVec terms
UF	/nas3/data/axeyum/corpus/smtlib-2024/non-incremental/non-incremental/UF/sledgehammer/Arrow_Order/uf.850780.smt2	abv-online-cdclt	error	0	unsupported by backend: online AUFBV combination admits only Bool, BitVec, and Bool/BV-component array terms
UF	/nas3/data/axeyum/corpus/smtlib-2024/non-incremental/non-incremental/UF/sledgehammer/Arrow_Order/uf.850780.smt2	datatype-elim	unknown	25453	UnknownReason { kind: Incomplete, detail: "query has quantifiers instantiation does not reach (nested, existential, or non-top-level)" }
UF	/nas3/data/axeyum/corpus/smtlib-2024/non-incremental/non-incremental/UF/sledgehammer/Arrow_Order/uf.850780.smt2	datatype-native	unknown	25461	UnknownReason { kind: Incomplete, detail: "query has quantifiers instantiation does not reach (nested, existential, or non-top-level)" }
UF	/nas3/data/axeyum/corpus/smtlib-2024/non-incremental/non-incremental/UF/sledgehammer/Arrow_Order/uf.850780.smt2	euf-online	unknown	0	UnknownReason { kind: Other, detail: "boolean skeleton outside the online CDCL(T) encoder" }
UF	/nas3/data/axeyum/corpus/smtlib-2024/non-incremental/non-incremental/UF/sledgehammer/Arrow_Order/uf.850780.smt2	lia-online-cdclt	unknown	0	UnknownReason { kind: Incomplete, detail: "no linear-integer atoms for the online CDCL(T) LIA path" }
UF	/nas3/data/axeyum/corpus/smtlib-2024/non-incremental/non-incremental/UF/sledgehammer/Arrow_Order/uf.850780.smt2	lra-online-cdclt	unknown	0	UnknownReason { kind: Incomplete, detail: "no linear-real atoms for the online CDCL(T) LRA path" }
UF	/nas3/data/axeyum/corpus/smtlib-2024/non-incremental/non-incremental/UF/sledgehammer/Arrow_Order/uf.850780.smt2	abv-lazy-row	error	0	unsupported by backend: term #22 uses unsupported pure-Rust BV operator Forall(SymbolId(189))
UF	/nas3/data/axeyum/corpus/smtlib-2024/non-incremental/non-incremental/UF/sledgehammer/Arrow_Order/uf.850780.smt2	array-elim	error	0	unsupported by backend: term #22 uses unsupported pure-Rust BV operator Forall(SymbolId(189))
UF	/nas3/data/axeyum/corpus/smtlib-2024/non-incremental/non-incremental/UF/sledgehammer/Arrow_Order/uf.850780.smt2	aufbv	error	132	unsupported by backend: term #7976 uses unsupported pure-Rust BV operator Forall(SymbolId(189))
UF	/nas3/data/axeyum/corpus/smtlib-2024/non-incremental/non-incremental/UF/sledgehammer/FFT/uf.573210.smt2	lia-dpll	error	0	unsupported by backend: lazy arithmetic: assertion is not Boolean structure over linear-arithmetic atoms
UF	/nas3/data/axeyum/corpus/smtlib-2024/non-incremental/non-incremental/UF/sledgehammer/FFT/uf.573210.smt2	lra-dpll	unknown	0	UnknownReason { kind: ResourceLimit, detail: "combined theories: eager Ackermann elimination would emit 60034 congruence constraints, exceeding the deterministic admission bound of 64 (the O(k²) expansion and its downstream solve run unbounded; this needs a lazy/CEGAR route)" }
UF	/nas3/data/axeyum/corpus/smtlib-2024/non-incremental/non-incremental/UF/sledgehammer/FFT/uf.573210.smt2	nra	unknown	0	UnknownReason { kind: ResourceLimit, detail: "combined theories: eager Ackermann elimination would emit 60034 congruence constraints, exceeding the deterministic admission bound of 64 (the O(k²) expansion and its downstream solve run unbounded; this needs a lazy/CEGAR route)" }
UF	/nas3/data/axeyum/corpus/smtlib-2024/non-incremental/non-incremental/UF/sledgehammer/FFT/uf.573210.smt2	uf-arithmetic	unknown	4	UnknownReason { kind: Incomplete, detail: "lazy function-consistency CEGAR inconclusive (applications=848, function_groups=16, potential_pairs=60034, solve_rounds=1, elapsed_ms=3, sat_candidates=0, first_candidate_ms=none, last_candidate_ms=none, pair_checks=0, equal_arg_pairs=0, violated_pairs=0, preseeded_lemmas=0, sibling_lemmas=0, lemmas_added=0, last_new_lemmas=0): uninterpreted-sort term not bit-blastable by the pure-BV backend (no Ackermann route engaged): unsupported by backend: term #2490 uses unsupported pure-Rust BV operator Forall(SymbolId(18))" }
UF	/nas3/data/axeyum/corpus/smtlib-2024/non-incremental/non-incremental/UF/sledgehammer/FFT/uf.573210.smt2	uf-arith-lazy	unknown	3	UnknownReason { kind: Incomplete, detail: "lazy function-consistency CEGAR inconclusive (applications=848, function_groups=16, potential_pairs=60034, solve_rounds=1, elapsed_ms=3, sat_candidates=0, first_candidate_ms=none, last_candidate_ms=none, pair_checks=0, equal_arg_pairs=0, violated_pairs=0, preseeded_lemmas=0, sibling_lemmas=0, lemmas_added=0, last_new_lemmas=0): uninterpreted-sort term not bit-blastable by the pure-BV backend (no Ackermann route engaged): unsupported by backend: term #2490 uses unsupported pure-Rust BV operator Forall(SymbolId(18))" }
UF	/nas3/data/axeyum/corpus/smtlib-2024/non-incremental/non-incremental/UF/sledgehammer/FFT/uf.573210.smt2	uflia-online	unknown	1	UnknownReason { kind: Incomplete, detail: "boolean skeleton outside the online combination encoder: unsupported Boolean op Forall(SymbolId(18)) with 1 args" }
UF	/nas3/data/axeyum/corpus/smtlib-2024/non-incremental/non-incremental/UF/sledgehammer/FFT/uf.573210.smt2	uflra-online	unknown	0	UnknownReason { kind: Incomplete, detail: "too many theory atoms for the online combination boolean layer" }
UF	/nas3/data/axeyum/corpus/smtlib-2024/non-incremental/non-incremental/UF/sledgehammer/FFT/uf.573210.smt2	ufbv-online-cdclt	error	0	unsupported by backend: online UFBV combination admits only Bool and BitVec terms
UF	/nas3/data/axeyum/corpus/smtlib-2024/non-incremental/non-incremental/UF/sledgehammer/FFT/uf.573210.smt2	abv-online-cdclt	error	0	unsupported by backend: online AUFBV combination admits only Bool, BitVec, and Bool/BV-component array terms
UF	/nas3/data/axeyum/corpus/smtlib-2024/non-incremental/non-incremental/UF/sledgehammer/FFT/uf.573210.smt2	datatype-elim	unknown	24191	UnknownReason { kind: Incomplete, detail: "query has quantifiers instantiation does not reach (nested, existential, or non-top-level)" }
UF	/nas3/data/axeyum/corpus/smtlib-2024/non-incremental/non-incremental/UF/sledgehammer/FFT/uf.573210.smt2	datatype-native	unknown	24157	UnknownReason { kind: Incomplete, detail: "query has quantifiers instantiation does not reach (nested, existential, or non-top-level)" }
UF	/nas3/data/axeyum/corpus/smtlib-2024/non-incremental/non-incremental/UF/sledgehammer/FFT/uf.573210.smt2	euf-online	unknown	0	UnknownReason { kind: Other, detail: "boolean skeleton outside the online CDCL(T) encoder" }
UF	/nas3/data/axeyum/corpus/smtlib-2024/non-incremental/non-incremental/UF/sledgehammer/FFT/uf.573210.smt2	lia-online-cdclt	unknown	0	UnknownReason { kind: Incomplete, detail: "no linear-integer atoms for the online CDCL(T) LIA path" }
UF	/nas3/data/axeyum/corpus/smtlib-2024/non-incremental/non-incremental/UF/sledgehammer/FFT/uf.573210.smt2	lra-online-cdclt	unknown	0	UnknownReason { kind: Incomplete, detail: "no linear-real atoms for the online CDCL(T) LRA path" }
UF	/nas3/data/axeyum/corpus/smtlib-2024/non-incremental/non-incremental/UF/sledgehammer/FFT/uf.573210.smt2	abv-lazy-row	error	0	unsupported by backend: term #21 uses unsupported pure-Rust BV operator Apply(FuncId(0))
UF	/nas3/data/axeyum/corpus/smtlib-2024/non-incremental/non-incremental/UF/sledgehammer/FFT/uf.573210.smt2	array-elim	error	0	unsupported by backend: term #21 uses unsupported pure-Rust BV operator Apply(FuncId(0))
UF	/nas3/data/axeyum/corpus/smtlib-2024/non-incremental/non-incremental/UF/sledgehammer/FFT/uf.573210.smt2	aufbv	error	66	unsupported by backend: term #2490 uses unsupported pure-Rust BV operator Forall(SymbolId(18))
UF	/nas3/data/axeyum/corpus/smtlib-2024/non-incremental/non-incremental/UF/sledgehammer/FFT/uf.863296.smt2	lia-dpll	error	0	unsupported by backend: lazy arithmetic: assertion is not Boolean structure over linear-arithmetic atoms
UF	/nas3/data/axeyum/corpus/smtlib-2024/non-incremental/non-incremental/UF/sledgehammer/FFT/uf.863296.smt2	lra-dpll	unknown	0	UnknownReason { kind: ResourceLimit, detail: "combined theories: eager Ackermann elimination would emit 55729 congruence constraints, exceeding the deterministic admission bound of 64 (the O(k²) expansion and its downstream solve run unbounded; this needs a lazy/CEGAR route)" }
UF	/nas3/data/axeyum/corpus/smtlib-2024/non-incremental/non-incremental/UF/sledgehammer/FFT/uf.863296.smt2	nra	unknown	1	UnknownReason { kind: ResourceLimit, detail: "combined theories: eager Ackermann elimination would emit 55729 congruence constraints, exceeding the deterministic admission bound of 64 (the O(k²) expansion and its downstream solve run unbounded; this needs a lazy/CEGAR route)" }
UF	/nas3/data/axeyum/corpus/smtlib-2024/non-incremental/non-incremental/UF/sledgehammer/FFT/uf.863296.smt2	uf-arithmetic	unknown	6	UnknownReason { kind: Incomplete, detail: "lazy function-consistency CEGAR inconclusive (applications=1955, function_groups=81, potential_pairs=55729, solve_rounds=1, elapsed_ms=3, sat_candidates=0, first_candidate_ms=none, last_candidate_ms=none, pair_checks=0, equal_arg_pairs=0, violated_pairs=0, preseeded_lemmas=0, sibling_lemmas=0, lemmas_added=0, last_new_lemmas=0): uninterpreted-sort term not bit-blastable by the pure-BV backend (no Ackermann route engaged): unsupported by backend: term #4345 uses unsupported pure-Rust BV operator Forall(SymbolId(63))" }
UF	/nas3/data/axeyum/corpus/smtlib-2024/non-incremental/non-incremental/UF/sledgehammer/FFT/uf.863296.smt2	uf-arith-lazy	unknown	5	UnknownReason { kind: Incomplete, detail: "lazy function-consistency CEGAR inconclusive (applications=1955, function_groups=81, potential_pairs=55729, solve_rounds=1, elapsed_ms=3, sat_candidates=0, first_candidate_ms=none, last_candidate_ms=none, pair_checks=0, equal_arg_pairs=0, violated_pairs=0, preseeded_lemmas=0, sibling_lemmas=0, lemmas_added=0, last_new_lemmas=0): uninterpreted-sort term not bit-blastable by the pure-BV backend (no Ackermann route engaged): unsupported by backend: term #4345 uses unsupported pure-Rust BV operator Forall(SymbolId(63))" }
UF	/nas3/data/axeyum/corpus/smtlib-2024/non-incremental/non-incremental/UF/sledgehammer/FFT/uf.863296.smt2	uflia-online	unknown	2	UnknownReason { kind: Incomplete, detail: "boolean skeleton outside the online combination encoder: unsupported Boolean op Forall(SymbolId(63)) with 1 args" }
UF	/nas3/data/axeyum/corpus/smtlib-2024/non-incremental/non-incremental/UF/sledgehammer/FFT/uf.863296.smt2	uflra-online	unknown	0	UnknownReason { kind: Incomplete, detail: "too many theory atoms for the online combination boolean layer" }
UF	/nas3/data/axeyum/corpus/smtlib-2024/non-incremental/non-incremental/UF/sledgehammer/FFT/uf.863296.smt2	ufbv-online-cdclt	error	0	unsupported by backend: online UFBV combination admits only Bool and BitVec terms
UF	/nas3/data/axeyum/corpus/smtlib-2024/non-incremental/non-incremental/UF/sledgehammer/FFT/uf.863296.smt2	abv-online-cdclt	error	0	unsupported by backend: online AUFBV combination admits only Bool, BitVec, and Bool/BV-component array terms
UF	/nas3/data/axeyum/corpus/smtlib-2024/non-incremental/non-incremental/UF/sledgehammer/FFT/uf.863296.smt2	datatype-elim	unknown	24868	UnknownReason { kind: Incomplete, detail: "query has quantifiers instantiation does not reach (nested, existential, or non-top-level)" }
UF	/nas3/data/axeyum/corpus/smtlib-2024/non-incremental/non-incremental/UF/sledgehammer/FFT/uf.863296.smt2	datatype-native	unknown	25529	UnknownReason { kind: Incomplete, detail: "query has quantifiers instantiation does not reach (nested, existential, or non-top-level)" }
UF	/nas3/data/axeyum/corpus/smtlib-2024/non-incremental/non-incremental/UF/sledgehammer/FFT/uf.863296.smt2	euf-online	unknown	0	UnknownReason { kind: Other, detail: "boolean skeleton outside the online CDCL(T) encoder" }
UF	/nas3/data/axeyum/corpus/smtlib-2024/non-incremental/non-incremental/UF/sledgehammer/FFT/uf.863296.smt2	lia-online-cdclt	unknown	0	UnknownReason { kind: Incomplete, detail: "no linear-integer atoms for the online CDCL(T) LIA path" }
UF	/nas3/data/axeyum/corpus/smtlib-2024/non-incremental/non-incremental/UF/sledgehammer/FFT/uf.863296.smt2	lra-online-cdclt	unknown	0	UnknownReason { kind: Incomplete, detail: "no linear-real atoms for the online CDCL(T) LRA path" }
UF	/nas3/data/axeyum/corpus/smtlib-2024/non-incremental/non-incremental/UF/sledgehammer/FFT/uf.863296.smt2	abv-lazy-row	error	0	unsupported by backend: term #34 uses unsupported pure-Rust BV operator Forall(SymbolId(63))
UF	/nas3/data/axeyum/corpus/smtlib-2024/non-incremental/non-incremental/UF/sledgehammer/FFT/uf.863296.smt2	array-elim	error	0	unsupported by backend: term #34 uses unsupported pure-Rust BV operator Forall(SymbolId(63))
UF	/nas3/data/axeyum/corpus/smtlib-2024/non-incremental/non-incremental/UF/sledgehammer/FFT/uf.863296.smt2	aufbv	error	61	unsupported by backend: term #4345 uses unsupported pure-Rust BV operator Forall(SymbolId(63))
UF	/nas3/data/axeyum/corpus/smtlib-2024/non-incremental/non-incremental/UF/sledgehammer/Fundamental_Theorem_Algebra/uf.1065126.smt2	lia-dpll	error	0	unsupported by backend: lazy arithmetic: assertion is not Boolean structure over linear-arithmetic atoms
UF	/nas3/data/axeyum/corpus/smtlib-2024/non-incremental/non-incremental/UF/sledgehammer/Fundamental_Theorem_Algebra/uf.1065126.smt2	lra-dpll	unknown	1	UnknownReason { kind: ResourceLimit, detail: "combined theories: eager Ackermann elimination would emit 206186 congruence constraints, exceeding the deterministic admission bound of 64 (the O(k²) expansion and its downstream solve run unbounded; this needs a lazy/CEGAR route)" }
UF	/nas3/data/axeyum/corpus/smtlib-2024/non-incremental/non-incremental/UF/sledgehammer/Fundamental_Theorem_Algebra/uf.1065126.smt2	nra	unknown	2	UnknownReason { kind: ResourceLimit, detail: "combined theories: eager Ackermann elimination would emit 206186 congruence constraints, exceeding the deterministic admission bound of 64 (the O(k²) expansion and its downstream solve run unbounded; this needs a lazy/CEGAR route)" }
UF	/nas3/data/axeyum/corpus/smtlib-2024/non-incremental/non-incremental/UF/sledgehammer/Fundamental_Theorem_Algebra/uf.1065126.smt2	uf-arithmetic	unknown	10	UnknownReason { kind: Incomplete, detail: "lazy function-consistency CEGAR inconclusive (applications=2023, function_groups=55, potential_pairs=206186, solve_rounds=1, elapsed_ms=8, sat_candidates=0, first_candidate_ms=none, last_candidate_ms=none, pair_checks=0, equal_arg_pairs=0, violated_pairs=0, preseeded_lemmas=0, sibling_lemmas=0, lemmas_added=0, last_new_lemmas=0): uninterpreted-sort term not bit-blastable by the pure-BV backend (no Ackermann route engaged): unsupported by backend: term #4827 uses unsupported pure-Rust BV operator Exists(SymbolId(67))" }
UF	/nas3/data/axeyum/corpus/smtlib-2024/non-incremental/non-incremental/UF/sledgehammer/Fundamental_Theorem_Algebra/uf.1065126.smt2	uf-arith-lazy	unknown	10	UnknownReason { kind: Incomplete, detail: "lazy function-consistency CEGAR inconclusive (applications=2023, function_groups=55, potential_pairs=206186, solve_rounds=1, elapsed_ms=8, sat_candidates=0, first_candidate_ms=none, last_candidate_ms=none, pair_checks=0, equal_arg_pairs=0, violated_pairs=0, preseeded_lemmas=0, sibling_lemmas=0, lemmas_added=0, last_new_lemmas=0): uninterpreted-sort term not bit-blastable by the pure-BV backend (no Ackermann route engaged): unsupported by backend: term #4827 uses unsupported pure-Rust BV operator Exists(SymbolId(67))" }
UF	/nas3/data/axeyum/corpus/smtlib-2024/non-incremental/non-incremental/UF/sledgehammer/Fundamental_Theorem_Algebra/uf.1065126.smt2	uflia-online	unknown	0	UnknownReason { kind: Incomplete, detail: "too many theory atoms for the online combination boolean layer: 534 > 512" }
UF	/nas3/data/axeyum/corpus/smtlib-2024/non-incremental/non-incremental/UF/sledgehammer/Fundamental_Theorem_Algebra/uf.1065126.smt2	uflra-online	unknown	0	UnknownReason { kind: Incomplete, detail: "too many theory atoms for the online combination boolean layer" }
UF	/nas3/data/axeyum/corpus/smtlib-2024/non-incremental/non-incremental/UF/sledgehammer/Fundamental_Theorem_Algebra/uf.1065126.smt2	ufbv-online-cdclt	error	0	unsupported by backend: online UFBV combination admits only Bool and BitVec terms
UF	/nas3/data/axeyum/corpus/smtlib-2024/non-incremental/non-incremental/UF/sledgehammer/Fundamental_Theorem_Algebra/uf.1065126.smt2	abv-online-cdclt	error	0	unsupported by backend: online AUFBV combination admits only Bool, BitVec, and Bool/BV-component array terms
UF	/nas3/data/axeyum/corpus/smtlib-2024/non-incremental/non-incremental/UF/sledgehammer/Fundamental_Theorem_Algebra/uf.1065126.smt2	datatype-elim	unknown	30424	UnknownReason { kind: ResourceLimit, detail: "quantified solve time budget exhausted after e-matching" }
UF	/nas3/data/axeyum/corpus/smtlib-2024/non-incremental/non-incremental/UF/sledgehammer/Fundamental_Theorem_Algebra/uf.1065126.smt2	datatype-native	unknown	30532	UnknownReason { kind: ResourceLimit, detail: "quantified solve time budget exhausted after e-matching" }
UF	/nas3/data/axeyum/corpus/smtlib-2024/non-incremental/non-incremental/UF/sledgehammer/Fundamental_Theorem_Algebra/uf.1065126.smt2	euf-online	unknown	0	UnknownReason { kind: Other, detail: "boolean skeleton outside the online CDCL(T) encoder" }
UF	/nas3/data/axeyum/corpus/smtlib-2024/non-incremental/non-incremental/UF/sledgehammer/Fundamental_Theorem_Algebra/uf.1065126.smt2	lia-online-cdclt	unknown	0	UnknownReason { kind: Incomplete, detail: "no linear-integer atoms for the online CDCL(T) LIA path" }
UF	/nas3/data/axeyum/corpus/smtlib-2024/non-incremental/non-incremental/UF/sledgehammer/Fundamental_Theorem_Algebra/uf.1065126.smt2	lra-online-cdclt	unknown	0	UnknownReason { kind: Incomplete, detail: "no linear-real atoms for the online CDCL(T) LRA path" }
UF	/nas3/data/axeyum/corpus/smtlib-2024/non-incremental/non-incremental/UF/sledgehammer/Fundamental_Theorem_Algebra/uf.1065126.smt2	abv-lazy-row	error	0	unsupported by backend: term #52 uses unsupported pure-Rust BV operator Exists(SymbolId(67))
UF	/nas3/data/axeyum/corpus/smtlib-2024/non-incremental/non-incremental/UF/sledgehammer/Fundamental_Theorem_Algebra/uf.1065126.smt2	array-elim	error	0	unsupported by backend: term #52 uses unsupported pure-Rust BV operator Exists(SymbolId(67))
UF	/nas3/data/axeyum/corpus/smtlib-2024/non-incremental/non-incremental/UF/sledgehammer/Fundamental_Theorem_Algebra/uf.1065126.smt2	aufbv	error	256	unsupported by backend: term #4827 uses unsupported pure-Rust BV operator Exists(SymbolId(67))
UF	/nas3/data/axeyum/corpus/smtlib-2024/non-incremental/non-incremental/UF/sledgehammer/Fundamental_Theorem_Algebra/uf.1158058.smt2	lia-dpll	error	0	unsupported by backend: lazy arithmetic: assertion is not Boolean structure over linear-arithmetic atoms
UF	/nas3/data/axeyum/corpus/smtlib-2024/non-incremental/non-incremental/UF/sledgehammer/Fundamental_Theorem_Algebra/uf.1158058.smt2	lra-dpll	unknown	0	UnknownReason { kind: ResourceLimit, detail: "combined theories: eager Ackermann elimination would emit 178362 congruence constraints, exceeding the deterministic admission bound of 64 (the O(k²) expansion and its downstream solve run unbounded; this needs a lazy/CEGAR route)" }
UF	/nas3/data/axeyum/corpus/smtlib-2024/non-incremental/non-incremental/UF/sledgehammer/Fundamental_Theorem_Algebra/uf.1158058.smt2	nra	unknown	2	UnknownReason { kind: ResourceLimit, detail: "combined theories: eager Ackermann elimination would emit 178362 congruence constraints, exceeding the deterministic admission bound of 64 (the O(k²) expansion and its downstream solve run unbounded; this needs a lazy/CEGAR route)" }
UF	/nas3/data/axeyum/corpus/smtlib-2024/non-incremental/non-incremental/UF/sledgehammer/Fundamental_Theorem_Algebra/uf.1158058.smt2	uf-arithmetic	unknown	10	UnknownReason { kind: Incomplete, detail: "lazy function-consistency CEGAR inconclusive (applications=2327, function_groups=49, potential_pairs=178362, solve_rounds=1, elapsed_ms=7, sat_candidates=0, first_candidate_ms=none, last_candidate_ms=none, pair_checks=0, equal_arg_pairs=0, violated_pairs=0, preseeded_lemmas=0, sibling_lemmas=0, lemmas_added=0, last_new_lemmas=0): uninterpreted-sort term not bit-blastable by the pure-BV backend (no Ackermann route engaged): unsupported by backend: term #5627 uses unsupported pure-Rust BV operator Forall(SymbolId(62))" }
UF	/nas3/data/axeyum/corpus/smtlib-2024/non-incremental/non-incremental/UF/sledgehammer/Fundamental_Theorem_Algebra/uf.1158058.smt2	uf-arith-lazy	unknown	10	UnknownReason { kind: Incomplete, detail: "lazy function-consistency CEGAR inconclusive (applications=2327, function_groups=49, potential_pairs=178362, solve_rounds=1, elapsed_ms=8, sat_candidates=0, first_candidate_ms=none, last_candidate_ms=none, pair_checks=0, equal_arg_pairs=0, violated_pairs=0, preseeded_lemmas=0, sibling_lemmas=0, lemmas_added=0, last_new_lemmas=0): uninterpreted-sort term not bit-blastable by the pure-BV backend (no Ackermann route engaged): unsupported by backend: term #5627 uses unsupported pure-Rust BV operator Forall(SymbolId(62))" }
UF	/nas3/data/axeyum/corpus/smtlib-2024/non-incremental/non-incremental/UF/sledgehammer/Fundamental_Theorem_Algebra/uf.1158058.smt2	uflia-online	unknown	0	UnknownReason { kind: Incomplete, detail: "too many theory atoms for the online combination boolean layer: 716 > 512" }
UF	/nas3/data/axeyum/corpus/smtlib-2024/non-incremental/non-incremental/UF/sledgehammer/Fundamental_Theorem_Algebra/uf.1158058.smt2	uflra-online	unknown	0	UnknownReason { kind: Incomplete, detail: "too many theory atoms for the online combination boolean layer" }
UF	/nas3/data/axeyum/corpus/smtlib-2024/non-incremental/non-incremental/UF/sledgehammer/Fundamental_Theorem_Algebra/uf.1158058.smt2	ufbv-online-cdclt	error	0	unsupported by backend: online UFBV combination admits only Bool and BitVec terms
UF	/nas3/data/axeyum/corpus/smtlib-2024/non-incremental/non-incremental/UF/sledgehammer/Fundamental_Theorem_Algebra/uf.1158058.smt2	abv-online-cdclt	error	0	unsupported by backend: online AUFBV combination admits only Bool, BitVec, and Bool/BV-component array terms
UF	/nas3/data/axeyum/corpus/smtlib-2024/non-incremental/non-incremental/UF/sledgehammer/Fundamental_Theorem_Algebra/uf.1158058.smt2	datatype-elim	unknown	24898	UnknownReason { kind: Incomplete, detail: "query has quantifiers instantiation does not reach (nested, existential, or non-top-level)" }
UF	/nas3/data/axeyum/corpus/smtlib-2024/non-incremental/non-incremental/UF/sledgehammer/Fundamental_Theorem_Algebra/uf.1158058.smt2	datatype-native	unknown	24777	UnknownReason { kind: Incomplete, detail: "query has quantifiers instantiation does not reach (nested, existential, or non-top-level)" }
UF	/nas3/data/axeyum/corpus/smtlib-2024/non-incremental/non-incremental/UF/sledgehammer/Fundamental_Theorem_Algebra/uf.1158058.smt2	euf-online	unknown	0	UnknownReason { kind: Other, detail: "boolean skeleton outside the online CDCL(T) encoder" }
UF	/nas3/data/axeyum/corpus/smtlib-2024/non-incremental/non-incremental/UF/sledgehammer/Fundamental_Theorem_Algebra/uf.1158058.smt2	lia-online-cdclt	unknown	0	UnknownReason { kind: Incomplete, detail: "no linear-integer atoms for the online CDCL(T) LIA path" }
UF	/nas3/data/axeyum/corpus/smtlib-2024/non-incremental/non-incremental/UF/sledgehammer/Fundamental_Theorem_Algebra/uf.1158058.smt2	lra-online-cdclt	unknown	0	UnknownReason { kind: Incomplete, detail: "no linear-real atoms for the online CDCL(T) LRA path" }
UF	/nas3/data/axeyum/corpus/smtlib-2024/non-incremental/non-incremental/UF/sledgehammer/Fundamental_Theorem_Algebra/uf.1158058.smt2	abv-lazy-row	error	0	unsupported by backend: term #61 uses unsupported pure-Rust BV operator Forall(SymbolId(62))
UF	/nas3/data/axeyum/corpus/smtlib-2024/non-incremental/non-incremental/UF/sledgehammer/Fundamental_Theorem_Algebra/uf.1158058.smt2	array-elim	error	0	unsupported by backend: term #61 uses unsupported pure-Rust BV operator Forall(SymbolId(62))
UF	/nas3/data/axeyum/corpus/smtlib-2024/non-incremental/non-incremental/UF/sledgehammer/Fundamental_Theorem_Algebra/uf.1158058.smt2	aufbv	error	229	unsupported by backend: term #5627 uses unsupported pure-Rust BV operator Forall(SymbolId(62))
UF	/nas3/data/axeyum/corpus/smtlib-2024/non-incremental/non-incremental/UF/sledgehammer/Fundamental_Theorem_Algebra/uf.1198393.smt2	lia-dpll	error	0	unsupported by backend: lazy arithmetic: assertion is not Boolean structure over linear-arithmetic atoms
UF	/nas3/data/axeyum/corpus/smtlib-2024/non-incremental/non-incremental/UF/sledgehammer/Fundamental_Theorem_Algebra/uf.1198393.smt2	lra-dpll	unknown	0	UnknownReason { kind: ResourceLimit, detail: "combined theories: eager Ackermann elimination would emit 54086 congruence constraints, exceeding the deterministic admission bound of 64 (the O(k²) expansion and its downstream solve run unbounded; this needs a lazy/CEGAR route)" }
UF	/nas3/data/axeyum/corpus/smtlib-2024/non-incremental/non-incremental/UF/sledgehammer/Fundamental_Theorem_Algebra/uf.1198393.smt2	nra	unknown	1	UnknownReason { kind: ResourceLimit, detail: "combined theories: eager Ackermann elimination would emit 54086 congruence constraints, exceeding the deterministic admission bound of 64 (the O(k²) expansion and its downstream solve run unbounded; this needs a lazy/CEGAR route)" }
UF	/nas3/data/axeyum/corpus/smtlib-2024/non-incremental/non-incremental/UF/sledgehammer/Fundamental_Theorem_Algebra/uf.1198393.smt2	uf-arithmetic	unknown	5	UnknownReason { kind: Incomplete, detail: "lazy function-consistency CEGAR inconclusive (applications=946, function_groups=10, potential_pairs=54086, solve_rounds=1, elapsed_ms=4, sat_candidates=0, first_candidate_ms=none, last_candidate_ms=none, pair_checks=0, equal_arg_pairs=0, violated_pairs=0, preseeded_lemmas=0, sibling_lemmas=0, lemmas_added=0, last_new_lemmas=0): uninterpreted-sort term not bit-blastable by the pure-BV backend (no Ackermann route engaged): unsupported by backend: term #2748 uses unsupported pure-Rust BV operator Forall(SymbolId(21))" }
UF	/nas3/data/axeyum/corpus/smtlib-2024/non-incremental/non-incremental/UF/sledgehammer/Fundamental_Theorem_Algebra/uf.1198393.smt2	uf-arith-lazy	unknown	4	UnknownReason { kind: Incomplete, detail: "lazy function-consistency CEGAR inconclusive (applications=946, function_groups=10, potential_pairs=54086, solve_rounds=1, elapsed_ms=3, sat_candidates=0, first_candidate_ms=none, last_candidate_ms=none, pair_checks=0, equal_arg_pairs=0, violated_pairs=0, preseeded_lemmas=0, sibling_lemmas=0, lemmas_added=0, last_new_lemmas=0): uninterpreted-sort term not bit-blastable by the pure-BV backend (no Ackermann route engaged): unsupported by backend: term #2748 uses unsupported pure-Rust BV operator Forall(SymbolId(21))" }
UF	/nas3/data/axeyum/corpus/smtlib-2024/non-incremental/non-incremental/UF/sledgehammer/Fundamental_Theorem_Algebra/uf.1198393.smt2	uflia-online	unknown	1	UnknownReason { kind: Incomplete, detail: "boolean skeleton outside the online combination encoder: unsupported Boolean op Forall(SymbolId(21)) with 1 args" }
UF	/nas3/data/axeyum/corpus/smtlib-2024/non-incremental/non-incremental/UF/sledgehammer/Fundamental_Theorem_Algebra/uf.1198393.smt2	uflra-online	unknown	0	UnknownReason { kind: Incomplete, detail: "too many theory atoms for the online combination boolean layer" }
UF	/nas3/data/axeyum/corpus/smtlib-2024/non-incremental/non-incremental/UF/sledgehammer/Fundamental_Theorem_Algebra/uf.1198393.smt2	ufbv-online-cdclt	error	0	unsupported by backend: online UFBV combination admits only Bool and BitVec terms
UF	/nas3/data/axeyum/corpus/smtlib-2024/non-incremental/non-incremental/UF/sledgehammer/Fundamental_Theorem_Algebra/uf.1198393.smt2	abv-online-cdclt	error	0	unsupported by backend: online AUFBV combination admits only Bool, BitVec, and Bool/BV-component array terms
UF	/nas3/data/axeyum/corpus/smtlib-2024/non-incremental/non-incremental/UF/sledgehammer/Fundamental_Theorem_Algebra/uf.1198393.smt2	datatype-elim	unknown	23312	UnknownReason { kind: Incomplete, detail: "query has quantifiers instantiation does not reach (nested, existential, or non-top-level)" }
UF	/nas3/data/axeyum/corpus/smtlib-2024/non-incremental/non-incremental/UF/sledgehammer/Fundamental_Theorem_Algebra/uf.1198393.smt2	datatype-native	unknown	23316	UnknownReason { kind: Incomplete, detail: "query has quantifiers instantiation does not reach (nested, existential, or non-top-level)" }
UF	/nas3/data/axeyum/corpus/smtlib-2024/non-incremental/non-incremental/UF/sledgehammer/Fundamental_Theorem_Algebra/uf.1198393.smt2	euf-online	unknown	0	UnknownReason { kind: Other, detail: "boolean skeleton outside the online CDCL(T) encoder" }
UF	/nas3/data/axeyum/corpus/smtlib-2024/non-incremental/non-incremental/UF/sledgehammer/Fundamental_Theorem_Algebra/uf.1198393.smt2	lia-online-cdclt	unknown	0	UnknownReason { kind: Incomplete, detail: "no linear-integer atoms for the online CDCL(T) LIA path" }
UF	/nas3/data/axeyum/corpus/smtlib-2024/non-incremental/non-incremental/UF/sledgehammer/Fundamental_Theorem_Algebra/uf.1198393.smt2	lra-online-cdclt	unknown	0	UnknownReason { kind: Incomplete, detail: "no linear-real atoms for the online CDCL(T) LRA path" }
UF	/nas3/data/axeyum/corpus/smtlib-2024/non-incremental/non-incremental/UF/sledgehammer/Fundamental_Theorem_Algebra/uf.1198393.smt2	abv-lazy-row	error	0	unsupported by backend: term #15 uses unsupported pure-Rust BV operator Apply(FuncId(0))
UF	/nas3/data/axeyum/corpus/smtlib-2024/non-incremental/non-incremental/UF/sledgehammer/Fundamental_Theorem_Algebra/uf.1198393.smt2	array-elim	error	0	unsupported by backend: term #15 uses unsupported pure-Rust BV operator Apply(FuncId(0))
UF	/nas3/data/axeyum/corpus/smtlib-2024/non-incremental/non-incremental/UF/sledgehammer/Fundamental_Theorem_Algebra/uf.1198393.smt2	aufbv	error	88	unsupported by backend: term #2748 uses unsupported pure-Rust BV operator Forall(SymbolId(21))
UF	/nas3/data/axeyum/corpus/smtlib-2024/non-incremental/non-incremental/UF/sledgehammer/Fundamental_Theorem_Algebra/uf.974621.smt2	lia-dpll	error	0	unsupported by backend: lazy arithmetic: assertion is not Boolean structure over linear-arithmetic atoms
UF	/nas3/data/axeyum/corpus/smtlib-2024/non-incremental/non-incremental/UF/sledgehammer/Fundamental_Theorem_Algebra/uf.974621.smt2	lra-dpll	unknown	0	UnknownReason { kind: ResourceLimit, detail: "combined theories: eager Ackermann elimination would emit 163538 congruence constraints, exceeding the deterministic admission bound of 64 (the O(k²) expansion and its downstream solve run unbounded; this needs a lazy/CEGAR route)" }
UF	/nas3/data/axeyum/corpus/smtlib-2024/non-incremental/non-incremental/UF/sledgehammer/Fundamental_Theorem_Algebra/uf.974621.smt2	nra	unknown	2	UnknownReason { kind: ResourceLimit, detail: "combined theories: eager Ackermann elimination would emit 163538 congruence constraints, exceeding the deterministic admission bound of 64 (the O(k²) expansion and its downstream solve run unbounded; this needs a lazy/CEGAR route)" }
UF	/nas3/data/axeyum/corpus/smtlib-2024/non-incremental/non-incremental/UF/sledgehammer/Fundamental_Theorem_Algebra/uf.974621.smt2	uf-arithmetic	unknown	13	UnknownReason { kind: Incomplete, detail: "lazy function-consistency CEGAR inconclusive (applications=1966, function_groups=40, potential_pairs=163538, solve_rounds=1, elapsed_ms=11, sat_candidates=0, first_candidate_ms=none, last_candidate_ms=none, pair_checks=0, equal_arg_pairs=0, violated_pairs=0, preseeded_lemmas=0, sibling_lemmas=0, lemmas_added=0, last_new_lemmas=0): uninterpreted-sort term not bit-blastable by the pure-BV backend (no Ackermann route engaged): unsupported by backend: term #5157 uses unsupported pure-Rust BV operator Forall(SymbolId(61))" }
UF	/nas3/data/axeyum/corpus/smtlib-2024/non-incremental/non-incremental/UF/sledgehammer/Fundamental_Theorem_Algebra/uf.974621.smt2	uf-arith-lazy	unknown	14	UnknownReason { kind: Incomplete, detail: "lazy function-consistency CEGAR inconclusive (applications=1966, function_groups=40, potential_pairs=163538, solve_rounds=1, elapsed_ms=11, sat_candidates=0, first_candidate_ms=none, last_candidate_ms=none, pair_checks=0, equal_arg_pairs=0, violated_pairs=0, preseeded_lemmas=0, sibling_lemmas=0, lemmas_added=0, last_new_lemmas=0): uninterpreted-sort term not bit-blastable by the pure-BV backend (no Ackermann route engaged): unsupported by backend: term #5157 uses unsupported pure-Rust BV operator Forall(SymbolId(61))" }
UF	/nas3/data/axeyum/corpus/smtlib-2024/non-incremental/non-incremental/UF/sledgehammer/Fundamental_Theorem_Algebra/uf.974621.smt2	uflia-online	unknown	0	UnknownReason { kind: Incomplete, detail: "too many theory atoms for the online combination boolean layer: 725 > 512" }
UF	/nas3/data/axeyum/corpus/smtlib-2024/non-incremental/non-incremental/UF/sledgehammer/Fundamental_Theorem_Algebra/uf.974621.smt2	uflra-online	unknown	0	UnknownReason { kind: Incomplete, detail: "too many theory atoms for the online combination boolean layer" }
UF	/nas3/data/axeyum/corpus/smtlib-2024/non-incremental/non-incremental/UF/sledgehammer/Fundamental_Theorem_Algebra/uf.974621.smt2	ufbv-online-cdclt	error	0	unsupported by backend: online UFBV combination admits only Bool and BitVec terms
UF	/nas3/data/axeyum/corpus/smtlib-2024/non-incremental/non-incremental/UF/sledgehammer/Fundamental_Theorem_Algebra/uf.974621.smt2	abv-online-cdclt	error	0	unsupported by backend: online AUFBV combination admits only Bool, BitVec, and Bool/BV-component array terms
UF	/nas3/data/axeyum/corpus/smtlib-2024/non-incremental/non-incremental/UF/sledgehammer/Fundamental_Theorem_Algebra/uf.974621.smt2	datatype-elim	unknown	24274	UnknownReason { kind: Incomplete, detail: "query has quantifiers instantiation does not reach (nested, existential, or non-top-level)" }
UF	/nas3/data/axeyum/corpus/smtlib-2024/non-incremental/non-incremental/UF/sledgehammer/Fundamental_Theorem_Algebra/uf.974621.smt2	datatype-native	unknown	20973	UnknownReason { kind: Incomplete, detail: "query has quantifiers instantiation does not reach (nested, existential, or non-top-level)" }
UF	/nas3/data/axeyum/corpus/smtlib-2024/non-incremental/non-incremental/UF/sledgehammer/Fundamental_Theorem_Algebra/uf.974621.smt2	euf-online	unknown	0	UnknownReason { kind: Other, detail: "boolean skeleton outside the online CDCL(T) encoder" }
UF	/nas3/data/axeyum/corpus/smtlib-2024/non-incremental/non-incremental/UF/sledgehammer/Fundamental_Theorem_Algebra/uf.974621.smt2	lia-online-cdclt	unknown	0	UnknownReason { kind: Incomplete, detail: "no linear-integer atoms for the online CDCL(T) LIA path" }
UF	/nas3/data/axeyum/corpus/smtlib-2024/non-incremental/non-incremental/UF/sledgehammer/Fundamental_Theorem_Algebra/uf.974621.smt2	lra-online-cdclt	unknown	0	UnknownReason { kind: Incomplete, detail: "no linear-real atoms for the online CDCL(T) LRA path" }
UF	/nas3/data/axeyum/corpus/smtlib-2024/non-incremental/non-incremental/UF/sledgehammer/Fundamental_Theorem_Algebra/uf.974621.smt2	abv-lazy-row	error	0	unsupported by backend: term #8 uses unsupported pure-Rust BV operator Apply(FuncId(0))
UF	/nas3/data/axeyum/corpus/smtlib-2024/non-incremental/non-incremental/UF/sledgehammer/Fundamental_Theorem_Algebra/uf.974621.smt2	array-elim	error	0	unsupported by backend: term #8 uses unsupported pure-Rust BV operator Apply(FuncId(0))
UF	/nas3/data/axeyum/corpus/smtlib-2024/non-incremental/non-incremental/UF/sledgehammer/Fundamental_Theorem_Algebra/uf.974621.smt2	aufbv	error	227	unsupported by backend: term #5157 uses unsupported pure-Rust BV operator Forall(SymbolId(61))
UF	/nas3/data/axeyum/corpus/smtlib-2024/non-incremental/non-incremental/UF/sledgehammer/Hoare/smtlib.1116374.smt2	lia-dpll	error	0	unsupported by backend: lazy arithmetic: assertion is not Boolean structure over linear-arithmetic atoms
UF	/nas3/data/axeyum/corpus/smtlib-2024/non-incremental/non-incremental/UF/sledgehammer/Hoare/smtlib.1116374.smt2	lra-dpll	unknown	0	UnknownReason { kind: ResourceLimit, detail: "combined theories: eager Ackermann elimination would emit 88 congruence constraints, exceeding the deterministic admission bound of 64 (the O(k²) expansion and its downstream solve run unbounded; this needs a lazy/CEGAR route)" }
UF	/nas3/data/axeyum/corpus/smtlib-2024/non-incremental/non-incremental/UF/sledgehammer/Hoare/smtlib.1116374.smt2	nra	unknown	0	UnknownReason { kind: ResourceLimit, detail: "combined theories: eager Ackermann elimination would emit 88 congruence constraints, exceeding the deterministic admission bound of 64 (the O(k²) expansion and its downstream solve run unbounded; this needs a lazy/CEGAR route)" }
UF	/nas3/data/axeyum/corpus/smtlib-2024/non-incremental/non-incremental/UF/sledgehammer/Hoare/smtlib.1116374.smt2	uf-arithmetic	unknown	0	UnknownReason { kind: Incomplete, detail: "lazy function-consistency CEGAR inconclusive (applications=52, function_groups=14, potential_pairs=88, solve_rounds=1, elapsed_ms=0, sat_candidates=0, first_candidate_ms=none, last_candidate_ms=none, pair_checks=0, equal_arg_pairs=0, violated_pairs=0, preseeded_lemmas=0, sibling_lemmas=0, lemmas_added=0, last_new_lemmas=0): uninterpreted-sort term not bit-blastable by the pure-BV backend (no Ackermann route engaged): unsupported by backend: term #118 uses unsupported pure-Rust BV operator Forall(SymbolId(11))" }
UF	/nas3/data/axeyum/corpus/smtlib-2024/non-incremental/non-incremental/UF/sledgehammer/Hoare/smtlib.1116374.smt2	uf-arith-lazy	unknown	0	UnknownReason { kind: Incomplete, detail: "lazy function-consistency CEGAR inconclusive (applications=52, function_groups=14, potential_pairs=88, solve_rounds=1, elapsed_ms=0, sat_candidates=0, first_candidate_ms=none, last_candidate_ms=none, pair_checks=0, equal_arg_pairs=0, violated_pairs=0, preseeded_lemmas=0, sibling_lemmas=0, lemmas_added=0, last_new_lemmas=0): uninterpreted-sort term not bit-blastable by the pure-BV backend (no Ackermann route engaged): unsupported by backend: term #118 uses unsupported pure-Rust BV operator Forall(SymbolId(11))" }
UF	/nas3/data/axeyum/corpus/smtlib-2024/non-incremental/non-incremental/UF/sledgehammer/Hoare/smtlib.1116374.smt2	uflia-online	unknown	0	UnknownReason { kind: Incomplete, detail: "boolean skeleton outside the online combination encoder: unsupported Boolean op Forall(SymbolId(11)) with 1 args" }
UF	/nas3/data/axeyum/corpus/smtlib-2024/non-incremental/non-incremental/UF/sledgehammer/Hoare/smtlib.1116374.smt2	uflra-online	unknown	0	UnknownReason { kind: Incomplete, detail: "boolean skeleton outside the online combination encoder" }
UF	/nas3/data/axeyum/corpus/smtlib-2024/non-incremental/non-incremental/UF/sledgehammer/Hoare/smtlib.1116374.smt2	ufbv-online-cdclt	error	0	unsupported by backend: online UFBV combination admits only Bool and BitVec terms
UF	/nas3/data/axeyum/corpus/smtlib-2024/non-incremental/non-incremental/UF/sledgehammer/Hoare/smtlib.1116374.smt2	abv-online-cdclt	error	0	unsupported by backend: online AUFBV combination admits only Bool, BitVec, and Bool/BV-component array terms
UF	/nas3/data/axeyum/corpus/smtlib-2024/non-incremental/non-incremental/UF/sledgehammer/Hoare/smtlib.1116374.smt2	datatype-elim	unknown	24014	UnknownReason { kind: Incomplete, detail: "instantiation is satisfiable; the universal may still be violated outside the instantiated terms" }
UF	/nas3/data/axeyum/corpus/smtlib-2024/non-incremental/non-incremental/UF/sledgehammer/Hoare/smtlib.1116374.smt2	datatype-native	unknown	24032	UnknownReason { kind: Incomplete, detail: "instantiation is satisfiable; the universal may still be violated outside the instantiated terms" }
UF	/nas3/data/axeyum/corpus/smtlib-2024/non-incremental/non-incremental/UF/sledgehammer/Hoare/smtlib.1116374.smt2	euf-online	unknown	0	UnknownReason { kind: Other, detail: "boolean skeleton outside the online CDCL(T) encoder" }
UF	/nas3/data/axeyum/corpus/smtlib-2024/non-incremental/non-incremental/UF/sledgehammer/Hoare/smtlib.1116374.smt2	lia-online-cdclt	unknown	0	UnknownReason { kind: Incomplete, detail: "no linear-integer atoms for the online CDCL(T) LIA path" }
UF	/nas3/data/axeyum/corpus/smtlib-2024/non-incremental/non-incremental/UF/sledgehammer/Hoare/smtlib.1116374.smt2	lra-online-cdclt	unknown	0	UnknownReason { kind: Incomplete, detail: "no linear-real atoms for the online CDCL(T) LRA path" }
UF	/nas3/data/axeyum/corpus/smtlib-2024/non-incremental/non-incremental/UF/sledgehammer/Hoare/smtlib.1116374.smt2	abv-lazy-row	error	0	unsupported by backend: term #14 uses unsupported pure-Rust BV operator Forall(SymbolId(11))
UF	/nas3/data/axeyum/corpus/smtlib-2024/non-incremental/non-incremental/UF/sledgehammer/Hoare/smtlib.1116374.smt2	array-elim	error	0	unsupported by backend: term #14 uses unsupported pure-Rust BV operator Forall(SymbolId(11))
UF	/nas3/data/axeyum/corpus/smtlib-2024/non-incremental/non-incremental/UF/sledgehammer/Hoare/smtlib.1116374.smt2	aufbv	error	0	unsupported by backend: term #118 uses unsupported pure-Rust BV operator Forall(SymbolId(11))
UF	/nas3/data/axeyum/corpus/smtlib-2024/non-incremental/non-incremental/UF/sledgehammer/Hoare/uf.834137.smt2	lia-dpll	error	0	unsupported by backend: lazy arithmetic: assertion is not Boolean structure over linear-arithmetic atoms
UF	/nas3/data/axeyum/corpus/smtlib-2024/non-incremental/non-incremental/UF/sledgehammer/Hoare/uf.834137.smt2	lra-dpll	unknown	0	UnknownReason { kind: ResourceLimit, detail: "combined theories: eager Ackermann elimination would emit 1279 congruence constraints, exceeding the deterministic admission bound of 64 (the O(k²) expansion and its downstream solve run unbounded; this needs a lazy/CEGAR route)" }
UF	/nas3/data/axeyum/corpus/smtlib-2024/non-incremental/non-incremental/UF/sledgehammer/Hoare/uf.834137.smt2	nra	unknown	0	UnknownReason { kind: ResourceLimit, detail: "combined theories: eager Ackermann elimination would emit 1279 congruence constraints, exceeding the deterministic admission bound of 64 (the O(k²) expansion and its downstream solve run unbounded; this needs a lazy/CEGAR route)" }
UF	/nas3/data/axeyum/corpus/smtlib-2024/non-incremental/non-incremental/UF/sledgehammer/Hoare/uf.834137.smt2	uf-arithmetic	unknown	1	UnknownReason { kind: Incomplete, detail: "lazy function-consistency CEGAR inconclusive (applications=166, function_groups=15, potential_pairs=1279, solve_rounds=1, elapsed_ms=1, sat_candidates=0, first_candidate_ms=none, last_candidate_ms=none, pair_checks=0, equal_arg_pairs=0, violated_pairs=0, preseeded_lemmas=0, sibling_lemmas=0, lemmas_added=0, last_new_lemmas=0): uninterpreted-sort term not bit-blastable by the pure-BV backend (no Ackermann route engaged): unsupported by backend: term #572 uses unsupported pure-Rust BV operator Forall(SymbolId(8))" }
UF	/nas3/data/axeyum/corpus/smtlib-2024/non-incremental/non-incremental/UF/sledgehammer/Hoare/uf.834137.smt2	uf-arith-lazy	unknown	1	UnknownReason { kind: Incomplete, detail: "lazy function-consistency CEGAR inconclusive (applications=166, function_groups=15, potential_pairs=1279, solve_rounds=1, elapsed_ms=1, sat_candidates=0, first_candidate_ms=none, last_candidate_ms=none, pair_checks=0, equal_arg_pairs=0, violated_pairs=0, preseeded_lemmas=0, sibling_lemmas=0, lemmas_added=0, last_new_lemmas=0): uninterpreted-sort term not bit-blastable by the pure-BV backend (no Ackermann route engaged): unsupported by backend: term #572 uses unsupported pure-Rust BV operator Forall(SymbolId(8))" }
UF	/nas3/data/axeyum/corpus/smtlib-2024/non-incremental/non-incremental/UF/sledgehammer/Hoare/uf.834137.smt2	uflia-online	unknown	0	UnknownReason { kind: Incomplete, detail: "boolean skeleton outside the online combination encoder: unsupported Boolean op Forall(SymbolId(8)) with 1 args" }
UF	/nas3/data/axeyum/corpus/smtlib-2024/non-incremental/non-incremental/UF/sledgehammer/Hoare/uf.834137.smt2	uflra-online	unknown	0	UnknownReason { kind: Incomplete, detail: "too many theory atoms for the online combination boolean layer" }
UF	/nas3/data/axeyum/corpus/smtlib-2024/non-incremental/non-incremental/UF/sledgehammer/Hoare/uf.834137.smt2	ufbv-online-cdclt	error	0	unsupported by backend: online UFBV combination admits only Bool and BitVec terms
UF	/nas3/data/axeyum/corpus/smtlib-2024/non-incremental/non-incremental/UF/sledgehammer/Hoare/uf.834137.smt2	abv-online-cdclt	error	0	unsupported by backend: online AUFBV combination admits only Bool, BitVec, and Bool/BV-component array terms
UF	/nas3/data/axeyum/corpus/smtlib-2024/non-incremental/non-incremental/UF/sledgehammer/Hoare/uf.834137.smt2	datatype-elim	unknown	7202	UnknownReason { kind: Incomplete, detail: "query has quantifiers instantiation does not reach (nested, existential, or non-top-level)" }
UF	/nas3/data/axeyum/corpus/smtlib-2024/non-incremental/non-incremental/UF/sledgehammer/Hoare/uf.834137.smt2	datatype-native	unknown	7318	UnknownReason { kind: Incomplete, detail: "query has quantifiers instantiation does not reach (nested, existential, or non-top-level)" }
UF	/nas3/data/axeyum/corpus/smtlib-2024/non-incremental/non-incremental/UF/sledgehammer/Hoare/uf.834137.smt2	euf-online	unknown	0	UnknownReason { kind: Other, detail: "boolean skeleton outside the online CDCL(T) encoder" }
UF	/nas3/data/axeyum/corpus/smtlib-2024/non-incremental/non-incremental/UF/sledgehammer/Hoare/uf.834137.smt2	lia-online-cdclt	unknown	0	UnknownReason { kind: Incomplete, detail: "no linear-integer atoms for the online CDCL(T) LIA path" }
UF	/nas3/data/axeyum/corpus/smtlib-2024/non-incremental/non-incremental/UF/sledgehammer/Hoare/uf.834137.smt2	lra-online-cdclt	unknown	0	UnknownReason { kind: Incomplete, detail: "no linear-real atoms for the online CDCL(T) LRA path" }
UF	/nas3/data/axeyum/corpus/smtlib-2024/non-incremental/non-incremental/UF/sledgehammer/Hoare/uf.834137.smt2	abv-lazy-row	error	0	unsupported by backend: term #10 uses unsupported pure-Rust BV operator Forall(SymbolId(8))
UF	/nas3/data/axeyum/corpus/smtlib-2024/non-incremental/non-incremental/UF/sledgehammer/Hoare/uf.834137.smt2	array-elim	error	0	unsupported by backend: term #10 uses unsupported pure-Rust BV operator Forall(SymbolId(8))
UF	/nas3/data/axeyum/corpus/smtlib-2024/non-incremental/non-incremental/UF/sledgehammer/Hoare/uf.834137.smt2	aufbv	error	1	unsupported by backend: term #572 uses unsupported pure-Rust BV operator Forall(SymbolId(8))
UF	/nas3/data/axeyum/corpus/smtlib-2024/non-incremental/non-incremental/UF/sledgehammer/Hoare/uf.966336.smt2	lia-dpll	error	0	unsupported by backend: lazy arithmetic: assertion is not Boolean structure over linear-arithmetic atoms
UF	/nas3/data/axeyum/corpus/smtlib-2024/non-incremental/non-incremental/UF/sledgehammer/Hoare/uf.966336.smt2	lra-dpll	unknown	0	UnknownReason { kind: ResourceLimit, detail: "combined theories: eager Ackermann elimination would emit 240 congruence constraints, exceeding the deterministic admission bound of 64 (the O(k²) expansion and its downstream solve run unbounded; this needs a lazy/CEGAR route)" }
UF	/nas3/data/axeyum/corpus/smtlib-2024/non-incremental/non-incremental/UF/sledgehammer/Hoare/uf.966336.smt2	nra	unknown	0	UnknownReason { kind: ResourceLimit, detail: "combined theories: eager Ackermann elimination would emit 240 congruence constraints, exceeding the deterministic admission bound of 64 (the O(k²) expansion and its downstream solve run unbounded; this needs a lazy/CEGAR route)" }
UF	/nas3/data/axeyum/corpus/smtlib-2024/non-incremental/non-incremental/UF/sledgehammer/Hoare/uf.966336.smt2	uf-arithmetic	unknown	1	UnknownReason { kind: Incomplete, detail: "lazy function-consistency CEGAR inconclusive (applications=97, function_groups=29, potential_pairs=240, solve_rounds=1, elapsed_ms=1, sat_candidates=0, first_candidate_ms=none, last_candidate_ms=none, pair_checks=0, equal_arg_pairs=0, violated_pairs=0, preseeded_lemmas=0, sibling_lemmas=0, lemmas_added=0, last_new_lemmas=0): uninterpreted-sort term not bit-blastable by the pure-BV backend (no Ackermann route engaged): unsupported by backend: term #312 uses unsupported pure-Rust BV operator Forall(SymbolId(11))" }
UF	/nas3/data/axeyum/corpus/smtlib-2024/non-incremental/non-incremental/UF/sledgehammer/Hoare/uf.966336.smt2	uf-arith-lazy	unknown	1	UnknownReason { kind: Incomplete, detail: "lazy function-consistency CEGAR inconclusive (applications=97, function_groups=29, potential_pairs=240, solve_rounds=1, elapsed_ms=1, sat_candidates=0, first_candidate_ms=none, last_candidate_ms=none, pair_checks=0, equal_arg_pairs=0, violated_pairs=0, preseeded_lemmas=0, sibling_lemmas=0, lemmas_added=0, last_new_lemmas=0): uninterpreted-sort term not bit-blastable by the pure-BV backend (no Ackermann route engaged): unsupported by backend: term #312 uses unsupported pure-Rust BV operator Forall(SymbolId(11))" }
UF	/nas3/data/axeyum/corpus/smtlib-2024/non-incremental/non-incremental/UF/sledgehammer/Hoare/uf.966336.smt2	uflia-online	unknown	0	UnknownReason { kind: Incomplete, detail: "boolean skeleton outside the online combination encoder: unsupported Boolean op Forall(SymbolId(11)) with 1 args" }
UF	/nas3/data/axeyum/corpus/smtlib-2024/non-incremental/non-incremental/UF/sledgehammer/Hoare/uf.966336.smt2	uflra-online	unknown	0	UnknownReason { kind: Incomplete, detail: "boolean skeleton outside the online combination encoder" }
UF	/nas3/data/axeyum/corpus/smtlib-2024/non-incremental/non-incremental/UF/sledgehammer/Hoare/uf.966336.smt2	ufbv-online-cdclt	error	0	unsupported by backend: online UFBV combination admits only Bool and BitVec terms
UF	/nas3/data/axeyum/corpus/smtlib-2024/non-incremental/non-incremental/UF/sledgehammer/Hoare/uf.966336.smt2	abv-online-cdclt	error	0	unsupported by backend: online AUFBV combination admits only Bool, BitVec, and Bool/BV-component array terms
UF	/nas3/data/axeyum/corpus/smtlib-2024/non-incremental/non-incremental/UF/sledgehammer/Hoare/uf.966336.smt2	datatype-elim	unknown	24036	UnknownReason { kind: Incomplete, detail: "query has quantifiers instantiation does not reach (nested, existential, or non-top-level)" }
UF	/nas3/data/axeyum/corpus/smtlib-2024/non-incremental/non-incremental/UF/sledgehammer/Hoare/uf.966336.smt2	datatype-native	unknown	24034	UnknownReason { kind: Incomplete, detail: "query has quantifiers instantiation does not reach (nested, existential, or non-top-level)" }
UF	/nas3/data/axeyum/corpus/smtlib-2024/non-incremental/non-incremental/UF/sledgehammer/Hoare/uf.966336.smt2	euf-online	unknown	0	UnknownReason { kind: Other, detail: "boolean skeleton outside the online CDCL(T) encoder" }
UF	/nas3/data/axeyum/corpus/smtlib-2024/non-incremental/non-incremental/UF/sledgehammer/Hoare/uf.966336.smt2	lia-online-cdclt	unknown	0	UnknownReason { kind: Incomplete, detail: "no linear-integer atoms for the online CDCL(T) LIA path" }
UF	/nas3/data/axeyum/corpus/smtlib-2024/non-incremental/non-incremental/UF/sledgehammer/Hoare/uf.966336.smt2	lra-online-cdclt	unknown	0	UnknownReason { kind: Incomplete, detail: "no linear-real atoms for the online CDCL(T) LRA path" }
UF	/nas3/data/axeyum/corpus/smtlib-2024/non-incremental/non-incremental/UF/sledgehammer/Hoare/uf.966336.smt2	abv-lazy-row	error	0	unsupported by backend: term #18 uses unsupported pure-Rust BV operator Forall(SymbolId(11))
UF	/nas3/data/axeyum/corpus/smtlib-2024/non-incremental/non-incremental/UF/sledgehammer/Hoare/uf.966336.smt2	array-elim	error	0	unsupported by backend: term #18 uses unsupported pure-Rust BV operator Forall(SymbolId(11))
UF	/nas3/data/axeyum/corpus/smtlib-2024/non-incremental/non-incremental/UF/sledgehammer/Hoare/uf.966336.smt2	aufbv	error	0	unsupported by backend: term #312 uses unsupported pure-Rust BV operator Forall(SymbolId(11))
UF	/nas3/data/axeyum/corpus/smtlib-2024/non-incremental/non-incremental/UF/sledgehammer/NS_Shared/smtlib.678332.smt2	lia-dpll	error	0	unsupported by backend: lazy arithmetic: assertion is not Boolean structure over linear-arithmetic atoms
UF	/nas3/data/axeyum/corpus/smtlib-2024/non-incremental/non-incremental/UF/sledgehammer/NS_Shared/smtlib.678332.smt2	lra-dpll	unknown	0	UnknownReason { kind: ResourceLimit, detail: "combined theories: eager Ackermann elimination would emit 1174 congruence constraints, exceeding the deterministic admission bound of 64 (the O(k²) expansion and its downstream solve run unbounded; this needs a lazy/CEGAR route)" }
UF	/nas3/data/axeyum/corpus/smtlib-2024/non-incremental/non-incremental/UF/sledgehammer/NS_Shared/smtlib.678332.smt2	nra	unknown	0	UnknownReason { kind: ResourceLimit, detail: "combined theories: eager Ackermann elimination would emit 1174 congruence constraints, exceeding the deterministic admission bound of 64 (the O(k²) expansion and its downstream solve run unbounded; this needs a lazy/CEGAR route)" }
UF	/nas3/data/axeyum/corpus/smtlib-2024/non-incremental/non-incremental/UF/sledgehammer/NS_Shared/smtlib.678332.smt2	uf-arithmetic	unknown	1	UnknownReason { kind: Incomplete, detail: "lazy function-consistency CEGAR inconclusive (applications=170, function_groups=24, potential_pairs=1174, solve_rounds=1, elapsed_ms=1, sat_candidates=0, first_candidate_ms=none, last_candidate_ms=none, pair_checks=0, equal_arg_pairs=0, violated_pairs=0, preseeded_lemmas=0, sibling_lemmas=0, lemmas_added=0, last_new_lemmas=0): uninterpreted-sort term not bit-blastable by the pure-BV backend (no Ackermann route engaged): unsupported by backend: term #427 uses unsupported pure-Rust BV operator Forall(SymbolId(19))" }
UF	/nas3/data/axeyum/corpus/smtlib-2024/non-incremental/non-incremental/UF/sledgehammer/NS_Shared/smtlib.678332.smt2	uf-arith-lazy	unknown	1	UnknownReason { kind: Incomplete, detail: "lazy function-consistency CEGAR inconclusive (applications=170, function_groups=24, potential_pairs=1174, solve_rounds=1, elapsed_ms=0, sat_candidates=0, first_candidate_ms=none, last_candidate_ms=none, pair_checks=0, equal_arg_pairs=0, violated_pairs=0, preseeded_lemmas=0, sibling_lemmas=0, lemmas_added=0, last_new_lemmas=0): uninterpreted-sort term not bit-blastable by the pure-BV backend (no Ackermann route engaged): unsupported by backend: term #427 uses unsupported pure-Rust BV operator Forall(SymbolId(19))" }
UF	/nas3/data/axeyum/corpus/smtlib-2024/non-incremental/non-incremental/UF/sledgehammer/NS_Shared/smtlib.678332.smt2	uflia-online	unknown	0	UnknownReason { kind: Incomplete, detail: "boolean skeleton outside the online combination encoder: unsupported Boolean op Forall(SymbolId(19)) with 1 args" }
UF	/nas3/data/axeyum/corpus/smtlib-2024/non-incremental/non-incremental/UF/sledgehammer/NS_Shared/smtlib.678332.smt2	uflra-online	unknown	0	UnknownReason { kind: Incomplete, detail: "boolean skeleton outside the online combination encoder" }
UF	/nas3/data/axeyum/corpus/smtlib-2024/non-incremental/non-incremental/UF/sledgehammer/NS_Shared/smtlib.678332.smt2	ufbv-online-cdclt	error	0	unsupported by backend: online UFBV combination admits only Bool and BitVec terms
UF	/nas3/data/axeyum/corpus/smtlib-2024/non-incremental/non-incremental/UF/sledgehammer/NS_Shared/smtlib.678332.smt2	abv-online-cdclt	error	0	unsupported by backend: online AUFBV combination admits only Bool, BitVec, and Bool/BV-component array terms
UF	/nas3/data/axeyum/corpus/smtlib-2024/non-incremental/non-incremental/UF/sledgehammer/NS_Shared/smtlib.678332.smt2	datatype-elim	unknown	5193	UnknownReason { kind: Incomplete, detail: "query has quantifiers instantiation does not reach (nested, existential, or non-top-level)" }
UF	/nas3/data/axeyum/corpus/smtlib-2024/non-incremental/non-incremental/UF/sledgehammer/NS_Shared/smtlib.678332.smt2	datatype-native	unknown	5292	UnknownReason { kind: Incomplete, detail: "query has quantifiers instantiation does not reach (nested, existential, or non-top-level)" }
UF	/nas3/data/axeyum/corpus/smtlib-2024/non-incremental/non-incremental/UF/sledgehammer/NS_Shared/smtlib.678332.smt2	euf-online	unknown	0	UnknownReason { kind: Other, detail: "boolean skeleton outside the online CDCL(T) encoder" }
UF	/nas3/data/axeyum/corpus/smtlib-2024/non-incremental/non-incremental/UF/sledgehammer/NS_Shared/smtlib.678332.smt2	lia-online-cdclt	unknown	0	UnknownReason { kind: Incomplete, detail: "no linear-integer atoms for the online CDCL(T) LIA path" }
UF	/nas3/data/axeyum/corpus/smtlib-2024/non-incremental/non-incremental/UF/sledgehammer/NS_Shared/smtlib.678332.smt2	lra-online-cdclt	unknown	0	UnknownReason { kind: Incomplete, detail: "no linear-real atoms for the online CDCL(T) LRA path" }
UF	/nas3/data/axeyum/corpus/smtlib-2024/non-incremental/non-incremental/UF/sledgehammer/NS_Shared/smtlib.678332.smt2	abv-lazy-row	error	0	unsupported by backend: term #17 uses unsupported pure-Rust BV operator Forall(SymbolId(19))
UF	/nas3/data/axeyum/corpus/smtlib-2024/non-incremental/non-incremental/UF/sledgehammer/NS_Shared/smtlib.678332.smt2	array-elim	error	0	unsupported by backend: term #17 uses unsupported pure-Rust BV operator Forall(SymbolId(19))
UF	/nas3/data/axeyum/corpus/smtlib-2024/non-incremental/non-incremental/UF/sledgehammer/NS_Shared/smtlib.678332.smt2	aufbv	error	1	unsupported by backend: term #427 uses unsupported pure-Rust BV operator Forall(SymbolId(19))
UF	/nas3/data/axeyum/corpus/smtlib-2024/non-incremental/non-incremental/UF/sledgehammer/TypeSafe/smtlib.1098821.smt2	lia-dpll	error	0	unsupported by backend: lazy arithmetic: assertion is not Boolean structure over linear-arithmetic atoms
UF	/nas3/data/axeyum/corpus/smtlib-2024/non-incremental/non-incremental/UF/sledgehammer/TypeSafe/smtlib.1098821.smt2	lra-dpll	unknown	0	UnknownReason { kind: ResourceLimit, detail: "combined theories: eager Ackermann elimination would emit 75 congruence constraints, exceeding the deterministic admission bound of 64 (the O(k²) expansion and its downstream solve run unbounded; this needs a lazy/CEGAR route)" }
UF	/nas3/data/axeyum/corpus/smtlib-2024/non-incremental/non-incremental/UF/sledgehammer/TypeSafe/smtlib.1098821.smt2	nra	unknown	0	UnknownReason { kind: ResourceLimit, detail: "combined theories: eager Ackermann elimination would emit 75 congruence constraints, exceeding the deterministic admission bound of 64 (the O(k²) expansion and its downstream solve run unbounded; this needs a lazy/CEGAR route)" }
UF	/nas3/data/axeyum/corpus/smtlib-2024/non-incremental/non-incremental/UF/sledgehammer/TypeSafe/smtlib.1098821.smt2	uf-arithmetic	unknown	0	UnknownReason { kind: Incomplete, detail: "lazy function-consistency CEGAR inconclusive (applications=31, function_groups=8, potential_pairs=75, solve_rounds=1, elapsed_ms=0, sat_candidates=0, first_candidate_ms=none, last_candidate_ms=none, pair_checks=0, equal_arg_pairs=0, violated_pairs=0, preseeded_lemmas=0, sibling_lemmas=0, lemmas_added=0, last_new_lemmas=0): uninterpreted-sort term not bit-blastable by the pure-BV backend (no Ackermann route engaged): unsupported by backend: term #166 uses unsupported pure-Rust BV operator Forall(SymbolId(16))" }
UF	/nas3/data/axeyum/corpus/smtlib-2024/non-incremental/non-incremental/UF/sledgehammer/TypeSafe/smtlib.1098821.smt2	uf-arith-lazy	unknown	0	UnknownReason { kind: Incomplete, detail: "lazy function-consistency CEGAR inconclusive (applications=31, function_groups=8, potential_pairs=75, solve_rounds=1, elapsed_ms=0, sat_candidates=0, first_candidate_ms=none, last_candidate_ms=none, pair_checks=0, equal_arg_pairs=0, violated_pairs=0, preseeded_lemmas=0, sibling_lemmas=0, lemmas_added=0, last_new_lemmas=0): uninterpreted-sort term not bit-blastable by the pure-BV backend (no Ackermann route engaged): unsupported by backend: term #166 uses unsupported pure-Rust BV operator Forall(SymbolId(16))" }
UF	/nas3/data/axeyum/corpus/smtlib-2024/non-incremental/non-incremental/UF/sledgehammer/TypeSafe/smtlib.1098821.smt2	uflia-online	unknown	0	UnknownReason { kind: Incomplete, detail: "boolean skeleton outside the online combination encoder: unsupported Boolean op Forall(SymbolId(16)) with 1 args" }
UF	/nas3/data/axeyum/corpus/smtlib-2024/non-incremental/non-incremental/UF/sledgehammer/TypeSafe/smtlib.1098821.smt2	uflra-online	unknown	0	UnknownReason { kind: Incomplete, detail: "boolean skeleton outside the online combination encoder" }
UF	/nas3/data/axeyum/corpus/smtlib-2024/non-incremental/non-incremental/UF/sledgehammer/TypeSafe/smtlib.1098821.smt2	ufbv-online-cdclt	error	0	unsupported by backend: online UFBV combination admits only Bool and BitVec terms
UF	/nas3/data/axeyum/corpus/smtlib-2024/non-incremental/non-incremental/UF/sledgehammer/TypeSafe/smtlib.1098821.smt2	abv-online-cdclt	error	0	unsupported by backend: online AUFBV combination admits only Bool, BitVec, and Bool/BV-component array terms
UF	/nas3/data/axeyum/corpus/smtlib-2024/non-incremental/non-incremental/UF/sledgehammer/TypeSafe/smtlib.1098821.smt2	datatype-elim	unknown	24154	UnknownReason { kind: Incomplete, detail: "query has quantifiers instantiation does not reach (nested, existential, or non-top-level)" }
UF	/nas3/data/axeyum/corpus/smtlib-2024/non-incremental/non-incremental/UF/sledgehammer/TypeSafe/smtlib.1098821.smt2	datatype-native	unknown	24122	UnknownReason { kind: Incomplete, detail: "query has quantifiers instantiation does not reach (nested, existential, or non-top-level)" }
UF	/nas3/data/axeyum/corpus/smtlib-2024/non-incremental/non-incremental/UF/sledgehammer/TypeSafe/smtlib.1098821.smt2	euf-online	unknown	0	UnknownReason { kind: Other, detail: "boolean skeleton outside the online CDCL(T) encoder" }
UF	/nas3/data/axeyum/corpus/smtlib-2024/non-incremental/non-incremental/UF/sledgehammer/TypeSafe/smtlib.1098821.smt2	lia-online-cdclt	unknown	0	UnknownReason { kind: Incomplete, detail: "no linear-integer atoms for the online CDCL(T) LIA path" }
UF	/nas3/data/axeyum/corpus/smtlib-2024/non-incremental/non-incremental/UF/sledgehammer/TypeSafe/smtlib.1098821.smt2	lra-online-cdclt	unknown	0	UnknownReason { kind: Incomplete, detail: "no linear-real atoms for the online CDCL(T) LRA path" }
UF	/nas3/data/axeyum/corpus/smtlib-2024/non-incremental/non-incremental/UF/sledgehammer/TypeSafe/smtlib.1098821.smt2	abv-lazy-row	error	0	unsupported by backend: term #63 uses unsupported pure-Rust BV operator Forall(SymbolId(16))
UF	/nas3/data/axeyum/corpus/smtlib-2024/non-incremental/non-incremental/UF/sledgehammer/TypeSafe/smtlib.1098821.smt2	array-elim	error	0	unsupported by backend: term #63 uses unsupported pure-Rust BV operator Forall(SymbolId(16))
UF	/nas3/data/axeyum/corpus/smtlib-2024/non-incremental/non-incremental/UF/sledgehammer/TypeSafe/smtlib.1098821.smt2	aufbv	error	0	unsupported by backend: term #166 uses unsupported pure-Rust BV operator Forall(SymbolId(16))
UF	/nas3/data/axeyum/corpus/smtlib-2024/non-incremental/non-incremental/UF/sledgehammer/TypeSafe/uf.1008626.smt2	lia-dpll	error	1	unsupported by backend: lazy arithmetic: assertion is not Boolean structure over linear-arithmetic atoms
UF	/nas3/data/axeyum/corpus/smtlib-2024/non-incremental/non-incremental/UF/sledgehammer/TypeSafe/uf.1008626.smt2	lra-dpll	unknown	1	UnknownReason { kind: ResourceLimit, detail: "combined theories: eager Ackermann elimination would emit 158913 congruence constraints, exceeding the deterministic admission bound of 64 (the O(k²) expansion and its downstream solve run unbounded; this needs a lazy/CEGAR route)" }
UF	/nas3/data/axeyum/corpus/smtlib-2024/non-incremental/non-incremental/UF/sledgehammer/TypeSafe/uf.1008626.smt2	nra	unknown	4	UnknownReason { kind: ResourceLimit, detail: "combined theories: eager Ackermann elimination would emit 158913 congruence constraints, exceeding the deterministic admission bound of 64 (the O(k²) expansion and its downstream solve run unbounded; this needs a lazy/CEGAR route)" }
UF	/nas3/data/axeyum/corpus/smtlib-2024/non-incremental/non-incremental/UF/sledgehammer/TypeSafe/uf.1008626.smt2	uf-arithmetic	unknown	13	UnknownReason { kind: Incomplete, detail: "lazy function-consistency CEGAR inconclusive (applications=4540, function_groups=257, potential_pairs=158913, solve_rounds=1, elapsed_ms=8, sat_candidates=0, first_candidate_ms=none, last_candidate_ms=none, pair_checks=0, equal_arg_pairs=0, violated_pairs=0, preseeded_lemmas=0, sibling_lemmas=0, lemmas_added=0, last_new_lemmas=0): uninterpreted-sort term not bit-blastable by the pure-BV backend (no Ackermann route engaged): unsupported by backend: term #11329 uses unsupported pure-Rust BV operator Forall(SymbolId(145))" }
UF	/nas3/data/axeyum/corpus/smtlib-2024/non-incremental/non-incremental/UF/sledgehammer/TypeSafe/uf.1008626.smt2	uf-arith-lazy	unknown	13	UnknownReason { kind: Incomplete, detail: "lazy function-consistency CEGAR inconclusive (applications=4540, function_groups=257, potential_pairs=158913, solve_rounds=1, elapsed_ms=8, sat_candidates=0, first_candidate_ms=none, last_candidate_ms=none, pair_checks=0, equal_arg_pairs=0, violated_pairs=0, preseeded_lemmas=0, sibling_lemmas=0, lemmas_added=0, last_new_lemmas=0): uninterpreted-sort term not bit-blastable by the pure-BV backend (no Ackermann route engaged): unsupported by backend: term #11329 uses unsupported pure-Rust BV operator Forall(SymbolId(145))" }
UF	/nas3/data/axeyum/corpus/smtlib-2024/non-incremental/non-incremental/UF/sledgehammer/TypeSafe/uf.1008626.smt2	uflia-online	unknown	0	UnknownReason { kind: Incomplete, detail: "too many theory atoms for the online combination boolean layer: 1064 > 512" }
UF	/nas3/data/axeyum/corpus/smtlib-2024/non-incremental/non-incremental/UF/sledgehammer/TypeSafe/uf.1008626.smt2	uflra-online	unknown	0	UnknownReason { kind: Incomplete, detail: "too many theory atoms for the online combination boolean layer" }
UF	/nas3/data/axeyum/corpus/smtlib-2024/non-incremental/non-incremental/UF/sledgehammer/TypeSafe/uf.1008626.smt2	ufbv-online-cdclt	error	0	unsupported by backend: online UFBV combination admits only Bool and BitVec terms
UF	/nas3/data/axeyum/corpus/smtlib-2024/non-incremental/non-incremental/UF/sledgehammer/TypeSafe/uf.1008626.smt2	abv-online-cdclt	error	0	unsupported by backend: online AUFBV combination admits only Bool, BitVec, and Bool/BV-component array terms
UF	/nas3/data/axeyum/corpus/smtlib-2024/non-incremental/non-incremental/UF/sledgehammer/TypeSafe/uf.1008626.smt2	datatype-elim	unknown	25792	UnknownReason { kind: Incomplete, detail: "query has quantifiers instantiation does not reach (nested, existential, or non-top-level)" }
UF	/nas3/data/axeyum/corpus/smtlib-2024/non-incremental/non-incremental/UF/sledgehammer/TypeSafe/uf.1008626.smt2	datatype-native	unknown	25917	UnknownReason { kind: Incomplete, detail: "query has quantifiers instantiation does not reach (nested, existential, or non-top-level)" }
UF	/nas3/data/axeyum/corpus/smtlib-2024/non-incremental/non-incremental/UF/sledgehammer/TypeSafe/uf.1008626.smt2	euf-online	unknown	0	UnknownReason { kind: Other, detail: "boolean skeleton outside the online CDCL(T) encoder" }
UF	/nas3/data/axeyum/corpus/smtlib-2024/non-incremental/non-incremental/UF/sledgehammer/TypeSafe/uf.1008626.smt2	lia-online-cdclt	unknown	0	UnknownReason { kind: Incomplete, detail: "no linear-integer atoms for the online CDCL(T) LIA path" }
UF	/nas3/data/axeyum/corpus/smtlib-2024/non-incremental/non-incremental/UF/sledgehammer/TypeSafe/uf.1008626.smt2	lra-online-cdclt	unknown	0	UnknownReason { kind: Incomplete, detail: "no linear-real atoms for the online CDCL(T) LRA path" }
UF	/nas3/data/axeyum/corpus/smtlib-2024/non-incremental/non-incremental/UF/sledgehammer/TypeSafe/uf.1008626.smt2	abv-lazy-row	error	0	unsupported by backend: term #22 uses unsupported pure-Rust BV operator Forall(SymbolId(145))
UF	/nas3/data/axeyum/corpus/smtlib-2024/non-incremental/non-incremental/UF/sledgehammer/TypeSafe/uf.1008626.smt2	array-elim	error	0	unsupported by backend: term #22 uses unsupported pure-Rust BV operator Forall(SymbolId(145))
UF	/nas3/data/axeyum/corpus/smtlib-2024/non-incremental/non-incremental/UF/sledgehammer/TypeSafe/uf.1008626.smt2	aufbv	error	202	unsupported by backend: term #11329 uses unsupported pure-Rust BV operator Forall(SymbolId(145))
# division=UF files=32 routes=17 budget_ms=24000 cores=12-15
